molregno,molecular_complexity,mean_standard_value
146,5.09,12589.25
666,5.61,7270.0
923,7.45,2600.0
924,7.42,1900.0
996,3.76,1300.0
1125,2.44,20000.0
1712,5.19,29000.0
1788,5.63,45000.0
2130,3.83,6.0
2131,3.47,1440.0
2580,5.45,600.0
2608,3.04,33100.0
2609,3.46,19200.0
2658,4.26,38200.0
2740,2.95,61700.0
2741,3.3,24500.0
2749,2.63,29600.0
2771,3.6,30400.0
2825,3.1,32200.0
2826,2.95,25400.0
2844,2.92,21700.0
2860,3.59,20400.0
3998,4.45,200.0
4345,4.02,64000.0
4496,3.75,755.0
4634,5.19,1760.0
5119,5.48,697.0
5151,4.91,1600.0
5273,4.83,154.0
5285,4.62,10000.0
5575,4.61,10000.0
5960,2.49,1700.0
6083,5.4,3000.0
6085,5.12,3000.0
6122,3.7,1200.0
6172,5.45,1000.0
6643,4.76,9230.0
6693,5.65,72.0
6701,5.4,12589.25
7013,7.62,0.87
7015,7.43,2.8
7023,7.79,2.0
7029,7.19,24.0
7030,7.73,2.4
7031,7.79,1.7
7032,7.58,0.91
7109,7.68,3.0
7110,7.77,2.1
8283,3.21,2900.0
8910,1.24,660.0
9333,2.92,12500.0
11097,3.62,25600.0
11254,4.25,15848.93
11567,3.89,1200.0
12911,3.29,7943.28
12957,4.02,750.0
13329,1.25,12589.25
13487,3.22,28.0
14192,5.38,4450.0
15472,5.14,20000.0
15527,4.82,20000.0
15585,5.06,20000.0
15739,2.68,80200.0
15776,3.76,20000.0
15938,4.78,3400.0
16303,4.39,75120.0
16391,3.35,495.0
16450,1.36,86700.0
16584,4.11,2720.0
16973,4.49,3180.0
17169,7.17,8305.0
17224,6.38,10440.0
17347,6.11,15170.0
17351,0.9,15848.93
17490,1.36,17300.0
17853,3.78,29800.0
17982,3.45,65500.0
18033,3.5,65900.0
18703,2.71,21600.0
18857,2.72,10000.0
19049,4.97,15000.0
19183,1.96,46500.0
19573,5.95,64000.0
20935,5.21,10000.0
21855,4.5,8000.0
22439,5.48,3.0
23121,4.53,3000.0
23172,4.43,1150.0
24498,4.88,3160.0
25357,4.42,4140.0
25435,4.71,5360.0
25453,4.83,4440.0
25493,4.79,2530.0
25638,4.88,3980.0
25717,4.77,2170.0
26812,4.71,3024.0
27185,5.68,2500.0
27340,3.83,11200.0
27350,3.74,600.0
27351,3.35,100.0
27352,3.79,50.0
27506,5.85,19000.0
27519,5.55,150.0
27527,3.89,11300.0
27543,5.46,3050.0
27545,5.59,440.0
27612,5.47,70.0
27647,2.55,5670.0
27847,3.16,710.0
27848,3.59,300.0
27878,5.04,400.0
27889,4.37,13100.0
27895,4.85,500.0
27896,5.06,3000.0
27897,5.31,400.0
27913,3.89,60.0
27918,3.33,500.0
27919,3.65,60.0
27920,4.08,400.0
27921,3.03,7400.0
27945,6.28,6.0
27956,3.0,2300.0
27960,4.42,800.0
27987,4.74,3700.0
28005,2.77,20900.0
28006,4.76,50.0
28007,4.41,40.0
28009,3.3,2400.0
28010,3.05,6000.0
28024,5.07,4200.0
28028,5.65,3000.0
28038,5.39,3700.0
28040,4.13,400.0
28044,4.49,200.0
28057,4.76,4850.0
28487,4.29,5.6
29378,0.27,41000.0
31157,2.17,12589.25
32349,2.08,15848.93
32823,0.64,52000.0
33196,4.39,300.0
36237,5.22,8050.0
36842,5.27,500.0
38293,4.83,1740.0
38898,2.8,7943.28
39241,2.79,25.0
40805,4.83,10000.0
41443,3.81,2900.0
42426,4.54,16100.0
43877,4.59,3260.0
45637,3.35,19170.0
45727,6.57,500.39666666666665
45747,6.5,1000.0
45776,6.57,10000.0
45899,6.38,22000.0
46006,2.96,280.0
46074,3.3,20500.0
46179,3.59,15800.0
46241,5.78,1500.0
46278,3.44,1400.0
46314,6.48,420.0
46337,3.91,10.8
46433,3.43,40000.0
46475,5.79,1400.0
46476,2.88,36000.0
46512,2.77,43000.0
46814,3.76,12589.25
46884,4.46,30400.0
47209,4.45,10333.333333333334
48734,4.58,180.0
49110,4.25,190.0
50076,4.99,6.35
50091,3.72,15848.93
50561,4.07,15.5
50829,5.13,15.0
50875,3.81,13.0
50917,5.53,160.0
50919,5.7,100.0
50954,5.5,14.0
50956,5.53,200.0
50966,4.89,320.0
51287,5.01,160.0
51338,4.88,250.0
51348,5.18,70.0
51349,5.47,20.0
51351,5.39,600.0
51362,4.41,400.0
51363,4.91,100.0
51716,4.99,50.0
51745,5.45,26000.0
51746,4.96,150.0
51772,5.22,40.0
51795,5.51,200.0
51796,4.79,2400.0
51827,5.82,1400.0
51950,5.79,400.0
51951,5.84,60.0
51982,6.02,30.0
52016,5.29,600.0
52122,4.82,300.0
52123,5.7,500.0
52125,5.65,2700.0
52164,4.37,1500.0
52874,4.7,320.0
53616,3.77,510.0
54271,3.46,6400.0
54712,7.0,0.1
54714,1.5,10000.0
55319,6.64,580.0
55320,6.79,420.0
55321,6.66,1200.0
55616,6.83,900.0
55617,6.65,1400.0
55642,6.44,310.0
55643,6.8,710.0
55644,6.87,3200.0
55671,6.96,200.0
55779,6.67,170.0
55917,6.57,440.0
56248,6.59,1300.0
56249,6.59,3300.0
56461,6.71,630.0
56462,6.68,1100.0
56831,3.37,7720.0
56842,6.52,440.0
56843,6.71,61.0
56933,6.59,130.0
58428,1.85,68000.0
61174,3.95,12589.25
61469,3.71,58000.0
61615,2.36,14800.0
61745,4.3,115.0
61756,3.97,55000.0
61920,4.4,3000.0
63060,4.67,1000.0
63095,5.19,1000.0
63417,2.05,270.0
65404,3.78,1860.0
66042,6.89,274.7
66146,6.3,132.2
66300,6.33,1000.0
66301,6.47,462.6
66453,5.63,57.0
66557,6.14,940.0
66627,5.73,605.7
66631,6.16,228.3
66847,7.44,266.2
66848,7.22,102.6
66928,3.07,740.0
66940,6.19,980.0
67016,6.04,930.0
67498,7.24,152.2
67553,6.42,108.8
67554,6.38,81.1
68919,2.96,10700.0
69135,2.89,10000.0
69879,3.86,89000.0
70349,1.91,10000.0
70931,3.95,12000.0
71232,5.56,7870.0
71516,7.57,2.0
71934,7.17,11940.0
72303,3.32,6309.57
73421,4.62,12589.25
73548,4.93,12589.25
73562,3.93,3653.0
74448,4.97,323.0
74667,4.73,3.0
78113,6.17,74000.0
78560,4.79,4225.0
78759,6.66,58.0
79238,4.05,9500.0
79409,4.0,4000.0
80527,4.85,10000.0
80653,2.45,2000.0
80654,2.02,1400.0
80875,3.17,500.0
80876,3.81,5000.0
80887,4.67,79.0
80976,2.0,1400.0
81364,2.77,2900.0
81502,1.57,3200.0
81534,2.54,600.0
81578,2.77,1600.0
81614,3.17,500.0
81615,3.61,320.0
81780,2.97,1200.0
82016,1.8,9500.0
82198,3.17,1300.0
82240,3.61,500.0
82242,1.26,2500.0
82243,4.33,1000.0
82431,2.53,5000.0
82511,5.86,3900.0
82532,3.05,8100.0
82534,3.22,6000.0
82569,6.47,6600.0
82570,6.42,7500.0
82606,5.84,6600.0
82627,6.32,3200.0
82628,6.3,3400.0
83034,5.45,5400.0
83071,6.76,6100.0
83148,5.57,8900.0
83242,3.0,18200.0
83515,5.85,37300.0
83568,5.8,5300.0
83569,6.39,6300.0
83729,3.8,28900.0
83731,3.56,2067.052
83732,3.22,5230.0
83740,3.52,10650.0
83774,2.95,26850.0
83800,3.36,1046.6666666666667
83941,4.38,23639.62
83980,4.12,33293.195
84051,4.13,46300.0
84077,3.76,59100.0
84113,4.52,76800.0
84133,3.51,5000.0
84155,3.82,31150.0
84167,2.87,56750.0
84168,2.59,4900.0
84579,2.23,90050.0
84623,4.29,31200.0
84633,3.06,12589.25
84850,3.88,27390.0
84873,4.44,2965.57
84887,4.47,50200.0
84893,2.28,56800.0
84928,2.04,5530.0
84932,3.16,100000.0
84933,3.09,12722.3125
86308,4.29,19300.0
86618,3.45,24000.0
87389,4.78,4000.0
87448,2.11,5000.0
87503,4.53,21000.0
89895,4.96,5000.0
90006,5.4,125.0
90016,4.83,800.0
90045,4.46,35.0
90137,3.9,300.0
90378,5.33,344.0
90623,3.95,80.0
91094,5.51,718.0
91285,4.77,3089.0
91768,3.97,18000.0
92237,3.86,749.945
92984,4.43,1370.0
95248,4.59,19000.0
95382,3.96,35000.0
95649,5.63,95.8
95755,6.38,600.0
95756,6.16,1090.0
95774,4.48,6000.0
95839,3.22,4020.0
95840,3.05,2040.0
95875,3.16,100.0
95957,4.63,1000.0
95958,3.44,5000.0
96209,3.5,672.5
96290,3.76,3230.0
96335,6.03,930.0
97798,4.58,58.0
97867,7.05,1370.0
98605,3.1,15800.0
99174,1.79,30000.0
99755,5.0,35.0
101358,3.34,7943.28
103968,4.67,16300.0
104177,3.96,53000.0
104251,5.06,20700.0
104255,4.92,84000.0
104284,4.6,48000.0
104389,4.58,98000.0
104521,4.58,33800.0
104604,5.37,22.0
104605,5.51,2.85
104642,5.29,3.7
104691,4.46,7500.0
104808,5.15,82000.0
104880,4.46,11500.0
104906,3.63,20000.0
104908,4.14,3600.0
104909,4.3,115.0
104913,5.01,16100.0
104938,3.92,22000.0
104944,4.25,35000.0
104961,3.97,3800.0
104977,4.41,84000.0
105010,4.11,3600.0
105404,4.09,52800.0
105406,4.55,11000.0
106170,4.13,640.0
106342,6.62,200.0
106585,6.19,260.0
106586,6.42,77.0
106606,3.12,18000.0
107294,6.38,170.0
107498,4.14,46.0
107500,3.62,160.0
107516,6.43,75.0
107539,6.34,67.0
107544,4.33,56.0
107546,3.59,180.0
107579,6.37,280.0
107580,6.4,560.0
107583,4.35,61.0
107584,3.76,210.0
107620,3.34,160.0
107621,3.21,280.0
107730,6.22,220.0
107731,6.61,60.0
107879,6.54,37.0
107962,6.39,560.0
108001,4.42,31.0
108002,3.81,78.0
108004,3.6,85.0
108005,3.72,58.0
108106,3.59,100.0
108184,2.34,1100.0
108186,3.29,220.0
108228,2.96,190.0
108337,4.22,140.0
108338,3.5,200.0
108911,3.6,180.0
108992,4.43,120.0
109041,3.92,1100.0
110480,5.38,10000.0
111185,4.92,19980.0
111580,1.9,55000.0
112090,1.44,67500.0
112651,4.18,2500.0
113606,2.51,340.0
113614,6.35,1.9
113731,5.45,2511.89
113753,4.95,20710.0
113826,5.35,20540.0
113827,5.44,14540.0
113869,5.13,16960.0
113885,5.79,14700.0
114091,5.17,17500.0
114423,4.65,4880.0
116949,6.13,1612.0
117821,5.96,20.0
117902,5.65,100.0
118531,5.61,36.0
118669,5.37,5500.0
118671,4.91,444.0
118747,4.01,4300.0
118821,5.73,113.0
118944,3.13,55500.0
119136,4.42,68.0
119138,5.39,5600.0
119176,4.95,129.0
119216,6.46,59.0
119303,4.28,32.0
119454,6.52,55.0
119522,4.19,39400.0
119604,4.85,15.7
120282,6.65,6.64
120349,6.52,12.7
120669,1.38,5660.0
120857,6.75,50.58
120859,6.84,4.25
120873,6.22,7.65
120909,5.47,3.68
121196,4.85,73300.0
122261,2.13,12589.25
122396,2.73,12589.25
122614,2.33,10000.0
126068,6.07,65500.0
126356,3.28,18000.0
127442,4.07,4500.0
127620,4.19,1100.0
128555,4.34,6200.0
130689,3.32,6300.0
131763,4.02,20000.0
134040,3.69,18990.0
135297,5.66,140.0
135328,6.62,21.0
135478,5.66,170.0
135479,5.43,73.0
135579,5.41,46.0
135705,5.08,17.0
135731,5.01,17.0
136192,4.51,55.0
136274,4.53,89.0
136325,5.67,14.0
136372,5.74,9.4
136377,5.64,6.5
136379,6.62,81.0
136386,4.62,10000.0
137085,4.64,48000.0
137183,5.29,12589.25
137805,4.47,7.7
137919,4.46,63000.0
141153,5.97,8.5
141169,6.36,25.6
141183,6.21,9.73
141196,6.15,16.6
141207,5.98,14.9
141209,6.21,15.0
141213,6.35,1.2
141217,6.32,10.2
141218,6.35,26.0
141248,5.9,16.9
141250,5.92,11.2
141388,5.77,167.0
141391,6.15,7.4
141506,5.97,69.0
141551,5.38,187.0
141648,5.98,16.7
141649,6.07,18.7
142808,7.58,1.0
143429,6.95,330.0
143917,6.9,109.0
144068,7.46,71.0
144069,7.49,273.0
144110,6.78,270.0
144111,6.95,247.0
144200,6.99,307.0
144244,7.35,230.0
144245,7.14,31.0
144253,7.06,440.0
144286,7.24,232.0
144313,7.02,63.0
144314,7.05,138.0
144315,7.11,55.0
144380,6.35,63.0
144381,6.46,176.0
144429,6.8,92.0
144554,6.43,55.0
144597,6.47,61.0
144600,6.35,19.0
144678,4.8,24.0
144769,6.19,18.0
144771,6.45,57.0
144869,6.79,26.0
145009,6.8,62.0
145010,6.77,91.0
145011,6.78,67.0
145018,6.87,436.0
145019,6.83,40.0
145558,5.99,178.0
145560,5.88,1380.0
145598,6.15,88.0
145599,6.35,200.0
145600,6.35,1000.0
145617,5.96,151.0
145651,5.74,317.0
145652,5.64,398.0
145673,6.42,670.0
145772,6.51,210.0
145789,6.35,125.0
145909,6.32,750.0
145910,6.29,300.0
145915,6.25,300.0
145933,6.17,85.0
145934,6.2,130.0
146034,6.08,415.0
146035,6.09,120.0
146103,6.43,590.0
146278,5.51,2700.0
146364,6.2,145.0
146365,6.15,320.0
146494,6.27,84.0
146536,5.22,0.8
146557,5.84,8.3
146598,4.55,3.5
146615,5.56,21.4
146656,6.46,12.3
146806,6.64,0.9
147036,4.82,1000.0
147037,5.0,1000.0
147213,6.0,30.4
147214,6.15,0.9
147242,5.37,3.3
147251,5.36,13.2
147252,6.54,4.1
147469,6.37,1000.0
147773,5.2,89.0
147863,6.19,10000.0
148748,5.31,240.0
148823,5.39,660.0
148857,5.45,380.0
149342,5.58,480.0
149343,5.51,140.0
149344,5.27,160.0
149708,5.26,170.0
149758,3.38,159.5
149815,2.89,463.0
149872,4.86,5000.0
149873,3.91,681.5
149997,5.1,3000.0
150086,3.07,347.5
150096,3.57,2863.0
150214,3.69,2863.0
150280,5.49,2000.0
151674,4.02,160.0
152391,4.74,12589.25
153278,5.85,100000.0
153344,5.81,92000.0
153408,2.36,2771.0
153508,6.27,40000.0
153570,4.52,1093.0
153658,4.57,3010.0
155148,5.8,806.5
155198,5.83,1450.0
155199,5.31,41.6
155233,5.37,50.9
155234,5.54,588.0
155272,5.45,44.0
155366,4.67,359.8
155382,6.34,165.0
155383,6.27,27.4
155385,6.06,78.6
155432,5.67,465.0
155458,6.05,54.0
155461,5.83,855.0
155462,5.69,192.7
155470,5.6,1050.0
155472,5.94,4.6
155615,6.34,25.6
155678,6.53,6.9
155679,6.2,5.5
155680,5.94,4.4
155682,6.03,151.1
155726,6.2,9.1
155931,6.06,141.1
155932,6.36,65.1
155934,6.19,23.0
155980,5.94,86.0
156011,5.94,75.5
156054,5.51,281.7
156060,5.61,135.5
156109,5.81,308.5
156110,6.39,13.3
156112,6.5,11.9
156117,6.55,13.2
156147,5.68,304.5
156172,6.34,11.5
156173,6.51,12.5
156174,6.19,13.0
156175,6.14,5.5
156194,5.54,77.7
156200,6.34,11.0
156231,6.06,11.5
156275,5.78,6.9
156276,5.94,6.5
156313,5.67,3.7
156345,5.87,8.5
156346,5.82,21.2
156362,5.62,82.0
156364,5.91,7.5
156410,5.73,5.0
156412,5.78,134.0
156454,5.69,15.5
156664,4.46,278.9
156705,5.58,344.0
157152,4.52,3000.0
158184,1.82,13900.0
158303,4.08,100.0
159230,3.52,920.0
160030,3.74,386.0
160386,5.26,2000.0
160581,1.42,3000.0
161020,2.05,4000.0
161073,3.06,80.9
164416,5.03,4.0
164517,4.63,10.0
164566,5.61,30.0
164859,4.42,2800.0
165651,5.53,169.0
165690,5.54,125.0
167324,5.16,15.5
168355,3.42,42000.0
168982,5.01,4.6
171944,6.38,5000.0
172492,1.75,48500.0
172779,5.85,25025.0
175186,5.59,350.0
176134,4.49,2.5
176279,5.15,17000.0
176697,3.61,3000.0
176698,3.63,3000.0
178807,4.75,32000.0
178889,4.64,495.0
179235,7.0,3000.0
179414,4.55,36750.0
179566,4.41,50000.0
179800,6.79,8000.0
179887,4.88,79000.0
181996,5.2,7000.0
182017,5.71,1050.0
182294,3.79,6200.0
184055,4.65,100.0
184737,1.18,45000.0
186251,6.39,5000.0
186279,6.55,5000.0
187696,6.42,1514.0
187710,1.75,5140.0
188196,6.74,7950.0
190287,5.85,62000.0
190371,6.13,18000.0
190383,5.71,65000.0
190384,6.33,7000.0
190584,3.17,78000.0
190764,4.15,69.0
190772,4.55,68940.0
190806,4.58,64800.0
190891,3.52,53000.0
190899,1.57,18000.0
192825,3.95,32000.0
192923,4.27,16000.0
192925,3.28,12000.0
193481,4.43,29000.0
193518,6.56,570.0
193532,3.98,15766.666666666668
193549,3.61,32000.0
193623,6.2,910.0
193862,4.14,15666.666666666668
193932,3.54,32000.0
193979,3.78,32000.0
194089,4.13,32000.0
194090,4.01,3900.0
194362,3.03,82.0
194405,3.88,325.0
194433,4.24,23000.0
194994,4.29,50000.0
195068,4.83,3000.0
195087,4.97,5000.0
195178,3.36,3071.0
195235,0.5,80000.0
195310,0.59,50000.0
195389,4.51,30000.0
195733,0.68,50000.0
195803,1.2,2100.0
195873,1.41,610.0
195874,1.13,510.0
195875,1.29,40000.0
196630,1.31,1300.0
198304,3.82,30000.0
198403,3.95,5300.0
198485,6.63,250.0
198486,6.64,1400.0
198487,6.66,1000.0
198728,2.83,14950.0
198731,6.29,3000.0
198732,6.44,150.0
198949,6.63,210.0
198950,6.48,2500.0
199013,6.59,2500.0
199221,6.67,47.0
199222,6.63,1000.0
199223,6.63,70.0
199444,6.66,5500.0
199445,6.5,500.0
199453,4.83,3600.0
199472,6.61,770.0
199473,6.38,270.0
199475,6.68,1000.0
199532,6.57,64.0
199533,6.49,230.0
199534,6.44,650.0
199676,3.43,16000.0
199795,6.56,320.0
199845,5.53,14.0
199949,5.76,395.0
199985,5.69,521.0
200090,5.61,86.0
200130,5.41,14.0
200131,5.53,43.0
200132,5.45,86.0
200186,5.55,107.0
200189,5.81,2800.0
200222,5.52,1200.0
200224,5.58,88.0
200269,2.07,31000.0
200270,2.51,15000.0
200447,4.22,2863.08
200970,5.75,1600.0
201200,6.03,52166.666666666664
201964,1.77,56510.0
202694,2.02,10000.0
203814,4.47,4433.0
203815,4.31,1550.0
204480,4.75,121.0
204515,4.51,5267.0
204573,4.84,87.3
204574,4.72,758.0
204635,4.99,0.9
204688,4.92,672.0
204693,4.25,111.0
204694,4.3,40.6
204733,3.91,454.0
204741,3.99,842.0
204761,4.61,1233.0
204797,4.14,531.0
204826,4.76,18.9
205373,4.88,1333.0
205525,3.1,7943.28
206120,6.11,5000.0
207120,3.46,24059.43
208291,5.35,6309.57
209351,3.61,17000.0
209353,3.27,37000.0
209354,3.19,21000.0
209533,3.02,42000.0
209750,2.2,57000.0
209967,3.83,4000.0
210326,3.79,590.0
211806,4.3,230.0
217120,2.7,310.0
217141,2.9,490.0
217142,2.7,520.0
217143,2.79,540.0
217185,2.88,310.0
217341,4.94,12589.25
220354,4.3,34300.0
221880,5.83,3000.0
221949,5.79,1200.0
222161,5.0,130.0
222203,4.96,7000.0
222340,5.69,1200.0
222370,5.61,5800.0
222419,5.47,140.0
222436,5.94,1000.0
222507,5.82,1300.0
222533,5.87,3200.0
222588,5.94,5700.0
222589,5.8,5500.0
222639,5.64,1400.0
222667,5.88,1100.0
222808,5.42,180.0
222814,5.84,850.0
222837,6.06,43000.0
222838,5.83,40000.0
222868,5.99,6500.0
223319,5.82,5500.0
223727,4.99,14.9
223839,4.2,14780.0
224315,3.29,4000.0
224408,3.44,3500.0
226243,3.5,5300.0
227917,4.27,15000.0
229546,3.0,24100.0
229574,3.93,100000.0
229599,3.43,20900.0
229601,4.1,24900.0
229609,3.93,18500.0
229612,3.81,25000.0
229618,4.02,100000.0
229636,3.21,33000.0
229645,4.66,26200.0
229655,3.66,25600.0
229673,3.77,9500.0
229718,3.0,25800.0
229738,3.86,16500.0
229790,3.99,41000.0
229792,3.31,28100.0
229793,4.21,16500.0
229818,2.66,16300.0
229819,3.62,39900.0
229820,3.43,12300.0
229834,2.84,14400.0
229939,4.01,26500.0
229942,3.02,21700.0
229943,3.07,26800.0
229965,4.03,24800.0
229966,3.81,56400.0
229984,3.65,94500.0
230001,3.84,24400.0
230064,5.6,1.7
230104,3.8,14500.0
230105,4.23,14500.0
230138,3.79,41500.0
230142,4.22,22500.0
230345,3.75,27500.0
230346,3.8,51000.0
230362,4.33,16100.0
230363,3.73,68500.0
230389,3.79,39000.0
230398,4.27,92800.0
230407,3.3,93800.0
230409,3.3,30000.0
230420,4.03,20000.0
230421,2.75,70000.0
230484,3.5,19000.0
230485,3.25,16000.0
230554,3.03,19700.0
230770,3.1,7000.0
230798,3.94,4750.0
230879,3.23,18850.0
230880,2.94,38000.0
230881,3.57,30000.0
230882,3.56,24000.0
230885,3.37,96000.0
231006,6.36,9700.0
231816,6.23,4.3
232150,4.9,2.55
232152,5.01,4.1
232173,6.77,2.3
235198,2.39,845.0
236195,5.4,4120.0
236196,3.7,27.0
236432,3.57,4940.0
238680,5.11,148.0
238686,5.39,4900.0
238711,5.18,13100.0
238714,5.01,8.8
239109,5.46,7300.0
239110,5.18,41500.0
239111,4.81,3.9
239112,5.14,17700.0
239152,5.1,10200.0
239180,4.86,83.0
239183,5.24,8500.0
239185,4.95,18.3
239650,5.0,6.5
239651,5.13,4300.0
240314,2.16,45000.0
240363,3.83,10300.0
240473,3.86,61000.0
240733,4.38,868.0
240816,3.61,2095.0
241543,4.11,7.0
241552,6.41,9500.0
241584,6.62,4000.0
241778,6.82,5400.0
241802,6.62,6200.0
241806,3.85,12000.0
241853,7.06,180.0
241925,6.57,4700.0
241991,6.57,2400.0
242030,3.75,11.5
242075,6.51,6000.0
242191,4.01,50.0
242546,6.42,5300.0
244410,4.2,990.0
244674,3.7,1335.0
247805,4.69,16900.0
250874,5.05,20000.0
250940,5.97,1200.0
251003,5.49,3200.0
251032,4.19,4600.0
251104,7.67,6600.0
251112,5.07,20000.0
251181,4.12,4000.0
251202,4.52,20000.0
251255,0.74,10400.0
251292,1.66,5011.87
251427,5.49,8000.0
251454,5.02,6200.0
251862,4.81,64000.0
251928,4.6,28900.0
252396,6.13,21500.0
252540,4.86,27100.0
252548,4.28,15400.0
252839,5.96,1250.0
253667,5.24,318.0
253690,4.95,18.8
253691,5.05,9.7
253692,4.79,58.0
253697,4.84,36.1
253698,5.52,80.6
253700,5.62,20.1
253701,4.92,24.8
253704,5.65,16.7
253706,5.96,430.0
253716,5.57,82.0
253733,5.61,112.1
253756,5.57,67.4
253802,5.66,416.0
253805,5.97,12.2
253818,5.52,11.4
253826,5.01,2.2
253849,5.81,19.8
253851,6.31,215.0
253852,5.31,16.5
253856,5.94,40.1
253857,5.83,26.2
253858,6.02,45.5
253893,5.62,48.9
253896,6.51,142.1
253905,4.98,7.5
253931,5.94,20.8
253932,5.98,38.2
253936,5.65,360.0
253979,5.64,16.0
254016,5.78,390.0
254044,6.06,9.6
254059,4.93,5.0
254077,5.89,62.8
254079,5.71,54.4
254190,5.27,34.7
254191,5.34,289.2
254230,5.47,215.9
254237,5.84,155.0
254517,5.62,26.6
254520,5.21,149.0
254545,5.27,163.2
254565,2.94,47000.0
254579,5.0,396.0
254589,5.27,43.0
254653,5.13,276.7
254654,5.04,10.2
254657,6.5,46.1
254658,6.51,260.5
254663,5.45,19.4
254697,5.21,37.8
254698,5.49,18.7
254700,5.5,16.6
254705,5.46,25.9
254707,5.55,55.2
254756,5.36,18.5
254757,5.74,5.9
254828,2.75,72000.0
255027,3.24,2200.0
257425,3.26,12589.25
262265,2.47,50000.0
265147,2.86,27100.0
265151,1.64,25850.0
266191,5.25,8000.0
266290,5.46,4000.0
266358,5.48,3000.0
266396,5.48,7000.0
266599,5.94,3000.0
266600,5.81,6000.0
266757,5.41,2000.0
266812,3.99,1000.0
266823,5.63,4000.0
266862,5.53,8000.0
267109,4.93,3000.0
267110,5.63,4000.0
267117,4.42,2000.0
267138,6.18,9000.0
267163,6.38,46930.0
267252,3.96,3000.0
270084,3.03,260.0
270086,2.99,170.0
270976,2.55,150.0
271013,3.06,140.0
271014,2.58,150.0
272776,6.64,5000.0
273359,4.74,6100.0
273386,4.33,1300.0
273387,4.03,1000.0
273677,4.35,1700.0
273796,3.66,15900.0
273848,4.51,3900.0
274552,0.77,1650.0
274693,2.04,1330.0
274695,1.78,440.0
274730,1.3,670.0
274756,0.99,2600.0
274757,1.78,660.0
274758,0.96,12800.0
274879,0.91,800.0
274912,0.8,1550.0
274942,1.73,520.0
275130,0.81,3200.0
275235,2.9,480.0
275236,2.65,370.0
275648,2.16,870.0
275649,2.75,600.0
275656,1.36,6950.0
276674,5.46,28.0
277207,4.92,13.8
277640,5.1,1.0
277673,4.76,47.0
281323,3.12,30.185
282288,2.51,13790.0
284602,4.89,219.96
284734,4.24,210.045
284947,3.71,196.825
284970,4.51,1309.045
284971,3.85,1007.585
284972,4.24,285.195
285066,3.96,1723.99
285068,3.82,288.91
285069,4.72,2303.235
285209,4.88,126.48
285309,4.92,9.2
285310,4.69,14.48
287587,6.06,23.0
287588,6.06,42.0
287707,5.61,76.0
288390,5.18,65.0
288391,5.49,21.0
288712,4.42,84.0
288823,5.21,49.0
288831,5.32,53.0
288878,3.66,160.0
288879,3.61,320.0
289101,3.48,960.0
289108,5.02,110.0
289176,5.37,99.0
289290,5.32,39.0
289291,5.41,34.0
289299,5.18,30.0
289361,4.52,7.7
289699,3.65,74600.0
289928,5.63,170.0
290030,3.77,30900.0
290074,5.6,44.0
290080,5.59,68.0
290186,2.17,16000.0
290230,5.02,38.0
290397,5.39,15.0
290454,5.63,31.0
290530,2.49,45600.0
290533,4.57,1100.0
290541,5.37,78.0
290542,4.36,600.0
290566,5.93,13.0
290588,2.89,56500.0
290589,3.89,23600.0
290771,5.99,11.0
290777,5.64,25.0
290786,5.52,20.0
290871,5.2,55.0
290935,6.39,14.0
291032,5.6,310.0
291033,4.05,120.0
291074,5.38,2000.0
291189,5.2,240.0
291309,4.85,29200.0
291354,3.94,230.0
291361,3.9,2200.0
291362,3.61,101.0
291396,5.52,44.0
291397,5.65,79.0
291481,5.68,19.0
291488,3.61,74600.0
291514,5.4,51.0
291515,5.41,39.0
291675,6.22,240.0
292082,3.75,1100.0
292361,3.75,14800.0
292383,4.06,23900.0
292384,3.76,38500.0
292488,4.72,16300.0
292489,3.71,33100.0
292798,2.73,66800.0
292899,3.82,16800.0
292901,5.8,6400.0
293032,4.63,14200.0
293070,3.7,22100.0
293352,6.57,6.9
293499,5.7,600.0
293500,3.94,230.0
293657,4.06,29300.0
293804,5.71,600.0
293953,5.64,450.0
293981,5.86,1110.0
294075,5.92,610.0
294129,6.08,90.0
294210,5.89,1800.0
294298,4.83,3000.0
294403,5.91,210.0
294533,5.18,3900.0
294566,5.66,400.0
294567,5.63,410.0
294776,5.88,190.0
294813,5.73,620.0
294871,5.92,17000.0
294897,4.51,5.0
294918,5.73,500.0
295024,5.73,320.0
295046,5.56,9000.0
295108,5.89,17.0
295158,6.07,7.0
295229,5.15,890.0
295389,5.86,1110.0
295414,6.07,980.0
295483,5.65,6200.0
295540,5.93,8200.0
295690,5.89,250.0
297097,6.8,272.5
297210,5.66,590.0
299604,5.87,530.0
299900,4.57,400.0
299901,4.52,900.0
299922,4.25,300.0
299938,4.39,2500.0
299962,4.73,200.0
299963,4.8,200.0
300024,5.5,900.0
300063,5.09,200.0
300085,5.06,250.0
300106,5.39,200.0
300116,5.59,75.0
300145,5.07,30.0
300156,4.29,900.0
300157,2.94,4300.0
300184,3.07,920.0
300185,3.66,850.0
301294,3.0,5600.0
301302,1.52,7050.0
301328,1.64,8250.0
301346,3.09,8000.0
301347,1.2,8900.0
301353,2.55,1550.0
301372,2.62,1800.0
301373,1.22,4600.0
301374,1.32,12950.0
301380,2.7,6950.0
303190,4.98,465.0
303226,5.01,8180.0
303461,4.5,1.9
303462,3.76,4.8
303479,3.85,1.8
303543,1.31,1309.0
303549,2.28,10.6
303565,2.48,36.6
303566,2.19,3.1
303567,4.26,4.9
304193,5.98,6.918
304215,6.29,5.012
304228,6.22,5.012
304696,6.55,44630.0
305386,4.81,29700.0
306041,5.52,1050.0
306686,4.35,3360.0
307366,5.04,671.0
307470,5.01,640.0
307704,6.11,90.0
307902,5.04,60.0
307970,5.67,105.0
308002,5.58,86.0
308037,5.73,200.0
308100,5.91,180.0
309764,0.29,5210.0
311589,4.63,10000.0
312899,4.98,332.2
313088,5.16,185.0
313121,5.01,120.0
314123,4.06,3000.0
314193,4.16,3000.0
314231,3.29,10400.0
314347,3.44,4000.0
314465,6.14,120.0
314493,4.08,12500.0
316406,2.55,470.0
316572,5.67,100.0
316672,4.04,12600.0
316679,4.69,900.0
316718,4.76,1400.0
316793,3.85,1800.0
316827,3.92,1500.0
317014,4.92,1100.0
317153,4.03,1000.0
318265,4.73,13.3
318357,4.91,35.7
318390,3.5,4100.0
318472,5.78,10300.0
318533,5.93,4100.0
318661,5.98,6300.0
318751,5.69,330.0
318871,4.83,3000.0
318894,4.66,268.0
318926,4.55,2.3
318950,5.48,481.0
318955,4.89,30200.0
318995,4.6,10.0
319023,5.66,3700.0
319077,5.74,1200.0
319146,5.76,3200.0
319181,5.47,351.0
319238,4.84,227.0
320522,3.23,36000.0
320572,4.1,260.0
320990,1.38,22400.0
322216,5.06,10000.0
322257,6.19,6.026
322295,6.3,85.11
322320,6.29,51.29
322342,5.37,1760.0
322365,5.56,10000.0
322384,6.3,54.95
322403,4.91,9000.0
322437,5.08,9000.0
322480,6.61,3019.95
322507,6.65,3019.95
322528,5.09,2140.0
322562,6.3,5.012
322570,6.3,2691.53
322623,6.61,2754.23
322641,4.69,2740.0
322657,5.16,10000.0
322667,5.11,2100.0
322676,6.62,112.2
322898,6.07,1130.0
323005,6.66,100.0
323187,5.72,1.8
323303,4.87,1040.0
323519,5.01,3390.0
323628,4.62,9090.0
323664,6.17,970.0
323679,5.5,8890.0
325341,3.53,900.0
325774,3.12,2090.0
328719,6.05,4500.0
328733,2.75,1000.0
328734,3.88,4000.0
328742,1.21,45000.0
328745,2.45,94000.0
328747,2.81,63000.0
328748,3.89,3000.0
328749,3.52,31000.0
328754,3.12,6000.0
328755,4.21,7000.0
328759,5.82,8800.0
328766,6.08,1000.0
328768,3.36,37000.0
328776,6.28,1800.0
328777,6.33,4000.0
328788,2.3,40000.0
328789,2.42,36000.0
328795,2.95,25000.0
328796,2.02,61000.0
328802,2.24,54000.0
328803,2.52,15000.0
328804,3.05,19000.0
328810,2.64,10000.0
328811,3.73,50000.0
328814,5.38,78000.0
328818,2.21,72000.0
328819,2.52,65000.0
328826,3.05,35000.0
328827,2.67,71000.0
328828,1.23,62000.0
328832,2.68,26000.0
328833,2.81,19000.0
328834,2.7,9000.0
328839,3.61,77000.0
328840,2.6,6000.0
328911,6.0,2000.0
328917,6.03,5300.0
328918,5.9,54000.0
328939,3.99,51000.0
328940,5.66,3000.0
328947,5.88,1000.0
329150,3.53,6354.785
329169,3.88,3890.535
329238,3.63,4140.535
329244,3.69,20976.31
334086,4.02,1100.0
334151,4.49,900.0
334159,4.37,1700.0
334218,3.77,1300.0
334255,3.94,1600.0
334344,4.68,1000.0
334368,4.54,1600.0
334482,4.14,2900.0
334483,4.2,2300.0
334517,3.82,1900.0
334525,3.98,2200.0
335547,3.71,28000.0
335548,3.76,94500.0
335764,3.19,51000.0
335765,3.17,55000.0
335768,3.2,80000.0
339380,4.61,20000.0
339561,5.03,1.7
339744,4.04,8.0
339759,4.67,3760.0
339817,6.06,11020.0
339876,6.33,9130.0
339911,5.65,440.0
339912,5.19,940.0
339919,5.47,2600.0
339920,6.06,6000.0
339934,5.0,43290.0
339944,5.2,130.0
340052,4.43,20000.0
340053,5.51,2800.0
340054,4.87,13140.0
340074,5.85,23190.0
340105,5.46,20000.0
340137,5.26,20000.0
340138,4.78,3900.0
340145,5.62,2250.0
340164,5.91,39480.0
340171,5.14,9500.0
340172,5.27,11500.0
340186,5.69,16600.0
340187,5.79,20000.0
340264,5.44,9500.0
340490,5.4,14190.0
340539,4.93,16950.0
340626,4.74,10970.0
340858,5.0,9040.0
341071,5.55,16780.0
341079,6.35,9560.0
342892,4.32,40.4
344283,2.91,2050.0
344493,4.73,1.35
344494,4.76,1.25
344556,4.74,101.5
344564,4.58,2.1
344565,4.61,1.8
344596,4.68,1.25
344685,4.71,4.85
344880,4.71,1.3
345023,4.16,54900.0
345024,4.11,23800.0
345068,4.91,176.5
345091,5.1,15.0
345097,5.11,0.42
345191,2.92,15000.0
345367,4.53,18000.0
345484,5.82,3800.0
345487,1.79,8300.0
345490,5.87,1900.0
345706,5.82,2900.0
345707,5.87,2800.0
345908,5.58,60.0
346813,4.42,60.0
346943,4.45,300.0
346944,4.79,16300.0
346952,4.77,60.0
346955,4.34,15200.0
346962,4.49,8800.0
347815,5.46,124.0
347816,5.73,72.0
347825,5.8,42.0
347899,5.81,107.0
347950,5.48,164.0
348031,3.12,1000.0
348294,5.4,247.0
348295,5.41,541.0
348303,5.52,230.0
348304,5.52,92.0
348379,5.82,225.0
348381,5.14,298.0
348386,5.13,81.0
348448,4.45,8800.0
348468,4.1,40900.0
348476,4.01,19800.0
348850,4.66,14700.0
348851,4.66,9000.0
349015,3.9,36400.0
349016,3.84,49200.0
349770,4.82,140.0
350123,5.1,12000.0
352279,5.98,6000.0
352315,6.05,4500.0
352316,6.1,1100.0
352350,6.0,2000.0
352435,5.14,3900.0
352436,2.37,19000.0
352437,3.97,3400.0
352463,5.39,3500.0
352464,5.38,3700.0
352495,5.19,1100.0
352496,5.36,2200.0
352497,5.78,2800.0
352498,5.67,3200.0
352519,5.5,380.0
352520,2.24,20000.0
352536,5.25,4900.0
352537,5.24,2300.0
352538,5.4,1100.0
352574,5.44,3800.0
352575,5.42,360.0
352576,5.54,460.0
352608,5.18,900.0
352610,3.75,38000.0
352611,4.28,15000.0
352635,3.25,62000.0
352636,5.2,7500.0
352637,3.52,17000.0
352662,5.39,4400.0
352663,5.4,580.0
352668,5.92,900.0
352698,5.63,1200.0
352699,5.62,1900.0
352729,5.96,640.0
352730,3.38,650.0
353399,5.19,10.6
353667,6.13,2186.0
354241,4.43,53400.0
354988,6.49,7800.0
356088,5.93,43.2
356120,5.01,10000.0
356175,6.5,390.9
356178,6.51,260.5
356246,5.16,37000.0
356272,4.91,1000.0
356278,5.98,8.5
356310,4.12,6650.0
356319,6.08,112.8
356368,4.85,1000.0
356408,5.31,15000.0
356524,6.05,27.7
356525,6.51,395.7
356563,5.82,204.7
356606,5.74,54.8
356607,5.27,318.0
360237,4.77,63.0
361545,3.22,1215.0
361570,3.36,815.0
363708,4.57,88.6
364057,4.87,280.0
364058,5.22,560.0
364066,5.26,640.0
364067,5.0,5430.0
364074,5.5,3370.0
364075,5.6,4360.0
364082,5.1,5500.0
364083,5.55,2720.0
364091,5.64,4980.0
364101,5.51,370.0
364109,5.4,410.0
364117,5.09,980.0
364133,5.74,250.0
364143,5.47,530.0
364158,4.98,1190.0
364159,5.04,3950.0
364160,5.82,460.0
364161,4.72,1260.0
364168,4.48,13130.0
364178,5.04,1400.0
364187,5.18,8760.0
364188,5.3,13000.0
364231,4.46,346.75
364310,5.08,80.0
364311,5.21,150.0
364317,5.39,1000.0
364318,5.72,510.0
364325,5.65,190.0
364326,5.66,500.0
364597,7.08,2100.0
364603,7.03,100.0
364621,7.43,1250.0
364628,4.53,6700.0
364746,2.23,4200.0
365611,4.83,1800.0
365612,4.68,4000.0
365629,3.93,5000.0
366012,4.14,2144.0
366017,5.41,980.0
366024,4.28,1678.0
366025,4.27,2917.0
366026,5.48,4070.0
366031,5.57,3271.0
366038,5.82,13.0
366039,5.95,291.0
366046,4.22,1650.0
366047,5.46,1040.0
366053,5.55,138.0
366054,4.38,2327.0
366060,4.4,1810.0
366061,5.49,13.5
366067,5.6,6154.0
366068,5.13,429.0
366104,4.46,1812.0
366105,5.58,271.0
366188,5.84,1031.0
366189,5.98,2193.0
366190,5.66,7153.0
366191,5.24,1510.0
366196,4.33,2647.0
366197,5.49,1980.0
366198,5.88,1272.0
366199,5.97,3074.0
366203,5.6,3031.0
366204,4.48,1286.0
366889,3.33,2300.0
367181,4.64,790.0
367718,3.94,2850.0
367719,4.18,6100.0
367724,4.04,5250.0
367734,3.88,3150.0
367735,3.99,3350.0
367745,3.95,5100.0
367754,3.94,4400.0
367772,4.62,3100.0
367775,3.59,9550.0
367781,4.36,5000.0
367782,4.43,6300.0
367786,3.96,4700.0
367817,4.01,8700.0
368171,4.75,900.0
369373,4.37,99.8
369374,4.5,136.9
369389,6.01,188.7
369398,3.67,110.5
369402,5.28,2232.0
369403,5.37,686.0
369404,5.49,1200.0
369405,5.21,609.0
369406,5.39,609.0
369408,5.77,1.8
369413,5.24,693.0
369414,5.36,539.0
369417,5.66,2472.0
369418,5.6,7152.0
369419,5.53,3658.0
369420,6.1,340.0
369421,6.04,751.0
369422,6.04,566.0
369423,6.04,885.0
369424,5.65,859.0
369425,6.1,725.0
369426,5.86,623.0
369432,5.62,677.0
369433,5.39,617.0
369437,5.62,698.0
369438,5.34,207.0
369442,5.13,411.0
369443,5.35,453.0
369452,5.13,458.0
369456,5.18,2442.0
369457,5.14,465.0
369462,5.17,825.0
369463,5.13,457.0
369467,5.63,739.0
369468,5.14,630.0
369473,5.41,550.0
369474,5.39,560.0
369480,5.5,376.0
369481,5.4,639.0
369487,5.68,605.0
369488,4.81,550.0
369496,5.21,1726.0
369497,5.03,628.0
369502,5.79,1278.0
369503,5.85,790.0
369504,5.24,273.0
369505,5.12,1757.0
369511,5.21,583.0
369512,5.15,431.0
371585,4.43,97700.0
372417,5.65,1.6
372805,7.23,12589.25
373970,6.6,699.11
374052,5.67,10000.0
374673,3.65,36200.0
374719,3.96,43820.0
374993,6.98,4900.0
375114,4.16,8900.0
375163,4.65,18000.0
375449,5.42,1070.0
375465,6.01,3750.0
375466,5.99,250.0
375473,6.0,440.0
375479,6.07,1070.0
375480,6.09,270.0
375481,6.82,77.0
375486,6.14,110.0
375487,6.18,380.0
375818,4.04,4000.0
376126,4.73,42000.0
376431,3.88,11300.0
376432,4.04,86000.0
376441,4.24,9700.0
376464,4.35,7400.0
377322,2.94,28800.0
377347,2.63,15710.0
377711,5.26,10.6
377712,5.33,51.2
377716,5.45,25.9
377717,5.15,18.7
377723,5.12,3.5
377724,5.46,2.1
377743,5.17,7.1
377744,5.15,2.6
377745,5.0,2.5
377750,5.28,34.7
377751,5.35,77.0
377756,5.15,3.5
377757,5.15,11.6
377763,5.45,30.4
377764,5.17,14.1
377771,5.16,8.9
377772,5.61,19.5
377785,5.33,29.7
377786,4.95,9.2
377792,5.26,43.1
377793,5.32,227.2
377799,5.45,334.3
377800,5.15,16.3
377807,4.96,22.6
377815,5.13,19.2
377816,5.47,104.5
377821,5.25,6.6
377822,5.31,4.1
377823,5.18,30.6
377824,5.17,17.4
377829,5.47,14.9
377830,5.17,7.9
377831,5.31,21.1
377832,5.68,93.2
377837,5.14,6.0
377838,5.47,14.9
377839,5.64,11.4
377843,5.17,55.5
377844,5.15,66.3
377855,5.34,6.1
377856,4.97,57.8
378175,3.83,10500.0
378176,3.33,5800.0
378236,5.13,110.0
378394,4.46,750.0
380413,6.72,1400.0
380414,6.49,21000.0
380415,6.12,10700.0
381040,4.01,10300.0
381602,4.55,3300.0
383298,6.5,8900.0
383299,6.53,1700.0
383300,6.62,1900.0
383301,6.72,2800.0
383303,6.73,10000.0
383304,6.27,1800.0
383305,6.09,26000.0
383306,6.65,19000.0
383308,6.59,4300.0
383310,6.61,3900.0
383311,6.66,2800.0
383312,6.02,13000.0
383313,6.13,14000.0
383749,4.49,42.2
383805,6.88,6800.0
385508,5.22,3.6
385511,5.3,23.0
385516,5.62,107.0
385519,5.99,134.0
385521,6.11,160.0
385526,6.09,154.0
385530,6.16,42.7
386380,2.68,310.0
386381,2.82,4350.0
386382,3.57,1800.0
386383,5.32,68.7
386384,4.26,93.0
386386,5.67,135.0
386387,4.75,9.6
386389,4.24,12.0
386390,4.33,7100.0
386660,6.12,4800.0
386661,5.5,7800.0
386663,5.86,1700.0
386665,5.8,600.0
386666,5.61,8600.0
386667,5.81,6700.0
386668,5.35,3800.0
387942,2.1,28100.0
387943,3.12,12500.0
387944,2.44,20200.0
387945,2.95,12500.0
387946,2.57,8400.0
387947,3.07,31100.0
387948,3.33,700.0
387950,2.25,12700.0
387951,2.58,15200.0
387953,3.14,7700.0
387954,3.12,3400.0
387955,3.28,1200.0
387959,0.36,23800.0
387962,3.15,43700.0
388672,4.9,38.0
388673,4.9,25.0
388677,4.38,46.0
388678,4.29,35.0
388719,2.87,15000.0
388732,2.64,9000.0
389336,6.72,100.295
389670,5.67,10000.0
389671,6.05,9700.0
389674,5.72,2100.0
389675,6.04,9400.0
389681,5.51,10000.0
389682,5.88,9600.0
389685,5.62,1200.0
389686,5.95,8800.0
389692,6.05,9600.0
389693,6.2,10000.0
389718,4.08,7820.0
391386,4.84,8.9
391389,4.37,18.0
391907,4.33,17800.0
393527,1.63,61600.0
393528,1.82,90900.0
393529,2.71,67600.0
393531,2.01,55500.0
393533,3.0,21600.0
393538,1.81,73400.0
393539,1.95,78400.0
393540,3.66,55600.0
393541,3.8,67100.0
393542,4.4,49400.0
393543,4.49,5300.0
393544,4.55,11100.0
393545,5.12,10800.0
395201,1.96,6000.0
396863,6.26,28000.0
396870,6.48,40000.0
397168,4.65,2.8
398458,7.4,550.0
398947,0.74,39000.0
398948,1.24,33000.0
398949,1.69,31000.0
398950,1.94,1800.0
400144,2.35,10300.0
400463,5.27,6200.0
400944,3.57,65.0
400946,3.75,77.0
400947,3.89,110.0
400948,3.88,57.0
400950,4.01,72.0
400951,4.11,100.0
400952,3.96,33.0
400954,4.39,21.0
400955,4.39,45.0
400956,4.78,58.0
400958,4.43,47.0
400959,4.83,55.0
402004,5.4,196.0
402005,5.37,1902.0
402574,7.17,45.0
402575,6.99,602.0
402576,6.43,190.0
402577,5.5,2420.0
402598,7.55,960.0
402780,6.33,798.0
403185,5.28,420.0
403186,5.57,990.0
403187,5.6,7930.0
403191,6.14,340.0
403192,6.45,390.0
403193,6.46,550.0
403194,5.65,690.0
403195,6.0,630.0
403196,6.04,450.0
403200,5.45,2720.0
403201,5.82,200.0
403205,5.64,520.0
403206,6.08,370.0
403211,5.61,710.0
403214,6.07,700.0
403703,5.91,6439.5
403907,2.82,89320.0
403914,2.61,98900.0
403941,3.62,19575.0
403945,5.7,13675.0
403979,6.76,344.5
404050,6.74,38.5
404054,6.83,1832.5
404309,2.9,2.0
404322,3.51,1650.0
404325,5.11,1800.0
404333,3.24,3.8
404335,3.52,3.0
404337,3.68,2.2
404338,3.27,4.0
404688,5.83,26900.0
404691,6.12,18900.0
405357,5.47,8100.0
405358,4.68,10500.0
405359,5.73,3700.0
405361,5.57,6500.0
405362,4.71,6600.0
405585,5.46,68.0
405586,5.68,918.0
405587,5.62,2120.0
405588,5.67,102.0
405589,5.61,34.0
405591,5.61,22.0
405592,5.75,3.0
405593,5.69,11.0
405595,5.51,2.0
405596,5.8,6.0
405597,5.69,46.0
405599,5.48,4.0
405601,5.76,5.0
405602,5.68,34.0
405603,5.52,41.0
405606,5.74,9.0
405609,5.71,4.0
405610,5.52,37.0
405612,5.76,36.0
405614,5.71,353.0
405615,5.6,32.0
405617,5.69,10.0
405619,5.77,26.0
405620,5.6,58.0
405621,5.89,76.0
405622,5.76,164.0
405623,5.62,67.0
405624,5.89,20.0
405625,5.74,67.0
405626,5.98,66.0
405627,6.18,133.0
405628,6.02,110.0
405629,5.62,57.0
405630,5.93,18.0
405631,5.74,133.0
405632,5.67,364.0
405633,5.76,279.0
405635,5.82,296.0
405637,5.93,287.0
405638,5.96,219.0
407117,5.64,12660.0
407539,5.64,29500.0
408781,6.37,60000.0
408784,6.2,22000.0
408793,6.25,56000.0
409518,4.19,1000.0
409519,4.22,17000.0
409521,4.33,9000.0
409603,3.77,8100.0
409604,4.19,25100.0
411448,4.98,2000.0
413168,3.63,23000.0
413510,1.74,49666.666666666664
413596,4.2,2200.0
413598,3.95,1200.0
413601,3.83,3300.0
413620,4.21,1800.0
414306,3.51,8200.0
415416,4.23,4200.0
415672,0.45,10000.0
418410,4.93,6562.0
418427,3.91,870.0
418715,2.69,13000.0
418845,5.89,80000.0
418915,4.36,28500.0
418916,4.49,31700.0
419330,1.18,1840.0
419331,3.92,6680.0
419443,5.39,10000.0
419510,2.24,19000.0
419513,2.24,1400.0
419514,3.17,2200.0
419598,5.32,39000.0
419625,3.38,24600.0
419744,6.2,2990.0
419745,6.3,470.0
419746,6.26,390.0
419747,6.41,430.0
419748,6.36,4400.0
419751,6.54,520.0
420055,6.63,3300.0
420056,6.67,8100.0
420057,6.73,12000.0
420208,5.74,1600.0
420209,5.37,5800.0
420210,5.67,3800.0
420319,5.76,10540.0
420323,5.97,11030.0
420324,6.27,11910.0
420325,6.27,10060.0
420346,5.28,4700.0
420347,5.5,18000.0
420349,5.63,9400.0
420380,5.6,14570.0
420398,2.69,26000.0
420402,4.64,31000.0
421157,6.32,34000.0
421338,6.91,5900.0
421340,6.74,4000.0
421341,6.9,6000.0
421342,6.92,5800.0
421449,4.97,130.0
421451,5.43,1300.0
421462,5.2,900.0
421547,4.23,10300.0
422851,3.53,51.85
422855,3.72,68.25
422860,4.25,52.35
422865,3.97,99.65
422906,4.36,93.5
422916,3.9,43.4
422920,4.31,42.8
422922,4.37,116.18
422928,3.2,117.5
422930,3.99,689.3
424840,4.66,27800.0
424967,4.76,55000.0
424971,5.37,40000.0
425087,7.64,950.0
425320,4.13,480.0
425466,5.02,97000.0
425492,4.06,57000.0
425494,6.32,6000.0
426612,5.97,270.0
428867,4.8,951.9
429329,6.48,710.115
429330,7.54,16.0
429531,5.84,5.2
429713,5.62,4.7
429757,5.36,131.07
429759,5.73,60.57
429802,4.73,29.13
429803,4.69,86.37
429808,3.41,417.6766666666667
429815,3.85,3180.0
429846,4.53,27.75
429972,5.61,5.87
429987,5.68,258.0
430002,5.4,10.18
430065,4.76,2100.0
430066,4.53,290.0
430073,4.19,1259.0
430121,3.85,11600.0
430230,5.97,340.0
430296,6.07,230.0
430297,6.0,240.0
430320,5.98,440.0
430348,6.07,280.0
430368,6.75,20.73
430369,6.89,16.73
430397,6.92,22.73
430400,6.08,14.35
430403,5.63,3.52
430411,2.82,12589.25
430424,7.07,200.0
430481,4.39,148.0
430524,6.19,4480.0
430587,6.78,1100.0
430749,1.96,360.0
430785,1.73,4900.0
430819,1.84,980.0
431109,4.28,51.0
431267,1.91,240.0
432085,2.38,2100.0
432331,5.46,2300.0
432388,5.49,4005.0
432389,5.83,23580.0
432418,6.07,880.0
432419,5.92,4725.0
432457,5.58,8790.0
432762,5.59,201.7
432878,4.53,8130.0
432880,5.12,2425.0
432914,5.69,5605.0
433116,5.3,4900.0
433148,5.89,3249.0
433151,5.61,63.0
433187,5.6,27.0
433188,5.87,880.0
433220,5.87,614.0
433224,5.61,23.0
433258,5.53,92.0
433259,5.78,181.0
433261,5.41,85.0
435124,4.28,3700.0
436933,5.43,2420.0
437282,3.57,16720.0
437339,3.27,16720.0
437341,3.46,2625.0
437345,2.93,7870.0
437638,5.56,2630.0
437962,5.07,0.4
438050,3.16,62400.0
438054,5.16,5.7
438104,5.0,2.5
438106,5.14,1.5
438108,5.12,1.1
438112,5.15,65.4
438157,5.07,0.6
438162,5.02,0.6
438208,5.0,1.3
438213,4.97,0.4
438251,4.54,38500.0
438254,4.96,0.3
438386,4.99,1.3
439942,2.31,17100.0
439943,5.01,11.5
439944,2.82,14800.0
439945,1.77,12200.0
439946,5.48,12.3
439959,7.08,46040.0
439977,2.39,950.0
439978,2.85,5300.0
439979,5.03,15.2
440017,2.95,7900.0
440018,3.39,12000.0
440027,4.89,16.0
440063,2.04,9000.0
440064,1.73,1300.0
440065,4.41,19.0
440066,2.4,5700.0
440092,7.11,8060.0
440131,7.1,21120.0
440180,6.54,320.0
440196,2.54,15000.0
440298,7.16,1010.0
440329,6.77,18770.0
440356,6.77,1000.0
440398,6.78,41810.0
440411,3.31,7900.0
440412,3.62,5700.0
440413,3.45,1700.0
440445,2.98,3800.0
440447,3.63,549.0
440464,7.13,6500.0
440482,3.24,1600.0
440484,5.05,18.6
440516,4.68,8.8
440524,6.4,77.0
440533,7.08,20270.0
441021,4.49,8834.0
441226,6.22,32.0
441362,4.24,760.0
441364,4.1,598.5
441453,6.75,56600.0
441455,6.87,23100.0
441611,6.75,18100.0
441696,4.58,4287.0
441703,7.12,59600.0
441747,4.66,3701.0
441754,6.93,9100.0
441756,7.06,9200.0
441801,6.93,55400.0
441984,6.12,40900.0
442077,6.19,93600.0
442179,6.11,59500.0
442509,6.03,28300.0
442547,4.96,34000.0
442561,4.62,24100.0
442562,5.03,5080.0
442573,4.83,32600.0
442612,6.99,9000.0
442636,4.22,15930.0
442662,5.3,820.0
442987,3.62,800.0
442998,6.55,220.0
443003,6.83,359.0
443254,3.2,36000.0
443275,3.24,45000.0
443276,3.45,38000.0
443277,6.36,67000.0
443278,6.34,80000.0
443279,3.0,42000.0
443292,6.52,28000.0
443293,5.86,35000.0
443294,5.8,21000.0
443312,5.88,43000.0
443313,5.75,36000.0
443314,6.6,29000.0
443327,4.43,64000.0
443329,3.11,34000.0
443357,4.24,62000.0
443358,3.09,24000.0
443361,4.15,17000.0
443418,6.71,2950.0
443435,4.71,28800.0
443543,4.44,30.0
443693,6.7,1000.0
443795,6.25,4400.0
443901,6.43,1390.0
443902,6.32,2920.0
443906,5.19,4700.0
444039,7.44,2800.0
444333,4.35,48500.0
444383,6.62,48000.0
444552,4.98,7300.0
444672,3.41,12500.0
444728,7.04,93110.0
444736,7.13,1.0
444773,5.63,8500.0
445048,0.82,66000.0
445452,3.09,20500.0
445724,4.62,30000.0
445959,1.67,316.23
446555,5.03,2720.0
446651,5.63,3440.0
447387,6.09,480.0
447399,6.1,635.0
447894,6.41,10000.0
448004,4.94,36650.0
448088,6.01,35850.0
448988,5.62,6300.0
448989,6.18,10000.0
448990,5.75,12000.0
449060,5.35,6700.0
449061,5.54,8000.0
449062,5.55,7900.0
449063,5.54,5500.0
449064,5.75,3300.0
449602,3.26,8600.0
449603,3.14,4700.0
450001,4.72,11700.0
451201,5.26,47300.0
452027,3.36,85000.0
452028,3.55,65000.0
452029,2.19,80000.0
452030,2.44,85000.0
452031,2.41,50000.0
452032,2.87,35000.0
452033,3.09,25000.0
452034,3.03,50000.0
452064,5.93,24260.0
452103,2.89,23000.0
452104,3.08,50000.0
452105,3.17,29000.0
452106,3.35,35000.0
452107,2.69,31000.0
452108,3.98,21500.0
452109,3.26,10000.0
452117,4.79,65900.0
452159,3.36,8000.0
452171,4.92,42100.0
452173,5.49,8100.0
452306,4.38,3400.0
452416,4.16,3.8
454251,2.73,7500.0
454569,4.9,50.0
454638,4.6,2770.0
454639,4.75,2290.0
454641,4.66,3020.0
454642,5.89,31.4
454643,5.95,181.1
454644,5.92,18.8
454645,6.1,16.6
454741,6.16,58.6
454901,5.92,285.6
454902,6.02,107.5
454904,6.29,151.1
454905,6.3,50.6
454973,4.57,5780.0
454974,4.64,4210.0
454977,5.05,1700.0
455057,4.88,1665.0
455059,5.96,6.6
455122,4.95,2440.0
455124,5.32,2030.0
455127,6.06,7.9
455204,4.72,3220.0
455275,4.62,1180.0
455278,5.12,17300.0
455618,3.97,2350.0
455626,1.36,12600.0
455628,1.81,9200.0
455630,2.76,7200.0
455699,4.19,3460.0
455763,4.76,6540.0
455765,4.93,2150.0
455766,4.97,3160.0
455767,4.32,3910.0
455768,6.03,10.2
455843,4.67,5830.0
455848,4.38,3140.0
455849,6.15,14.5
455850,6.38,44.0
455851,6.06,36.0
455892,5.32,8900.0
455895,4.24,20400.0
455896,3.87,8000.0
456057,7.41,24500.0
456579,1.1,4950.0
456580,3.2,21000.0
456640,3.46,12200.0
456642,4.31,6900.0
456643,2.65,1450.0
456743,6.18,10850.0
456744,4.67,15900.0
456885,4.02,300.0
456972,3.79,22500.0
456974,2.94,28000.0
458333,3.59,3587.0
458337,6.12,23800.0
459339,6.03,35000.0
460824,2.94,88000.0
461663,6.38,84000.0
461750,4.61,22300.0
461751,5.26,5780.0
461752,4.59,37000.0
461754,4.62,3080.0
461768,5.23,34800.0
461769,5.49,5990.0
461813,5.34,16200.0
462507,5.48,1300.0
462900,3.47,9600.0
462995,4.85,54000.0
463007,4.87,54000.0
463387,4.9,84100.0
463389,4.41,80900.0
463405,4.48,93300.0
463406,4.13,76300.0
463723,5.16,7.3
464071,4.04,31.0
464368,2.9,5800.0
464369,3.61,8700.0
464370,4.34,6800.0
464562,5.5,3000.0
465477,6.24,12000.0
465819,5.08,1000.0
466395,7.45,800.0
466517,3.8,20500.0
466797,2.3,54.28
466955,3.09,39.35
468445,6.89,5000.0
468524,6.9,700.0
468528,5.63,79.43
469262,4.32,2000.0
469307,5.07,630.0
471351,6.18,479.0
471504,6.21,902.0
471509,5.61,756.0
471909,5.64,281.0
472248,5.7,960.0
472399,4.53,29.0
472472,5.69,305.0
473166,5.45,260.0
473307,5.65,2700.0
473335,4.35,7300.0
473399,4.31,20600.0
473400,4.24,6500.0
473401,4.23,4100.0
473743,7.78,0.46
473897,7.68,0.04
473899,7.52,4.8
473900,7.49,0.21
473901,7.62,0.5
473902,7.63,4.8
473903,7.59,6.0
473904,7.86,0.03
473905,7.68,4.6
474425,1.98,0.3
474426,2.58,3500.0
474427,4.95,7000.0
474428,4.61,100000.0
474429,3.63,1400.0
474492,5.23,1100.0
474494,4.48,180.0
474495,2.73,6800.0
474557,4.35,2.5
474558,4.45,17.5
474559,4.33,9200.0
476540,6.59,9300.0
476542,6.67,12000.0
476543,6.58,36100.0
476626,5.22,190.0
476772,4.41,260.0
477109,4.9,33.2
477110,5.14,35.1
477111,4.76,85.2
477112,4.87,95.2
477113,5.04,550.7
477187,4.95,27.2
477401,4.92,277.3
477808,5.11,1170.0
477931,6.85,12.055
477932,6.95,12.92
477934,7.2,13.43
477937,6.96,8.78
478008,6.82,11.81
478288,7.34,5.96
478289,7.36,22.42
478290,7.37,289.52
478291,7.43,20.34
478668,4.0,990.0
478884,5.86,4190.0
478885,6.23,2080.0
478886,6.28,280.0
478887,5.85,2370.0
478957,5.96,830.0
478958,5.98,620.0
478959,5.84,1740.0
478960,6.04,600.0
479945,5.84,350.0
479946,6.21,540.0
480001,6.02,900.0
480002,4.59,610.0
480003,5.07,650.0
480004,5.15,550.0
480005,6.19,106.0
480006,5.95,2580.0
480007,6.25,820.0
480008,6.24,380.0
480069,5.67,700.0
481368,5.84,19450.0
481389,4.6,3250.0
481471,5.01,59000.0
481485,5.22,52000.0
481486,7.03,6700.0
481488,6.6,6000.0
481632,7.86,55000.0
482937,4.73,25436.0
483686,4.7,3500.0
484019,7.57,4790.0
484443,1.44,68000.0
485021,5.42,21100.0
485118,4.46,26900.0
485119,4.39,17600.0
485120,3.82,13000.0
485231,5.05,58000.0
485233,5.01,56000.0
485346,6.06,23000.0
485366,6.11,8200.0
485538,4.48,3640.0
485738,4.03,12589.25
486348,5.56,4200.0
486873,5.24,620.0
486875,4.6,6700.0
486876,4.57,520.0
486946,4.31,680.0
486947,4.1,8900.0
486948,4.73,1150.0
487073,0.85,34000.0
487245,2.4,4000.0
487246,2.76,11000.0
487247,3.21,2500.0
487248,4.24,50.0
487249,4.29,400.0
487250,4.6,60.0
487314,4.63,150.0
487315,4.83,40.0
487316,4.4,250.0
487317,4.92,40.0
487353,5.61,8100.0
487385,4.67,30.0
487386,4.95,30.0
487387,4.71,500.0
487388,5.05,60.0
487389,5.22,30.0
487451,5.23,30.0
487452,4.97,160.0
487522,5.48,30.0
487523,5.5,30.0
487524,5.1,300.0
487525,5.59,1290.0
487612,5.33,7.0
487613,5.32,400.0
487614,5.23,200.0
487615,5.21,110.0
487714,5.12,450.0
487715,4.51,2200.0
487845,4.77,9900.0
487934,3.39,6300.0
487935,3.46,7000.0
488336,6.18,13800.0
490251,3.99,26000.0
491616,5.1,1002.0
491706,3.97,3886.0
491815,3.54,3200.0
492051,3.81,7040.0
493479,3.12,92350.0
494112,3.91,9500.0
494113,4.98,7000.0
494167,4.35,4900.0
494285,5.32,197.86
494350,5.43,179.62
494351,5.03,183.45
494352,6.68,174.23
495187,7.62,94.0
495270,4.53,38.8
495271,4.38,166.0
495272,4.78,11.5
495273,4.74,9.1
495477,5.01,56.2
495478,5.0,90.6
495479,1.99,15119.0
495549,4.99,27.0
495588,5.69,9.5
495589,5.45,400.0
495607,5.88,1.7
495608,5.1,7.0
495609,6.08,8.9
495610,5.47,14.0
495611,6.16,4.5
495648,5.82,9.1
495663,5.34,151.0
495664,6.04,1.9
495665,5.39,54.0
495666,6.2,2.6
495717,4.07,1000.0
495732,5.73,393.0
495733,6.27,2.9
495782,4.59,18.0
495842,5.7,122.0
495935,4.8,9.4
495936,5.24,2.8
496084,4.32,4000.0
496229,4.71,1050.0
496303,5.07,2000.0
496304,4.77,7000.0
496305,5.35,1800.0
496306,5.18,16.0
497337,5.04,2060.0
497341,6.25,860.0
497343,5.92,2250.0
497344,6.22,1910.0
497418,6.3,170.0
497428,5.74,6600.0
497536,3.12,6260.0
497575,5.28,3900.0
497576,5.51,4600.0
497639,5.55,3700.0
497640,5.65,4200.0
497641,5.69,2500.0
497642,5.69,2900.0
497719,5.77,4500.0
497720,5.91,3900.0
498118,5.88,610.0
498119,6.02,23.0
498120,5.92,64.0
498121,5.92,37.0
498347,5.5,430.0
498348,5.89,300.0
498429,5.88,190.0
498430,5.66,550.0
498431,6.05,370.0
498432,6.01,250.0
498485,3.31,74740.0
498498,5.75,400.0
498499,6.01,280.0
498500,6.03,260.0
498501,5.91,2160.0
499181,3.86,99.0
499182,4.16,142.0
499183,4.98,59.0
499244,4.35,50.0
499246,4.26,24.0
499248,4.72,20.0
499317,4.43,35.0
499318,4.07,15.0
499319,4.81,47.0
499320,3.83,288.0
499321,4.87,57.0
499322,4.22,22.0
499385,4.28,53.0
499386,4.29,30.0
499387,4.69,498.0
499388,3.94,68.0
501225,3.44,45890.0
501226,3.64,15300.0
501299,4.58,6360.0
501301,4.89,10460.0
501302,4.49,25130.0
501303,3.41,85220.0
501304,3.57,13730.0
501378,3.87,16420.0
501379,3.89,25240.0
501380,3.88,66310.0
501381,3.96,30340.0
501382,3.72,42570.0
501383,4.89,19350.0
501465,5.14,14080.0
501466,4.8,16810.0
501467,3.72,84870.0
501469,4.13,87080.0
501529,3.75,81970.0
502558,5.97,8000.0
502615,6.14,27800.0
502625,6.74,14500.0
503086,5.34,1000.0
503087,5.29,190.0
503089,5.51,410.0
503145,2.65,48000.0
503146,5.58,270.0
503261,6.92,40.0
503263,5.65,760.0
503264,6.17,800.0
503265,5.73,6500.0
503266,5.62,650.0
503293,5.91,2000.0
503294,5.39,90.0
503295,5.5,800.0
503296,5.62,260.0
503309,5.65,5000.0
503310,5.54,98.0
503311,5.63,800.0
503312,5.57,4000.0
503329,5.79,200.0
503330,6.07,6500.0
503331,5.79,600.0
503344,4.77,50000.0
504217,5.14,126.0
504218,5.05,220.0
505109,4.78,52300.0
505130,3.12,31200.0
505131,3.21,45500.0
505281,5.2,12700.0
506440,6.66,6200.0
506441,7.03,1560.0
506442,7.03,1760.0
506447,4.73,1900.0
506448,5.41,2000.0
506449,4.41,700.0
506450,4.08,5900.0
506451,3.93,10200.0
506452,4.05,11700.0
506454,4.63,10000.0
506455,4.45,7100.0
506457,3.82,9300.0
506458,4.71,10900.0
506459,5.16,1400.0
506460,5.16,600.0
506461,4.83,3000.0
506462,4.75,2100.0
506463,5.07,2700.0
506465,5.05,1100.0
506466,5.09,600.0
506467,5.18,1100.0
506468,5.08,600.0
506469,5.04,5000.0
506472,3.82,4300.0
506473,4.07,3300.0
506474,5.06,1700.0
506476,5.04,5200.0
506867,6.1,9050.0
506868,6.14,6790.0
506870,6.14,9620.0
506872,3.42,800.0
506873,4.41,3100.0
506874,4.12,900.0
506880,6.67,3280.0
506881,7.08,1830.0
506882,6.86,3060.0
506883,6.83,8170.0
506886,7.02,2460.0
506888,6.14,8950.0
506889,6.24,4910.0
506890,3.97,10000.0
506891,3.95,12300.0
506892,3.5,5400.0
506893,4.24,9000.0
506904,4.53,4000.0
506905,3.45,18900.0
506906,4.07,1800.0
506907,3.96,14000.0
506908,4.2,4100.0
506910,6.17,6060.0
506911,6.64,5550.0
506912,6.41,7380.0
506914,4.41,4800.0
506915,3.99,11000.0
506916,3.91,15000.0
506918,3.84,18700.0
506919,3.87,8200.0
506920,4.19,6500.0
507502,6.72,7930.0
507503,6.8,2600.0
507504,6.69,790.0
507506,6.83,5730.0
507509,6.91,6730.0
507510,6.95,6080.0
507598,4.87,280.0
507659,5.21,560.0
507744,4.87,19200.0
507745,5.47,760.0
507785,5.26,640.0
507786,5.39,410.0
507787,5.73,250.0
507788,5.84,460.0
507789,5.8,700.0
507823,6.01,1000.0
507845,6.06,1010.0
507846,5.82,700.0
507848,5.89,1110.0
507899,6.08,830.0
507900,6.13,1570.0
507901,5.67,900.0
507902,5.97,320.0
507960,5.91,150.0
507961,5.75,400.0
507962,6.08,280.0
507963,6.08,540.0
508100,4.91,450.0
508101,5.38,2690.0
508102,5.8,850.0
508103,5.64,340.0
508104,5.76,480.0
508276,5.16,890.0
508404,4.85,260.0
508405,4.73,320.0
508406,4.73,200.0
508458,4.75,630.0
508459,4.87,8000.0
508612,5.01,3300.0
508613,4.72,310.0
508614,4.7,550.0
508615,4.6,16000.0
508616,5.41,35000.0
508676,4.71,1600.0
508677,4.68,2200.0
508678,4.86,1700.0
508679,5.09,410.0
508680,4.58,4400.0
510301,6.31,5800.0
510627,5.68,343.0
510806,6.02,81.0
510808,4.53,442.0
510820,4.71,7700.0
510821,4.69,820.0
510871,4.52,329.0
510872,4.36,1840.0
510879,5.54,9100.0
510934,5.02,654.0
510935,5.49,770.0
510936,5.75,1151.0
510937,5.1,899.0
510938,5.06,1364.0
511011,5.5,1031.0
511012,5.52,1133.0
511013,4.64,414.0
511014,6.27,120.0
511015,4.73,584.0
511078,5.54,331.0
511079,5.92,92.0
511081,4.69,4800.0
511086,5.43,2000.0
511099,3.74,1950.0
512794,5.17,3600.0
512795,5.05,4200.0
512796,4.73,1600.0
513319,5.4,16500.0
514171,4.55,600.0
514290,5.02,73.0
514291,6.07,31.0
514292,5.21,33.0
514293,5.6,40.0
514354,5.6,61.0
514355,4.77,19.0
514356,5.06,331.0
514357,5.12,76.0
514358,4.77,3.0
514446,5.03,15.0
514447,5.11,109.0
514448,4.78,4.0
514449,5.06,59.0
514450,5.12,205.0
514524,5.0,6.0
514525,5.28,48.0
514526,5.3,32.0
514527,4.93,47.0
514528,5.27,56.0
514591,5.25,22.0
514592,5.08,61.0
514593,5.44,310.0
514594,5.42,30.0
514595,5.0,3.0
514675,5.29,20.0
514676,5.32,31.0
514677,4.99,40.0
514678,5.28,250.0
514679,5.32,65.0
514740,4.89,4.0
514741,5.28,28.0
514742,5.28,6.0
514743,4.89,793.0
514744,5.28,516.0
514806,5.27,23.0
514807,5.01,20.0
514808,5.29,206.0
514809,5.32,77.0
514810,4.99,18.0
514874,5.29,293.0
514875,5.32,74.0
514876,4.92,70.0
514877,5.31,597.0
514878,5.27,98.0
514959,4.93,378.0
514960,5.31,636.0
514961,5.27,103.0
517512,5.15,300.0
517831,3.48,290.0
517913,6.95,3500.0
517914,6.58,4300.0
517915,6.95,2800.0
517916,6.87,2600.0
517918,7.05,300.0
518028,6.62,4600.0
518029,6.93,3100.0
518030,6.88,3400.0
518031,7.1,3300.0
518032,7.09,2700.0
518033,7.33,2200.0
518034,7.12,1500.0
518035,7.17,4000.0
518036,7.15,2600.0
518037,7.24,2900.0
518038,7.29,3300.0
518039,7.2,2100.0
518040,7.18,3100.0
518041,7.18,900.0
518845,5.22,1600.0
518846,5.04,200.0
518847,6.18,100.0
518848,6.47,30.0
518849,6.8,50.0
518850,7.06,800.0
518918,5.15,10400.0
518919,5.39,2740.0
518920,4.55,7500.0
518921,4.19,3700.0
518922,4.83,8200.0
519539,2.85,20800.0
519540,3.15,15100.0
519541,3.45,9000.0
519542,3.64,8100.0
519552,5.49,17690.0
519589,4.32,3200.0
519591,4.58,1900.0
519592,4.58,3500.0
519593,4.27,2400.0
519594,4.35,2300.0
519643,4.33,15300.0
519644,5.21,10100.0
519645,5.37,8200.0
519646,4.76,6300.0
519647,4.8,2500.0
519708,4.8,2000.0
519709,4.8,2500.0
519710,4.57,9500.0
519711,4.81,3700.0
519712,4.91,8900.0
519784,4.78,4700.0
519785,4.78,4100.0
519786,4.96,4300.0
519787,4.96,3100.0
519788,5.65,11600.0
519958,5.02,30.0
519959,5.02,15.0
519961,4.89,2100.0
519962,5.29,2280.0
519963,5.4,2460.0
519964,4.98,400.0
520019,4.99,10.0
520020,5.0,140.0
520021,4.99,620.0
520022,5.2,350.0
520023,5.28,3000.0
520024,5.44,33000.0
520025,5.38,380.0
520026,5.09,2460.0
520027,5.48,2340.0
520823,3.77,29000.0
520824,3.73,2026.5
520825,4.19,39000.0
520829,5.2,43.0
520830,5.17,130.0
520831,5.35,1200.0
520832,5.35,120.0
520900,5.34,140.0
520903,5.3,690.0
520970,2.78,12100.0
521054,3.62,2400.0
521194,3.69,3000.0
521195,3.32,11000.0
521197,4.17,8250.0
521265,3.05,10500.0
521610,6.91,1215.0
521997,6.66,31000.0
522216,2.46,11600.0
522629,6.22,3320.0
523000,4.79,10300.0
523055,5.61,690.0
523064,5.03,33300.0
523065,4.85,57600.0
523307,5.44,53.0
523386,4.59,520.0
523546,3.65,960.0
523547,3.62,470.0
523604,4.33,10000.0
523605,4.33,10000.0
523606,4.08,53.0
523607,3.52,83.0
523609,3.61,59.0
523668,4.07,58.0
523670,4.52,25.0
523672,3.97,73.0
523673,4.05,75.0
524376,3.45,70.0
524438,3.32,160.0
524517,3.55,315.0
524550,3.84,2573.0
524614,4.91,329.0
524719,4.43,364.7
524722,4.55,1030.0
524736,4.11,2001.0
524754,4.82,903.8
524783,2.92,1335.5
524787,5.34,20.0
524867,4.97,210.0
525122,4.47,49.0
525200,5.06,400.0
525278,4.27,3991.0
525406,5.52,902.8
525413,4.59,129.0
525479,5.33,614.1
525592,3.87,550.6
525741,5.76,40.0
525785,4.05,1181.0
525803,5.57,825.6
525858,5.28,24.0
526118,4.17,775.1
526127,4.94,80.0
526386,5.5,150.0
526578,5.54,1700.0
526861,5.12,20.0
526968,4.7,883.6
527226,5.99,746.5
527366,5.21,40.0
527675,4.99,635.4
528317,5.76,33.0
528376,5.72,569.1
528517,5.72,1480.0
528641,5.56,752.8
528989,5.48,242.1
529055,4.79,646.7
529116,4.65,64.0
529241,5.76,2354.0
529624,5.15,866.2
529665,4.94,1328.0
529766,5.95,527.0
529814,6.08,1521.0
530102,5.12,501.8
530104,4.44,1045.0
530494,5.31,730.0
530498,5.62,29.0
530558,5.52,6.0
530610,5.03,10.0
530738,5.14,2678.0
530818,5.24,439.0
531025,2.92,180.6
531077,5.43,9.0
531390,4.16,5930.0
531479,5.93,1913.0
531503,5.54,180.0
531519,5.06,810.5
531582,4.57,1266.0
531853,5.68,100.0
531897,5.12,80.0
531919,5.15,1672.0
532011,4.67,110.0
532061,5.0,831.5
532104,4.98,51.0
532297,3.95,1239.0
532346,6.85,683.1
532628,5.52,459.0
532714,2.81,1871.0
532777,5.23,754.3
533540,5.22,7.0
533861,3.32,4300.0
533901,5.04,972.9
533923,5.94,138.0
533978,4.58,241.6
534341,4.45,116.0
534415,5.22,1692.0
534460,4.09,704.5
534466,5.39,11.0
534611,5.09,10000.0
534847,5.38,1050.0
535104,5.87,3805.43
535314,5.42,957.5
535942,6.03,1818.0
536523,5.06,1026.0
536621,5.39,4.0
536666,2.96,929.8
536882,3.58,120.0
537093,4.91,950.0
537100,5.79,1299.0
537170,5.72,1225.0
537204,5.64,1188.0
537256,4.29,794.2
537402,5.29,895.1
537635,4.45,426.4
537674,5.92,506.3
537703,4.95,940.0
538082,4.76,1241.0
538096,6.52,275.725
538194,6.18,271.7
538224,4.77,44.0
538919,5.22,7.0
538975,4.05,1973.0
539007,5.19,5.0
539082,4.84,1700.0
539100,5.76,962.8
539104,5.49,1854.0
539143,5.4,975.4
539180,4.99,334.7
539289,5.46,1739.0
539292,5.64,70.0
539489,4.22,1189.0
539570,5.13,1207.0
539851,5.55,19.0
540009,5.44,394.0
540146,4.54,26.0
540289,4.51,649.4
540845,5.28,1240.0
540975,4.33,1350.0
541446,5.27,521.0
541565,5.24,370.0
541692,6.08,1228.0
541954,4.46,160.0
542003,5.18,1536.585
542054,4.74,1445.0
542105,5.34,127.2
542526,5.41,14.0
542604,4.63,3850.0
542667,4.11,827.8
542748,5.04,1320.0
542756,5.32,468.0
542815,3.15,720.0
542859,5.65,1.9
553826,6.57,5200.0
554322,5.07,46000.0
554502,4.5,16.0
554503,5.07,1330.0
554714,5.17,5100.0
554736,5.94,7000.0
555040,3.95,3000.0
555253,4.36,5100.0
555260,4.92,3000.0
555272,4.99,2800.0
555646,5.55,347.0
555650,5.56,193.0
555679,5.41,40.0
555680,5.5,61.0
555681,5.55,99.0
555691,5.51,178.0
555697,5.91,74.8
555706,5.87,112.0
555725,6.38,34300.0
555726,3.92,20000.0
555731,3.82,20000.0
555763,5.11,67.7
555944,6.04,2100.0
555949,6.39,190.0
556071,5.12,3950.0
556097,4.51,4000.0
556206,4.27,14000.0
556249,5.2,4260.0
556424,7.51,1670.0
556742,3.57,480.0
556951,4.14,14900.0
556988,4.56,21900.0
556998,4.63,400.0
557364,5.52,282.0
557365,5.55,479.0
557368,5.4,41.0
557373,5.48,60.0
557408,5.48,269.0
557428,5.88,43000.0
557434,6.57,5650.0
557452,6.0,69400.0
557458,6.23,5900.0
557484,5.58,10.4
557489,5.45,17.0
557804,4.17,14000.0
557965,5.15,256.0
557966,4.53,9.0
557967,5.1,6.0
558705,4.43,9000.0
558722,4.47,7000.0
558723,4.47,2300.0
558734,5.05,2900.0
558906,4.63,52400.0
559098,5.54,263.0
559108,5.5,37.0
559132,5.58,123.0
559133,5.49,99.0
559137,5.57,49.0
559145,5.48,321.0
559164,6.27,16900.0
559171,4.01,8000.0
559181,6.25,55500.0
559228,5.85,28.0
559404,5.94,1350.0
559522,4.24,3860.0
559531,1.23,120.0
559728,5.25,2240.0
559732,5.25,36.0
559864,3.86,6950.0
560510,4.41,5400.0
560511,4.45,4600.0
560531,4.84,7400.0
560532,4.84,1600.0
560547,4.63,5000.0
560565,4.84,6000.0
560566,4.39,42500.0
560861,5.48,47.0
560869,5.5,42.0
560875,5.54,64.0
560883,5.41,44.0
560887,5.5,42.0
560893,5.55,52.0
560894,5.54,32.0
560919,5.48,76.0
560934,5.86,367.0
560939,5.66,87.0
560945,5.93,35100.0
560957,5.47,180.0
560958,6.54,44000.0
560959,6.4,42500.0
560960,3.88,5000.0
560967,4.56,4000.0
561000,5.44,10.9
561019,5.65,55.1
561023,7.13,1274.0
561036,5.93,4.4
561066,5.87,73.8
561354,5.37,670.0
561566,5.04,3500.0
561567,4.37,27.0
561568,5.26,568.0
562030,5.23,42100.0
562303,4.62,6000.0
562331,4.99,3000.0
562352,4.63,14000.0
562686,5.48,141.0
562694,5.52,63.0
562700,5.48,166.0
562706,5.51,268.0
562707,5.54,280.0
562733,5.5,95.0
562757,4.99,9.5
562759,6.47,4733.333333333333
562760,4.09,12000.0
562808,5.65,575.0
562840,5.96,71.9
562978,6.04,1240.0
563082,3.0,670.0
563254,5.22,1860.0
563264,4.85,10500.0
563998,4.14,5600.0
563999,4.31,11000.0
564000,4.41,6900.0
564013,4.51,1700.0
564022,4.56,3000.0
564032,4.64,4000.0
564046,4.63,1700.0
564055,4.24,85000.0
564235,4.49,27400.0
564391,5.56,41.0
564396,5.5,43.0
564397,5.47,302.0
564400,5.51,313.0
564403,5.56,116.0
564408,5.48,28.0
564436,5.51,428.0
564440,5.41,84.0
564457,5.65,163.0
564475,5.69,96.0
564497,5.6,3.6
564507,5.53,111.0
564515,5.53,47.4
564516,5.58,113.0
564517,5.63,126.0
564527,6.14,5.5
564531,5.89,66.9
564733,5.67,3010.0
564838,4.17,2840.0
565030,5.09,6500.0
565809,3.91,41500.0
565819,4.41,4000.0
566173,5.58,294.0
566194,5.54,46.0
566198,5.58,74.0
566229,5.52,109.0
566245,5.55,183.0
566248,5.54,98.0
566274,6.23,47400.0
566277,6.38,25400.0
566282,4.71,48.333333333333336
566290,5.14,19.1
566291,5.32,2090.0
566299,5.11,109.0
566300,5.58,362.0
566343,5.65,149.0
566525,6.22,2190.0
566640,4.87,22520.0
566674,5.09,1000.0
566849,4.6,329.0
567309,5.76,12900.0
567310,5.42,12800.0
567320,5.39,41000.0
567594,3.84,14300.0
567611,4.49,3000.0
567615,4.57,2200.0
567627,4.58,1500.0
567628,4.87,1800.0
567629,4.62,6000.0
567635,4.44,2400.0
567646,4.63,4000.0
567647,5.08,3000.0
567657,3.93,55000.0
568052,5.5,139.0
568084,5.54,430.0
568087,5.5,202.0
568098,5.79,7930.0
568099,5.67,430.0
568102,5.96,68.1
568118,4.82,12000.0
568123,6.25,47200.0
568136,5.3,45.0
568140,5.42,1053.3333333333333
568143,5.58,18.0
568154,5.52,18.0
568173,5.65,73.4
568198,5.86,133.0
568736,6.87,18100.0
569431,6.91,2300.0
569432,6.95,6300.0
569435,6.81,26500.0
571514,4.67,17000.0
571523,5.25,3200.0
571542,4.79,5600.0
571543,5.16,7500.0
571573,5.72,5000.0
571579,6.03,950.0
571631,5.84,2200.0
571646,5.49,20000.0
571660,5.8,15000.0
571662,5.9,1300.0
571672,5.69,13000.0
571673,5.6,14000.0
571685,5.33,26.5
571700,5.51,15.0
572025,5.68,34800.0
572136,4.6,14700.0
573228,5.7,2.22
573300,5.57,2.12
573336,5.01,5.47
573403,5.89,3330.0
573404,5.45,3430.0
573417,5.89,3970.0
573458,6.04,2500.0
573460,5.85,3400.0
573469,5.85,4890.0
573540,4.75,2760.0
573541,6.01,1820.0
573542,5.64,2560.0
573544,5.57,4570.0
573552,5.9,4860.0
573569,5.88,4650.0
573947,5.97,59.4
573951,5.13,7.4
573979,5.89,16.9
573980,6.26,7.2
573991,5.55,20.5
574014,4.99,5.2
574015,5.76,75.8
574017,5.91,6.1
574030,5.87,3.7
574053,5.58,31.6
574356,3.57,10300.0
574752,4.13,39000.0
574891,4.29,50100.0
575120,6.12,470.0
575156,5.73,92.0
575166,5.62,120.0
575167,6.31,520.0
575193,6.29,730.0
575194,5.54,590.0
575205,5.22,1720.0
575212,5.85,870.0
575213,5.71,500.0
575233,5.59,600.0
575234,5.92,820.0
575235,6.06,960.0
575252,6.01,710.0
575268,4.86,28.0
575274,5.22,107.0
575276,4.63,34.0
575385,5.16,36.8
576225,5.78,4950.0
576240,4.38,10000.0
576241,4.89,6450.0
576319,5.09,1045.0
576320,2.84,10100.0
576326,2.95,6200.0
576350,3.9,2950.0
577325,6.0,12110.0
577380,4.61,926.6666666666666
577595,4.15,256.0
577597,4.03,56.0
577598,5.54,665.0
577601,3.73,3950.0
577602,4.09,265.0
577604,4.4,400.0
577612,4.15,44.0
577613,4.17,204.0
577614,3.85,1130.0
577618,4.08,3.0
577620,3.96,150.0
577621,4.04,24.0
577622,4.1,106.0
577623,4.49,276.0
577624,4.0,1043.0
577625,3.53,270.0
577626,5.38,730.0
577627,4.26,1045.0
577631,4.16,100.0
577632,4.78,195.0
577633,4.37,135.0
577634,3.96,191.0
577635,3.84,198.0
577636,4.45,345.0
577638,2.29,12160.0
577650,4.71,156.0
577651,3.32,1770.0
577652,3.54,184.0
577654,3.52,2750.0
577655,4.03,1170.0
577656,4.04,1890.0
577664,3.15,3560.0
577665,3.05,889.0
577666,3.43,120.0
577667,4.23,12720.0
577668,3.54,272.0
577672,4.26,186.0
577679,4.49,1710.0
577682,4.72,135.0
577683,3.26,130.0
577691,4.82,630.0
577693,4.45,206.0
577706,4.05,227.0
577707,4.32,131.0
577826,8.06,0.05
578143,0.97,12589.25
578289,4.38,1180.16
578904,5.54,5500.0
578948,5.55,8000.0
578949,5.55,7900.0
579081,5.6,6300.0
579107,5.68,8700.0
579119,5.75,12500.0
579120,5.96,9900.0
580618,4.21,1800.0
581151,4.79,9.0
581207,4.42,8.0
581221,4.44,215.0
581637,3.8,910.0
581758,3.61,10920.0
581759,3.76,4100.0
581799,4.51,110.0
581802,3.83,910.0
581803,3.98,220.0
581804,4.38,500.0
581806,3.91,410.0
581809,4.0,16630.0
581813,4.91,133.0
581815,4.48,720.0
581816,4.61,700.0
581820,4.01,110.0
581825,3.95,580.0
581826,4.13,120.0
581827,4.62,900.0
581830,3.99,5150.0
581837,4.09,190.0
581838,4.01,1120.0
581839,4.94,2630.0
581842,4.16,810.0
581857,2.01,12589.25
581860,4.76,30.0
583644,3.92,1146.0
583733,6.34,1329.0
583736,4.69,1180.0
583860,3.11,8898.85
583870,5.0,517.6
583896,3.22,42000.0
583898,5.43,1637.0
583901,3.65,1060.0
583914,4.64,14.0
583950,5.28,3337.0
583992,5.19,4300.0
584061,5.62,808.9
584077,4.04,1186.0
584096,3.65,740.0
584187,2.74,876.0
584192,4.11,768.3
584216,4.58,1155.0
584225,5.76,977.9
584251,5.28,2084.0
584282,4.78,458.1
584288,5.01,1550.0
584354,2.38,1484.0
584366,5.27,51.0
584382,5.87,541.2
584445,3.17,513.9
584448,4.02,691.2
584599,4.13,1556.0
584621,3.47,158.3
584764,5.18,901.3
584844,3.94,1420.0
584849,3.81,2719.0
584862,5.72,2978.0
584906,5.81,512.0
584913,3.59,783.0
584915,5.77,3889.65
584919,7.15,1695.0
584938,5.63,2000.0
584940,5.05,617.4
584995,5.02,200.0
585010,2.58,636.8
585011,4.57,4022.0
585057,4.73,2900.0
585181,5.64,82.0
585287,5.31,82.67
585288,4.48,1699.0
585334,4.73,1880.0
585362,5.18,3991.215
585365,4.92,878.1
585404,5.94,2340.0
585698,5.71,298.3
585750,4.08,567.5
585766,6.29,6522.6
585785,4.05,1183.0
585859,4.76,789.1
585867,3.75,420.5
585872,4.01,1100.0
585937,5.24,50.0
585972,5.15,86.0
585975,4.58,1494.0
586004,4.79,1470.0
586006,2.89,1286.0
586043,5.1,723.0
586069,4.37,1105.0
586238,4.34,2016.6666666666667
586256,5.29,150.0
586355,4.3,490.3
586369,4.86,1487.0
586442,5.88,117.5
586537,3.69,1530.0
586657,3.82,549.9
586658,3.07,498.3
586698,5.14,1440.0
586699,5.24,3414.0
586712,4.47,558.0
586746,4.99,220.0
587251,5.85,5723.0
587267,3.37,892.6
587325,4.17,1362.0
587343,5.19,542.8
587421,6.3,1989.0
587422,3.94,21840.0
587475,5.26,1250.0
587558,4.01,732.5
587606,3.35,904.2
587682,4.42,543.8
587905,4.49,311.4
587911,5.81,734.5
587933,4.39,791.3
588182,5.38,700.0
588197,5.42,769.1
588341,2.97,1413.0
588435,2.52,2479.0
588532,4.12,1001.0
588549,5.82,2028.0
588588,5.08,915.5
588603,3.67,365.1
588606,6.36,315.1
588806,5.2,1039.0
588836,4.64,2992.0
588970,5.4,1439.0
589005,4.02,1135.0
589016,5.31,1694.0
589021,5.58,1143.0
589095,3.15,1100.0
589139,4.83,424.8
589152,3.21,1883.0
589158,3.37,1027.0
589372,5.65,1220.0
589425,5.54,850.7
589452,4.24,739.8
589455,4.19,4146.0
589480,3.79,617.2
589506,4.99,1607.0
589510,4.72,1462.0
589549,5.03,153.8
589571,5.23,3000.0
589582,4.14,483.5
589603,3.72,1828.0
589620,4.78,2772.0
589697,5.29,2701.0
589776,5.45,1159.0
589777,3.16,1906.0
589826,3.41,1207.0
589886,5.77,558.9
589929,3.83,1867.0
589932,4.71,2199.0
589951,5.87,913.0
589970,4.51,452.7
590009,4.53,1523.0
590044,3.18,3947.0
590071,5.16,3679.0
590097,5.47,1693.0
590271,4.37,7300.0
591864,5.09,0.3
592151,5.1,9450.0
592176,5.72,9720.0
592177,5.78,7190.0
592178,5.68,6720.0
592218,7.19,51.0
592223,7.28,725.0
592226,7.34,133.0
592238,7.54,972.5
592247,5.88,3040.0
592258,6.08,1610.0
592259,6.08,2000.0
592260,6.08,1800.0
592261,5.95,2010.0
592295,6.14,2260.0
592314,6.02,10620.0
592315,6.28,910.0
592316,6.8,1240.0
592317,6.34,930.0
592318,6.34,240.0
592335,5.97,110.0
593348,5.73,16900.0
593371,4.44,38800.0
593380,4.92,58800.0
593381,5.5,7700.0
593401,5.44,9300.0
593412,4.84,25500.0
593421,5.34,8400.0
593422,5.97,11800.0
593496,6.21,18950.0
593497,6.85,4300.0
593502,6.06,10800.0
593513,6.02,500.0
593819,7.34,9800.0
593844,4.24,11000.0
594509,6.14,13320.0
594702,3.04,23.0
594703,3.55,1200.0
594704,3.79,4100.0
594730,4.59,1200.0
594753,3.01,3600.0
594754,3.4,3000.0
594773,7.74,5.85
594774,7.72,6.2
594775,7.66,25.0
594776,7.91,44.6
594779,7.83,46.3
594780,7.79,11.8
594833,5.32,7.45
594839,4.18,14900.0
594840,4.57,410.0
594854,4.51,22000.0
594855,3.31,23300.0
594856,3.75,4200.0
594861,4.36,90.0
594862,2.65,5400.0
594864,6.12,20.8
595033,6.29,570.0
595034,6.3,235.0
595036,6.3,3350.0
595041,6.2,600.0
595042,6.08,690.0
595051,6.28,740.0
595412,6.03,5200.0
595628,2.28,14700.0
595647,2.45,450.0
595649,3.82,13700.0
595665,2.55,6400.0
595666,2.36,3200.0
595685,1.44,13400.0
595720,1.32,29300.0
595731,3.51,640.0
595733,3.53,40.0
595755,2.59,23200.0
595756,2.35,7800.0
596238,5.41,7300.0
596239,3.85,17000.0
596353,4.62,140.6
597659,5.48,7600.0
597975,4.62,10340.0
598523,3.95,13250.0
598547,4.65,8310.0
598548,4.07,11030.0
598549,4.16,12100.0
598550,4.21,8430.0
598551,4.39,6650.0
598552,4.3,11790.0
599208,4.79,8800.0
599777,4.13,33030.0
599778,3.35,16520.0
599780,4.12,4430.0
599970,6.51,1100.0
599971,6.69,17200.0
599972,6.43,1000.0
599973,6.67,31400.0
600039,4.48,4000.0
600521,3.44,2410.0
600818,3.74,8000.0
600819,4.1,50570.0
600820,3.42,11600.0
600821,3.83,7570.0
600892,3.75,54780.0
600893,4.12,13340.0
600895,3.74,18860.0
601912,3.39,6400.0
604111,5.25,23300.0
604147,3.69,230.0
607182,5.61,18.0
607197,5.35,43.0
607224,5.55,25.0
607682,5.4,35000.0
607693,5.61,85.0
608572,4.17,95000.0
608895,6.73,39.0
610787,4.17,9300.0
610919,4.06,12000.0
610920,4.37,64000.0
611002,4.55,22500.0
611004,4.84,22400.0
611027,6.68,22.1
611028,6.74,19.17
611029,6.77,6.97
611030,6.81,15.08
611031,6.67,7.95
611032,6.75,21.78
611033,6.7,4.21
611034,6.58,289.17
611035,6.73,17.51
611036,6.59,9.46
611037,6.6,365.29
611038,6.4,4.27
611039,6.37,68.39
611040,6.73,49.44
611096,4.57,61200.0
611116,6.74,65.61
611117,6.69,40.06
611118,6.79,27.88
611119,6.75,35.17
611120,6.81,20.15
611121,6.81,45.13
611122,6.4,119.31
611123,6.42,115.83
611220,4.61,63700.0
611280,4.83,27900.0
611281,4.97,25800.0
611344,5.18,72300.0
613604,6.18,1700.0
613605,6.51,900.0
613606,6.13,8400.0
613607,6.42,2100.0
614890,7.01,320.0
614891,7.07,265.0
615197,7.53,4360.0
615808,6.73,100.0
615809,6.66,4100.0
615810,6.61,21900.0
615811,6.5,800.0
616067,4.92,8000.0
616240,3.69,50200.0
616241,3.96,16600.0
616242,4.56,25400.0
616243,3.32,28000.0
616307,3.77,20500.0
616308,4.04,17200.0
616309,3.85,6900.0
616374,5.78,7600.0
616375,5.72,8000.0
616377,5.16,24700.0
616457,5.72,7100.0
616458,5.49,3400.0
616459,5.27,3000.0
616460,5.76,5600.0
616525,6.29,2600.0
616526,6.31,3300.0
616718,5.22,1.5
616719,5.85,1.25
616720,5.55,1.25
616784,5.57,1.5
616785,5.67,3.1
616786,5.71,1.9
616787,5.99,52.0
616788,5.97,1.6
616855,6.0,1.75
616856,6.07,1.65
616857,5.97,1.45
616932,5.04,5.55
616933,5.62,7.65
616934,5.3,13.5
616935,5.37,14.0
617022,5.47,11.0
617023,5.77,32.0
617105,3.67,40000.0
617106,3.67,60000.0
617109,4.37,60000.0
617192,4.59,40000.0
617193,4.3,60000.0
617195,3.9,10000.0
617319,6.71,200.0
617320,6.72,900.0
617323,6.62,400.0
617325,6.71,300.0
617326,6.58,300.0
617335,2.47,52000.0
617337,2.92,50000.0
617345,3.14,24200.0
617408,3.76,40000.0
617411,2.17,90000.0
617413,5.92,3600.0
617414,5.86,7300.0
617415,2.44,2300.0
617476,5.27,30000.0
617678,6.11,7800.0
619520,5.33,20800.0
619598,4.2,100000.0
619665,4.44,100000.0
619667,5.29,50300.0
619668,5.99,28400.0
619763,5.97,14600.0
619764,5.77,100000.0
619765,6.22,8000.0
619766,3.49,100000.0
619767,4.37,43100.0
620351,6.35,28500.0
620353,6.5,25440.0
620354,6.66,15580.0
620355,6.72,90470.0
620356,6.51,10290.0
620357,6.66,6800.0
620358,6.73,11490.0
620359,6.51,10840.0
620361,6.72,16620.0
620362,6.5,15960.0
620363,6.66,15040.0
620364,6.72,15330.0
620365,6.51,9910.0
620366,6.66,10610.0
620367,6.73,16730.0
620368,6.51,15890.0
620369,6.65,18280.0
620370,6.72,25060.0
620455,4.71,47.33
620479,5.85,7300.0
620480,3.42,75300.0
620561,5.94,4700.0
620565,5.82,4000.0
620566,6.53,3900.0
620567,6.54,900.0
620650,6.42,35800.0
620723,3.5,34800.0
620726,5.21,13200.0
621804,7.29,0.76
621808,7.29,0.21
621873,7.36,4.3
621875,7.28,4.8
621877,7.36,2.6
623310,3.52,10345.0
623622,2.59,22000.0
624629,4.92,19000.0
624775,5.89,15000.0
624819,6.54,7300.0
625187,4.63,8100.0
625188,4.44,13000.0
626569,3.9,12300.0
626660,4.19,59600.0
626662,4.85,37700.0
626663,4.54,50000.0
626664,4.69,30600.0
626743,4.95,33300.0
626744,3.9,43000.0
627517,6.13,20000.0
627518,6.12,18000.0
627519,5.88,6000.0
627520,5.78,11000.0
627604,5.75,13000.0
627605,6.24,11000.0
627696,3.73,36400.0
627697,4.9,36100.0
627698,4.08,40900.0
627700,3.83,9400.0
627792,3.85,36400.0
627793,3.64,13200.0
627794,4.0,20300.0
627795,4.02,23200.0
627824,5.3,10.9
628118,4.98,49.0
628424,6.51,7700.0
628425,6.44,9200.0
628588,5.52,780.0
628589,5.72,3800.0
629135,4.61,50.0
629138,4.76,64.5
629511,4.52,63500.0
629512,4.64,22800.0
629513,4.69,24800.0
629577,4.69,36000.0
630272,5.4,4.0
630273,5.46,116.0
630275,5.64,77.0
630276,5.47,0.2
630316,5.5,83.0
630505,6.85,74000.0
630511,6.97,75000.0
630512,6.96,32000.0
630513,6.97,27000.0
630514,6.95,22000.0
631073,5.52,85.0
631136,5.17,1808.0
631137,5.21,444.0
631138,5.28,84.0
631196,5.08,84.5
631199,5.35,3.0
631200,5.41,182.0
631397,4.31,10000.0
632683,5.53,2240.0
632847,7.39,1.6
632848,4.75,5.7
632923,4.54,8.4
632924,4.87,150.0
632925,6.65,5.1
632926,7.07,27.0
632927,7.49,2.4
632929,7.44,91.0
641189,6.23,797.0
643660,4.58,68200.0
643663,5.24,3540.0
643666,5.26,4630.0
643667,5.34,850.0
643668,5.27,7850.0
643673,5.46,140.0
643674,6.12,1720.0
643677,6.33,80.0
643680,6.46,1590.0
644502,4.33,1237.5
647681,6.49,1.4
647733,6.48,2.5
647734,6.49,4.2
647735,6.49,1.3
647782,6.77,4.6
647810,3.98,63400.0
647974,4.15,86700.0
648026,4.26,37250.0
648027,4.31,57900.0
648433,5.83,43050.0
648465,4.33,91650.0
648466,5.82,4600.0
648467,5.53,8200.0
648468,5.18,71600.0
648501,5.15,81700.0
648604,3.74,17000.0
648636,3.8,31700.0
648637,4.12,24700.0
648641,3.8,31000.0
648672,4.18,21200.0
648680,4.8,1.1
648681,4.87,4.3
648682,4.99,1.1
648683,5.6,2.0
648684,5.04,2.4
648685,5.01,6.7
648686,5.62,3.6
648687,5.65,8.2
648688,5.28,3.3
648689,6.13,1.7
648690,6.22,110.0
648691,6.41,2200.0
648692,5.08,2.3
648693,6.19,1.6
648694,5.16,5.9
648695,5.12,1.6
648696,5.23,15.6
648697,6.74,1.5
648698,5.94,2.8
648699,6.27,2.1
648746,4.99,1.85
648747,5.03,2.9
648748,5.08,6.2
648749,5.04,5.6
648750,6.27,3.5
648751,6.58,3.1
648752,5.36,10.6
648753,5.07,2.7
648754,5.18,2.2
648755,5.72,310.0
648756,5.93,29.5
648757,5.06,7.0
648758,5.46,48.0
648759,7.13,16.5
648760,6.72,3500.0
648761,5.16,2.2
648788,5.1,4400.0
648927,6.94,28500.0
648929,7.03,49500.0
649206,3.96,22200.0
649207,4.31,33200.0
649378,6.39,6700.0
649379,5.02,5640.0
649380,4.84,2150.0
649385,6.74,892.0
649386,4.57,5130.0
649764,6.75,6330.0
649766,6.46,33100.0
649774,6.58,17600.0
649810,6.96,10700.0
649812,6.76,26900.0
649813,6.72,28900.0
649932,7.38,2.0
650018,5.72,8400.0
650064,5.82,1200.0
650081,5.08,9200.0
650439,4.48,900.0
650440,5.41,47000.0
650441,3.63,12400.0
650442,4.82,800.0
650745,6.17,600.0
650939,4.75,7400.0
650940,3.58,1100.0
651093,1.18,4000.0
651422,4.66,42920.0
651423,6.82,1140.0
651427,3.94,800.0
651456,5.49,19.0
651459,6.51,9700.0
651460,5.37,38300.0
651491,6.44,2400.0
651492,6.44,2400.0
651496,4.21,70.0
651497,4.27,15000.0
651498,4.37,360.0
651528,5.94,1200.0
651536,2.57,77.0
651538,5.1,16510.0
651540,4.05,5410.0
651563,7.52,0.59
651572,5.34,620.0
651577,4.82,4970.0
651619,3.81,1210.0
655837,3.68,120.0
658771,5.4,15.0
660008,6.07,4860.0
660951,5.81,2600.0
668260,2.39,16000.0
671348,5.04,87.0
671385,5.06,440.0
671564,5.08,276.0
672824,6.28,653.0
673197,5.12,3475.0
683611,4.04,630.0
683697,4.51,280.0
683895,4.57,10000.0
683896,4.28,10000.0
683897,5.74,6000.0
683898,5.8,12000.0
683955,5.89,5000.0
683956,5.77,3000.0
683957,5.89,2500.0
683958,6.59,12500.0
683959,6.94,25000.0
684022,5.91,4000.0
684884,1.97,37000.0
684885,2.68,44000.0
684886,2.7,24000.0
684926,6.38,1000.0
684934,3.98,46000.0
684962,6.42,2000.0
685012,6.38,5000.0
685150,4.76,51000.0
685151,3.96,30000.0
685152,5.8,33000.0
685157,5.27,1000.0
685158,4.69,33000.0
685196,4.72,36000.0
685208,4.46,16000.0
685226,4.61,40000.0
685227,5.61,34000.0
685228,3.66,35000.0
685229,3.9,32000.0
685236,1.89,29000.0
685237,6.47,6000.0
685239,2.1,29000.0
685271,7.02,1000.0
685305,4.12,30000.0
685306,3.87,2000.0
685307,4.36,16000.0
685350,2.77,68000.0
685353,3.32,65000.0
685354,6.5,230.0
685355,6.83,312.0
685356,6.62,400.0
685359,6.53,535.0
685360,6.54,596.0
685361,6.33,174.0
685362,6.51,1303.0
685395,4.42,23000.0
685403,6.31,2994.0
685404,6.35,101.0
685406,6.39,352.0
685436,4.64,3000.0
685510,4.18,21000.0
685511,4.41,13300.0
685512,4.35,11800.0
685513,4.31,49800.0
685575,4.99,85000.0
685576,4.31,49800.0
685594,5.5,3000.0
685595,5.51,2000.0
685596,5.21,5000.0
685597,5.09,19000.0
685639,4.22,9900.0
685640,4.36,8400.0
685641,4.18,12800.0
685651,4.05,4000.0
685652,3.76,1000.0
685653,3.16,17000.0
685656,0.97,46000.0
685657,2.32,30000.0
685658,1.57,100000.0
685660,5.6,5000.0
685661,5.61,2000.0
685662,4.76,38000.0
685698,4.17,9100.0
685699,4.14,3600.0
685700,4.19,5600.0
685701,4.34,8900.0
685702,4.19,4400.0
685703,4.41,7200.0
685710,3.22,19000.0
685714,2.25,8000.0
685715,2.37,57000.0
685716,2.55,71000.0
685717,2.73,8000.0
685718,4.35,16000.0
685719,5.31,3000.0
685720,5.33,22000.0
685774,4.4,4100.0
685775,4.12,13400.0
685776,4.46,5000.0
685777,4.84,1900.0
685778,4.87,1900.0
685808,5.67,150.0
685809,5.76,319.0
685829,4.28,6700.0
685830,5.09,8900.0
685831,4.3,3700.0
685877,2.6,37820.0
685878,3.47,39630.0
685880,2.94,34640.0
685881,3.08,36370.0
685882,3.06,35210.0
685883,3.36,26050.0
685947,3.36,33200.0
685948,3.72,20210.0
685949,3.74,33940.0
685950,3.72,34680.0
685951,3.31,9680.0
685952,3.41,15540.0
686010,3.31,12440.0
686011,4.58,37210.0
686012,4.58,36060.0
686013,3.72,28090.0
686014,3.71,14340.0
686015,3.71,16110.0
686036,7.11,19000.0
686072,4.1,31840.0
686074,3.75,41720.0
686075,2.91,24310.0
686165,6.74,3000.0
686169,4.52,22.15
686170,4.65,21.0
686171,4.7,21.0
686226,4.8,21.0
686275,6.02,4005.0
686285,6.25,2430.0
686307,7.09,13800.0
686308,7.2,5700.0
686309,7.22,2500.0
686310,7.35,22800.0
686312,7.37,24300.0
686313,7.18,5900.0
686314,7.21,9900.0
686315,7.21,390.0
686316,7.35,10200.0
686317,7.33,13000.0
686318,7.37,12400.0
686366,7.35,17600.0
686369,7.04,13500.0
686372,7.03,5100.0
686408,2.14,38000.0
686409,2.07,23000.0
686466,5.0,11400.0
686523,4.55,18000.0
686524,4.74,16000.0
686526,4.74,21000.0
686549,5.8,438.0
686550,5.86,33.0
686551,5.92,263.0
686552,5.92,1490.0
686596,4.66,15000.0
686597,4.66,49000.0
686598,4.68,23000.0
686599,5.09,19000.0
686600,5.09,39000.0
686615,6.59,9735.0
686629,5.91,177.0
686630,5.89,2370.0
686631,5.94,2180.0
686632,5.87,98.0
686674,4.17,20000.0
686675,4.45,7700.0
686676,4.45,13000.0
686678,4.39,23000.0
686703,5.78,90.0
686704,5.81,24.0
686705,5.87,27.0
686706,6.0,104.0
686741,4.39,33000.0
686743,4.76,26000.0
686774,6.03,68.0
686775,6.03,82.0
686776,6.03,5.0
686777,6.08,1880.0
686844,6.26,193.0
686845,6.06,310.0
686846,6.06,721.0
686847,6.06,333.0
686921,6.01,59.0
686922,6.15,28.0
686923,6.33,1310.0
687139,5.69,25.0
687140,5.61,33.0
687141,5.81,622.0
687169,4.01,13400.0
687170,3.95,13200.0
687171,3.99,6700.0
687172,3.87,12300.0
687205,5.71,870.0
687206,5.79,1530.0
687207,5.76,21.0
687208,5.79,10.0
687244,3.9,15700.0
687245,3.88,16900.0
687246,4.33,11300.0
687247,4.33,11600.0
687286,5.82,33.0
687287,6.14,48.0
687288,6.14,30.0
687289,6.09,76.0
687297,7.85,2200.0
687323,4.36,40000.0
687324,4.43,50000.0
687326,4.74,50000.0
687363,6.15,22.0
687364,6.15,16.0
687365,6.15,1.0
687366,6.15,2.0
687395,4.1,50000.0
687396,4.15,31000.0
687397,4.15,35000.0
687432,6.14,17.0
687433,5.88,65.0
687434,5.7,403.0
687435,5.69,28.0
687467,4.67,50000.0
687468,4.63,50000.0
687494,5.65,15.0
687495,5.72,409.0
687496,5.69,262.0
687497,5.74,1500.0
687503,5.56,43.0
687504,5.77,18.0
687505,5.63,41.0
687506,5.9,802.0
687563,5.71,194.0
687564,5.77,1200.0
687565,5.78,566.0
687566,5.76,24.0
687572,5.8,806.0
687573,5.76,236.0
687574,5.63,253.0
687575,5.73,214.0
687601,4.42,46000.0
687632,5.79,272.0
687633,5.59,401.0
687634,5.69,1610.0
687635,5.78,1080.0
687641,5.59,108.0
687642,5.67,166.0
687643,5.8,346.0
690017,2.87,35800.0
690258,5.8,1070.0
690259,5.84,360.0
690260,5.87,190.0
690316,5.92,340.0
690393,6.0,180.0
690394,6.04,140.0
690395,5.7,360.0
690396,5.83,100.0
690514,5.83,120.0
690515,6.14,110.0
690581,5.31,1010.0
690582,5.64,910.0
690583,5.67,76.0
690584,5.42,1060.0
690620,0.54,78300.0
690621,2.81,30300.0
690622,0.74,72500.0
690623,2.15,34400.0
690624,1.15,54700.0
690625,1.38,10900.0
690659,5.73,1090.0
690660,5.87,230.0
690696,1.82,52900.0
691127,2.95,20300.0
691128,3.01,36200.0
691129,3.08,21800.0
691207,5.73,58.5
691266,5.44,25000.0
691267,4.94,9800.0
691269,4.43,13000.0
691270,3.66,12000.0
691277,4.05,14000.0
693055,5.4,126.0
693768,2.15,30000.0
694396,5.63,11.8
694407,5.34,0.5
694532,1.1,10000.0
695919,6.13,3494.0
696004,4.23,5400.0
698546,0.88,5000.0
699397,6.64,21000.0
699408,8.49,19750.0
699606,6.05,1533.0
701321,3.16,6600.0
702208,5.36,11800.0
703911,5.94,1.8
704229,6.28,21000.0
704317,6.05,20000.0
704596,2.93,26.0
704597,3.38,22.0
704598,3.74,17.0
704705,4.08,80.0
705276,3.87,12589.25
705506,3.52,340.0
705583,4.29,8424.0
705602,2.93,4100.0
705619,3.3,4000.0
705639,5.95,305.0
705640,5.96,128.0
705751,4.07,10000.0
705903,4.65,2.6
705913,5.39,3162.28
705917,3.99,12589.25
705919,5.24,7943.28
705943,4.78,3.6
705944,4.39,7.9
705973,5.43,20.0
705974,5.12,6.5
705997,4.95,15848.93
706001,4.4,20.0
706002,4.78,200.0
706003,4.79,210.0
706008,5.64,15848.93
706009,4.51,10000.0
706010,5.12,3162.28
706063,4.89,6309.57
706081,5.35,339.0
706107,5.62,48.0
706114,3.9,10000.0
706115,5.13,7943.28
706971,5.02,5200.0
707049,5.25,2300.0
707129,4.08,96.0
707206,4.1,10000.0
707211,5.17,267.0
707212,5.43,202.0
707328,5.6,334.0
707329,5.24,539.0
707443,5.45,186.0
707444,5.62,51.0
707551,4.89,2638.0
707552,5.15,1332.0
707667,5.41,550.0
708748,3.41,90000.0
708862,3.71,55000.0
708947,3.22,3000.0
710879,4.66,24500.0
710982,4.25,70000.0
711270,5.26,59300.0
711271,5.31,40000.0
711488,5.13,70000.0
711685,2.52,708.0
711724,6.4,149.0
711745,1.99,1239.0
711747,3.51,1877.0
711748,3.45,820.0
711782,3.64,437.0
711783,3.83,9910.0
711784,3.78,532.0
711827,3.8,856.0
712003,3.78,1290.0
712090,4.17,1100.0
712351,4.02,139.5
712378,4.38,134.9
712379,4.57,104.1
712442,5.53,233.7
712800,4.25,460.0
712801,3.76,7957.0
712802,4.34,6911.0
712839,6.3,1040.0
712840,6.34,620.0
712887,4.35,763.0
712888,4.34,1181.0
712889,4.34,476.0
712928,6.41,13.0
712929,6.39,230.0
713017,4.29,570.0
713018,6.52,370.0
713107,4.71,610.0
713108,4.93,270.0
713201,6.44,3400.0
713293,6.41,24.0
713294,6.46,7500.0
713409,5.01,27.1
713502,4.8,9.3
713639,4.85,7222.18
713691,5.73,310.0
713722,4.57,2399.0
713809,4.38,1701.0
713810,4.34,3490.0
713891,4.97,138.0
713892,4.81,119.0
713925,6.42,290.0
713975,4.81,1701.0
713976,4.67,1988.0
714011,6.18,9110.0
714064,4.81,223.0
714065,4.69,264.0
714066,3.61,2491.0
714154,3.87,10830.0
714155,3.76,6437.0
714156,4.19,2997.0
714194,5.21,4600.0
714195,4.68,1050.0
714239,5.02,30040.0
715240,6.49,400.0
715241,6.62,357.0
715242,6.4,153.0
715243,6.49,453.0
715244,6.52,65.0
715245,6.39,47.0
715246,6.81,35.0
715247,6.61,32.0
715373,3.75,97900.0
715405,3.03,50000.0
715406,3.53,78000.0
715448,6.31,156.0
715503,5.72,750.0
715564,6.14,50.0
715565,5.91,15.0
715626,6.54,17900.0
715741,6.32,9350.0
715798,6.07,217.0
715915,6.06,184.0
716024,6.31,42.0
716113,3.26,75000.0
716129,6.25,14.0
716219,3.8,8000.0
716236,6.19,51.0
716268,4.18,700.0
716292,3.71,7450.0
716294,4.09,11250.0
716334,3.86,64000.0
716335,3.96,50000.0
716354,6.33,13.0
716355,5.81,115.0
716440,5.56,8600.0
716441,5.58,8400.0
716456,5.75,101.0
716507,4.39,9100.0
716547,5.69,17500.0
716548,3.81,11500.0
716566,5.41,22.0
716567,5.72,21.0
716658,4.54,7800.0
716677,5.86,5.0
716885,5.08,47000.0
716902,6.2,14.0
716993,4.44,12200.0
716994,4.43,18000.0
717013,6.15,34.0
717133,6.19,52.0
725640,4.02,16000.0
728147,4.41,340.0
735934,5.12,9.0
741800,3.67,443.0
745194,4.85,5894.22
754236,4.44,22300.0
758411,3.07,6229.5
759602,5.17,4020.0
760460,4.55,4969.0
760843,3.2,1660.0
766880,3.65,1300.0
772718,3.68,250.0
776926,7.49,111.0
794127,2.76,5700.0
810449,2.66,11997.495
818203,3.01,7540.0
830665,5.55,310.0
831472,5.28,4220.0
844203,2.82,970.0
874617,4.01,310.0
876522,3.97,8430.0
883033,4.57,1451.0
900347,4.92,1672.0
903003,5.15,2080.0
909484,3.5,25370.0
911155,5.1,9060.0
919676,0.72,2.0
927964,5.73,2890.0
930537,4.54,31000.0
933686,3.84,430.0
933949,6.08,27000.0
944027,3.38,970.0
945642,4.39,5300.0
983643,2.53,8700.0
989834,4.41,16050.0
992106,1.56,77040.0
1011930,4.06,220.0
1016200,4.23,6520.0
1017601,4.15,18000.0
1018524,5.51,1154.0
1030112,4.49,250.0
1035094,5.71,28500.0
1037923,5.21,29000.0
1037924,4.2,6400.0
1039102,4.55,3930.0
1041977,4.39,1908.0
1043582,4.86,1300.0
1044761,3.65,708.8
1045979,4.07,2366.0
1046848,4.08,1301.0
1050048,5.38,31500.0
1050181,2.39,15848.93
1052098,4.57,1400.0
1055933,7.15,19650.0
1056175,7.03,190.0
1056176,7.03,910.0
1056879,6.66,5220.0
1056880,6.54,1920.0
1058361,2.89,620.0
1058362,3.11,2010.0
1058363,2.77,460.0
1058364,2.96,950.0
1058366,2.58,2720.0
1058367,2.74,320.0
1058368,2.91,1300.0
1058370,4.35,460.0
1058371,2.41,1020.0
1058373,3.78,160.0
1058374,2.83,120.0
1058375,2.82,2890.0
1058876,3.77,36600.0
1059990,1.98,3375.0
1060021,4.14,12000.0
1060024,4.11,18000.0
1061568,5.31,450.0
1061569,5.48,590.0
1061570,6.17,200.0
1061571,6.21,750.0
1061572,5.22,55.0
1061573,4.94,2430.0
1061574,6.92,1360.0
1061575,6.69,2640.0
1061576,6.49,1810.0
1061577,6.5,1940.0
1062597,5.12,7700.0
1062599,5.11,6800.0
1063227,4.78,21000.0
1063232,4.46,100000.0
1063233,4.45,100000.0
1063234,3.85,2500.0
1063235,4.1,6400.0
1063237,4.79,56000.0
1063613,5.21,8100.0
1065357,4.58,6000.0
1065699,2.43,11.0
1065703,4.14,8600.0
1065704,2.7,3000.0
1065706,4.11,200.0
1065717,4.26,4000.0
1066602,5.96,52800.0
1066973,4.69,5900.0
1067294,3.14,80740.0
1067303,5.22,78210.0
1067304,5.22,81910.0
1067305,4.77,71680.0
1067560,6.25,34.77
1067561,6.25,29.74
1067562,6.21,38.77
1067563,6.43,23.13
1067564,6.23,313.0
1067565,6.21,234.63
1067566,6.24,5.85
1067567,6.27,5.92
1067600,6.11,18.53
1067601,6.3,60.41
1067602,6.51,3.01
1067603,6.33,64.84
1067604,6.29,33.65
1067605,6.09,41.5
1067606,6.11,19.03
1067607,6.27,18.85
1067608,6.28,102.43
1067609,6.2,31.52
1067610,6.39,26.05
1067611,6.53,13.42
1067612,6.36,162.99
1067613,6.32,27.78
1067614,6.14,29.65
1067615,6.14,37.63
1067616,6.27,12.44
1067617,6.27,11.9
1067618,6.15,44.49
1067619,6.38,82.85
1067620,6.53,7.03
1067621,6.34,73.95
1067622,6.29,63.5
1067623,6.13,11.88
1067624,6.13,6.41
1067625,6.25,47.17
1067626,6.27,60.07
1067627,6.12,26.3
1067628,6.3,291.73
1067629,6.51,110.67
1067630,6.27,43.17
1067631,6.28,40.95
1067632,6.53,34.56
1067942,1.47,10000.0
1067943,1.7,10000.0
1067944,2.46,10000.0
1067945,2.52,10000.0
1067946,4.1,10000.0
1068120,2.98,23100.0
1068698,6.77,14700.0
1070593,2.67,14000.0
1070594,3.11,65000.0
1070597,2.57,15000.0
1070598,3.01,21000.0
1070601,3.05,53000.0
1070602,2.19,54000.0
1070603,2.67,57000.0
1071020,4.48,22.75
1071193,3.89,36.0
1071194,2.93,110.0
1071195,2.84,130.0
1071196,2.49,180.0
1071197,2.79,270.0
1071198,3.25,290.0
1071199,2.93,330.0
1071200,3.15,410.0
1071201,2.93,420.0
1071202,2.82,430.0
1071203,3.45,680.0
1071204,3.36,710.0
1071205,2.3,790.0
1071206,3.98,1500.0
1071207,4.14,4700.0
1071208,4.06,15000.0
1071210,4.0,440.0
1071211,3.85,490.0
1071212,4.07,490.0
1071213,3.88,520.0
1071214,3.29,890.0
1071215,3.73,920.0
1071217,3.68,1100.0
1071218,4.19,1200.0
1071220,4.21,1300.0
1071230,4.78,5400.0
1071266,5.42,7300.0
1071267,3.83,12000.0
1071268,3.89,6000.0
1071269,3.46,5700.0
1071270,5.51,800.0
1071271,5.49,3000.0
1071273,4.15,5400.0
1072795,7.31,12804.4
1072796,7.13,12837.4
1076275,3.91,2060.0
1076276,4.08,2080.0
1076277,4.2,1280.0
1076358,4.26,1530.0
1076359,4.31,900.0
1076360,4.37,770.0
1076361,4.45,620.0
1076362,4.47,360.0
1076363,4.42,320.0
1076364,4.55,5070.0
1076365,4.64,2830.0
1076366,4.7,2540.0
1076367,4.8,3200.0
1076368,4.83,1000.0
1076369,4.78,1540.0
1076370,4.75,1430.0
1076371,4.8,1320.0
1076381,5.69,1850.0
1076382,5.7,1350.0
1076383,5.92,850.0
1076384,5.94,600.0
1076385,6.03,410.0
1076394,4.95,1660.0
1076395,5.24,5870.0
1076398,4.44,10550.0
1076399,4.92,2440.0
1077275,2.51,17000.0
1078182,3.08,10790.0
1078189,3.31,10000.0
1078191,4.06,30730.0
1078192,4.49,18720.0
1078193,4.46,15940.0
1078194,4.5,15660.0
1078195,4.17,23500.0
1078196,3.62,26660.0
1078197,5.01,18550.0
1078199,5.27,13440.0
1078200,5.27,420.0
1078201,5.52,200.0
1078202,5.52,180.0
1078203,5.49,170.0
1078204,5.33,290.0
1078205,5.39,140.0
1079861,4.88,5240.0
1110195,5.01,49430.0
1114205,4.27,3900.0
1117833,4.91,3.6
1118096,6.16,6400.0
1119752,4.07,1099.0
1137662,4.75,17400.0
1137670,4.54,15300.0
1137781,4.62,12300.0
1137793,5.16,11500.0
1137794,5.55,7410.0
1137795,5.43,14000.0
1137796,5.75,6930.0
1137797,6.0,6920.0
1138286,5.64,15000.0
1138287,5.57,6230.0
1138290,5.86,3320.0
1138291,5.94,980.0
1138292,5.75,2560.0
1138293,5.79,840.0
1138294,6.08,600.0
1138295,5.91,560.0
1138296,6.04,280.0
1138297,6.04,950.0
1138298,6.03,180.0
1138299,5.52,6720.0
1138300,5.54,11470.0
1138301,5.71,9020.0
1138302,5.53,4510.0
1138310,5.46,6180.0
1138311,5.5,8470.0
1138312,5.81,1350.0
1138313,5.82,4210.0
1138314,5.67,2200.0
1138315,5.74,1570.0
1138319,5.68,3770.0
1138320,5.85,4260.0
1138321,5.9,8210.0
1138322,5.7,330.0
1138323,5.35,10230.0
1138324,5.62,7430.0
1138486,5.54,3540.0
1138487,5.56,3620.0
1139846,3.12,10957.39
1140504,5.21,3.3
1140627,5.88,8.0
1141498,3.02,31000.0
1142974,7.05,20.35
1142976,7.19,25.75
1142977,7.28,54.6
1142978,7.19,10.05
1142979,5.9,11.35
1142981,5.78,13.3
1142983,5.74,17.8
1143116,2.9,2800.0
1143117,2.86,29000.0
1143118,3.18,5700.0
1143119,3.2,30000.0
1143120,3.13,63000.0
1143145,4.26,38540.0
1143226,3.25,6800.0
1143227,3.12,91000.0
1143228,3.27,37000.0
1143229,3.33,30000.0
1143230,3.25,11700.0
1143231,3.21,11000.0
1143232,3.21,21000.0
1143233,3.1,56000.0
1143235,3.65,16000.0
1143236,3.5,29000.0
1143237,3.66,29000.0
1143238,3.65,48000.0
1143239,3.53,37000.0
1143240,3.8,42000.0
1143241,3.8,17000.0
1143242,3.7,33000.0
1144717,2.83,9800.0
1144718,3.5,1800.0
1144719,3.99,5500.0
1144720,4.34,15000.0
1144722,5.09,1700.0
1144955,5.06,32000.0
1144956,5.44,8400.0
1145557,6.28,9800.0
1145559,6.96,15000.0
1145662,6.44,9000.0
1145663,6.43,7000.0
1145664,6.44,8000.0
1145665,6.67,4000.0
1145666,6.16,12000.0
1145667,6.2,32000.0
1145669,6.34,16000.0
1145670,6.58,9000.0
1145671,6.63,19000.0
1145731,6.94,23000.0
1145735,6.44,60000.0
1145736,6.22,4000.0
1145737,6.58,25000.0
1145739,6.8,7000.0
1145740,6.54,9000.0
1145741,6.74,970.0
1145742,6.63,1260.0
1145743,6.63,1700.0
1145744,6.57,50000.0
1146065,6.43,1300.0
1146066,6.38,2100.0
1146067,5.82,8700.0
1147310,4.31,110.0
1148489,6.04,40000.0
1148490,6.52,2300.0
1148491,6.51,24000.0
1148492,5.99,3700.0
1148493,6.3,1240.0
1148494,5.99,4500.0
1148495,5.84,2180.0
1148496,6.03,5000.0
1148497,6.36,12000.0
1148498,5.79,9600.0
1148499,6.26,25000.0
1148500,6.44,2210.0
1148502,6.73,350.0
1148671,4.91,710.0
1148672,5.04,5300.0
1148673,5.13,7700.0
1148675,4.69,8800.0
1148676,5.1,14900.0
1148691,5.78,63.0
1148692,5.79,27.0
1148693,6.01,112.5
1148694,5.49,5.0
1148703,5.4,15.0
1148704,5.4,23.0
1148706,5.27,8.1
1148709,5.79,29.0
1148712,5.75,38.0
1148713,5.76,11.0
1148758,4.35,50440.0
1148760,4.09,31540.0
1148761,4.08,31310.0
1148762,3.97,31980.0
1149325,4.35,59730.0
1149326,4.35,50110.0
1149328,4.35,74840.0
1149329,4.23,44560.0
1150398,7.6,2.27
1150399,7.61,3.94
1150400,7.52,2.08
1150663,4.09,39170.0
1150664,4.63,47060.0
1159455,3.81,13220.0
1159460,4.9,1875.0
1159463,5.22,1515.0
1159464,5.25,1460.0
1159467,5.11,775.0
1159469,5.79,5000.0
1159472,5.1,3440.0
1159480,4.06,1330.0
1159481,4.13,2025.0
1159483,4.25,1955.0
1159484,4.79,7910.0
1159584,5.13,2510.0
1159586,5.2,1465.0
1159590,5.16,2220.0
1159592,5.13,1855.0
1159593,5.26,1745.0
1159595,5.24,2635.0
1159600,5.27,6715.0
1159603,4.29,9920.0
1159606,4.84,7090.0
1159608,4.97,4820.0
1159613,4.86,6860.0
1159621,5.23,4895.0
1161614,4.94,3160.0
1161615,5.42,270.0
1161616,5.42,530.0
1161617,5.49,210.0
1161618,5.73,300.0
1161619,5.73,190.0
1161620,5.37,1530.0
1161621,5.48,710.0
1161622,5.48,460.0
1161623,5.57,170.0
1161624,5.73,940.0
1161626,5.82,54.0
1161627,5.78,53.0
1161628,5.9,490.0
1161629,5.96,1220.0
1161630,5.24,170.0
1161703,5.64,232.0
1161839,5.49,9.5
1161846,5.92,115.5
1161898,5.37,3250.0
1161900,5.5,1337.0
1161903,4.87,5520.0
1161904,4.81,187.5
1161906,5.46,72.5
1163380,7.51,310.0
1163381,7.44,390.0
1163382,7.43,1870.0
1163625,5.21,1490.0
1163626,4.78,3430.0
1163627,5.38,280.0
1163628,5.38,840.0
1163629,5.46,310.0
1163631,5.73,420.0
1163632,5.33,1110.0
1163633,5.07,1900.0
1163634,5.47,250.0
1163635,5.47,550.0
1163636,5.54,60.0
1163637,5.63,920.0
1163638,5.63,630.0
1163639,5.13,2270.0
1163640,5.68,440.0
1163641,5.68,380.0
1163642,5.26,1520.0
1163952,5.58,1490.0
1163953,5.58,1000.0
1163954,5.1,4480.0
1163955,4.74,3090.0
1163956,5.67,130.0
1163957,5.66,290.0
1164186,5.22,4110.0
1164187,5.92,640.0
1164188,5.73,5050.0
1164189,5.65,5230.0
1164193,4.91,3730.0
1164196,5.23,880.0
1164197,5.76,510.0
1164698,5.68,3000.0
1164883,5.52,17400.0
1164885,5.59,18700.0
1164886,5.35,20000.0
1164887,5.14,41400.0
1164888,5.42,10800.0
1164889,5.29,52800.0
1164890,5.42,27000.0
1164891,5.5,36000.0
1164892,5.41,59400.0
1164893,5.35,7400.0
1164993,4.79,308.0
1165312,4.37,10350.0
1165313,4.44,5830.0
1165314,4.6,4470.0
1165315,4.17,2360.0
1165316,4.44,4700.0
1165317,4.15,38060.0
1165318,3.57,18590.0
1165319,3.9,59850.0
1165320,3.77,29280.0
1165437,5.55,11725.0
1167360,5.11,10540.0
1167361,5.12,1705.0
1167362,5.21,14160.0
1167364,5.34,5930.0
1167365,5.34,8160.0
1167373,5.26,2190.0
1167378,5.68,10940.0
1167894,5.06,7.8
1167902,3.72,2300.0
1167903,3.76,1685.0
1167907,4.83,1700.0
1167908,4.51,4500.0
1167915,3.57,8515.0
1167916,4.35,4.25
1167917,4.5,2.8
1167925,4.54,84.5
1167926,4.87,163.0
1168097,7.73,3100.0
1168098,7.72,3900.0
1168099,7.86,3500.0
1168100,7.79,3100.0
1168101,7.85,2500.0
1168104,5.29,56.0
1168105,5.12,6.25
1168107,5.37,1.9
1168111,5.33,0.9
1168112,5.41,1.25
1168113,5.44,2.85
1168116,5.68,5.65
1168118,5.74,6.1
1168119,5.86,8.0
1168120,5.86,5.4
1168121,5.94,11.8
1168298,7.77,27.0
1168299,7.75,11.0
1170218,6.51,3900.0
1170284,6.86,2900.0
1170285,6.85,3300.0
1170286,6.91,3200.0
1170287,6.59,1900.0
1170833,2.38,8600.0
1170898,3.35,11000.0
1172062,5.91,8200.0
1172071,5.06,2500.0
1172072,5.24,4500.0
1172073,4.55,6400.0
1172074,4.48,7800.0
1172075,5.27,14000.0
1172499,4.18,3100.0
1172500,4.84,3900.0
1172501,4.84,2300.0
1172502,4.52,3300.0
1172503,4.36,1100.0
1172504,4.37,2400.0
1172505,4.36,4400.0
1172506,4.31,2400.0
1172507,4.36,2300.0
1172508,4.31,5000.0
1172509,4.72,1800.0
1172510,4.79,2300.0
1172511,4.76,3300.0
1172512,4.84,3500.0
1172513,4.88,3000.0
1172514,4.84,4900.0
1172515,4.33,3200.0
1172516,4.37,2900.0
1172517,4.34,5500.0
1172518,4.55,2900.0
1172519,4.59,1900.0
1172520,4.5,6000.0
1172521,3.83,28000.0
1172522,4.31,68000.0
1173399,4.6,2800.0
1173401,4.81,2800.0
1173408,4.76,2800.0
1173507,5.44,133.0
1173717,5.25,3000.0
1174550,3.41,121.0
1175148,3.23,10850.0
1175503,5.16,10.0
1175504,6.17,1.4
1175505,6.28,0.4
1175506,5.48,2.3
1175507,6.29,3.0
1175508,5.92,2.1
1175509,6.35,0.5
1176660,3.96,40000.0
1176816,4.41,2400.0
1176818,3.5,1300.0
1176820,4.37,970.0
1176822,4.03,410.0
1177025,5.0,3860.0
1177696,5.1,131.0
1177697,5.1,42.0
1177699,5.34,1128.0
1177706,5.19,281.0
1178251,5.38,208.0
1178252,5.43,253.0
1178253,5.56,40.0
1178254,5.56,45.0
1178255,5.56,215.0
1178256,5.58,209.0
1178257,5.83,135.0
1178258,5.92,1933.0
1178259,6.0,205.0
1178718,6.14,33500.0
1178935,4.33,8360.0
1178937,4.4,33300.0
1178988,4.03,19600.0
1178989,4.0,6600.0
1178990,4.9,13500.0
1178992,5.2,15600.0
1178995,5.1,13900.0
1178996,5.27,10000.0
1179219,3.43,79000.0
1179222,3.18,39000.0
1179224,3.01,39000.0
1179225,3.31,87000.0
1179226,3.35,50000.0
1179227,3.26,50000.0
1179229,4.29,92500.0
1179232,3.51,28000.0
1179233,3.5,75000.0
1179234,3.59,51000.0
1179326,3.92,47000.0
1179329,2.76,79000.0
1179330,3.26,32000.0
1179331,3.36,40000.0
1179332,3.66,45000.0
1179333,3.57,4500.0
1179334,3.75,26000.0
1179335,3.74,8600.0
1179336,3.8,43000.0
1179337,3.69,44000.0
1179338,3.27,48000.0
1179339,3.83,84000.0
1179340,3.67,56000.0
1179341,3.9,98000.0
1179342,3.82,6900.0
1179343,4.07,1600.0
1179344,3.55,17000.0
1179345,3.6,23000.0
1179347,5.13,440.0
1179348,4.45,440.0
1179488,7.76,6700.0
1180693,7.63,2350.0
1180696,6.58,28600.0
1192294,6.28,310.0
1192297,3.45,1353.0
1192410,6.17,1537.5
1192414,6.06,691.0
1192421,5.18,339.0
1192622,4.57,80.0
1192681,6.25,408.0
1192828,6.22,436.0
1192958,5.07,846.0
1192959,3.63,425.0
1193523,3.85,14084.0
1204416,2.44,36000.0
1213413,4.27,32000.0
1216226,5.76,43.0
1216574,4.37,8540.0
1224008,5.88,671.2
1235780,5.71,18.0
1242923,5.69,23.0
1246171,5.35,3270.0
1249747,6.96,2480.0
1250319,5.54,23300.0
1264373,5.96,27100.0
1264377,6.04,12100.0
1264385,5.57,1970.0
1264529,5.28,6690.0
1264981,4.61,10345.0
1264995,4.46,51000.0
1265142,5.03,690.0
1265143,4.22,34110.0
1265145,4.27,36620.0
1265148,3.73,42540.0
1265151,3.26,42870.0
1265152,3.62,37450.0
1265871,6.5,17.9
1265872,6.83,14.6
1265873,6.43,24990.0
1265874,5.98,12.6
1267525,4.52,1700.0
1267527,4.42,3100.0
1267529,2.88,93000.0
1267530,3.64,2500.0
1267547,2.9,1900.0
1267556,3.33,650.0
1267558,3.54,400.0
1268063,5.37,1500.0
1268064,6.12,1950.0
1268065,5.88,520.0
1268066,6.0,23.0
1268067,6.01,300.0
1268068,5.92,510.0
1268069,6.0,270.0
1268070,6.04,110.0
1268071,6.23,250.0
1268072,6.33,620.0
1268073,6.3,550.0
1268074,5.8,460.0
1268075,6.18,260.0
1268076,6.25,60.0
1268077,5.82,240.0
1268078,6.3,120.0
1268079,6.31,50.0
1268439,2.6,12200.0
1268652,4.61,49.5
1269209,5.92,690.0
1269210,6.03,2010.0
1269211,6.08,300.0
1269332,6.96,1430.0
1269333,6.31,180.0
1269367,5.42,16120.0
1269368,5.22,3235.0
1269370,4.86,19710.0
1269377,6.07,290.0
1269378,6.08,180.0
1269379,5.97,1690.0
1269380,6.04,2580.0
1269381,6.07,2410.0
1269382,5.98,230.0
1269383,6.0,280.0
1269384,6.07,410.0
1269385,6.08,450.0
1269386,6.08,570.0
1269387,6.08,360.0
1269388,6.2,340.0
1269389,6.21,380.0
1269390,6.2,230.0
1269391,6.22,340.0
1269392,6.21,400.0
1269393,6.22,190.0
1269547,6.39,8000.0
1269549,6.53,12000.0
1269550,6.38,5200.0
1269618,4.2,34200.0
1269619,5.15,33500.0
1269620,5.34,21600.0
1269622,5.43,46600.0
1269623,5.89,15400.0
1269626,6.44,9000.0
1269628,6.17,3400.0
1269629,4.93,2300.0
1269630,5.63,3500.0
1269813,5.8,2600.0
1269815,6.2,950.0
1269816,6.34,1200.0
1269817,5.85,2500.0
1269819,6.36,4500.0
1269820,5.95,19000.0
1270162,5.33,1375.0
1270314,4.79,620.0
1272010,6.32,1900.0
1272012,6.28,4300.0
1272013,6.36,5900.0
1272014,7.12,1500.0
1272015,7.11,2100.0
1272016,7.13,1100.0
1272017,7.06,2800.0
1272018,7.12,2700.0
1274451,6.49,27660.0
1274454,5.21,29760.0
1274455,6.47,42570.0
1274456,4.69,64000.0
1274457,6.31,11620.0
1274458,6.54,500.0
1274459,6.02,29230.0
1274460,6.56,8230.0
1274461,6.52,64000.0
1274462,6.65,6870.0
1274529,6.43,620.0
1274530,5.93,3730.0
1274531,6.75,630.0
1274578,6.5,2150.0
1274579,6.83,26910.0
1274580,5.39,64000.0
1274581,5.13,64000.0
1275793,6.57,117.0
1275801,5.92,26.0
1275867,4.84,700.0
1275869,5.24,2100.0
1275870,4.8,3000.0
1275873,5.5,163.0
1275911,5.68,37.0
1275913,5.63,29.0
1275916,6.05,25.0
1275922,5.8,35.0
1275938,5.55,17.0
1275940,6.11,36.0
1276185,6.42,39800.0
1276186,6.16,8300.0
1276187,6.21,8200.0
1276188,5.92,6800.0
1276189,6.53,3900.0
1276476,2.91,1450.0
1276477,3.19,620.0
1276480,3.12,266.0
1276481,2.95,26.0
1276547,3.94,5000.175
1277948,7.45,98.5
1278074,3.62,3000.0
1278075,3.75,12000.0
1278076,3.68,6000.0
1278077,3.38,5300.0
1278078,3.81,5600.0
1278079,4.33,4900.0
1278080,4.85,6300.0
1278081,2.99,6700.0
1278082,3.49,7200.0
1278083,2.52,17000.0
1278084,3.9,4600.0
1278085,3.9,1300.0
1278086,4.86,8600.0
1278088,3.41,11000.0
1278127,5.06,2200.0
1278128,5.27,600.0
1278129,5.36,1900.0
1278130,4.65,36700.0
1278216,3.51,7990.0
1278271,4.85,7200.0
1278273,3.93,16000.0
1278274,4.9,3600.0
1278275,6.41,3100.0
1278276,6.38,2300.0
1278277,5.88,3800.0
1278279,5.99,7100.0
1278280,6.53,1500.0
1278281,6.31,1700.0
1278282,6.98,4400.0
1278318,4.92,4600.0
1278319,5.04,1800.0
1278320,5.3,1500.0
1278384,3.95,3301.85
1278472,2.64,11000.0
1278600,3.02,830.0
1278602,3.08,1550.0
1278603,4.04,460.0
1278605,3.47,1820.0
1278606,3.14,750.0
1278607,2.95,209.0
1278608,3.55,4120.0
1278609,3.19,3480.0
1278610,2.92,154.0
1278611,3.14,1330.0
1278612,2.97,61.0
1278632,5.85,10200.0
1278633,6.47,17200.0
1278634,6.2,35600.0
1278635,5.96,8900.0
1278636,5.8,17300.0
1279385,4.43,29500.0
1279387,4.88,18000.0
1279388,3.91,36300.0
1279390,5.02,25600.0
1279392,5.13,10000.0
1279397,5.46,16000.0
1279399,5.16,50000.0
1279400,4.88,66000.0
1279402,5.16,15000.0
1279403,4.88,34000.0
1279404,5.67,2126.6666666666665
1279407,5.15,11000.0
1279408,5.48,2800.0
1279436,2.74,2490.0
1279437,3.31,370.0
1279440,3.79,3220.0
1279441,4.04,1585.0
1279442,4.17,635.0
1279445,5.0,3905.0
1279450,4.67,5160.0
1279451,4.77,1925.0
1279452,5.35,445.0
1279456,5.81,1085.0
1279967,4.26,71000.0
1279968,5.87,20000.0
1279969,4.36,30000.0
1279970,4.62,16000.0
1279971,5.77,12000.0
1279972,5.27,32000.0
1279973,5.38,35000.0
1279974,4.26,56000.0
1279975,5.87,13000.0
1279977,4.61,13000.0
1279978,5.76,3500.0
1279979,5.26,5000.0
1279980,4.54,41000.0
1279983,5.41,2800.0
1279984,5.81,19000.0
1279985,5.27,9000.0
1279986,5.08,7000.0
1279987,5.34,2100.0
1279988,4.89,3300.0
1279989,5.05,1500.0
1279990,5.58,1100.0
1279991,5.34,1700.0
1279992,5.76,3600.0
1292012,3.81,2100.0
1293066,2.01,343.3333333333333
1324887,4.45,4798.665
1333029,5.01,6880.0
1333546,5.44,120.0
1333887,4.3,85.0
1333888,4.38,425.0
1333889,4.17,7300.0
1334017,5.13,120.5
1334026,4.75,4.0
1334027,4.92,12.5
1334030,4.91,12.0
1335036,5.25,3500.0
1335037,5.38,1021.0
1335038,5.79,345.6
1335039,5.5,288.5
1335040,3.98,194.2
1335041,5.41,172.7
1335042,5.54,143.4
1335043,5.2,140.6
1335044,5.94,134.0
1335188,5.32,519.9
1335189,5.99,292.0
1335190,5.92,214.6
1335191,6.24,134.2
1335192,5.47,113.9
1335193,5.43,94.4
1335194,5.76,1303.5
1335195,5.97,846.3
1335196,5.47,259.2
1335197,5.39,156.6
1335198,3.42,955.6
1335199,5.13,543.4
1335200,3.9,404.2
1335201,5.82,212.0
1335202,4.37,155.8
1335203,5.88,143.4
1335204,5.49,143.4
1335205,5.2,134.3
1335206,6.2,130.9
1335207,5.53,48.3
1335208,5.4,18.7
1335212,4.18,141.6
1335213,3.56,3500.0
1335689,5.18,897.0
1335690,5.44,190.0
1335691,5.44,327.0
1335692,5.54,285.0
1336897,4.67,638.0
1337207,6.29,460.0
1337215,6.3,350.0
1337234,6.56,2100.0
1337327,6.33,12000.0
1337328,6.52,12000.0
1337329,6.57,5300.0
1337330,6.65,700.0
1337575,6.91,530.0
1337576,6.63,10000.0
1337577,6.69,7000.0
1337578,6.74,4000.0
1337579,6.75,800.0
1337580,6.62,2000.0
1337581,6.8,220.0
1337582,6.6,250.0
1337583,6.61,900.0
1337584,6.77,6000.0
1337585,6.76,600.0
1337586,6.55,11000.0
1337587,6.88,7000.0
1337588,6.53,610.0
1337589,6.53,520.0
1337590,6.75,11000.0
1337697,4.83,1300.0
1337701,3.32,1900.0
1339490,6.57,5000.0
1339491,6.59,11000.0
1339493,6.8,950.0
1339494,6.66,1600.0
1339495,6.8,740.0
1339818,6.36,456.0
1339834,6.31,150.0
1340301,5.17,1225.0
1340302,6.15,5173.0
1340304,5.79,1335.0
1340307,5.39,1262.0
1340311,6.03,2181.0
1340313,4.57,1181.0
1340315,5.97,3188.0
1340318,5.6,680.3
1340324,6.21,1227.0
1341631,7.19,51.0
1341633,7.41,25.0
1341634,7.31,437.0
1341635,7.43,22.0
1341636,7.32,13.0
1341637,7.43,854.0
1341638,7.18,104.0
1341639,7.18,106.0
1341640,7.36,25.0
1341641,7.29,55.0
1341642,7.45,26.0
1341643,7.24,1478.0
1341644,7.24,391.0
1341787,7.12,2506.0
1341788,7.24,568.0
1341789,7.13,3890.0
1341790,7.42,62.0
1341791,7.3,164.0
1341792,6.93,1969.0
1341793,7.42,50.0
1341794,7.3,201.0
1341795,6.95,1886.0
1341796,7.42,165.0
1341797,7.31,264.0
1341798,7.26,261.0
1341799,7.26,367.0
1341800,7.26,89.0
1341801,7.27,162.0
1341802,7.44,79.0
1341803,7.44,95.0
1341804,7.26,233.0
1341805,7.26,70.0
1341806,7.27,85.0
1341807,7.28,92.0
1341808,7.44,79.0
1341809,7.44,62.0
1341810,7.32,1368.0
1341811,7.45,58.0
1341812,7.32,520.0
1341813,7.28,878.0
1341872,4.22,752.0
1342054,4.01,579.0
1342055,4.34,675.0
1342057,4.46,513.0
1342058,4.07,560.0
1342064,5.71,654.0
1342065,5.71,212.0
1342067,5.63,70.0
1342068,5.63,38.0
1342069,5.54,664.0
1342070,5.53,465.0
1342072,5.54,381.0
1342076,5.64,30.0
1342080,5.6,465.0
1342081,5.59,139.0
1342082,5.6,819.0
1342083,5.75,408.0
1342087,4.94,506.0
1342090,5.53,28.0
1342091,5.56,39.0
1342092,5.83,430.0
1342093,5.81,443.0
1342094,5.11,272.0
1342100,5.62,91.0
1342101,5.38,797.0
1342105,5.78,200.0
1342110,5.67,149.0
1342338,5.68,719.0
1342339,5.59,355.0
1342343,5.58,940.0
1342345,5.1,96.0
1342346,4.79,213.0
1342347,4.64,471.0
1342348,5.68,347.0
1342357,5.52,72.5
1342358,5.6,373.0
1342362,5.72,286.0
1342363,5.66,344.0
1342364,5.71,390.0
1342365,5.71,390.0
1342367,5.04,219.0
1342368,4.95,556.0
1342370,5.62,202.0
1342376,5.84,987.0
1342377,5.62,103.0
1342378,5.55,93.0
1342379,5.37,349.5
1342381,5.03,279.0
1342383,5.05,319.0
1342388,5.41,496.0
1342550,5.58,600.0
1342551,6.0,679.0
1345528,2.45,4950.0
1345531,2.36,2550.0
1345584,5.22,8850.0
1345585,5.12,8070.0
1345586,3.72,3800.0
1345587,6.18,5000.0
1345588,5.67,5560.0
1345589,4.9,2080.0
1345590,5.48,2080.0
1347515,5.11,2210.0
1347516,5.56,4370.0
1347517,4.57,4100.0
1347520,4.51,3960.0
1347526,5.49,3000.0
1347537,4.63,3890.0
1347538,6.37,3930.0
1348187,3.98,1900.0
1348188,4.22,2800.0
1348189,4.27,2200.0
1348190,4.26,900.0
1348191,4.18,2300.0
1348192,4.24,1900.0
1348193,4.24,1200.0
1348194,4.65,2500.0
1348371,4.7,2200.0
1348372,4.63,1000.0
1348373,4.29,7000.0
1348374,4.36,1900.0
1348375,4.25,1600.0
1348376,4.51,3900.0
1348377,4.51,2000.0
1348378,4.51,2500.0
1348379,4.46,1500.0
1348380,3.62,4400.0
1348402,5.01,1166.5
1348403,5.11,270.0
1348404,5.04,120.0
1348405,4.77,28.5
1348408,5.1,170.0
1348411,5.38,185.0
1348413,5.49,618.5
1348414,5.32,20.0
1348416,5.26,2183.0
1348417,5.46,812.0
1348418,5.21,19.5
1348419,4.92,155.0
1348420,5.34,80.0
1348421,5.52,34.5
1348422,5.53,605.0
1348423,5.49,495.0
1348425,5.59,225.0
1348426,5.45,2430.0
1348427,5.57,2115.0
1348428,4.72,1125.0
1348429,5.26,75.0
1348430,5.17,30.0
1348606,6.31,4890.0
1348607,6.26,8000.0
1348608,6.33,1960.0
1348609,6.4,830.0
1348610,6.48,10800.0
1348611,6.48,3280.0
1348612,6.48,5430.0
1348613,6.48,4670.0
1348614,6.48,2890.0
1348615,6.57,2550.0
1348616,6.65,1660.0
1348617,6.68,2100.0
1348618,6.67,1230.0
1348989,2.16,8500.0
1349006,2.41,19000.0
1350019,5.17,6400.0
1350020,5.22,330.0
1350596,4.24,7100.0
1350603,6.55,2950.0
1350605,5.26,6635.0
1351941,4.74,75540.0
1352669,5.16,380.0
1352670,5.22,380.0
1352671,5.33,320.0
1352672,5.39,250.0
1352673,5.03,490.0
1352674,5.09,2200.0
1353564,3.65,19300.0
1353772,4.77,11.8
1353777,5.08,10.4
1353781,4.8,74.8
1353791,5.54,11.0
1354439,6.68,180.0
1354598,5.5,16.0
1355143,2.21,5180.0
1355231,2.42,6220.0
1355232,3.64,3710.0
1356278,6.11,104.775
1356409,6.52,89.995
1356415,6.36,295.42
1356565,5.05,11000.0
1357372,4.92,4800.0
1357374,5.44,2700.0
1357567,2.68,6300.0
1357568,2.67,8800.0
1358155,4.54,6.0
1358158,5.95,6.65
1358159,4.6,5.4
1358160,4.67,1.3
1358161,5.94,14.4
1358162,4.37,65.0
1358165,4.73,24.0
1358166,5.07,61.7
1358167,6.98,520.0
1358169,7.35,865.0
1361412,6.99,355.0
1361425,6.45,11610.0
1361451,4.19,36030.0
1361452,4.27,27820.0
1364102,4.58,380.0
1364103,5.31,20.0
1364104,5.35,7.0
1364106,4.99,3650.0
1364902,5.4,13200.0
1364904,5.74,75500.0
1364905,5.56,75800.0
1364907,6.06,51700.0
1364908,6.42,43300.0
1364909,5.74,56600.0
1364910,5.64,8400.0
1364911,5.88,1600.0
1364912,5.12,73500.0
1364913,5.35,95500.0
1364914,5.39,92900.0
1364915,5.11,13400.0
1364917,5.54,9900.0
1364918,6.36,6500.0
1364919,6.13,62600.0
1364920,6.14,72600.0
1364921,4.13,73400.0
1364923,6.04,52300.0
1364924,6.21,7100.0
1364925,7.2,2900.0
1364926,6.22,52500.0
1364927,5.3,85700.0
1364928,4.67,76600.0
1364929,5.75,72100.0
1364930,5.47,84200.0
1364932,6.97,5100.0
1364933,6.7,800.0
1364934,7.04,3000.0
1364935,5.98,7000.0
1366220,7.81,0.32
1366222,7.77,0.3
1366353,4.79,1310.0
1366354,4.88,2393.0
1366355,5.11,13820.0
1366360,5.68,4525.0
1366361,5.75,2318.0
1366929,5.56,20.0
1366932,5.66,20.0
1366940,4.23,420.0
1366941,4.23,280.0
1366942,4.27,1580.0
1366943,4.36,3740.0
1366947,3.99,9900.0
1366948,4.51,490.0
1366949,4.63,10850.0
1366950,4.49,1480.0
1366951,4.75,5170.0
1366952,4.08,1160.0
1366953,4.1,150.0
1366954,4.48,460.0
1366955,5.15,2670.0
1368460,3.86,14200.0
1368734,5.07,7800.0
1368988,4.54,2390.0
1369139,4.82,7850.0
1369447,5.0,2020.0
1369590,5.2,5020.0
1370664,4.92,5900.0
1370742,4.42,7600.0
1383634,5.84,27.7
1383635,6.24,395.7
1383692,6.29,390.9
1383695,5.84,19.0
1386332,2.99,11960.0
1386335,5.35,176.0
1386340,5.94,31000.0
1386349,5.92,3120.0
1386357,5.81,3200.0
1386359,4.4,333.0
1386369,3.44,438.0
1386372,1.91,9400.0
1386376,5.94,17600.0
1386384,4.0,9400.0
1386389,4.87,14700.0
1386390,4.92,24700.0
1386392,3.99,11300.0
1386396,4.87,4800.0
1386407,5.3,7800.0
1421184,6.26,50640.0
1421190,6.11,9070.0
1424178,4.89,75000.0
1424663,5.02,120.0
1424666,5.48,70.0
1424667,5.53,200.0
1424668,5.21,1900.0
1424770,5.3,1500.0
1427686,3.91,1250.0
1427689,3.61,185.0
1429455,5.76,20.0
1429457,5.55,90.0
1429458,5.62,400.0
1429459,5.98,490.0
1429464,5.25,4840.0
1429465,5.83,2260.0
1429466,5.89,30.0
1429468,5.85,1070.0
1429470,5.47,10.0
1429471,5.51,150.0
1431728,4.24,370.0
1431898,6.37,480.0
1432126,5.4,30.0
1432128,5.49,10.0
1438137,3.52,3210.0
1439972,3.77,3100.0
1441812,4.31,24700.0
1441813,4.3,37900.0
1441814,4.3,36500.0
1441815,4.43,41600.0
1441817,4.29,30400.0
1442121,5.66,10.5
1442123,5.4,2183.0
1442124,4.68,101.0
1442162,3.76,290.0
1442164,4.25,140.0
1442165,3.02,76.0
1442166,3.32,9.0
1442167,4.37,35.0
1442168,3.27,340.0
1442169,2.41,970.0
1442170,3.1,9.2
1442302,5.04,3018.0
1442303,4.94,435.5
1442304,4.69,275.5
1442305,4.81,119.0
1442307,4.85,161.0
1442308,4.84,282.5
1442309,5.31,217.0
1442310,5.7,315.0
1442311,5.57,347.0
1442312,5.46,54.5
1442313,5.38,74.0
1442315,5.55,19.5
1442318,5.23,43.0
1442319,5.2,68.0
1442320,5.09,1039.0
1442321,5.55,110.0
1442322,5.71,33.0
1442323,5.75,173.0
1442324,5.2,801.5
1442325,5.12,107.0
1442326,5.61,961.0
1442327,4.89,9091.5
1442328,4.73,10309.5
1442329,4.32,1422.0
1442331,5.09,2034.0
1443098,3.88,392.0
1443099,3.49,339.0
1443457,6.85,18660.0
1443459,6.8,270.0
1447240,6.84,310.0
1447341,5.93,6700.0
1447342,4.85,4300.0
1447343,5.02,16500.0
1447344,5.04,10300.0
1447345,5.56,3800.0
1447346,5.77,2400.0
1447347,5.8,4200.0
1447348,5.78,15800.0
1447349,5.49,7400.0
1447350,4.6,6900.0
1447351,5.56,6300.0
1447528,6.91,360.0
1447530,6.82,720.0
1447532,6.82,1390.0
1447533,6.87,370.0
1447534,6.87,860.0
1447535,6.91,590.0
1447536,6.96,12230.0
1447538,6.87,2310.0
1447539,6.93,3050.0
1447540,6.86,2770.0
1447541,6.89,1010.0
1447542,6.89,4320.0
1447543,6.8,1150.0
1447544,6.84,170.0
1447545,6.93,5020.0
1447546,6.96,410.0
1447547,6.94,1340.0
1447548,6.96,990.0
1447549,6.98,610.0
1447550,6.77,280.0
1447551,6.85,1260.0
1447552,6.86,1110.0
1447553,6.91,970.0
1447554,6.93,2590.0
1447555,6.97,10060.0
1447556,6.86,27210.0
1447558,7.05,3340.0
1447559,7.06,3370.0
1447560,7.11,2400.0
1447561,6.93,2470.0
1447563,6.79,220.0
1447564,6.81,290.0
1447565,6.86,150.0
1447566,6.92,360.0
1447567,6.82,550.0
1447568,6.84,32900.0
1447877,6.78,6400.0
1463273,5.43,3680.0
1463756,7.03,13.0
1469678,3.91,5000.0
1469687,4.09,5000.0
1471723,4.43,5998.955
1471724,4.01,7695.65
1473219,4.14,359.875
1473220,4.53,510.25
1473221,4.04,709.79
1473222,3.7,749.945
1473223,3.45,769.565
1473224,4.14,799.915
1473225,4.48,1000.0
1473226,4.24,1000.0
1473227,3.73,920.225
1473228,3.79,1140.125
1473229,3.7,1380.19
1473230,3.57,2089.65
1473231,3.96,5000.175
1473232,4.01,4297.68
1473233,3.97,9503.025
1473234,4.37,5797.145
1473235,2.78,10000.0
1473236,2.79,11997.495
1473237,3.21,1699.12
1473238,3.21,2698.87
1473239,3.21,1399.795
1473240,3.62,2300.72
1473241,3.68,3899.71
1473242,3.62,3199.45
1473243,4.14,230.07
1473244,3.7,10000.0
1473446,3.94,4601.285
1473447,3.96,2799.49
1473448,3.95,3098.71
1476902,0.87,15600.0
1476903,1.31,19700.0
1477211,3.61,4700.0
1479229,3.48,16770.0
1479232,4.32,6400.0
1479233,5.01,7400.0
1479234,5.18,3700.0
1479947,4.92,14500.0
1479948,4.53,69400.0
1479949,4.93,27900.0
1479950,5.15,13300.0
1479951,4.9,14600.0
1479952,4.14,25000.0
1481077,5.53,65.0
1510843,3.98,260.0
1511045,4.51,52000.0
1511046,4.48,74000.0
1511207,3.71,120.0
1511209,3.34,220.0
1511210,3.35,1120.0
1513205,4.98,50000.0
1513206,4.11,49020.0
1513208,2.34,1820.0
1513209,2.45,4000.0
1513210,3.68,13020.0
1513212,4.46,7760.0
1513294,3.4,35000.0
1513295,4.35,8000.0
1513296,5.16,170.0
1513297,5.15,140.0
1513298,5.48,4800.0
1513299,5.49,19.0
1513301,5.1,610.0
1513303,4.95,3600.0
1513304,5.22,7900.0
1513308,5.5,890.0
1513309,5.19,8.6
1513457,2.91,49190.0
1513458,3.4,17180.0
1513459,4.32,9020.0
1513461,3.97,8080.0
1513463,4.49,12970.0
1513464,4.77,13890.0
1513465,4.49,8650.0
1513466,3.01,6020.0
1513467,3.0,10240.0
1513468,4.76,9990.0
1513469,4.53,5640.0
1513471,5.53,9150.0
1513472,4.4,7290.0
1513473,4.39,7010.0
1513474,4.57,23080.0
1514451,6.47,4240.0
1514452,6.36,545.0
1514455,6.31,660.0
1514459,6.24,1330.0
1514462,6.02,515.0
1515594,5.05,47.215
1515595,5.14,44.035
1515598,5.42,51.515
1515600,5.2,31.5
1515601,5.27,50.3
1515602,5.28,25.1
1515603,5.15,121.9
1515604,4.87,114.9
1515706,6.19,1250.0
1515707,6.56,3600.0
1515708,6.09,1100.0
1515709,6.52,4400.0
1515724,5.26,18200.0
1515725,4.99,18400.0
1515726,5.81,19900.0
1515728,4.17,22300.0
1515729,5.21,25000.0
1515730,5.36,26100.0
1515731,5.55,27000.0
1515732,3.9,27100.0
1515733,4.97,27800.0
1515734,5.16,31600.0
1515735,2.91,31800.0
1515736,4.99,34200.0
1515737,4.26,49900.0
1515738,5.84,56900.0
1515739,5.67,3100.0
1515740,4.05,5400.0
1515741,5.57,6600.0
1515742,4.0,6800.0
1515743,4.15,7000.0
1515744,5.67,7500.0
1515745,5.62,7500.0
1515746,5.13,8700.0
1515747,4.17,9300.0
1515748,4.05,9700.0
1515749,5.58,10700.0
1515750,4.88,11200.0
1515751,5.22,13600.0
1515752,4.24,13800.0
1515753,5.45,13900.0
1515754,5.71,14300.0
1515755,5.57,14300.0
1515756,4.54,14400.0
1515757,4.6,14500.0
1515758,5.46,16800.0
1515759,5.04,17600.0
1515895,5.35,12400.0
1515899,5.14,52.305
1516360,6.01,14.2
1516361,5.58,258.1
1516363,5.29,104.1
1516365,5.69,25.8
1516652,4.74,98.1
1516653,5.03,11.4
1516655,4.7,49.6
1516656,5.13,10.7
1517137,6.49,8.0
1517139,6.17,2.3
1518354,4.3,74000.0
1518358,3.67,39400.0
1518605,5.21,892.0
1518606,5.31,225.0
1518607,5.29,126.0
1518608,5.48,138.0
1518609,5.4,345.0
1518610,5.4,145.0
1518611,5.7,142.0
1519932,7.72,3900.0
1519938,5.91,45000.0
1521252,6.87,100.0
1521253,6.91,485.0
1521254,6.95,164.0
1521255,6.95,2042.0
1521312,6.98,985.0
1521313,3.53,78.0
1521314,3.67,391.0
1521315,5.69,10520.0
1521317,4.55,62620.0
1521318,6.05,15790.0
1521319,6.16,7950.0
1521320,6.29,8700.0
1522635,5.88,855.1
1522647,5.94,282.05
1523650,5.55,146.0
1523651,6.02,162.0
1523652,5.6,300.0
1523653,5.32,349.0
1523654,5.35,349.0
1523655,5.51,444.0
1523671,5.55,37.0
1523672,5.63,44.0
1523673,5.32,102.0
1523690,6.03,0.6
1523691,6.03,100.0
1524017,6.68,19.333333333333332
1524020,6.38,295.0
1524021,5.9,8.6
1524025,5.85,25.0
1524029,5.94,48.0
1524030,5.9,11.0
1524036,5.54,78.0
1524047,5.73,186.0
1524051,5.78,21.0
1524074,5.13,17700.0
1524075,5.11,5350.0
1524076,6.05,14000.0
1524077,4.91,10800.0
1525388,5.17,89.47
1525389,5.18,87.55
1526801,5.14,750.0
1526973,5.2,85000.0
1527026,5.77,2.5
1527030,6.1,9.333333333333334
1527034,5.89,6.95
1527054,5.84,3070.0
1527055,5.97,2300.0
1527056,6.0,1370.0
1527057,6.13,1730.0
1527058,5.9,1630.0
1527059,5.9,3850.0
1527060,5.99,1350.0
1527061,6.07,1210.0
1527062,6.19,1660.0
1527063,5.94,1300.0
1527348,6.28,11400.0
1527349,5.96,6000.0
1527350,6.03,5000.0
1527802,6.07,9290.0
1527805,6.22,23640.0
1527806,6.49,15690.0
1527807,5.95,15300.0
1527808,6.4,16350.0
1527809,6.15,16700.0
1527810,6.0,5000.0
1527811,5.6,56280.0
1528046,4.2,97000.0
1528047,4.41,25000.0
1528048,4.53,14000.0
1528049,4.49,9600.0
1528050,4.57,5900.0
1528051,4.63,3600.0
1528052,4.76,4100.0
1528053,4.86,5600.0
1528054,4.92,44000.0
1528061,4.05,51000.0
1528062,4.22,22000.0
1528063,4.4,8600.0
1528064,4.55,7200.0
1528065,4.64,4100.0
1528066,4.71,3300.0
1528067,4.8,1300.0
1528068,4.9,2500.0
1528069,5.01,2700.0
1528070,5.06,8800.0
1529059,4.91,7300.0
1529060,5.11,1700.0
1531264,6.46,2650.0
1542269,5.27,30.0
1542306,5.17,1.4
1542314,5.01,4.6
1542322,5.08,5.2
1542382,6.18,2.79
1542384,6.24,3.45
1542494,7.57,36.0
1542495,7.59,1.9
1542496,7.62,1.9
1542497,7.62,3.2
1542498,7.53,30.0
1542499,7.68,1.3
1542625,6.36,3.995
1542673,4.02,506.04
1542674,4.35,579.69
1542695,6.69,2.88
1542698,6.09,3.025
1542703,6.18,4.58
1542735,3.16,150.0
1542736,3.16,120.0
1542848,6.03,2.2
1542849,7.51,4.6
1542856,7.45,2.4
1542859,7.5,42.2
1542860,6.7,3.1
1542939,7.51,3.0
1542940,7.55,0.77
1542941,7.6,3.7
1542942,7.32,2.9
1542943,7.51,1.6
1542944,7.68,360.0
1542973,5.89,2000.0
1543206,7.43,33.0
1543259,6.94,22.5
1543265,7.16,4.3
1543287,6.9,13.3
1543288,6.82,12.6
1543289,5.12,7.51
1543294,5.19,4.83
1543296,6.83,8.16
1543304,5.27,4.22
1543305,6.65,4.22
1543310,7.11,138.1
1543311,6.84,6.19
1543313,6.78,5.96
1543314,6.76,3.15
1543317,6.84,4.29
1543321,6.73,8.2
1548414,5.59,10400.0
1548415,5.63,6900.0
1548655,5.5,8400.0
1548656,5.19,8200.0
1548657,5.08,8800.0
1548658,5.46,9600.0
1548660,5.4,34700.0
1548662,5.17,33100.0
1548669,5.81,5400.0
1548708,5.18,5000.0
1548709,5.18,1300.0
1557443,4.04,510.0
1558394,5.23,12100.0
1559140,5.34,60400.0
1559141,5.23,18800.0
1559142,5.46,58800.0
1559143,6.08,49800.0
1559144,6.28,42200.0
1559145,5.6,57100.0
1559146,6.54,7400.0
1559147,5.68,55400.0
1559148,4.95,79800.0
1559149,4.63,94100.0
1559150,5.12,84000.0
1559151,5.69,61800.0
1559152,6.07,49400.0
1559153,5.13,9900.0
1559154,5.01,84500.0
1559155,5.62,87600.0
1559157,5.09,70400.0
1559158,5.47,78800.0
1559159,5.69,58700.0
1559160,5.87,58300.0
1559161,5.95,68700.0
1559162,4.32,67500.0
1559163,4.41,86100.0
1559166,4.3,67600.0
1559167,4.62,76200.0
1559168,7.34,1300.0
1559169,7.48,3900.0
1559170,7.35,1300.0
1559171,7.26,4000.0
1561102,4.93,32565.0
1561226,5.7,3110.0
1561227,5.91,1670.0
1561228,4.77,540.0
1561229,5.2,590.0
1561230,4.91,1690.0
1561277,1.72,19300.0
1561339,5.04,890.0
1561340,5.29,1090.0
1561341,5.66,960.0
1561342,5.53,1260.0
1561343,5.51,1080.0
1561344,5.69,1180.0
1561345,5.92,1560.0
1561346,5.36,5880.0
1561347,5.39,5320.0
1562894,4.55,60200.0
1562895,3.82,23100.0
1562896,3.58,79800.0
1562955,5.47,2550.0
1562956,5.6,3060.0
1562957,5.47,6090.0
1562958,5.47,3300.0
1562961,5.63,1160.0
1564656,5.51,2.27
1564659,4.98,1690.0
1564660,5.02,2550.0
1564661,5.15,2160.0
1564813,6.19,8.05
1564814,5.35,750.0
1564815,5.2,1770.0
1564820,5.13,55.8
1564821,5.09,42.5
1564822,5.15,33.3
1564823,5.02,278.0
1565517,4.28,19000.0
1565518,5.81,38.0
1565521,3.24,25000.0
1565522,3.34,29000.0
1565523,3.89,23000.0
1565524,3.59,25000.0
1565526,4.27,25000.0
1565527,3.2,64000.0
1565528,2.79,62000.0
1565529,2.86,95000.0
1565530,2.97,58000.0
1565534,3.44,24000.0
1565538,3.43,62000.0
1565540,3.5,51000.0
1565542,3.73,77000.0
1566928,2.74,37.0
1566929,3.46,8.6
1566930,3.08,20.0
1566931,3.49,747.0
1568158,3.29,10120.0
1569030,6.25,486.0
1569677,6.03,2400.0
1569678,5.72,2900.0
1569679,6.56,1100.0
1569680,6.35,1800.0
1570992,6.16,4460.0
1570994,6.37,4840.0
1571006,6.91,2000.0
1571007,6.49,4360.0
1571008,6.55,3630.0
1571009,6.55,5060.0
1571584,5.12,40.0
1571591,5.61,3900.0
1571593,6.0,390.0
1571594,6.0,190.0
1572243,5.08,220.0
1572244,4.97,210.0
1572747,5.0,6900.0
1572768,5.12,4900.0
1572769,5.15,7700.0
1572835,4.69,220.0
1572843,4.09,40.0
1572844,6.02,390.0
1572845,6.19,235.0
1572846,6.01,130.0
1573211,2.91,8900.0
1573212,3.11,12000.0
1573214,3.11,1950.0
1573215,3.14,7700.0
1573216,3.87,2100.0
1573218,4.03,9750.0
1573219,4.06,21500.0
1573226,4.35,53000.0
1573227,4.65,67500.0
1573229,4.29,89000.0
1573232,2.85,550.0
1573234,2.68,1100.0
1573365,6.05,2200.0
1573396,3.06,230.0
1573406,2.7,13000.0
1573407,2.72,11000.0
1573410,3.04,11000.0
1573411,2.8,11000.0
1573412,2.5,13000.0
1573413,2.63,5300.0
1573416,2.89,46000.0
1573417,2.62,18000.0
1573418,2.72,12000.0
1573419,2.97,6400.0
1573421,2.95,10500.0
1573422,2.99,38000.0
1573423,3.68,3400.0
1573475,4.28,15740.0
1573476,4.21,13040.0
1573477,4.26,9660.0
1573481,3.89,14450.0
1573947,4.18,3900.0
1573948,6.19,2900.0
1573949,4.1,19.3
1575118,5.71,3465.0
1575164,5.2,11200.0
1575165,5.55,7900.0
1575182,4.7,6000.0
1575487,6.36,147.5
1575496,6.31,73.37
1575502,6.05,59.64
1576131,5.98,370.0
1576132,6.25,280.0
1576133,6.24,350.0
1576134,6.02,670.0
1576135,6.17,550.0
1576136,6.22,230.0
1576137,6.0,1160.0
1576138,6.21,590.0
1576139,6.1,670.0
1576141,5.96,60.0
1576142,6.0,60.0
1576143,6.04,50.0
1576764,4.79,66.4
1576776,4.01,195.0
1576777,4.0,121.0
1576778,4.48,4.0
1576781,4.75,6.0
1576784,4.57,14.0
1576785,4.95,25.0
1576786,4.79,19.0
1576790,4.09,35.0
1576792,4.41,51.0
1576795,4.51,52.0
1576798,4.75,13.0
1576801,4.24,31.0
1576802,4.61,185.0
1576805,5.01,120.0
1576808,4.54,951.0
1576809,4.57,296.0
1576813,3.46,2370.0
1576815,3.56,2560.0
1576818,3.98,78.0
1576822,4.32,6.0
1577169,5.93,154.5
1577170,6.22,1461.0
1577171,5.8,480.5
1577172,6.06,1926.0
1577173,6.0,2759.0
1578413,5.65,69300.0
1578918,6.3,200.0
1578920,7.22,20.0
1581669,4.2,10700.0
1581670,4.35,15600.0
1581671,4.54,5600.0
1581672,4.18,9300.0
1581673,4.29,9500.0
1581674,4.48,5700.0
1581675,4.18,15000.0
1581681,5.28,8000.0
1582953,5.5,144.0
1582954,5.55,50.3
1582955,5.48,99.7
1582956,5.76,631.0
1582957,5.3,498.0
1582960,5.18,259.0
1582961,5.32,74.0
1582962,4.95,273.0
1582963,5.05,331.0
1582964,5.14,369.0
1582965,5.63,160.0
1582966,5.54,525.0
1582967,5.64,226.0
1582969,5.4,216.0
1582970,5.84,55.4
1583041,5.95,357.0
1583042,6.05,53.7
1583043,5.27,151.0
1583044,5.37,66.86666666666666
1583060,3.94,88.0
1583542,3.74,2737.0
1583544,3.98,3421.0
1583549,4.36,3511.5
1583552,4.61,12402.0
1583555,4.19,504.5
1583560,3.78,993.0
1583564,4.22,5576.5
1583565,3.8,13971.5
1583571,4.34,271.5
1583573,3.83,1487.0
1584556,3.73,18900.0
1584557,3.97,9480.0
1584558,4.11,59900.0
1584560,4.39,11500.0
1584561,4.45,31000.0
1584563,4.02,640.0
1584564,4.14,2420.0
1584565,4.25,850.0
1584566,4.39,1410.0
1584567,4.4,930.0
1584568,4.19,720.0
1584569,4.2,370.0
1584570,4.26,4410.0
1584571,2.93,8120.0
1584572,3.12,4180.0
1584573,3.97,2390.0
1584574,3.81,2460.0
1584575,3.83,9920.0
1584576,3.51,16400.0
1584577,4.34,1240.0
1584578,4.03,1510.0
1584579,4.09,2490.0
1584580,4.21,2130.0
1584581,4.35,1340.0
1584582,3.09,3220.0
1584693,5.5,27518.0
1584836,4.65,1560.0
1584837,4.74,1840.0
1584838,5.01,2040.0
1584840,5.4,7820.0
1584841,5.43,4710.0
1584842,6.19,200.0
1584843,6.21,99.0
1584844,6.29,95.0
1584845,6.54,105.0
1584846,7.11,710.0
1584847,5.3,18590.0
1584848,6.54,2210.0
1584849,2.11,8840.0
1584891,6.12,180.0
1584892,6.11,66.0
1584893,5.11,160.0
1584894,5.39,380.0
1584895,5.86,390.0
1584896,5.13,160.0
1584897,5.63,8.6
1584898,5.56,78.0
1584899,5.55,200.0
1584900,5.98,190.0
1584901,5.44,73.0
1584902,5.7,9.5
1584903,6.01,110.0
1584904,6.05,71.0
1584905,5.7,6.1
1584906,5.71,460.0
1584907,5.98,470.0
1584908,6.11,730.0
1584909,6.08,48.0
1584910,4.96,15.0
1584911,5.38,1.3
1584912,5.79,12.0
1584913,5.99,160.0
1584914,6.07,500.0
1584915,6.03,180.0
1584916,6.0,260.0
1584917,6.1,170.0
1584918,6.03,460.0
1584919,6.03,210.0
1584920,6.08,160.0
1584921,6.05,240.0
1584922,6.09,130.0
1584923,4.66,450.0
1584924,5.07,1900.0
1584925,5.4,930.0
1584926,4.94,100.0
1584927,5.23,15.0
1585586,6.84,8300.0
1585661,3.82,725.0
1586433,5.0,12600.0
1586434,4.92,19700.0
1586435,5.21,23200.0
1586437,5.38,14900.0
1586438,5.05,17200.0
1586439,4.58,14000.0
1586440,5.26,5960.0
1586446,4.9,3880.0
1586447,5.16,5170.0
1586448,4.68,21000.0
1587668,4.32,1600.0
1587669,4.32,5300.0
1587682,4.01,1900.0
1587694,3.88,900.0
1587696,4.1,13800.0
1587706,4.49,14800.0
1588129,6.46,241.0
1588413,5.02,41200.0
1588429,5.43,16000.0
1588437,6.41,43.5
1588438,6.28,56.0
1588446,6.16,258.0
1588447,6.11,499.0
1588677,5.91,3600.0
1588683,6.81,2700.0
1588684,6.53,4700.0
1588685,5.66,4650.0
1588686,6.53,10000.0
1589127,5.01,10.0
1589128,5.1,870.0
1589129,5.33,410.0
1589130,5.05,323.0
1589131,5.2,27.0
1589132,5.14,52.0
1589133,5.3,8400.0
1589134,5.48,5600.0
1589135,5.11,10.0
1589136,5.34,453.0
1589137,5.49,453.0
1589138,4.97,31.0
1589139,5.08,7010.0
1589140,5.33,7390.0
1589227,4.94,85.0
1589228,5.33,785.0
1589229,5.42,328.0
1591506,5.19,1.4
1591507,5.48,10.0
1591508,6.38,7.8
1591509,5.17,8.6
1591510,4.93,5.1
1591511,5.69,9.4
1591512,6.42,16.0
1591513,6.29,8.4
1591514,5.0,4.6
1591515,6.42,11.0
1591516,6.5,4.0
1591517,5.96,9.1
1591518,6.28,8.3
1591519,6.44,6.6
1591520,6.54,9.0
1591521,5.07,5.2
1591522,6.21,4.2
1591577,6.08,3.7
1591578,5.03,7.5
1591579,5.19,13.4
1591580,5.64,3.1
1591581,5.62,1.2
1591583,4.8,6.0
1591584,6.23,15.2
1591585,5.17,25.0
1591586,5.51,2.4
1591587,5.52,1.7
1591588,5.36,6.0
1591589,5.5,2.7
1591590,6.16,20.0
1591591,6.67,19.1
1591592,6.05,20.0
1591593,5.17,4.4
1591594,5.05,9.2
1591595,5.63,10.0
1591764,5.71,2.0
1591768,5.7,1.0
1592585,5.81,3.0
1594194,5.27,92.0
1594535,4.56,1500.0
1594536,4.67,10.0
1594676,6.74,55.5
1594677,6.94,582.0
1594678,6.87,2564.0
1594679,7.01,572.0
1594681,6.67,35.3
1603808,3.76,995.0
1605238,6.93,670.0
1605371,5.2,859.0
1605372,5.47,337.0
1605373,5.35,765.0
1605374,5.58,1568.0
1605375,4.57,1420.0
1605376,4.82,750.0
1605377,4.63,900.0
1605841,2.48,11200.0
1605848,2.48,1700.0
1605849,2.48,1500.0
1605854,2.73,700.0
1605855,2.72,1000.0
1606475,2.98,15200.0
1608113,7.43,58.4
1608115,7.16,3.5
1608118,6.85,38.6
1608119,6.86,47.1
1608120,6.64,21.3
1608121,6.67,28.9
1608123,6.13,76.5
1608126,6.36,40.9
1608129,4.5,101.9
1608907,3.44,27000.0
1608908,3.55,24000.0
1609372,5.7,3.0
1609374,5.27,6.0
1609462,5.19,19.0
1609466,5.09,23.0
1609726,6.23,157.25
1609727,6.24,73.03
1609730,6.24,53.11
1609731,6.22,51.02
1609733,6.36,42.19
1609737,6.57,34.485
1609740,6.66,82.19
1609741,6.69,50.82
1609814,5.78,57.0
1609815,5.63,16.0
1609816,5.86,106.0
1609817,5.54,448.0
1609818,5.46,707.0
1609819,5.49,165.0
1609820,5.21,3313.0
1610170,5.82,344.0
1610379,5.61,17400.0
1610380,5.99,4390.0
1610381,5.78,2380.0
1610382,5.62,14260.0
1610383,5.67,6849.0
1610606,5.56,14900.0
1610607,5.72,13200.0
1611328,4.59,18.0
1611600,6.16,265.0
1611603,3.51,10000.0
1611636,3.93,10000.0
1612502,4.32,3500.0
1612503,4.52,800.0
1612504,4.5,18600.0
1612505,4.77,5500.0
1612506,4.26,6500.0
1612507,4.56,7400.0
1612508,4.2,35000.0
1612509,2.01,47800.0
1612510,4.3,2700.0
1612511,4.36,15900.0
1612817,6.41,400.0
1612818,6.45,200.0
1612819,6.2,10000.0
1612820,6.28,10000.0
1612821,4.41,42000.0
1612822,5.14,31000.0
1612823,4.59,45000.0
1612824,5.34,36000.0
1612825,5.43,18000.0
1612826,5.39,22000.0
1612827,5.66,5000.0
1612828,5.84,12000.0
1612949,5.59,30000.0
1612950,5.55,14000.0
1612951,5.76,16000.0
1612952,5.82,1300.0
1612953,5.99,2700.0
1612954,5.81,2500.0
1612955,5.79,6000.0
1612956,5.82,8000.0
1612957,5.8,9000.0
1612958,5.95,1900.0
1612959,5.36,26000.0
1612960,5.58,9000.0
1613257,5.77,10000.0
1614077,7.39,12.5
1614078,6.74,21.05
1614081,6.65,21.533333333333335
1614082,6.91,9.3
1614083,7.1,9.1
1614084,7.51,5.1
1614085,5.16,128.2
1614640,5.43,5800.0
1614720,5.73,1490.0
1614721,5.81,595.0
1614722,5.82,787.0
1614723,5.64,750.0
1614724,5.81,1810.0
1614725,5.81,318.0
1614726,6.08,725.0
1614727,5.74,424.0
1614728,5.72,641.0
1614729,5.61,244.0
1614730,4.52,7920.0
1614731,4.61,3950.0
1614732,4.73,1140.0
1614733,5.29,100000.0
1614734,4.76,8290.0
1614735,5.39,855.0
1614736,5.45,2380.0
1614737,5.52,512.0
1614738,4.72,1660.0
1614740,4.85,4110.0
1614741,5.01,722.0
1614742,5.13,611.0
1614743,5.23,471.5
1614744,5.3,427.0
1614745,5.33,459.0
1614746,5.52,14800.0
1614748,5.39,697.0
1614749,5.83,436.0
1614750,5.29,383.0
1614751,5.41,463.0
1614752,5.25,768.0
1614753,5.01,533.0
1614754,5.02,917.0
1614755,5.89,2200.0
1614756,5.38,466.0
1614757,4.84,1260.0
1614758,4.86,533.0
1614759,5.27,1070.0
1614760,5.29,1060.0
1618444,3.42,46390.0
1618445,4.49,38170.0
1618449,3.89,35160.0
1618682,5.07,40055.36
1618685,4.7,1400.0
1618686,4.36,9800.0
1618687,4.31,90300.0
1618703,5.44,22704.34
1618705,4.23,27157.675
1618708,4.96,40819.015
1619017,4.83,186.0
1619018,5.18,383.0
1619019,5.26,1057.0
1619020,5.37,3340.0
1619021,5.38,4310.0
1619025,5.23,897.5
1619026,2.05,14980.0
1619349,6.63,206.0
1619350,6.7,164.0
1619351,6.61,182.0
1619352,6.7,350.0
1619353,6.72,168.0
1619354,6.56,320.0
1619355,6.63,509.0
1619356,6.64,326.0
1619357,6.51,190.0
1619358,6.59,288.0
1619359,6.61,134.0
1619360,6.58,263.0
1619361,6.66,346.0
1619362,6.67,141.0
1619363,6.46,185.0
1619364,6.6,163.0
1619365,6.62,204.0
1619366,6.46,128.0
1619367,6.56,339.0
1619368,6.63,69.0
1619369,6.54,112.0
1619380,5.49,6416.0
1619381,6.45,118.0
1619382,6.46,165.0
1619383,6.6,119.0
1619582,4.71,533.0
1619583,5.27,30.5
1619584,5.27,13.0
1619589,5.53,27.0
1619590,4.92,39.0
1619593,5.75,89.0
1619594,5.7,155.5
1619598,5.52,74.0
1619600,5.65,33.0
1619602,4.79,159.0
1619604,5.43,192.0
1619605,4.62,194.0
1619935,6.98,8200.0
1619936,6.99,9000.0
1620145,5.96,13770.0
1620146,5.58,18120.0
1620150,5.6,47600.0
1620155,5.57,23290.0
1620157,5.52,28160.0
1620159,5.74,37210.0
1620161,6.13,47210.0
1620162,5.56,7700.0
1620163,6.11,19640.0
1620164,5.82,18640.0
1620165,6.11,10160.0
1620564,6.75,63630.0
1620911,6.18,6980.0
1621577,5.07,46.5
1621579,5.66,1173.0
1621581,5.33,11.0
1621582,5.78,9.5
1621585,5.5,11.5
1621586,5.61,22.0
1621587,5.76,10.5
1621590,4.61,316.0
1621593,4.98,680.0
1621601,5.36,10844.0
1622206,7.48,2.3
1622449,5.33,14000.0
1622450,5.37,91000.0
1622451,5.36,22000.0
1622453,5.35,8000.0
1624553,5.96,4500.0
1624562,5.92,3300.0
1624563,4.66,41700.0
1624564,5.56,200.0
1624567,5.7,1700.0
1624568,5.74,1300.0
1624572,5.7,780.0
1624574,5.7,1400.0
1624575,5.66,330.0
1624580,5.79,800.0
1624584,5.87,2100.0
1624976,5.58,1230.0
1624977,5.31,17400.0
1624978,5.31,17500.0
1624979,5.28,11400.0
1624980,5.47,8400.0
1624981,5.48,27400.0
1624983,4.62,40300.0
1624984,4.66,32100.0
1624985,4.76,18700.0
1624986,4.84,89100.0
1624987,4.89,28600.0
1624988,4.99,9100.0
1624989,5.08,3900.0
1624990,5.24,5200.0
1624991,5.13,4300.0
1624992,5.93,4200.0
1624993,5.8,500.0
1624994,5.56,1300.0
1624995,5.56,14600.0
1624996,5.56,4900.0
1624997,5.71,4800.0
1624998,5.72,8300.0
1624999,5.59,600.0
1625000,5.67,12300.0
1625001,5.99,14200.0
1625002,5.59,8400.0
1625003,5.63,4700.0
1625004,5.53,4300.0
1625005,5.62,2000.0
1625006,5.64,33800.0
1625007,4.07,3600.0
1625008,5.34,24400.0
1625009,5.49,12500.0
1625010,5.69,2600.0
1625011,5.88,3000.0
1625012,5.82,2700.0
1625661,5.31,23000.0
1625663,5.41,10000.0
1625668,5.61,18000.0
1625669,5.8,23000.0
1625671,6.19,20000.0
1625673,5.6,11000.0
1625676,5.5,20000.0
1625680,5.92,21000.0
1625867,5.02,12393.985
1625872,6.02,11319.64
1626954,5.74,5000.0
1626965,5.89,191.0
1626970,6.03,140.0
1626985,6.07,309.0
1627687,6.89,346.75
1633061,6.28,6000.0
1633063,5.55,18000.0
1633065,5.31,40000.0
1633068,5.25,98000.0
1633073,6.17,1000.0
1633585,4.93,20000.0
1674412,1.47,29500.0
1684408,4.69,235.0
1687681,3.31,66.0
1699704,2.73,6670.0
1700810,3.31,42.2
1724610,5.34,0.4
1724620,5.52,1.2
1724621,5.1,1.5
1724622,5.24,1.3
1724623,5.66,3.5
1724624,6.06,1.0
1724691,4.42,3130.0
1724692,3.82,2650.0
1724693,5.61,4160.0
1724694,4.75,990.0
1724707,4.31,8530.0
1724709,5.41,6360.0
1724712,5.68,2990.0
1724713,5.41,9360.0
1724714,6.04,3140.0
1724717,5.19,9450.0
1724719,5.86,4510.0
1724720,5.65,5170.0
1724721,6.09,4690.0
1725123,4.6,1027.0
1725134,6.33,2080.0
1725794,5.68,96.0
1726020,4.43,164.0
1726021,4.48,19.3
1726022,4.42,4.57
1726025,5.18,229.8
1726026,5.24,5.3
1726027,5.09,141.5
1726028,5.15,0.46
1726029,5.16,674.8
1726030,5.22,5.0
1726032,4.08,8102.5
1726033,3.4,4698.0
1726034,3.4,6725.0
1726035,4.56,183.9
1726036,4.57,8.45
1726037,5.05,1820.4
1726038,5.07,29.6
1726047,6.24,4.0
1726416,5.09,15100.0
1726418,5.31,4840.0
1726421,5.34,13700.0
1727542,4.21,27000.0
1727544,4.17,23000.0
1727546,4.18,12000.0
1727548,4.14,35000.0
1727550,4.17,13000.0
1727554,4.83,26000.0
1727556,4.76,29000.0
1727558,4.59,34000.0
1727560,4.55,10000.0
1727562,4.58,28000.0
1727566,4.55,20000.0
1727569,4.27,31000.0
1727571,4.31,14000.0
1727573,4.08,5400.0
1727574,4.46,6600.0
1727576,4.09,25000.0
1727578,4.45,36000.0
1727580,3.92,33000.0
1728053,5.22,0.8
1728054,5.37,3.3
1728055,6.52,4.1
1728061,5.66,29.0
1728062,5.69,23.0
1728063,3.75,115.0
1728064,3.75,56.0
1728178,4.98,9660.0
1728181,5.59,17020.0
1728184,5.32,9120.0
1728185,4.84,12730.0
1728186,5.11,22750.0
1728187,4.84,26850.0
1728188,5.09,15290.0
1728189,5.37,14990.0
1728190,5.07,24520.0
1728191,5.16,14490.0
1728192,4.09,9990.0
1728194,4.39,15890.0
1728195,4.47,12930.0
1728196,4.48,9990.0
1728201,4.61,22750.0
1728203,5.08,11690.0
1728204,4.43,13030.0
1728205,4.62,24380.0
1728206,4.74,16530.0
1728210,5.43,10530.0
1728685,6.12,113.0
1731731,6.09,40400.0
1731849,3.84,10209.7
1731851,4.81,36.1
1731853,5.62,26.4
1731854,5.0,63.2
1731856,4.73,226.5
1731857,4.94,113.4
1731859,5.06,18.6
1731860,5.5,316.7
1731861,4.97,13.0
1731863,5.21,8.1
1731864,4.85,36.1
1731870,4.04,7386.0
1731872,4.99,273.7
1731873,4.85,93.2
1731876,5.06,35.4
1731877,5.25,95.4
1731878,5.12,40.9
1731880,5.32,31.3
1731881,5.46,58.3
1731882,5.34,48.6
1731883,4.99,52.7
1731884,4.96,31.4
1731885,5.09,32.9
1731887,5.84,7.3
1731988,5.07,7265.0
1731991,5.16,4525.0
1732492,3.51,19100.0
1732493,4.15,2930.0
1732550,4.96,15.0
1732551,5.44,15.5
1732552,4.94,24.7
1732554,5.54,96.0
1732556,4.79,129.5
1732558,4.56,192.5
1732566,4.63,918.5
1732567,5.04,1020.5
1732571,5.55,1617.5
1732576,6.12,0.62
1732577,6.35,3.4
1732578,5.9,4.4
1732579,5.96,5.8
1732581,5.89,6.85
1732584,5.93,19.0
1732588,5.63,100.5
1732589,5.47,101.5
1732590,5.55,112.0
1732592,5.96,150.0
1732594,5.99,157.0
1732595,5.93,178.0
1732598,5.79,729.5
1732604,5.99,19.0
1732607,5.66,716.0
1732608,5.88,747.5
1732929,5.24,5752.0
1732930,5.52,5022.0
1732931,4.9,13850.0
1733280,5.8,1.0
1733286,5.89,1.0
1733795,6.42,82.695
1733797,6.4,58.08
1733798,6.43,87.2
1733895,7.26,610.0
1734153,6.03,120.3
1734154,6.04,109.0
1734156,6.26,369.18
1734157,6.31,37.56
1734159,6.26,240.82
1734160,6.33,123.88
1734161,6.48,168.5
1734162,6.49,167.8
1734168,6.65,31.23
1734174,6.18,39.45
1734175,6.26,23.12
1734176,6.32,307.4
1734177,6.39,62.75
1734178,6.44,76.24
1734179,6.48,126.0
1734183,6.05,634.8
1734185,6.04,89.045
1734186,6.19,86.01
1734190,6.27,204.1
1734192,6.47,68.11
1734193,6.49,78.18
1734196,6.68,74.81
1734198,6.64,43.09
1734223,7.16,15400.0
1734760,5.11,100000.0
1734764,4.72,70000.0
1734775,4.65,33000.0
1734786,4.41,43000.0
1734788,4.72,65000.0
1734789,4.72,37000.0
1734790,4.63,59000.0
1734793,5.24,100000.0
1734798,4.93,70000.0
1734801,5.28,100000.0
1737002,5.67,15750.0
1737003,5.86,21300.0
1737004,5.79,29800.0
1737007,6.14,13100.0
1737008,5.89,9170.0
1737010,6.19,6605.0
1737012,6.04,32200.0
1737015,6.05,18700.0
1737016,6.25,7350.0
1737018,3.93,5000.0
1737089,2.89,1327.0
1737090,3.31,514.0
1737091,3.17,192.0
1737092,3.2,101.0
1737093,3.31,141.0
1737094,3.75,80.0
1737095,3.86,49.0
1737096,4.01,88.0
1737097,3.74,99.0
1744367,4.48,8000.0
1745152,3.34,2450.0
1745153,3.66,3350.0
1745160,3.61,6500.0
1745164,3.68,9450.0
1746689,5.61,3.85
1746843,3.91,2400.0
1746844,3.94,2800.0
1746845,3.72,24000.0
1746846,4.04,2400.0
1746848,4.44,18000.0
1746849,4.37,11000.0
1746850,1.43,13000.0
1746851,2.4,51000.0
1746853,3.52,6000.0
1746894,7.27,1100.0
1746895,7.41,600.0
1746909,3.53,2400.0
1746912,3.61,20700.0
1746932,5.87,23.25
1746936,6.09,288.7
1746939,5.95,18.35
1746940,6.14,24.2
1746944,5.44,54.3
1746946,5.45,41.1
1747061,4.26,7340.0
1747062,5.06,6590.0
1747063,4.73,3700.0
1747064,4.43,8590.0
1747065,4.48,5000.0
1747068,4.21,5210.0
1747069,4.36,4410.0
1747072,4.36,2310.0
1747073,5.69,4780.0
1747074,4.76,2560.0
1747077,4.11,4800.0
1747082,4.78,5840.0
1747083,4.94,9880.0
1747086,4.73,3030.0
1747087,4.87,4010.0
1747088,4.79,3340.0
1747089,4.23,3470.0
1749170,7.14,15.67
1749488,7.07,150.68
1749491,7.08,107.5
1749494,7.4,83.55333333333333
1749495,7.63,368.93
1749788,6.73,200.0
1749791,6.41,6.0
1749804,6.34,4.0
1749805,6.35,2.0
1757385,4.72,48.15
1758511,2.29,8000.0
1758513,2.45,17600.0
1758515,2.59,1500.0
1758517,2.04,12800.0
1758519,3.83,200.0
1758724,3.48,1500.0
1758725,3.74,1700.0
1758726,3.79,1600.0
1758728,3.97,1200.0
1758729,3.77,2400.0
1758730,3.99,4200.0
1758731,4.18,1500.0
1758733,4.44,22000.0
1758734,4.71,1750.0
1759704,3.8,90.0
1759705,3.89,150.0
1759707,3.93,170.0
1759708,3.85,210.0
1759709,3.92,210.0
1759710,3.69,230.0
1759711,3.85,240.0
1759712,3.85,240.0
1759714,4.01,350.0
1759716,3.5,730.0
1760220,5.04,3.9
1760221,5.24,12.0
1760222,5.18,1.8
1761169,3.87,1010.0
1761194,6.96,57000.0
1761195,6.84,25000.0
1761197,7.17,23000.0
1761198,7.45,4000.0
1761807,5.63,10700.0
1761808,5.77,2600.0
1761809,5.86,2400.0
1761815,6.1,17200.0
1761816,6.21,4000.0
1761846,3.56,56.0
1762727,3.49,700.0
1763306,2.81,3900.0
1763307,2.79,900.0
1763309,2.95,500.0
1763310,3.35,300.0
1763311,2.82,400.0
1763314,3.64,5000.0
1763315,3.41,5000.0
1763422,4.81,1475.0
1778669,4.51,82.64
1778671,4.25,142.22
1778672,4.67,64.09
1778673,4.34,35.37
1778675,5.33,112.65
1778680,4.9,142.5
1778691,2.6,168.0
1778692,3.4,55.29
1779019,4.85,14400.0
1780539,5.84,40.0
1780784,3.61,168.0
1780785,4.1,24.0
1780788,4.26,40.0
1780789,4.35,21.0
1780790,4.81,6.5
1780791,3.63,161.0
1780794,4.15,12264.0
1780795,3.95,183.0
1780796,4.1,1565.0
1780797,4.82,1319.0
1780798,5.03,8301.0
1780799,4.24,284.0
1780800,5.39,840.0
1781585,5.44,244.0
1781685,2.96,88000.0
1781688,4.2,9700.0
1781690,4.04,91000.0
1781729,3.28,48000.0
1781731,2.67,93000.0
1781742,3.13,17000.0
1781744,3.32,72000.0
1781881,6.04,10000.0
1782662,6.61,7300.0
1783342,5.99,6134.0
1783343,6.18,8752.0
1783346,6.18,5723.0
1783347,5.64,39.84
1783348,5.7,42.54
1783349,5.73,57.21
1783350,5.8,386.9
1783769,5.84,11.7
1783770,5.74,488.1
1783778,5.62,24.9
1783779,5.64,75.5
1783780,5.87,13.5
1783781,5.71,302.0
1783782,5.81,72.3
1783783,5.68,48.7
1783784,5.91,101.0
1783785,5.8,58.0
1783786,5.86,45.3
1783787,5.82,62.9
1783788,5.99,49.7
1783789,5.84,55.8
1783790,5.94,59.6
1783791,5.84,216.0
1783792,6.02,1960.0
1783793,5.9,1225.0
1783794,6.0,1853.5
1784535,5.48,450.0
1786404,5.11,600.0
1786405,5.64,11.0
1786406,5.75,63.0
1786407,5.76,275.0
1786408,5.82,1630.0
1786410,5.98,9580.0
1786413,5.88,32.0
1786414,6.05,22.0
1786415,5.6,56.0
1786416,5.7,131.0
1786587,6.93,4000.0
1786588,6.51,7900.0
1786740,6.24,6630.0
1786742,6.4,13030.0
1786746,6.23,4730.0
1786970,3.01,1665.0
1786972,3.2,11400.0
1787051,7.15,1700.0
1787107,6.39,7470.0
1787108,6.4,1600.0
1787873,5.45,7660.0
1788230,2.16,835.0
1788242,3.5,7400.0
1788562,6.5,2345.0
1788566,6.45,5410.0
1788573,5.69,3580.0
1788577,5.69,7585.0
1788579,6.17,5595.0
1788580,5.7,20000.0
1788584,4.27,16120.0
1788587,4.01,18010.0
1789898,6.14,10000.0
1789899,6.28,7500.0
1789900,6.39,5600.0
1789901,6.46,1900.0
1789902,6.57,1200.0
1789903,6.53,3700.0
1789904,6.1,15200.0
1789906,5.43,58800.0
1789907,5.51,43700.0
1789908,5.6,41400.0
1789909,5.57,66700.0
1789911,5.88,4300.0
1789912,5.99,4100.0
1789913,6.07,2300.0
1789914,6.17,1500.0
1789915,5.8,17100.0
1790251,3.96,4100.0
1791231,5.16,92.5
1791232,4.88,190.0
1791244,4.88,4000.0
1791406,4.81,7000.0
1792448,5.01,125.0
1792449,5.07,9090.0
1792450,5.44,7590.0
1792451,5.36,12100.0
1792452,5.37,1840.0
1792453,5.56,12800.0
1792454,5.44,4700.0
1792455,5.52,2580.0
1792456,5.05,67500.0
1792457,4.69,43700.0
1792458,4.78,19800.0
1792459,5.57,2030.0
1792460,3.08,91700.0
1792462,4.05,40200.0
1792463,4.31,43900.0
1792495,4.78,24050.0
1792501,6.33,29540.0
1792505,5.13,20810.0
1792515,5.37,11470.0
1792516,5.32,16650.0
1792518,4.9,6620.0
1792519,5.32,25800.0
1792520,5.27,28620.0
1792521,5.53,9180.0
1792522,5.06,9790.0
1792523,5.52,7220.0
1792524,5.57,12170.0
1792525,5.74,4030.0
1792526,5.84,5000.0
1792527,5.93,5380.0
1792528,5.94,1360.0
1792529,5.91,6620.0
1792530,5.97,5370.0
1792534,5.0,22630.0
1792536,5.08,8190.0
1792539,5.3,21770.0
1792540,5.11,13960.0
1792541,5.18,22510.0
1792543,4.62,16210.0
1792544,5.0,4500.0
1792545,5.21,3570.0
1792548,5.29,16610.0
1792549,4.7,31270.0
1792550,4.97,6270.0
1792551,5.04,64000.0
1793409,5.95,3370.0
1793410,6.15,1730.0
1793412,5.98,2260.0
1793413,6.26,7110.0
1793416,6.29,10340.0
1793417,6.31,4110.0
1793418,6.49,2685.0
1793419,6.49,315.0
1793423,6.35,2740.0
1793424,6.5,2140.0
1793428,6.38,3950.0
1793430,6.54,1750.0
1793439,6.57,700.0
1794399,3.62,2700.0
1795838,5.01,42000.0
1795839,5.0,42000.0
1795840,5.58,33000.0
1795841,5.56,36000.0
1795843,5.62,13000.0
1795844,5.58,8000.0
1795845,5.58,8000.0
1795846,5.41,35000.0
1795847,5.39,42000.0
1795848,5.65,19000.0
1795849,5.52,11000.0
1795850,5.78,27000.0
1795851,5.8,21000.0
1795852,5.63,10000.0
1795876,5.89,7160.0
1795878,6.25,6540.0
1795879,6.03,2760.0
1795880,6.04,8210.0
1795881,6.06,3900.0
1795883,6.33,4170.0
1795885,6.08,7880.0
1795959,6.63,4930.0
1795961,6.54,5820.0
1795962,6.33,3200.0
1795964,6.66,4340.0
1795965,6.71,5030.0
1796119,3.95,32.95
1796120,3.98,4.66
1796678,4.82,400.0
1796684,5.43,501.0
1796686,5.75,6506.5
1796692,5.89,6709.5
1796693,6.11,4103.0
1797986,6.05,36.0
1797987,4.59,7.5
1797988,6.05,61.0
1797989,5.22,31.0
1797990,7.15,72.0
1797991,6.48,38.0
1797992,5.82,34.0
1797993,5.83,27.0
1797994,6.04,34.0
1797995,6.39,66.0
1797996,5.41,35.0
1798009,4.31,1.1
1798011,4.57,4.1
1798012,5.37,0.39
1798015,4.67,24.0
1798016,5.26,32.0
1798017,6.09,20.0
1817405,3.49,14000.0
1817406,4.42,2600.0
1817407,4.4,2900.0
1817408,4.34,5900.0
1817409,3.68,3000.0
1817410,3.97,7600.0
1817411,5.04,4200.0
1817412,4.79,1300.0
1817413,4.98,5000.0
1817414,5.05,1900.0
1817415,4.66,1100.0
1817416,4.66,1400.0
1817417,4.81,2500.0
1817418,4.59,4600.0
1817419,4.14,1300.0
1817420,4.51,5500.0
1817421,4.61,3600.0
1817422,4.0,4800.0
1817423,3.98,5000.0
1817424,4.17,3500.0
1817426,5.77,12.0
1817427,5.95,4.0
1817428,5.63,2.0
1817775,5.52,1519.0
1817777,5.67,46.5
1817785,5.84,48.0
1818038,4.62,9660.0
1818039,5.06,6570.0
1818040,5.36,3260.0
1818041,5.62,3240.0
1818405,6.05,25600.0
1818406,6.1,10600.0
1818407,6.25,1300.0
1818408,5.94,31800.0
1818409,6.46,14100.0
1818410,6.14,3260.0
1818411,6.13,9100.0
1818412,5.53,4800.0
1818413,6.23,1000.0
1818414,5.54,2800.0
1818562,5.71,2110.0
1819486,4.33,9200.0
1819745,5.79,1050.0
1819754,5.68,37.5
1819755,6.05,2.2
1819756,6.06,2.65
1819757,6.05,6.5
1819759,5.65,6.5
1819762,5.54,103.0
1819768,5.91,1.1
1822122,4.04,160.0
1823256,6.06,2380.0
1823487,4.81,1556.0
1823859,4.69,783.0
1823861,4.21,619.0
1823862,4.27,455.0
1823863,4.38,532.0
1823864,4.59,227.0
1823865,4.83,597.0
1823867,5.11,351.0
1823868,5.13,429.0
1823869,5.12,703.0
1823870,5.18,233.0
1823871,5.18,228.0
1825531,3.35,3875.225
1826872,7.59,100.0
1826873,7.71,920.0
1826874,7.47,1590.0
1826876,6.22,9910.0
1826877,5.87,7080.0
1826878,5.72,270.0
1826880,2.84,970.0
1827665,4.0,6.0
1827668,4.07,1100.0
1827670,3.89,270.0
1827671,4.35,410.0
1827672,4.15,5.0
1827673,4.36,7.0
1827678,4.46,8.0
1827679,4.64,14.0
1828139,7.77,5950.0
1828818,4.01,14.83
1828821,6.77,10.16
1828822,7.0,5.765
1829023,3.19,5.52
1829024,3.24,5.52
1829025,3.46,0.9
1830021,3.52,845.0
1830022,3.52,580.0
1830023,3.53,630.0
1831270,4.54,3.9
1832251,5.25,1520.0
1833192,4.8,87600.0
1833196,4.92,36050.0
1833199,5.28,44230.0
1833201,5.23,48240.0
1833202,5.37,53790.0
1833205,4.35,60570.0
1833207,6.78,52700.0
1833208,6.13,16890.0
1833719,4.92,27.4
1833720,5.01,2240.3
1833864,4.43,6.7
1833866,5.02,26.5
1834247,4.79,3280.0
1834248,4.79,1170.0
1834257,5.08,3000.0
1834263,4.4,10000.0
1834264,5.17,1200.0
1834266,5.05,340.0
1834267,5.06,1850.0
1834269,5.07,1200.0
1834273,5.8,2830.0
1834274,5.44,1940.0
1835517,3.07,28200.0
1835520,2.88,31100.0
1835523,2.86,41900.0
1835526,3.01,32600.0
1836667,6.9,5500.0
1836668,6.98,10000.0
1836669,6.99,18800.0
1836670,6.96,17500.0
1836672,6.68,5200.0
1836673,6.98,10000.0
1836674,6.98,9700.0
1836675,7.01,16700.0
1836676,7.01,6700.0
1836678,7.02,6700.0
1836679,6.7,900.0
1836684,6.73,10200.0
1836685,6.73,35700.0
1836686,6.26,14200.0
1836687,6.14,27900.0
1837107,5.42,7.5
1838376,3.03,5700.0
1839070,3.74,1611.675
1839571,5.9,37.8
1839572,6.15,38.4
1839578,6.09,36.4
1839579,6.23,40.2
1839580,6.38,39.2
1839581,6.42,41.8
1839587,5.8,38.8
1839593,5.99,42.0
1839595,5.83,36.8
1839937,3.68,2500.0
1839938,3.75,4800.0
1839939,6.82,33000.0
1839947,3.87,52000.0
1839948,4.21,49000.0
1839949,3.78,70000.0
1839950,4.22,34000.0
1840178,4.71,1700.0
1840179,4.59,600.0
1840180,4.53,500.0
1840181,4.61,500.0
1840182,4.37,1000.0
1840185,4.56,3600.0
1840186,4.56,1700.0
1840189,4.29,2700.0
1840571,5.17,419.4
1840572,5.26,73.4
1840573,5.3,443.7
1840574,5.39,875.2
1840575,5.86,905.3
1840576,5.85,109.4
1840577,5.88,139.4
1840578,5.96,378.9
1840579,5.97,221.1
1840580,5.97,63.0
1840581,6.03,35.4
1840642,5.23,558.0
1840643,5.3,173.2
1840644,5.35,147.6
1840645,5.45,71.1
1840646,5.86,840.2
1840647,5.85,46.3
1840648,5.88,398.3
1840649,5.96,4074.0
1840650,5.96,2735.0
1840651,5.97,50.5
1840652,5.97,170.1
1840653,6.03,17.8
1843635,5.9,8551.4675
1843637,5.81,8241.085
1843647,5.99,9165.3525
1843657,6.06,9235.9175
1852884,5.5,1133.75
1852959,5.59,1103.845
1853061,5.13,1083.93
1853298,4.91,825.97
1853410,4.55,591.475
1853449,5.0,26.545
1854200,4.03,878.255
1855037,5.1,1129.335
1855541,5.28,651.415
1855843,4.49,872.86
1856404,4.81,814.0
1856777,3.15,540.37
1857768,3.79,1216.725
1859294,4.89,2955.355
1859432,4.85,1528.035
1859646,4.83,521.28
1860038,5.24,1282.185
1860481,5.35,7842.85
1861319,4.72,1020.97
1861658,4.78,235.21
1861935,3.77,658.895
1861937,3.34,649.53
1861938,3.42,888.525
1861939,3.6,736.595
1861940,3.71,504.17
1862314,4.81,276.06
1862631,4.39,341.675
1862668,5.01,10.8
1862740,5.09,140.225
1862741,5.09,192.505
1862758,4.37,521.09
1862938,4.8,1019.4
1862950,5.09,204.075
1862999,4.89,252.23
1863164,4.78,278.415
1863165,4.86,237.865
1863166,4.89,217.42
1863273,4.93,801.715
1863823,4.35,1224.64
1864412,4.67,1082.205
1864557,4.25,649.88
1864645,4.33,482.205
1865023,4.89,441.74
1865074,4.3,926.28
1865233,4.47,1113.24
1865248,4.56,547.86
1865418,4.71,1270.11
1865420,5.0,1578.07
1865918,5.18,574.12
1866035,4.86,1093.69
1866246,4.39,741.905
1866346,3.34,426.285
1866814,4.87,832.505
1867105,4.19,340.075
1867134,2.18,958.83
1867801,3.97,924.93
1868116,4.19,799.2
1868420,5.2,454.44
1868482,4.41,1282.795
1868789,4.18,1008.6
1868790,4.68,912.3
1868818,4.68,1166.285
1868928,4.44,1082.095
1869349,4.19,359.525
1869991,4.24,863.09
1870059,3.37,352.465
1870064,4.58,37.195
1870777,4.23,1288.65
1870827,3.84,775.41
1871261,3.34,1086.95
1872198,4.8,239.44
1872700,4.34,504.945
1873205,4.7,471.84
1873996,4.0,237.79
1874069,4.55,356.285
1874588,3.46,767.9
1874879,3.73,538.455
1875341,4.89,1817.745
1875402,4.06,749.975
1875685,4.42,954.095
1877394,4.2,52.315
1878480,4.72,462.835
1878569,4.45,582.135
1878641,3.65,400.69
1878801,4.1,342.885
1878802,3.38,451.455
1878803,3.38,703.94
1879455,3.88,794.705
1879525,4.07,801.715
1879933,4.37,804.835
1879969,4.86,182.28
1880411,4.41,1669.01
1880713,4.02,713.47
1880795,4.4,1397.015
1881063,4.28,1120.785
1881064,3.59,629.9
1881181,4.14,518.125
1881301,4.31,1244.175
1881348,3.84,822.29
1881734,4.43,963.495
1881819,4.8,1228.42
1881964,4.19,781.1
1882121,3.48,879.085
1882314,4.66,890.165
1882326,4.48,567.445
1883355,4.45,259.89
1883532,4.22,178.38
1884485,4.96,242.87
1884491,4.86,204.88
1884498,4.94,177.345
1884590,3.52,490.23
1884886,4.04,252.5
1885878,3.35,660.4
1886148,4.55,146.46
1888127,4.81,4.345
1888131,4.85,1131.45
1888290,4.68,809.165
1888446,4.81,393.755
1888527,4.33,783.75
1888554,4.38,775.655
1888714,4.47,965.205
1889138,4.1,753.075
1889392,4.94,1381.755
1889806,5.05,613.69
1890006,4.61,526.095
1890066,4.49,697.815
1890110,4.63,1002.5
1890383,4.54,390.02
1890690,5.12,520.975
1890801,4.89,914.76
1890809,4.36,566.305
1891400,3.95,1074.02
1891429,4.68,756.015
1891480,4.68,338.21
1891500,3.64,790.49
1891597,4.43,674.41
1891673,4.54,797.385
1891907,4.29,699.535
1892614,4.4,328.02
1892679,4.2,795.435
1892771,3.93,68.56
1893749,3.76,1011.765
1893789,4.97,1786.085
1894210,4.23,740.565
1894312,4.31,57.055
1894529,3.53,938.83
1894823,4.61,984.12
1894845,4.15,803.82
1894894,4.54,596.055
1894915,4.63,776.23
1894990,3.13,1053.89
1895150,3.62,899.71
1895242,4.47,939.505
1895304,3.46,372.32
1895448,4.68,277.795
1895557,3.9,768.75
1895573,4.3,1030.665
1895778,5.19,3786.01
1895885,4.45,777.09
1895889,4.73,565.235
1896085,3.93,638.145
1896178,4.31,753.495
1896449,4.15,1016.51
1896509,4.24,948.32
1896524,4.64,648.55
1896565,4.15,1135.11
1896582,3.7,231.85
1896766,4.62,612.3
1897100,4.67,328.205
1897256,5.13,224.16
1897482,4.58,591.99
1897672,3.35,354.115
1897711,4.45,635.39
1898111,4.48,1546.95
1898182,4.23,1040.995
1898258,4.4,15.49
1898380,4.87,1190.9
1898426,4.18,310.905
1898783,5.05,548.55
1898820,4.42,954.43
1899200,4.8,828.415
1899212,5.41,145.975
1899403,4.02,337.445
1899504,5.04,300.55
1900075,4.51,691.385
1900418,5.0,1949.06
1900619,4.87,1022.39
1900682,5.05,1062.64
1900816,4.63,980.91
1901789,5.33,1587.93
1902129,4.55,795.755
1902230,4.43,28.935
1902350,4.45,130.035
1902649,4.77,247.82
1902659,4.63,615.77
1902724,5.0,871.095
1903354,3.76,987.4
1903864,3.98,1509.555
1905698,4.7,358.975
1905703,4.77,81.855
1905853,4.0,814.14
1905890,4.13,991.88
1907102,4.64,7618.65
1907276,4.03,1752.63
1907280,4.45,1039.87
1908581,3.37,581.035
1909911,5.03,10199.72
1910103,4.12,917.9
1910681,3.95,4559.27
1911763,4.98,1118.745
1911768,4.26,965.42
1912631,3.66,522.775
1913314,4.82,4882.77
1941237,3.58,60.0
1941881,1.47,4200.0
1945407,4.67,42100.0
1945409,4.51,3200.0
1945493,5.62,14600.0
1945498,5.82,4100.0
1945541,6.63,42000.0
1945543,6.95,9000.0
1945544,6.87,16000.0
1945545,7.21,2100.0
1947342,2.69,9200.0
1947343,3.83,5800.0
1947344,3.02,5500.0
1947345,3.32,7400.0
1947346,3.83,9000.0
1947347,4.37,4000.0
1947348,4.14,6000.0
1947393,5.8,3450.0
1947395,4.18,4550.0
1947396,3.09,39320.0
1947398,2.78,15710.0
1947537,3.57,9380.0
1947546,4.8,5900.0
1947547,4.86,6660.0
1947668,6.4,670.0
1947669,6.4,1300.0
1947670,6.58,440.0
1947671,6.37,2000.0
1947672,6.57,870.0
1947673,6.73,1400.0
1947674,6.62,1300.0
1947675,7.18,1300.0
1947676,6.02,19300.0
1947848,5.12,250.0
1947849,5.26,2300.0
1947850,5.21,900.0
1947851,5.46,150.0
1947852,5.11,2520.0
1947856,4.78,1830.0
1947857,5.1,400.0
1947858,5.15,4180.0
1947859,5.22,1380.0
1947860,5.14,1580.0
1947861,5.16,520.0
1947862,5.32,1030.0
1947863,5.09,1800.0
1947865,4.42,3170.0
1947866,4.71,300.0
1947867,4.7,1050.0
1947868,4.68,1080.0
1947869,4.96,4030.0
1947870,4.95,3420.0
1947872,4.98,1210.0
1947873,4.94,170.0
1947874,4.8,660.0
1947878,4.77,320.0
1947879,4.92,330.0
1947880,4.58,970.0
1947881,4.66,930.0
1947882,5.03,140.0
1947885,4.77,380.0
1947887,4.94,630.0
1947890,4.64,1830.0
1947892,4.51,2260.0
1947893,4.8,460.0
1947895,5.21,100.0
1947896,4.93,1370.0
1947898,4.85,2260.0
1947900,5.0,3260.0
1947901,5.03,3360.0
1947902,5.13,1650.0
1947903,4.21,1800.0
1947904,4.34,2640.0
1947908,4.96,2540.0
1947909,4.97,1060.0
1947911,5.14,300.0
1947912,5.13,120.0
1947914,5.24,1470.0
1948613,7.33,0.435
1948621,7.59,1.52
1948622,4.74,17.2
1950041,2.05,50.0
1950042,2.54,3700.0
1950148,6.34,21000.0
1950149,6.28,32700.0
1950150,6.37,8100.0
1950151,6.28,30500.0
1950152,6.49,22500.0
1950153,7.58,459.6
1951068,7.71,56.0
1951069,7.58,196.7
1951070,7.73,43.5
1951071,7.6,224.0
1951072,7.57,275.1
1951073,7.63,240.9
1951074,7.59,1820.0
1951075,7.54,154.6
1951076,7.71,73.2
1951077,7.58,195.0
1951078,7.71,83.8
1951079,7.6,123.5
1951080,7.57,170.2
1951081,7.63,281.2
1951082,7.55,700.1
1951083,7.62,186.4
1951084,7.72,40.8
1951085,7.64,170.9
1951086,7.72,52.8
1951087,7.6,71.6
1951088,7.68,182.8
1951089,7.6,133.7
1951090,7.68,592.1
1951134,7.63,115.4
1951135,7.72,36.1
1951136,7.66,77.2
1951137,7.72,40.6
1951138,7.6,92.1
1951139,7.68,392.2
1951140,7.6,320.3
1951141,7.68,1800.0
1951223,5.32,330.0
1951316,4.87,470.0
1953339,5.52,6000.0
1953974,3.5,70300.0
1955347,4.57,82.0
1955352,6.55,810.0
1955353,6.2,360.0
1955420,5.57,60.0
1955422,4.54,40.0
1955435,5.91,830.0
1955436,5.98,6040.0
1955439,6.18,3500.0
1955441,6.35,4360.0
1955851,7.51,5.1
1956337,7.64,9.27
1956338,6.23,5.4
1956339,5.71,23.0
1956340,6.92,35.3
1956343,7.49,4.0
1956344,5.67,5.2
1956345,7.66,600.0
1956346,6.14,180.0
1956347,7.81,10.0
1956396,4.89,1630.0
1956397,5.02,480.0
1956398,5.31,1210.0
1956399,5.09,1130.0
1956400,5.17,680.0
1956401,5.04,350.0
1956402,5.15,280.0
1956403,5.27,270.0
1956493,5.4,290.0
1956494,5.22,100.0
1956495,5.17,400.0
1956496,5.37,90.0
1956497,5.47,150.0
1956588,3.11,11300.0
1956589,4.45,830.0
1956590,4.01,6540.0
1956591,4.82,2810.0
1956592,4.61,4900.0
1956593,4.7,3770.0
1956594,4.37,5750.0
1956595,4.81,2740.0
1956596,3.78,2520.0
1956729,4.23,1370.0
1956730,4.19,2420.0
1956731,4.15,2730.0
1956733,4.33,260.0
1956737,4.07,210.0
1956740,4.06,70.0
1956742,4.08,180.0
1956744,4.42,180.0
1956745,3.89,60.0
1956746,3.89,140.0
1956747,4.08,2810.0
1956748,4.13,790.0
1956749,4.13,410.0
1956750,3.73,40.0
1956751,3.98,750.0
1956756,2.43,1040.0
1956757,2.98,1710.0
1956758,3.74,120.0
1956759,4.79,80.0
1956762,4.85,11.6
1956763,7.76,2.6
1956764,7.78,2.6
1956765,7.69,12.8
1956766,7.73,12.8
1956895,4.02,71.0
1956896,4.45,47.0
1956897,3.81,141.0
1956898,4.51,93.0
1956903,4.34,178.0
1956904,5.06,626.0
1956906,5.27,2701.5
1956908,4.64,585.0
1956909,4.02,2240.0
1956910,4.63,145.0
1956911,4.13,28.0
1956912,5.12,8.0
1956913,4.33,571.0
1956914,4.44,19.0
1956915,3.76,1895.0
1956916,4.4,164.0
1956917,4.66,418.0
1956918,3.97,1438.0
1956920,5.65,602.0
1956921,5.63,725.0
1956922,5.64,307.0
1956923,5.93,554.0
1956924,5.92,1862.0
1956925,5.92,1263.0
1956926,5.68,36.0
1956927,5.66,10.0
1956928,5.95,40.0
1956929,5.59,197.0
1956930,5.6,373.0
1956931,5.58,180.0
1956932,5.56,86.0
1956933,6.09,290.0
1956934,5.81,50.0
1956935,5.78,16.0
1956936,5.78,3430.0
1956938,5.86,1023.0
1956939,5.78,840.0
1956990,6.6,34.0
1956991,6.02,130.0
1956992,6.2,160.0
1956993,5.69,1200.0
1957006,7.35,12.0
1957007,7.21,16.0
1957008,7.41,12.0
1957009,7.38,12.0
1957010,5.98,80.0
1957011,6.18,80.0
1957012,6.17,80.0
1957013,6.15,42.0
1957014,6.17,42.0
1957015,6.19,42.0
1957016,6.2,42.0
1957017,6.51,34.0
1957021,4.99,6000.0
1957022,4.93,560.0
1957023,4.68,1100.0
1957024,4.73,14000.0
1957025,4.96,7600.0
1957026,4.69,16000.0
1957028,4.64,6700.0
1957029,5.18,430.0
1957030,5.39,3600.0
1957031,5.44,560.0
1957032,5.49,290.0
1957033,5.54,560.0
1957034,5.6,1500.0
1957035,5.84,230.0
1957037,5.11,110.0
1957038,5.71,840.0
1957039,5.75,610.0
1957040,4.99,760.0
1957041,4.99,2600.0
1957042,4.9,1400.0
1957141,5.23,210.0
1957142,4.79,880.0
1957143,5.46,290.0
1957144,4.99,410.0
1957145,4.99,2100.0
1957146,5.02,1100.0
1957147,5.21,460.0
1957148,5.18,90.0
1957149,5.18,280.0
1957158,5.27,3400.0
1957436,3.83,10992.0
1958000,5.82,1500.0
1958071,7.71,2900.0
1960987,5.95,4320.0
1960988,5.96,4803.0
1960989,5.54,2000.0
1960990,5.54,3778.0
1960991,6.14,3431.0
1960992,6.16,3278.0
1960993,6.32,2791.0
1960994,6.32,2671.0
1960995,6.32,1934.0
1961445,6.2,1630.0
1963671,5.28,1832.0
1963672,5.69,35.5
1963673,5.74,43.0
1963675,4.75,1157.0
1963677,5.09,116.0
1963679,5.52,42.0
1963680,5.34,95.0
1963686,5.32,57.0
1963687,5.36,100.0
1963688,5.0,500.0
1963689,5.19,1079.0
1963690,5.25,1393.5
1963691,5.79,42.0
1963692,5.77,164.0
1963694,6.18,1455.0
1963695,5.48,24.5
1963696,5.5,36.0
1963697,5.53,50.0
1963794,5.46,168.0
1963796,5.27,936.0
1963797,5.46,451.0
1963798,5.86,678.0
1964009,6.53,1815.0
1964012,6.46,2940.0
1964013,6.4,2435.0
1964015,6.67,2930.0
1964023,4.35,2590.0
1964024,4.48,4225.0
1965154,6.17,26.0
1965252,5.68,97.0
1965253,5.6,46.0
1968166,5.83,877.0
1968169,5.49,98.0
1968170,5.71,8.0
1968171,5.91,2.55
1968172,5.69,45.5
1968174,5.99,0.395
1968353,5.67,818.0
1968354,6.0,45.0
1968357,5.87,6.0
1968810,6.01,9960.0
1968926,5.85,14740.0
1968927,6.14,2800.0
1968929,5.66,6300.0
1968930,6.02,10080.0
1968932,5.88,7270.0
1968933,6.15,8790.0
1970002,6.1,11.5
1970003,6.84,13.0
1970004,6.79,11.1
1970005,7.05,3.6
1970006,5.92,6.3
1970490,4.4,6570.0
1970491,2.17,50000.0
1971330,4.34,35900.0
1971332,4.48,24900.0
1971335,4.29,25700.0
1971336,4.42,17600.0
1971337,4.48,20300.0
1971342,4.22,48300.0
1971345,4.24,19100.0
1971405,6.37,7400.0
1971406,6.87,34800.0
1971407,6.88,32100.0
1971408,6.81,28400.0
1971409,6.33,15700.0
1971410,6.37,19200.0
1971411,6.05,780.0
1971412,6.59,520.0
1971413,5.59,2500.0
1971414,5.71,29700.0
1971415,5.95,41200.0
1971416,6.07,38900.0
1971544,4.52,15400.0
1971546,3.87,88300.0
1971547,4.03,12300.0
1972604,4.34,80.0
1972605,4.18,450.0
1972606,4.8,520.0
1972607,5.04,560.0
1972608,4.95,610.0
1972609,5.45,840.0
1972610,5.37,100.0
1972611,5.49,100.0
1972612,5.73,10.0
1972621,5.08,300.0
2038807,6.08,34.2
2038808,5.64,6.5
2038809,5.61,172.0
2038810,5.62,19.6
2038811,5.63,11.6
2038812,5.72,13.4
2038813,5.52,9.9
2038814,5.89,12.6
2038815,5.44,152.0
2050934,2.47,8500.0
2054486,5.65,14.0
2054488,5.64,149.0
2054490,5.66,150.0
2054492,5.43,200.0
2054493,5.43,18.0
2054494,5.49,41.0
2054495,5.44,390.0
2054496,5.49,21.0
2054498,5.19,40.0
2054499,4.93,200.0
2054500,4.56,70.0
2054974,7.07,41.0
2054979,6.27,335.5
2058593,4.99,11676.6
2058773,4.83,14000.0
2058775,4.87,19000.0
2058777,4.79,14500.0
2058780,4.68,14000.0
2058791,4.87,14500.0
2058792,4.74,14500.0
2058794,4.79,14500.0
2061478,1.92,3950.0
2061573,5.41,10.0
2061577,5.47,22.0
2061583,5.45,13.0
2061596,7.1,1160.0
2062527,6.31,1475.0
2062528,6.21,1280.0
2062531,6.21,2645.0
2062532,6.32,1590.0
2062537,6.13,3220.0
2062539,5.94,3440.0
2062540,6.03,1910.0
2062541,5.92,2640.0
2062545,6.02,2735.0
2062546,6.07,1625.0
2062550,6.1,8880.0
2062551,6.18,1500.0
2069635,6.77,1600.0
2069636,6.61,3800.0
2070507,6.03,24000.0
2070508,6.19,6500.0
2070510,6.42,2800.0
2070511,6.44,1800.0
2070512,6.42,10000.0
2070513,6.33,3600.0
2070514,6.37,4400.0
2070516,5.71,13000.0
2070517,5.87,4100.0
2070519,6.77,410.0
2070526,3.77,293.0
2070528,4.69,633.0
2070538,4.75,978.0
2070539,4.27,679.0
2070540,4.38,334.0
2070636,4.52,104.33333333333333
2070783,1.24,109.0
2071789,5.15,5100.0
2071790,5.27,5100.0
2071791,5.04,8500.0
2071795,5.18,7300.0
2071797,4.79,1600.0
2072866,4.02,1500.0
2072955,6.26,21300.0
2072956,6.38,35900.0
2072957,6.44,10800.0
2072959,6.85,8400.0
2072960,6.72,12400.0
2072961,6.75,5700.0
2072962,6.72,8000.0
2072963,7.02,13400.0
2072964,7.1,31300.0
2072967,7.1,7300.0
2072968,6.51,3800.0
2072969,6.57,1900.0
2072970,6.63,2100.0
2072971,7.09,1700.0
2072972,6.46,9200.0
2072973,6.39,7000.0
2076157,3.64,73000.0
2076158,4.09,29000.0
2076159,3.54,29000.0
2076160,3.86,1400.0
2076161,3.79,1700.0
2076162,3.91,1300.0
2076163,3.69,19000.0
2076164,4.0,8900.0
2076165,3.85,3900.0
2076166,3.93,44000.0
2076169,3.69,12000.0
2076170,4.08,20000.0
2076172,4.41,240.0
2076174,3.94,58000.0
2076177,4.14,13000.0
2076178,3.82,7800.0
2076180,4.16,1300.0
2076181,4.27,2800.0
2076183,4.28,90.0
2076184,4.38,120.0
2076185,4.19,2400.0
2076186,4.26,45000.0
2076187,4.5,12000.0
2076294,4.57,19000.0
2076295,4.67,1800.0
2076296,4.04,15000.0
2076297,4.99,2700.0
2076298,3.98,1800.0
2076391,5.37,2000.0
2076392,5.36,2100.0
2076393,5.29,2300.0
2076394,5.28,2000.0
2076395,5.57,7700.0
2076396,5.85,2200.0
2076397,5.86,1500.0
2076398,5.77,1200.0
2076399,5.79,1300.0
2076400,6.22,4000.0
2076401,6.21,5200.0
2077179,5.77,34.0
2077180,5.9,18.0
2077181,5.75,1672.0
2077182,5.8,2874.0
2077183,5.84,3239.0
2077184,5.95,44.0
2077185,5.84,1836.0
2077186,5.85,4646.0
2077187,6.02,51.0
2077188,6.17,15.0
2077189,5.98,3421.0
2077190,6.06,1786.0
2077191,5.72,1872.0
2077192,5.87,40.0
2077193,5.71,1038.0
2077194,5.77,28.0
2078135,7.42,2000.0
2078136,5.94,16100.0
2078138,5.38,8000.0
2078139,5.36,12400.0
2078674,6.39,990.0
2078675,6.43,650.0
2078676,6.43,400.0
2078677,6.54,1410.0
2078678,5.21,6390.0
2080934,5.17,100.0
2080935,3.84,3810.0
2082583,4.87,17500.0
2082584,4.96,15100.0
2082585,4.89,1000.0
2082586,4.99,1060.0
2082587,5.05,55900.0
2082588,5.09,7700.0
2082589,4.77,15600.0
2082590,4.98,42000.0
2082591,4.98,25700.0
2082593,5.05,25400.0
2082594,4.93,33500.0
2082595,5.04,8280.0
2082596,4.6,9010.0
2082597,4.85,9280.0
2082598,5.19,64900.0
2082599,5.5,20200.0
2082600,5.03,31200.0
2082601,5.16,9690.0
2082602,4.93,11500.0
2082603,5.43,2180.0
2082604,5.18,110.0
2082750,5.95,94.0
2082752,5.96,194.0
2082766,6.09,5525.0
2082774,5.97,86.5
2082781,6.22,1135.0
2082790,5.97,1805.0
2082796,5.95,553.0
2082992,6.62,9980.0
2082994,6.16,4524.5
2082997,6.86,305.5
2082998,6.64,3630.5
2083000,6.52,3319.0
2084334,4.42,41000.0
2087630,6.95,580.0
2088872,3.5,590.0
2088893,5.16,3800.0
2088897,6.15,875.0
2088952,6.58,41000.0
2088953,6.93,7700.0
2088954,6.78,31000.0
2088955,6.67,20000.0
2088956,7.26,8400.0
2088957,7.27,5500.0
2088958,7.07,12000.0
2088959,6.63,2200.0
2088960,6.84,640.0
2088961,6.82,1300.0
2088962,6.72,20000.0
2088963,6.72,900.0
2088964,6.54,790.0
2088965,6.73,890.0
2088966,6.85,1200.0
2088967,6.69,2000.0
2088968,6.69,1000.0
2088969,6.64,450.0
2088970,6.53,5700.0
2088971,6.99,4800.0
2088972,6.97,1500.0
2088973,6.46,3400.0
2088974,6.7,43.0
2088975,6.87,345.0
2088976,6.86,3300.0
2088977,6.69,37.0
2088978,6.69,41.0
2088979,6.65,40.0
2088980,6.63,30.0
2088981,6.75,27.0
2088982,6.63,880.0
2089129,3.45,1520.0
2089130,3.7,210.0
2089131,5.75,30.0
2089132,6.12,50.0
2089133,6.09,30.0
2089134,6.12,30.0
2089135,6.57,20.0
2089136,6.44,40.0
2089304,5.76,400.0
2089305,5.8,240.0
2089306,5.94,430.0
2089307,5.94,180.0
2089308,5.8,220.0
2089309,5.89,52.0
2089310,5.54,390.0
2089311,5.72,90.0
2089312,5.63,290.0
2089313,5.88,250.0
2089314,5.92,150.0
2089315,5.71,150.0
2089316,5.72,190.0
2089317,5.38,65.0
2089318,5.72,1720.0
2089319,5.55,1300.0
2089320,5.64,870.0
2089321,5.34,710.0
2089322,5.71,110.0
2089323,5.79,690.0
2089643,6.91,2850.5
2089987,4.53,1668.0
2090437,4.89,50.0
2090438,5.24,50.0
2090439,5.36,50.0
2090440,5.46,50.0
2090441,5.57,50.0
2090442,5.42,50.0
2090443,5.63,50.0
2090444,5.71,50.0
2090445,5.42,50.0
2090446,5.56,50.0
2090447,5.64,50.0
2090448,5.53,50.0
2090449,5.67,50.0
2090450,5.76,50.0
2091028,5.8,13000.0
2091637,4.95,50.0
2091638,5.06,50.0
2091639,5.19,50.0
2091640,5.28,50.0
2091641,5.32,50.0
2091642,5.07,50.0
2091643,5.16,50.0
2091728,5.28,50.0
2091729,5.33,50.0
2091730,5.47,50.0
2091731,5.17,50.0
2091732,5.25,50.0
2091733,5.31,50.0
2091734,5.46,50.0
2091735,5.43,50.0
2091736,5.07,50.0
2091737,5.19,50.0
2091738,5.29,50.0
2091739,5.34,50.0
2091740,5.48,50.0
2091741,5.2,50.0
2091742,5.28,50.0
2091743,5.34,50.0
2091744,5.49,50.0
2091745,5.46,50.0
2091746,5.26,50.0
2091747,5.32,50.0
2091748,5.47,50.0
2091749,5.45,50.0
2091750,5.48,50.0
2091751,5.28,130.0
2091752,5.37,130.0
2091753,5.66,130.0
2091829,5.71,130.0
2091830,5.75,130.0
2091831,5.84,130.0
2091832,5.68,130.0
2091833,5.75,130.0
2091834,5.88,130.0
2091835,5.02,130.0
2091836,5.67,130.0
2091837,5.66,130.0
2091838,5.5,130.0
2091839,5.67,130.0
2091840,5.38,130.0
2091841,5.48,130.0
2091842,5.7,130.0
2091843,5.76,130.0
2091844,5.79,130.0
2091845,5.89,130.0
2091846,5.68,130.0
2091847,5.78,130.0
2091848,5.94,130.0
2091851,4.68,50.0
2093941,4.22,2000.0
2093942,4.45,4000.0
2093947,4.51,2500.0
2093948,5.0,1800.0
2093949,5.02,2200.0
2093950,5.04,2300.0
2093951,4.82,2800.0
2093953,5.08,3900.0
2093954,4.5,3300.0
2093955,4.78,3500.0
2093956,4.92,4200.0
2093957,4.59,2400.0
2093958,4.85,1500.0
2093959,5.65,3100.0
2093960,5.39,2600.0
2093961,5.47,3800.0
2093962,4.47,1800.0
2093963,4.5,2300.0
2093964,4.51,1900.0
2093965,4.57,1600.0
2093966,4.7,2300.0
2093967,4.76,1700.0
2093968,4.7,1500.0
2093969,4.49,10000.0
2093970,4.79,4400.0
2093972,4.62,900.0
2093973,4.5,1200.0
2094746,5.37,80.0
2095532,6.06,6520.0
2095533,6.09,3460.0
2095534,6.14,4120.0
2095535,6.18,3600.0
2095536,6.16,9300.0
2095537,5.93,4200.0
2095538,5.96,3600.0
2095539,6.04,9300.0
2095540,6.11,7500.0
2095541,6.05,5000.0
2095542,4.86,2100.0
2095543,4.64,5000.0
2095544,5.06,23.0
2095545,4.0,1400.0
2096862,5.52,4390.0
2096957,5.81,7250.0
2097101,5.58,1060.0
2097255,5.52,1500.0
2097367,5.93,11900.0
2097435,5.87,3860.0
2097534,6.05,10300.0
2097571,5.81,8970.0
2097905,5.91,17800.0
2097946,5.9,14900.0
2098063,4.73,72.5
2098080,5.93,4720.0
2098179,5.25,647.0
2098288,6.0,5560.0
2098343,5.76,759.0
2098416,3.8,40.2
2098510,6.05,11800.0
2098623,6.14,4560.0
2098663,5.98,5260.0
2098707,6.01,17800.0
2099526,7.22,27900.0
2099615,6.9,180.0
2099726,4.64,1300.0
2100960,4.25,600.0
2101612,4.12,800.0
2102706,4.67,500.0
2103137,6.3,36.0
2103161,5.74,91.0
2107263,4.71,15850.0
2107845,6.28,41450.0
2107944,5.88,511.0
2108446,6.75,2410.0
2108557,6.84,260.0
2108570,5.37,2400.0
2108685,4.14,1100.0
2110929,3.93,2640.0
2111033,4.82,600.0
2111698,4.46,3100.0
2112115,6.46,19.0
2114899,6.47,40.0
2115260,4.65,13600.0
2115465,4.85,80000.0
2116340,5.71,7.15
2117737,4.14,500.0
2118334,5.41,1750.0
2120544,2.82,400.0
2124451,3.88,48600.0
2125111,6.02,42.0
2127648,6.93,26.0
2127770,4.41,1300.0
2128326,4.12,400.0
2130350,7.19,12200.0
2130395,9.55,2.8
2133463,4.07,61500.0
2134372,6.94,120.0
2134809,4.53,48400.0
2135339,5.01,11540.77
2136724,4.11,1500.0
2139671,4.81,3400.0
2141530,5.94,143.0
2142412,3.86,54500.0
2142738,6.52,6.9
2143460,4.36,38950.0
2145155,5.15,4200.0
2145678,4.33,400.0
2146869,4.87,27300.0
2147441,2.06,20090.0
2152427,4.12,46450.0
2155732,4.66,26250.0
2159182,5.55,300.0
2159695,7.27,17500.0
2161175,3.93,43450.0
2163240,6.12,14.0
2164428,4.37,22500.0
2164946,6.93,30.0
2165457,5.51,14150.0
2167403,5.23,16380.0
2167858,6.05,54.0
2169873,3.75,97500.0
2171189,4.72,900.0
2171615,4.43,600.0
2172129,5.65,191.0
2172249,6.1,610.0
2178510,6.45,7.85
2179023,4.59,300.0
2179897,5.12,40650.0
2181049,4.68,600.0
2185046,4.29,21250.0
2186901,4.43,22300.0
2187734,4.48,10800.0
2188723,7.17,16400.0
2189720,5.37,11700.0
2190140,4.52,500.0
2190565,2.52,800.0
2192783,4.98,11.9
2199696,7.12,5.2
2199774,5.16,5.0
2199776,6.21,4020.0
2199781,3.96,2000.0
2199874,6.11,4960.0
2199987,5.92,1100.0
2200042,5.51,70.0
2200162,6.06,260.0
2200238,5.67,7780.0
2200246,4.46,822.0
2200303,6.18,5995.0
2200404,5.89,20.0
2200787,6.18,19620.0
2200909,5.36,34.0
2201008,5.0,28900.0
2201085,6.06,48.5
2201109,5.66,1760.0
2201121,7.01,1.1
2201253,6.04,13800.0
2201448,5.97,220.0
2201512,5.86,1380.0
2201635,5.28,74200.0
2201723,5.77,320.0
2201901,6.33,7100.0
2202237,6.65,5.6
2202450,5.62,6000.0
2202536,7.31,1700.0
2202654,5.72,380.0
2202721,5.15,7150.0
2202724,4.9,68000.0
2202765,7.38,1900.0
2202784,5.83,90.0
2202930,5.33,33.0
2203149,6.09,43.5
2203240,7.32,198.0
2203249,5.35,11300.0
2203486,5.19,35.0
2203601,6.5,15500.0
2203665,6.34,8700.0
2203712,5.24,20400.0
2203776,5.95,4920.0
2203910,5.96,210.0
2203972,6.34,2025.0
2204233,3.67,353.0
2204253,5.67,282.0
2204265,5.92,5990.0
2204331,3.0,3712.5
2204420,5.97,6.7
2204534,7.05,8000.0
2204578,6.92,12.2
2205000,6.54,8.85
2205409,5.8,268.0
2205544,4.52,39000.0
2205842,4.43,82.0
2206001,4.95,19000.0
2206011,6.86,4600.0
2206211,6.18,1.6
2206379,6.21,4390.0
2206493,6.18,2.92
2206545,6.75,13.5
2206747,4.85,8600.0
2206906,6.1,7500.0
2206965,2.78,960.0
2207010,5.05,65000.0
2207227,6.55,5800.0
2207444,4.97,1700.0
2207466,5.99,4420.0
2207655,4.19,396.0
2207672,6.41,31400.0
2207775,5.97,380.0
2207849,5.19,4.11
2207966,7.22,275.0
2207986,5.65,230.0
2208023,6.95,3200.0
2208295,4.43,59600.0
2208354,7.02,211.0
2208467,7.17,5750.0
2208476,6.32,1435.0
2208532,6.05,6450.0
2208753,4.75,7800.0
2208842,5.8,2000.0
2208920,5.87,13300.0
2209078,3.95,980.0
2209121,6.05,9100.0
2209264,7.23,2900.0
2209455,6.38,4080.0
2209778,5.76,1090.0
2209783,7.02,21.0
2209911,5.65,1500.0
2209921,6.83,6730.0
2209993,4.58,1900.0
2210111,5.64,50.0
2210157,6.34,3.45
2210357,5.4,945.0
2210555,7.35,7400.0
2210648,4.8,9600.0
2210741,4.95,9560.0
2211184,7.27,2300.0
2211213,6.43,2.5
2211260,5.72,8300.0
2211359,7.34,20500.0
2211389,5.65,1620.0
2211408,5.08,12310.0
2211556,4.7,33.0
2211565,4.67,47200.0
2211782,6.06,46.0
2211867,7.06,5300.0
2211875,6.0,10700.0
2212568,5.73,2180.0
2212629,7.79,9700.0
2212832,2.42,810.0
2212844,5.98,1100.0
2212892,4.97,14000.0
2213054,5.68,1140.0
2213210,6.09,1420.0
2213389,4.41,8310.0
2213555,5.28,88000.0
2213930,6.42,2.45
2214029,5.9,8.0
2214039,6.24,255.0
2214468,5.21,2.0
2214536,5.96,42.0
2214610,5.61,3900.0
2214616,7.12,4700.0
2214793,3.95,560.0
2214877,4.96,9730.0
2214977,5.73,2000.0
2215082,5.98,167.0
2215091,6.09,123.0
2215182,4.23,25.5
2215185,6.55,9.77
2215285,4.58,1900.0
2215370,7.72,1600.0
2215406,5.74,4800.0
2215425,5.35,726.0
2215501,5.03,752.5
2215568,5.18,890.0
2215717,6.81,3.7
2215749,4.03,802.0
2215805,4.41,1500.0
2216155,4.75,6200.0
2216239,5.37,4700.0
2216500,4.26,201.0
2216515,5.89,3.28
2216632,5.02,14000.0
2216712,3.17,1864.0
2216729,5.6,13000.0
2216754,6.58,4000.0
2216783,5.09,3000.0
2216827,5.62,12000.0
2216919,6.65,8680.0
2217006,4.72,97.595
2217213,6.75,1.5
2217220,4.94,324.0
2217557,6.71,68.2
2217763,5.37,30.0
2217836,4.98,40.0
2217989,6.11,90.2
2218059,6.61,5.45
2218149,7.27,4100.0
2218225,5.96,141.0
2218348,5.07,5530.0
2218860,5.59,660.0
2219191,7.21,43.0
2219559,6.87,11400.0
2219715,3.83,288.0
2219777,7.15,1350.0
2220111,4.93,826.0
2220161,6.29,6330.0
2220486,5.96,41.0
2220684,4.79,7900.0
2220764,5.94,30.0
2221001,6.42,52500.0
2221223,7.8,21700.0
2221405,5.13,702.0
2221451,6.13,180.0
2221746,6.3,3.05
2221879,6.21,7970.0
2221896,5.22,29000.0
2221922,5.71,3810.0
2221936,5.51,1900.0
2222094,4.9,1200.0
2222360,5.08,228.0
2222651,6.36,3450.0
2222927,5.51,200.0
2222980,5.53,2190.0
2222989,6.98,96.0
2223044,5.58,5550.0
2223056,4.83,472.0
2223112,6.08,49300.0
2223170,5.95,8770.0
2223179,5.71,1.2
2223263,7.23,4200.0
2223273,5.63,480.0
2223284,5.46,70.0
2223329,5.34,8900.0
2223490,6.6,2.3
2223537,5.49,288.0
2223684,6.27,9270.0
2223920,4.4,301.0
2223956,5.76,135.0
2224110,5.72,6740.0
2224642,5.13,9800.0
2224884,7.52,94.0
2225125,5.27,25000.0
2225213,6.19,20000.0
2225313,6.27,145.0
2225351,5.68,5080.0
2225374,5.81,4.04
2225546,5.48,3325.0
2225792,6.16,245.0
2225836,6.95,7.2
2225948,6.04,3.87
2226040,7.08,28600.0
2226272,5.32,12500.0
2226412,6.16,21400.0
2226413,6.56,3400.0
2226498,4.26,17100.0
2226877,6.32,5.55
2226986,6.6,9300.0
2227168,5.96,2420.0
2227491,5.97,70.0
2227657,7.15,225.0
2227704,6.21,4560.0
2228039,5.16,5.0
2228041,6.28,4210.0
2228107,6.21,2160.0
2228140,5.58,26900.0
2228228,3.86,6670.0
2228331,6.94,100.0
2228464,5.81,530.0
2228640,5.51,130.0
2228705,5.79,870.0
2228815,5.99,254.05
2229080,3.56,1484.0
2229086,5.37,5.0
2229170,5.7,835.0
2229210,5.9,17000.0
2229425,5.82,16420.0
2229491,7.09,19.0
2229556,6.18,5020.0
2229593,7.02,8800.0
2229602,5.75,5785.0
2229654,5.8,1140.0
2229719,5.34,56000.0
2229784,4.86,2930.0
2229922,3.72,3600.0
2230310,5.25,8000.0
2230711,6.76,4700.0
2230715,5.9,30.0
2230771,5.74,590.0
2230775,5.54,100.0
2230779,7.0,111.0
2230788,4.99,7200.0
2230839,5.35,58.0
2231443,6.46,45000.0
2231717,6.51,4.8
2231906,5.7,2800.0
2232146,5.35,10600.0
2232282,5.83,5130.0
2232576,5.74,5630.0
2232645,7.71,46.0
2232745,6.85,2.85
2233072,5.85,119.0
2233088,5.11,5800.0
2233285,6.81,8780.0
2233530,5.27,815.0
2233577,4.95,26000.0
2233585,7.13,99.0
2233590,5.7,10500.0
2233683,6.51,78700.0
2233732,6.88,7100.0
2233772,4.11,8761.0
2233880,6.08,5330.0
2233913,4.3,1500.0
2234013,6.1,7810.0
2234031,5.89,21.8
2234052,5.09,8500.0
2234180,4.5,790.0
2234181,5.25,19000.0
2234565,6.81,1500.0
2234685,6.62,9300.0
2235311,6.03,3250.0
2235354,7.22,180.0
2235411,5.74,8000.0
2235492,6.21,145.0
2235500,3.93,807.0
2235541,5.64,91.0
2235684,7.82,7100.0
2235880,4.98,16.0
2235930,5.68,13620.0
2236115,6.91,9.1
2236183,5.48,1980.0
2236335,7.3,6700.0
2236515,5.77,30.0
2236830,6.55,33900.0
2236909,6.26,1780.0
2237033,7.79,13.0
2237134,7.07,12200.0
2237213,7.21,30.0
2237226,5.88,10000.0
2237325,6.33,1410.0
2237358,5.77,8480.0
2237725,5.31,6510.0
2237800,7.22,360.0
2237950,3.13,1016.0
2238007,5.74,290.0
2238138,4.96,896.0
2238202,6.27,3210.0
2238229,7.25,2900.0
2238436,5.55,20.0
2238520,6.06,39.0
2238582,3.92,24600.0
2238639,5.82,1090.0
2238648,5.36,2.0
2238798,5.51,20.0
2239207,6.64,2500.0
2239394,6.09,39.5
2239457,6.89,5.8
2239498,3.9,9788.0
2239549,5.87,3544.5
2239749,6.6,2.2
2239769,5.34,4130.0
2239933,5.5,3900.0
2240130,5.19,10.0
2240136,6.47,23000.0
2240264,5.91,213.5
2240307,5.98,3970.0
2240379,5.16,107.0
2240414,5.78,5530.0
2240789,5.9,902.0
2240797,5.89,118.0
2240909,5.51,30.0
2241053,5.16,97.0
2241088,6.13,220.0
2241186,5.11,10.0
2241233,6.06,44.5
2241263,5.11,85300.0
2241310,7.33,9900.0
2241516,6.02,3.5
2241730,6.47,59.6
2241783,4.03,2200.0
2241910,4.82,806.0
2241996,4.51,5100.0
2242091,5.19,80.0
2242323,6.32,81.8
2242425,7.16,9400.0
2242481,5.64,50.0
2242603,5.47,690.0
2243030,4.3,3100.0
2243244,5.98,138.0
2243417,3.31,1907.0
2243448,5.65,22250.0
2243718,4.83,81900.0
2243760,6.97,860.0
2243812,6.9,1800.0
2243943,6.57,1.95
2244162,6.99,9.38
2244307,6.11,13100.0
2244395,4.9,10000.0
2244466,6.08,269.0
2244584,6.56,2900.0
2244620,5.4,61100.0
2244740,7.78,474.0
2244750,6.23,3.11
2244841,6.47,9300.0
2245027,6.02,1185.0
2245044,5.96,5.99
2245087,5.58,21320.0
2245251,6.13,35500.0
2245419,5.85,37000.0
2245508,6.56,7400.0
2245539,7.6,370.0
2257442,5.22,1755.0
2257536,7.3,2270.0
2257574,6.87,240.0
2257612,5.43,44330.0
2257691,6.67,33.0
2257821,6.02,50.0
2257977,5.86,187.0
2257994,5.71,1360.0
2258083,4.73,520.0
2258168,6.9,350.0
2258179,5.21,910.0
2258206,7.29,2260.0
2258252,6.78,0.82
2258259,5.86,1432.0
2258317,5.56,84.0
2258386,6.89,8280.0
2258491,5.17,25.0
2258541,6.85,1350.0
2258669,6.71,5.3
2258673,5.43,2623.0
2258911,7.41,3110.0
2259019,5.64,424.0
2259051,4.63,935.0
2259093,6.35,1.1
2259172,5.88,708.0
2259202,5.99,46.0
2259351,5.88,29.0
2259409,6.12,434.5
2259467,6.84,230.0
2259493,5.34,3470.0
2259622,6.97,1840.0
2259644,6.71,3.0
2259653,5.82,1484.0
2259682,4.64,1490.0
2259693,5.87,728.0
2259759,6.75,15.0
2259766,6.76,8600.0
2260123,5.82,203.0
2260199,4.54,12890.0
2260272,7.18,10800.0
2260407,5.81,265.0
2260413,7.1,20300.0
2260484,6.81,4.2
2260561,5.72,6180.0
2260593,6.66,2720.0
2260650,5.44,122.0
2260734,5.01,745.0
2260811,6.1,355.0
2260888,5.56,3668.0
2260927,5.38,12100.0
2261005,6.37,0.84
2261012,6.9,4380.0
2261065,4.8,37050.0
2261104,5.06,35.0
2261115,5.31,719.0
2261120,5.49,496.0
2261138,6.82,6.4
2261262,5.25,147.0
2261295,5.82,1015.0
2261486,7.31,19000.0
2261612,5.55,84.0
2261636,7.21,7600.0
2261802,6.48,5300.0
2261941,6.76,7.1
2261953,6.35,6980.0
2262198,5.22,1190.0
2262205,3.63,3600.0
2262410,4.73,647.0
2262553,6.13,4500.0
2262559,4.77,1110.0
2262608,6.63,285.5
2262683,6.78,503.5
2262704,6.51,4665.0
2263062,4.37,2800.0
2263186,5.84,95000.0
2263532,4.39,7420.0
2263561,6.38,11800.0
2263680,5.1,4730.0
2263742,7.07,1.4
2263860,4.2,24000.0
2264140,3.53,89000.0
2264221,5.99,11300.0
2264270,4.79,4800.0
2264453,4.25,2800.0
2264459,2.98,93000.0
2264464,5.21,375.0
2264509,4.98,1000.0
2264528,6.69,1910.0
2264610,6.57,1400.0
2264750,5.44,240.0
2264852,4.74,12100.0
2264869,7.06,2300.0
2264938,4.39,23000.0
2265039,6.18,15820.0
2265055,5.53,11900.0
2265064,5.54,400.0
2265147,6.51,5700.0
2265273,6.73,7395.0
2265657,4.08,5860.0
2265663,5.66,6.8
2265745,6.11,40700.0
2265967,6.81,53.7
2265995,6.5,8235.0
2266059,6.7,77.0
2266060,4.01,2860.0
2266128,5.77,27100.0
2266194,5.58,3000.0
2266383,6.74,831.4
2266397,6.1,7960.0
2266405,6.25,114.4
2266463,6.78,1571.5
2266771,5.88,500.0
2266834,6.05,76700.0
2266894,3.02,7300.0
2266919,6.64,337.1
2266961,2.2,61000.0
2267012,5.75,22900.0
2267081,5.2,110.0
2267401,5.59,3760.0
2267662,3.48,400.0
2267693,5.08,12301.345
2267813,5.89,3200.0
2267929,5.02,1300.0
2267948,6.66,175.3
2268032,6.85,2700.0
2268041,6.35,17700.0
2268068,5.23,32200.0
2268107,4.67,4900.0
2268186,5.23,3960.0
2268372,4.25,24000.0
2268409,5.56,6.8
2268459,5.54,7550.0
2268512,5.7,270.0
2268518,5.88,3000.0
2268827,7.03,110.0
2268907,5.58,15600.0
2268917,5.46,170.0
2268955,6.13,20400.0
2269001,5.28,9900.0
2269005,4.76,2100.0
2269167,6.1,10300.0
2269187,6.23,9500.0
2269190,5.75,4000.0
2269368,5.7,17200.0
2269371,7.17,9700.0
2269500,6.64,5275.5
2269501,5.45,8000.0
2269532,6.35,7860.0
2269658,6.54,2600.0
2269775,6.66,8265.0
2269834,6.63,130.7
2269840,6.34,10380.0
2269917,6.86,1741.0
2270045,6.27,3400.0
2270111,5.09,4560.0
2270384,4.52,5800.0
2270462,4.96,1510.0
2270637,3.58,13000.0
2271051,5.91,1325.0
2271144,4.06,5790.0
2271151,5.86,20800.0
2271213,5.6,75400.0
2271359,6.84,139.0
2271361,4.86,400.0
2271447,5.25,22900.0
2271535,6.63,3000.0
2271559,4.56,260.0
2271601,5.28,140.0
2271776,5.44,2150.0
2271860,6.64,830.1
2271906,6.35,16080.0
2271948,4.35,7700.0
2272175,4.25,5950.0
2272191,5.09,7900.0
2272270,3.27,4100.0
2272322,5.89,3200.0
2272347,5.33,420.0
2272437,4.34,2400.0
2272438,5.09,61.33
2272614,6.14,20400.0
2272617,3.58,6770.0
2272788,7.13,20000.0
2272926,5.24,7520.0
2272960,6.22,12240.0
2273072,6.54,1400.0
2273237,6.81,425.8
2273316,6.7,498.0
2273676,6.02,31100.0
2273981,5.07,2175.0
2274138,3.8,6670.0
2274285,6.42,237.4
2274311,6.44,140.9
2274360,6.81,1684.0
2274504,5.58,12900.0
2274591,5.07,13600.0
2274602,4.06,2800.0
2274649,5.88,5000.0
2274774,3.94,9900.0
2274814,6.96,9.0
2274891,3.33,4720.0
2274953,5.08,370.0
2274989,4.42,3420.0
2275224,6.08,102.0
2275225,6.74,1800.0
2275235,6.35,10400.0
2275290,5.86,190.0
2275313,4.33,6700.0
2275382,5.48,120.0
2275576,5.1,6200.0
2275709,6.0,7200.0
2275730,5.68,8100.0
2275740,5.89,460.0
2275854,6.26,354.8
2275870,5.44,930.0
2275990,3.21,10500.0
2275996,6.13,60500.0
2276120,5.96,7200.0
2276349,6.69,355.4
2276359,5.52,91.9
2276377,6.11,100.0
2276416,2.71,39000.0
2276450,4.23,10500.0
2276679,6.73,58.7
2276697,6.48,3540.0
2276731,5.48,2.9
2276762,6.81,2424.0
2276801,5.42,23500.0
2276829,5.25,13200.0
2276837,5.51,210.0
2276855,3.56,2800.0
2276915,5.09,7300.0
2276968,1.97,93000.0
2277107,6.08,16300.0
2277212,2.74,42000.0
2277408,3.86,3660.0
2277500,6.4,6000.0
2277665,5.88,22200.0
2277732,6.73,151.7
2277753,7.13,3815.0
2277763,6.11,172.1
2277902,3.52,2800.0
2277931,6.44,6500.0
2278143,4.42,14300.0
2278368,5.64,22100.0
2278617,3.56,6970.0
2278726,4.96,9200.0
2278794,5.32,640.0
2278970,6.92,2850.0
2279025,5.59,7.3
2279067,5.62,46300.0
2279077,6.88,540.0
2279117,5.55,570.0
2279127,5.94,2000.0
2279206,6.55,3003.5
2279208,4.72,1300.0
2279355,4.71,3990.535
2279386,3.37,3850.0
2279393,6.55,3200.0
2279572,5.91,24200.0
2279614,5.06,1900.0
2279618,3.97,5400.0
2279639,6.61,2480.0
2279716,6.43,1909.0
2279742,5.73,150.0
2279758,5.93,84150.0
2280125,6.28,6960.0
2280156,6.25,13990.0
2280188,5.43,120.0
2280210,3.36,2800.0
2280347,3.76,7690.0
2280410,6.73,7175.0
2280470,6.26,11400.0
2280928,5.61,5322.0
2280962,5.78,260.0
2280966,4.38,371.0
2281018,7.36,12.0
2281055,5.69,11800.0
2281166,5.67,266.4
2281262,5.74,588.0
2281301,5.55,58.0
2281442,5.35,574.0
2281455,5.44,6527.0
2281477,5.88,11700.0
2281493,3.7,1000.0
2281591,5.85,12140.0
2281889,5.05,19.0
2281992,5.89,13700.0
2282004,5.28,2670.0
2282076,5.7,95.5
2282081,5.53,133.0
2282110,5.76,17300.0
2282239,1.04,9900.0
2282447,5.34,92.0
2282454,5.23,1000.0
2282500,1.56,15900.0
2282643,4.59,3400.0
2282844,5.49,394.0
2282936,4.46,3400.0
2283067,6.05,44100.0
2283091,6.03,62.0
2283142,5.23,50.0
2283167,8.21,0.6
2283179,5.19,6740.0
2283247,6.03,6848.0
2283589,6.04,62.0
2283641,5.23,29.0
2283753,5.98,1090.0
2283842,5.35,140.0
2283921,1.29,15400.0
2284074,6.52,57620.0
2284153,5.74,33200.0
2284199,4.62,3220.0
2284246,7.6,12.0
2284247,5.97,6050.0
2284310,5.91,3956.0
2284376,4.39,13.0
2284467,5.86,2400.0
2284528,4.97,3040.0
2284641,7.27,12.0
2284934,5.37,25.0
2285013,5.19,55.0
2285058,5.74,2500.0
2285104,5.69,10040.0
2285248,5.83,612.0
2285279,5.45,39.4
2285312,5.5,1920.0
2285388,4.88,53.0
2285451,5.69,37000.0
2285627,4.68,3500.0
2285764,5.05,829.0
2285782,4.62,3600.0
2285919,5.35,234.0
2286112,5.95,78.6
2286137,5.96,481.0
2286143,3.77,455.0
2286261,5.29,11000.0
2286348,7.86,0.4
2286355,4.98,82500.0
2286487,6.15,62.0
2286498,5.82,2500.0
2286506,5.58,85.0
2286522,4.45,420.0
2286540,5.72,111.0
2286640,7.32,12.0
2286780,7.53,12.0
2286826,5.62,35000.0
2286833,4.71,3460.0
2286892,4.57,23700.0
2286982,6.42,29610.0
2287033,7.47,12.0
2287036,5.11,16500.0
2287038,5.82,384.0
2287464,5.93,351.0
2287547,7.88,0.8
2287588,1.68,52700.0
2287617,5.92,6280.0
2287636,5.17,22000.0
2287696,2.89,25600.0
2287822,1.84,78800.0
2287835,6.48,13590.0
2287895,7.42,12.0
2287970,6.03,62.0
2288129,5.75,8287.0
2288165,5.44,46.5
2288620,6.04,8900.0
2288678,5.81,6178.0
2288686,4.28,3580.0
2288711,6.98,3500.0
2288831,5.78,12400.0
2289247,5.55,15900.0
2289337,4.7,3500.0
2289356,5.72,20000.0
2289629,5.03,1670.0
2289674,5.76,46.5
2289680,5.17,670.0
2289758,5.7,9000.0
2289918,5.75,2500.0
2289968,5.99,1750.0
2290091,7.11,12.0
2290153,5.2,240.0
2290273,5.54,75000.0
2290292,6.29,25000.0
2290728,6.94,10000.0
2290746,5.38,533.0
2290929,5.12,416.0
2290965,5.51,2720.0
2291028,5.51,1950.0
2291291,5.88,50500.0
2291299,7.04,8000.0
2291345,5.94,67.5
2291422,6.09,62.0
2291431,5.81,2500.0
2291459,5.36,55200.0
2291495,1.76,16200.0
2291624,7.63,760.0
2291770,5.23,2245.0
2291831,4.75,14300.0
2291854,6.03,62.0
2291946,5.2,19000.0
2292055,6.0,105.1
2292395,8.21,0.3
2292442,7.87,0.75
2292474,5.54,7300.0
2292603,1.73,17900.0
2292956,5.84,66.0
2293099,5.26,172.0
2293507,5.46,63.0
2293669,5.82,9200.0
2293789,5.66,14400.0
2294089,2.87,900.0
2294130,5.22,2610.0
2294213,5.98,9200.0
2294366,6.1,2360.0
2294427,5.03,420.0
2294547,6.53,10390.0
2294579,7.07,3600.0
2294596,5.39,58.0
2294646,5.26,712.0
2294890,6.1,2080.0
2294925,4.49,23750.0
2295080,7.27,17.0
2295305,6.07,62.0
2295306,5.18,28.0
2295360,5.2,29.0
2295381,4.45,430.0
2295524,5.36,857.0
2295551,5.46,4642.0
2295774,6.08,200.0
2295777,5.39,1000.0
2296545,5.47,473.0
2296668,5.36,40580.0
2296713,6.01,185.0
2296755,4.99,189.0
2296785,5.91,62.0
2296788,5.96,1400.0
2296791,4.69,24000.0
2296812,1.91,11100.0
2296863,7.84,0.85
2296939,5.71,390.9
2296941,5.88,8142.0
2298023,6.2,1400.0
2299861,6.11,3.7
2300502,5.3,28300.0
2300960,5.96,0.064
2301025,5.74,9750.0
2303105,5.0,20200.0
2303348,4.83,7900.0
2304077,4.86,26400.0
2304855,4.65,29600.0
2306709,6.0,6810.0
2307278,5.01,17400.0
2308083,4.99,8300.0
2308539,4.47,31500.0
2309227,5.51,14940.0
2309698,5.6,1610.0
2309809,5.41,5400.0
2313607,5.33,8800.0
2314267,5.5,17740.0
2314637,4.82,51700.0
2314689,4.99,26600.0
2315476,4.94,29800.0
2316051,5.93,16080.0
2316281,6.02,632.0
2316345,5.15,161.0
2316363,5.33,2000.0
2316753,6.2,4615.0
2317516,5.78,205.0
2317583,4.91,1201.13
2317595,5.35,45.5
2317697,6.44,3450.0
2317793,5.16,5200.0
2317892,5.17,1997.63
2317900,5.22,14.0
2317975,5.69,76.0
2318003,5.74,77.0
2318298,6.28,93.0
2318347,5.87,4100.0
2318370,5.99,72.0
2318703,4.61,42000.0
2318750,5.33,19100.0
2318774,6.0,15100.0
2319041,5.98,241.0
2319189,5.72,49.0
2319393,5.8,178.0
2319569,5.18,18150.0
2319830,5.24,12301.345
2320559,5.73,1087.0
2320562,5.27,570.0
2320565,5.73,144.0
2320895,5.67,107.0
2320967,5.3,71.0
2321034,4.96,15067.805
2321041,2.07,23700.0
2321134,3.82,8500.0
2321221,5.88,231.0
2321352,5.0,5497.705
2321466,5.8,69.0
2321478,5.76,290.0
2321486,6.9,18400.0
2321618,5.71,29.0
2321774,5.82,8200.0
2321828,5.96,67.0
2321984,6.18,13060.0
2322054,5.51,470.0
2322204,5.48,8400.0
2322500,5.61,37.0
2322541,5.87,148.0
2322664,5.53,8700.0
2322862,5.75,94.0
2322926,5.94,61.0
2323230,5.99,57.0
2323322,6.51,13600.0
2323556,5.91,235.0
2323894,6.29,30.0
2324005,5.14,5800.0
2324395,5.47,280.0
2324456,4.94,64282.71
2324657,6.62,4215.0
2324823,7.6,1000.0
2324840,6.19,57000.0
2324956,7.25,130.0
2325176,5.36,18800.0
2325232,5.76,37.8
2325377,5.88,19760.0
2325435,5.73,222.0
2325584,5.52,9800.0
2325608,6.44,6000.0
2325628,6.2,28845.0
2325706,4.89,3400.0
2325800,5.24,7222.18
2325846,5.77,130.0
2325916,5.98,237.0
2326030,5.3,4600.0
2326212,6.29,247.0
2326213,5.6,140.0
2326275,5.93,62.0
2326316,5.74,78.0
2326622,5.8,191.0
2326627,5.66,20800.0
2326927,6.03,1120.0
2326984,5.4,77.0
2327091,5.17,203.0
2327845,5.56,12500.0
2328123,5.34,1344.48
2328854,5.09,215.0
2329013,5.69,11700.0
2329024,7.55,520.0
2329090,5.96,2090.0
2329152,6.28,4470.0
2329282,6.57,63000.0
2329340,5.8,74.0
2329398,5.53,9900.0
2329453,3.05,8200.0
2329533,4.06,5800.0
2329618,6.11,41.0
2329699,5.64,955.0
2329746,6.0,4305.0
2329827,5.32,4700.0
2329854,5.8,7000.0
2329900,5.62,56.0
2329954,6.21,4105.0
2330039,5.85,197.0
2330348,5.98,449.0
2330411,6.01,82.0
2330514,5.36,7800.0
2330701,5.44,490.0
2330923,6.19,1760.0
2331027,5.98,242.0
2331192,5.57,1367.0
2331196,5.82,47.0
2331426,5.77,248.0
2331488,6.39,4245.0
2331521,5.81,369.0
2331904,6.1,268.0
2332259,5.5,126.0
2332315,4.96,1206.13
2332366,5.49,14200.0
2332604,5.22,1294.125
2332646,5.66,108.0
2332650,5.91,56.0
2332725,5.8,80.0
2333093,6.02,162.0
2333108,5.85,37.0
2333134,5.87,137.0
2333265,4.99,15800.0
2333444,5.83,330.0
2333491,5.53,8400.0
2333731,5.8,174.0
2333895,5.47,5200.0
2333922,5.87,4000.0
2334110,5.82,160.0
2334176,5.93,173.0
2334216,5.73,77.0
2334551,6.06,300.0
2334593,3.56,3300.0
2341690,5.23,1080.0
2341705,5.16,29100.0
2341765,5.73,1150.0
2341883,5.04,33000.0
2342273,5.09,195.0
2342319,5.15,54800.0
2342416,6.65,1119.44
2342578,4.39,12000.0
2342959,4.98,14.2
2343110,3.99,265.0
2343431,6.05,96.08
2343613,5.98,25.0
2343669,6.54,719.45
2343696,4.49,2500.0
2343853,6.12,334.85
2344043,6.17,1100.0
2344270,6.51,66.99
2344281,5.04,3260.0
2344489,5.24,20540.0
2344589,5.46,1010.0
2344686,5.19,9600.0
2344987,4.62,2700.0
2345175,6.36,3200.0
2345238,5.3,140.0
2345346,7.49,1.4
2345378,6.52,1258.93
2345418,4.61,8400.0
2345679,5.06,1800.0
2345735,5.28,180.0
2345745,6.06,230.0
2345919,5.25,81000.0
2345995,5.08,31.0
2346180,5.89,740.0
2346328,4.77,4970.0
2346415,5.9,270.0
2347241,5.07,44700.0
2347343,3.88,5060.0
2347631,5.68,52.99
2347779,5.95,7900.0
2347781,5.74,4710.0
2348243,5.93,810.0
2348275,5.89,4530.0
2348636,5.17,4090.0
2348857,5.91,600.0
2349264,4.78,230.0
2349288,6.06,138.2
2349510,5.92,39.8
2349593,5.74,822.0
2350014,6.16,41.13
2350259,5.41,2260.0
2350462,6.36,561.0
2350644,5.67,520.0
2350909,5.84,330.0
2350935,6.14,5475.0
2351252,4.41,0.19
2351295,5.57,88.0
2351318,4.66,800.0
2351515,5.3,11000.0
2351689,5.19,203.0
2351713,6.76,0.18
2351739,6.68,920.45
2351789,6.07,33.5
2352317,6.61,839.46
2352390,6.0,7740.0
2352563,5.92,89.0
2352592,5.72,1300.0
2352616,7.49,2.8
2352836,5.86,468.5
2352894,5.61,508.0
2353050,6.68,839.46
2353156,5.0,208.0
2353333,5.83,1130.0
2353406,5.7,357.5
2353804,6.35,3590.0
2353919,4.86,1950.0
2354027,5.31,3340.0
2354201,6.26,4600.0
2354453,5.23,240.0
2354627,6.75,3600.0
2354667,4.68,900.0
2354891,5.76,64050.0
2355161,5.35,1490.0
2355257,5.4,74.0
2355414,3.85,15800.0
2355778,4.66,8300.0
2355921,5.92,161.75
2356155,4.84,24100.0
2356250,6.08,5.0
2356427,8.03,27000.0
2356633,4.67,14440.0
2356679,5.97,7740.0
2356748,4.92,9600.0
2357019,5.56,1300.0
2357452,5.47,8740.0
2357787,6.36,56.2
2358086,6.18,20.14
2358103,6.28,6600.0
2358625,5.54,871.0
2359075,5.8,59.0
2359183,4.64,19600.0
2359365,5.34,280.0
2359610,5.64,541.0
2360257,4.92,3270.0
2360484,5.4,170.0
2360517,5.46,4420.0
2360537,5.67,2330.0
2360662,4.95,1700.0
2360691,5.84,80.0
2360817,3.91,13400.0
2361307,5.72,110.0
2361427,6.21,12000.0
2361589,5.84,562.4
2361901,5.4,34.0
2361918,4.92,1600.0
2361993,5.17,6110.0
2362039,6.5,1900.0
2362161,6.33,8100.0
2362383,7.89,161.2
2362540,6.32,49.2
2362662,6.55,1300.0
2363349,5.12,4990.0
2363354,4.86,968.0
2363705,7.76,110.5
2363710,5.66,1670.0
2363904,6.58,1051.96
2364068,5.56,6720.0
2364356,5.66,80.0
2364783,6.37,31.9
2364838,6.47,17200.0
2364888,7.91,50.2
2365076,5.4,1800.0
2365112,4.76,15000.0
2365267,6.0,148.6
2365318,5.71,3810.0
2365521,5.61,1160.0
2365565,5.67,1680.0
2365823,5.22,8790.0
2365930,5.31,212.0
2366211,5.02,1100.0
2366232,5.02,130.0
2366282,5.76,1620.0
2366306,6.57,680.77
2366679,6.56,1011.58
2366942,6.31,2300.0
2367404,5.65,7740.0
2367769,5.34,207.0
2368468,5.45,20300.0
2368563,5.85,7380.0
2368831,5.59,5900.0
2369027,6.55,1100.0
2369098,4.43,19000.0
2369672,5.72,50.0
2370029,5.56,5280.0
2370099,5.83,376.0
2370524,5.93,600.0
2370561,4.85,100.0
2370592,5.71,7740.0
2370601,4.84,350.0
2370607,5.56,270.0
2370838,6.61,7500.0
2371824,6.03,67.5
2372028,4.68,680.0
2372834,5.59,1500.0
2372902,4.19,12709.0
2373235,5.76,4560.0
2373837,5.26,10200.0
2373895,4.38,14100.0
2374043,5.14,153.0
2374093,4.53,755.0
2374414,5.59,37690.0
2374488,4.18,29100.0
2374667,5.58,1940.0
2375052,5.21,1200.0
2375118,6.56,719.45
2375208,5.24,2140.0
2375279,5.01,780.0
2375551,5.21,280.0
2375682,5.63,40.73
2375686,6.55,1279.38
2375879,6.16,66.01
2376054,4.52,99000.0
2376161,5.93,83.0
2376259,5.83,600.0
2376605,5.27,79.4
2376608,5.36,2600.0
2376931,6.37,5500.0
2376937,4.9,960.0
2377158,5.75,33.6
2377205,6.37,1279.38
2377327,5.89,75.1
2377373,4.88,250.0
2377724,6.06,220.0
2377872,3.98,5400.0
2378144,4.59,16000.0
2378326,5.04,123.35
2378342,5.24,102.0
2378546,5.43,8930.0
2378558,5.32,640.0
2378765,6.81,7000.0
2378857,4.47,28000.0
2378907,5.66,325.5
2379152,6.05,506.0
2379353,5.89,12580.0
2379757,6.09,84.24
2379774,5.14,270.0
2379860,6.61,719.45
2379901,6.66,7900.0
2380651,6.03,7130.0
2380944,4.69,2520.0
2380960,6.12,437.85
2380971,5.96,2342.0
2381151,5.5,7120.0
2381168,0.62,45.0
2381410,4.25,3203.71
2381420,6.19,2600.0
2381634,6.41,18000.0
2382075,4.8,720.0
2382117,5.68,4620.0
2382298,5.59,1.1
2382668,5.48,6130.0
2382968,5.96,350.0
2383046,4.91,900.0
2383063,5.15,25.2
2383151,6.87,61300.0
2383306,5.25,5300.0
2383552,6.64,1520.55
2384328,5.11,11300.0
2384357,5.87,53.29
2384481,4.78,280.0
2384519,4.75,890.0
2384535,5.26,140.0
2384598,4.83,690.0
2384610,4.21,410.0
2385420,5.64,29000.0
2385542,4.06,15.0
2385602,4.58,1340.0
2385942,5.8,3640.0
2386240,6.88,4810.0
2386599,5.25,600.0
2386823,4.72,8400.0
2386978,6.45,6600.0
2387161,6.54,66.99
2387296,5.01,18000.0
2387358,5.56,146.56
2387364,5.63,1200.0
2387575,5.23,890.0
2387904,5.2,190.0
2388131,4.9,2000.0
2388277,5.15,150.0
2388722,5.65,5300.0
2389202,4.27,1300.0
2389208,3.96,1436.0
2389459,5.51,1200.0
2389520,4.95,360.0
2389608,4.36,7786.0
2390335,4.52,7400.0
2390378,5.88,3620.0
2390575,5.24,4420.0
2390725,5.74,4980.0
2391028,5.25,23900.0
2391161,6.57,779.83
2391786,4.65,13.0
2392531,4.6,1410.0
2392713,4.6,4300.0
2392965,5.38,88.0
2393054,5.94,96.0
2393288,4.88,98.0
2393310,5.82,59.7
2393411,5.94,5520.0
2394006,5.64,7740.0
2394114,4.17,2082.0
2394408,4.83,58.0
2394458,6.31,80.0
2395163,6.08,6220.0
2396387,5.66,1590.0
2396928,5.71,340.0
2397410,5.81,98.9
2397741,5.87,38.0
2397989,6.76,3230.0
2398337,5.28,7200.0
2398464,5.96,2730.0
2398549,5.35,1810.0
2399541,5.06,3150.0
2399954,5.26,4400.0
2401403,5.64,847.0
2401725,5.64,5990.0
2402193,5.1,213.0
2402379,3.6,22.0
2402398,5.78,252.0
2403028,4.32,22000.0
2403176,6.19,11.5
2403587,4.44,11000.0
2403629,5.51,55.99
2403774,5.19,2500.0
2404358,4.28,31500.0
2404449,4.53,5200.0
2404588,5.96,19000.0
2404612,5.95,3110.0
2404883,5.08,58000.0
2404914,3.76,1100.0
2404964,5.19,8800.0
2405283,6.28,600.0
2405341,5.23,1000.0
2405352,5.8,5600.0
2405920,3.69,760.0
2406144,5.41,80.0
2406148,6.2,12800.0
2406823,4.95,58.0
2406864,4.8,460.0
2406909,5.2,130.0
2406926,6.37,4100.0
2406935,6.57,1238.8
2407261,6.77,52400.0
2407263,4.71,3000.0
2407492,4.97,83.0
2407633,6.75,53700.0
2407774,5.6,4710.0
2407953,5.67,3200.0
2408053,5.64,774.0
2408312,4.76,2370.0
2409345,5.91,600.0
2409370,6.32,120.4
2409987,4.39,9000.0
2410286,4.44,750.0
2410352,4.73,31700.0
2410825,5.92,191.0
2410925,3.79,91.0
2411292,6.77,55000.0
2412150,4.84,22700.0
2412805,6.65,719.45
2412930,5.1,422.4
2413164,4.8,160.0
2413576,6.31,458.5
2413965,5.91,45.0
2414137,5.87,2020.0
2414179,6.17,3968.0
2414274,5.84,42.7
2414275,6.61,879.02
2415098,4.47,10149.0
2415115,5.43,3180.0
2415345,5.87,8600.0
2416291,5.82,610.0
2416626,6.19,5250.0
2416966,6.42,14600.0
2417371,6.33,15000.0
2417840,3.29,200.0
2417854,4.84,1194.0
2418186,5.08,590.0
2418235,6.22,66.9
2418546,5.3,380.0
2418560,6.2,19000.0
2418622,6.06,129.8
2418948,5.07,1231.0
2419360,3.36,2200.0
2419453,6.69,699.84
2419579,3.64,951.0
2419717,5.33,840.0
2419891,5.16,5500.0
2420734,5.69,54.0
2420925,4.75,900.0
2421183,5.63,14.2
2421567,5.21,630.0
2421604,5.47,410.0
2421703,4.84,69.0
2422031,4.69,420.0
2422289,6.96,50000.0
2422536,5.84,600.0
2422620,4.31,12700.0
2423428,5.44,230.0
2424346,6.49,7700.0
2424554,4.16,18100.0
2424607,5.68,10090.0
2424736,6.29,1000.0
2424741,5.51,5620.0
2425372,7.0,50000.0
2425439,5.62,8780.0
2425475,4.69,1400.0
2425502,5.23,2480.0
2425751,6.08,121.1
2426033,7.4,112.5
2426062,5.3,580.0
2426100,6.58,1200.0
2426106,6.43,146.0
2426180,5.27,110.0
2426563,5.84,280.0
2426665,4.34,1760.0
2426898,5.83,1600.0
2427326,5.38,2600.0
2427384,3.83,395.0
2427972,5.14,2180.0
2428312,4.69,8100.0
2428979,5.57,640.0
2428982,6.09,4270.0
2429149,5.95,480.0
2430094,6.18,15.45
2430216,4.02,610.0
2430561,6.53,6300.0
2430600,4.26,73000.0
2430705,5.39,2360.0
2430817,4.27,1565.0
2430894,4.85,80.0
2431219,4.7,260.0
2431624,3.93,2400.0
2431868,4.86,2900.0
2432074,6.12,480.0
2432201,3.97,120.0
2432294,4.68,86.0
2432588,5.19,1500.0
2432609,5.71,837.0
2433066,5.27,452.0
2433311,4.89,350.0
2433482,4.56,19830.0
2434066,4.18,200.0
2434328,5.74,990.0
2434348,4.9,10030.0
2434702,5.42,8110.0
2434869,5.99,51.2
2434881,4.9,910.0
2435294,5.76,21000.0
2435597,7.0,22000.0
2435942,6.07,37.85
2436069,6.74,0.22
2436587,5.32,460.0
2436955,6.07,237.47
2437526,5.29,83.0
2437642,6.52,779.83
2437756,6.25,20.0
2437896,6.36,12000.0
2437995,6.19,7120.0
2438754,4.26,1258.93
2438813,4.62,4700.0
2438818,4.26,2.2
2439801,5.06,1410.0
2439808,4.5,100000.0
2440170,5.66,1880.0
2441130,5.97,5640.0
2441607,5.13,290.0
2441805,6.76,46900.0
2442060,5.41,4570.0
2442142,3.71,22300.0
2442208,4.37,37000.0
2442316,3.88,33.0
2442827,5.02,7600.0
2443227,5.57,16000.0
2444649,4.55,39.0
2444737,6.25,250.0
2444793,3.45,26.0
2445174,4.2,3360.0
2445271,5.93,52.5
2445453,6.38,310.0
2445629,5.92,10900.0
2446384,6.0,10200.0
2446615,5.56,2980.0
2446714,5.59,9300.0
2446829,6.1,36.5
2447103,5.27,450.0
2447715,5.27,4220.0
2447746,5.24,24000.0
2447919,5.29,340.0
2447982,4.73,65330.0
2447994,3.91,110.0
2448284,6.41,214.8
2448510,6.49,16500.0
2449274,5.46,18000.0
2449703,5.34,4800.0
2449831,6.05,66.88
2449977,6.7,10000.0
2451477,4.2,41.0
2451600,4.93,4280.0
2451692,4.96,8000.0
2452473,6.02,37.8
2452857,4.84,190.0
2452967,5.26,50600.0
2453225,5.9,700.0
2453546,5.21,300.0
2453648,6.25,4970.0
2454184,5.42,4690.0
2454344,5.33,3800.0
2454409,3.69,28.0
2454880,4.74,23100.0
2454893,4.24,1400.0
2455468,5.71,389.95
2455977,5.88,7550.0
2456017,5.24,9750.0
2456244,6.07,630.0
2457232,5.46,470.0
2457448,4.93,25970.0
2457498,4.61,14600.0
2458187,5.54,14912.0
2458210,5.93,600.0
2458899,5.19,4800.0
2459204,5.15,7400.0
2459488,5.7,19000.0
2459765,5.03,130.0
2459823,3.99,23000.0
2459829,6.13,5800.0
2460291,5.48,2400.0
2460619,3.89,50.0
2460784,5.65,299.0
2460897,5.65,62.0
2461018,3.73,53.0
2461103,5.26,5700.0
2461671,5.89,880.0
2461803,4.89,1470.0
2462004,5.82,14880.0
2462767,5.23,220.0
2462785,5.07,2.65
2462978,5.16,2670.0
2463338,6.16,5100.0
2463417,4.19,170.0
2463470,5.66,1050.0
2463694,5.12,730.0
2463764,5.47,11500.0
2463868,5.36,50.9
2464274,5.71,7740.0
2468957,6.21,2000.0
2468960,7.59,140.0
2469063,5.16,240.0
2469272,5.88,3000.0
2469288,5.86,900.0
2469520,6.11,7100.0
2469535,7.26,420.0
2469615,6.79,9500.0
2469699,5.48,900.0
2469924,5.87,590.0
2470207,6.06,4400.0
2470363,7.6,1.9
2470494,6.15,9280.0
2470653,6.12,105.76
2470959,5.75,900.0
2471022,5.57,4590.0
2471040,7.34,630.0
2471129,5.36,158.19
2471238,6.17,7100.0
2471258,6.94,9760.0
2471297,6.54,2500.0
2471424,4.36,8600.0
2471535,6.86,9760.0
2471714,5.51,5700.0
2471828,6.22,3905.0
2471940,5.07,5400.0
2472082,6.36,4020.0
2472087,7.53,1510.0
2472223,5.24,900.0
2472229,3.52,10300.0
2472277,5.29,590.0
2472362,7.87,10.6
2472599,5.55,4100.0
2472708,6.25,2000.0
2473001,7.25,5200.0
2473062,7.21,2600.0
2473090,6.25,4.3
2473118,4.53,900.0
2473232,4.99,840.0
2473385,5.5,900.0
2473391,1.41,10500.0
2473449,5.01,4.1
2473765,5.97,3400.0
2473825,6.95,12300.0
2473849,6.21,3895.0
2474123,4.7,30000.0
2474124,6.48,1210.0
2474131,5.63,900.0
2474311,5.68,900.0
2474448,4.22,8400.0
2474755,7.59,1.9
2474922,6.09,3100.0
2475348,6.19,5000.0
2475406,6.04,7100.0
2475527,7.0,9760.0
2475537,5.37,4.3
2475634,6.26,7100.0
2475807,5.42,3.2
2476025,6.65,1800.0
2476200,4.8,7100.0
2476409,6.72,9760.0
2476720,5.11,2.9
2476731,5.65,18200.0
2476887,3.72,14000.0
2476945,5.64,900.0
2476998,4.82,99000.0
2477086,6.38,1800.0
2477088,3.34,10200.0
2477319,6.94,9760.0
2477441,6.38,3700.0
2477514,6.51,5200.0
2477605,3.14,20000.0
2477719,4.02,1100.0
2477858,6.97,8700.0
2477870,7.86,8.4
2477889,6.86,9760.0
2478296,5.69,10800.0
2478301,5.75,5400.0
2478305,6.94,9760.0
2478462,7.28,28000.0
2478531,5.3,900.0
2478544,4.41,1000.0
2478592,7.82,52.3
2478877,5.83,900.0
2478881,6.4,860.0
2478899,4.17,7100.0
2478940,3.86,7100.0
2478951,6.4,490.0
2478952,3.88,4300.0
2479121,2.78,5300.0
2479123,6.99,9760.0
2479136,5.73,48780.0
2479424,7.63,124.3
2479513,6.06,16.0
2479518,6.2,7100.0
2479555,7.41,610.0
2479652,6.3,1800.0
2479819,6.28,3400.0
2479830,6.41,2.88
2479871,5.23,480.0
2479885,6.4,1100.0
2480032,6.53,930.0
2480082,7.17,210.0
2480219,5.25,23.0
2480288,5.57,900.0
2480363,7.6,1.3
2480379,5.71,140.0
2480447,7.06,23100.0
2480700,4.61,590.0
2480728,6.3,10.58
2480738,6.53,1370.0
2480877,7.47,16900.0
2480925,4.79,30000.0
2480952,2.71,6700.0
2480978,6.34,7100.0
2481017,7.69,2.6
2481511,6.21,125.0
2481627,5.46,900.0
2481650,5.0,22300.0
2482127,5.0,6.2
2482265,4.36,28.0
2482349,6.32,8.54
2482411,4.22,19500.0
2482795,6.19,7100.0
2482916,5.92,5500.0
2483024,7.51,560.0
2483084,6.41,2700.0
2483274,4.96,12.82
2483661,3.99,9000.0
2483758,6.49,2100.0
2483792,6.07,8.1
2483999,6.42,109.5
2484335,6.9,9760.0
2484338,5.61,10000.0
2484375,3.32,3700.0
2484385,7.42,950.0
2484440,6.43,7100.0
2484524,5.21,4200.0
2484551,7.07,9760.0
2484635,6.88,20000.0
2484774,6.38,8.08
2485006,6.8,9760.0
2485107,6.1,3100.0
2485256,6.13,7100.0
2485420,5.49,8000.0
2485444,5.53,900.0
2485461,4.25,21000.0
2485531,6.9,9760.0
2485628,6.24,7100.0
2485681,6.91,16300.0
2485718,6.31,610.0
2485766,6.29,7100.0
2485984,6.3,7100.0
2485985,5.97,4900.0
2486216,6.85,2600.0
2486387,4.42,12000.0
2486442,6.24,2200.0
2487578,5.55,63.0
2487653,5.72,7.15
2487844,5.89,6200.0
2487924,6.03,2900.0
2487925,5.13,22000.0
2487979,3.68,33.0
2487995,5.51,5200.0
2488206,4.22,12000.0
2488900,4.74,6.14
2489060,5.78,13400.0
2489112,4.71,625.0
2489200,5.8,103.0
2489299,5.67,15000.0
2489309,5.19,1400.0
2489366,5.85,7700.0
2489388,4.73,335.0
2489492,5.78,9.9
2489601,4.77,205.0
2489716,5.43,424.4
2489831,5.63,9400.0
2490281,5.64,25.0
2490313,6.01,3964.5
2490323,5.79,7600.0
2490422,6.1,10560.0
2490703,4.52,7000.0
2490830,5.25,12700.0
2490878,4.99,10.9
2490889,4.98,8000.0
2490896,5.07,33.0
2490961,5.73,19000.0
2491013,4.15,690.0
2491183,6.11,751.5
2491217,6.05,1400.0
2491224,5.7,9800.0
2491697,6.09,2700.0
2491883,5.71,9600.0
2491933,5.96,2500.0
2491986,5.82,4500.0
2492027,6.05,1060.5
2492054,5.49,8800.0
2492106,4.79,14.7
2492453,5.18,13000.0
2492534,5.58,520.0
2492622,6.3,438.6
2492851,5.59,8700.0
2493014,5.67,3180.0
2493341,5.85,14000.0
2493465,5.3,16000.0
2493780,6.37,11.5
2493841,5.33,11000.0
2493896,4.8,2.9
2493965,6.67,800.0
2494018,5.05,440.0
2494191,5.53,17000.0
2494368,5.55,0.4
2494564,5.83,1000.0
2494809,4.19,2.1
2494836,6.3,1181.5
2495088,6.44,1410.0
2495345,5.84,1900.0
2495369,5.72,25300.0
2495425,4.99,350.0
2495533,5.76,7200.0
2495668,5.76,5100.0
2495785,6.28,26.3
2495839,5.04,2630.0
2495869,5.61,67.0
2496200,4.57,162.0
2496326,5.99,1038.5
2496428,4.11,33.0
2496469,5.56,5700.0
2496572,5.6,3300.0
2496573,4.56,20000.0
2496647,4.83,370.0
2496942,5.84,1900.0
2497238,5.12,32.9
2497258,6.1,2257.5
2497259,6.3,5.0
2497426,5.9,19000.0
2497458,5.52,3600.0
2497606,3.75,140.0
2497658,4.43,27.6
2497899,5.9,3900.0
2497903,5.02,140.0
2498020,5.87,30.0
2498023,5.67,120.0
2498203,5.81,2200.0
2498244,5.78,9800.0
2498344,3.99,23.0
2498472,5.78,930.0
2498483,5.67,3500.0
2498594,4.16,3.14
2498647,4.54,1400.0
2498757,6.44,93.5
2499035,5.18,5700.0
2499148,4.79,17.0
2499391,6.24,1295.5
2499440,5.65,86.0
2499599,4.4,1.8
2499636,5.74,25500.0
2499661,3.93,1400.0
2500353,5.29,490.0
2500528,5.61,27.0
2500567,5.17,7300.0
2500612,6.68,900.0
2500723,5.0,8.16
2500921,3.47,140.0
2501010,5.59,12700.0
2501026,5.94,360.0
2501280,5.77,11300.0
2501527,5.54,15000.0
2501563,4.16,17900.0
2501597,4.31,16800.0
2501616,4.78,3.07
2501654,5.72,12300.0
2501687,5.23,5800.0
2501809,5.47,180.0
2501852,5.96,130.0
2502320,6.83,0.6
2502443,3.93,2100.0
2502666,6.42,43.3
2502718,5.68,12600.0
2502734,6.27,14.0
2502795,5.1,9300.0
2503066,5.48,90.0
2503186,5.78,20700.0
2503258,6.43,4200.0
2503396,4.64,2000.0
2503468,5.39,9400.0
2503488,6.14,860.0
2503564,5.69,12800.0
2503688,5.77,6.0
2503728,5.23,10200.0
2503737,5.75,3600.0
2503777,5.04,3600.0
2503839,6.2,3100.0
2503909,5.91,1600.0
2503930,4.71,3100.0
2504007,4.14,1400.0
2504267,6.27,811.5
2504445,5.05,600.0
2504790,4.98,51.77
2504853,3.63,34800.0
2504948,5.47,49.0
2504957,5.95,12.0
2505082,5.09,5.49
2505502,6.27,445.0
2505688,5.48,140.0
2505832,4.35,47.1
2506034,5.65,26800.0
2506126,5.09,2200.0
2506188,6.87,460.0
2506270,5.75,1800.0
2506284,4.34,65000.0
2506383,5.9,19.0
2506434,3.89,10000.0
2506583,4.84,145.0
2506608,4.69,1040.0
2506615,5.03,52.0
2506702,5.75,2000.0
2506749,5.13,13.6
2506766,5.11,11000.0
2506776,5.83,2800.0
2507357,6.24,2500.0
2507597,5.25,1583.0
2507663,4.98,2708.0
2507729,6.72,4.4
2507858,5.47,220.0
2508379,5.09,52.0
2508453,4.65,6500.0
2508506,3.95,2300.0
2508750,5.89,9.5
2508868,5.83,1400.0
2509009,6.24,1132.0
2509092,5.82,22.6
2509158,6.41,4600.0
2510112,5.6,2700.0
2510150,5.85,6200.0
2510159,5.51,30.9
2510228,5.86,1339.0
2510283,3.9,33.0
2510338,3.4,140.0
2510411,5.72,77.0
2510719,4.09,11000.0
2510774,6.04,17.0
2510861,5.37,2600.0
2510896,5.35,270.0
2510982,5.4,14000.0
2511044,7.76,29.5
2511139,4.57,160.0
2511150,5.0,13000.0
2511175,6.31,252.8
2511671,5.45,200.0
2511814,5.15,230.0
2511920,5.6,530.0
2511967,5.75,500.0
2512017,5.46,20.6
2512150,4.1,13400.0
2512152,6.53,7.1
2512174,4.95,3400.0
2512213,5.99,2419.0
2512317,5.02,13000.0
2512394,5.39,2300.0
2512400,5.55,3700.0
2512426,6.31,6.0
2512442,5.98,3500.0
2512539,4.65,1582.0
2512678,7.9,39310.0
2512785,3.54,68.035
2512869,5.62,30.2
2513031,5.14,1500.0
2513246,4.73,14.8
2513306,3.28,1814.85
2513366,6.49,12000.0
2513737,6.37,1218.0
2514174,6.05,5100.0
2514320,5.93,9000.0
2514563,6.16,9.0
2515521,5.17,210.0
2515531,4.75,1550.0
2515615,3.6,1103.24
2515695,5.29,4600.0
2515778,3.53,589.42
2515919,5.58,9400.0
2516100,5.52,8900.0
2516133,4.24,230.0
2516157,5.43,22000.0
2516506,4.49,690.0
2516756,6.18,45.0
2516829,5.1,15000.0
2516846,5.18,150.0
2517035,3.89,11000.0
2517046,6.62,169.0
2517099,6.24,1171.0
2517257,3.51,15800.0
2517417,4.8,1.4
2517447,3.94,13400.0
2517767,5.38,11000.0
2517770,4.89,8500.0
2517839,5.21,10.0
2518343,4.34,2890.0
2518465,5.93,89.0
2518500,5.08,60.0
2518586,3.88,8600.0
2518689,4.09,10000.0
2519114,6.3,748.8
2519139,5.5,59.0
2519607,4.27,448.34
2519801,4.45,2565.2
2520088,4.36,12800.0
2520136,4.0,4940.0
2520388,5.37,7.3
2520392,5.69,8600.0
2520689,6.13,2300.0
2520796,6.85,50.0
2520862,5.61,6200.0
2521006,5.99,176.0
2521027,6.07,33.0
2521337,5.24,22000.0
2521408,6.14,8.0
2521647,5.01,2900.0
2521691,4.05,1660.0
2521867,5.24,7.3
2521955,4.86,120.0
2521965,6.39,7.0
2522017,5.74,0.3
2522459,3.43,2635.135
2522569,3.69,468.87
2522690,5.38,12000.0
2522803,4.12,25039.43
2523477,6.06,5500.0
2523489,5.32,1100.0
2523508,5.19,1400.0
2523545,5.15,8500.0
2523978,3.01,140.0
2524037,6.5,7050.0
2524038,5.46,490.0
2524553,6.24,1344.0
2524978,4.27,33.0
2525030,3.46,140.0
2525218,5.57,400.0
2525281,4.92,2.83
2525362,7.7,8.7
2525579,5.36,6770.0
2525637,6.06,143.0
2525956,5.0,2.17
2526166,8.95,26665.0
2526197,5.44,1000.0
2526213,5.44,12000.0
2526324,4.57,33.0
2526355,5.8,9600.0
2526562,4.55,7400.0
2526757,6.25,1402.0
2526785,6.03,33700.0
2526965,5.92,1615.5
2527206,4.84,1600.0
2527405,6.53,7.85
2527744,3.39,112.41
2527809,5.92,2500.0
2527945,5.08,19000.0
2527995,5.07,200.0
2528027,4.97,19.0
2528146,6.32,44.0
2528176,6.17,6407.5
2528307,5.38,710.0
2528606,3.99,3660.0
2528713,5.19,140.0
2528753,6.1,9.0
2528903,5.51,24000.0
2528961,5.89,24000.0
2529114,5.72,13000.0
2529249,5.3,5100.0
2529350,5.36,4070.0
2529520,3.51,140.0
2529556,5.36,1270.0
2529694,5.66,3600.0
2529818,4.91,3700.0
2529844,4.61,2357.115
2529959,6.29,412.1
2530010,4.32,7750.0
2530280,3.9,1075.76
2530326,5.55,1200.0
2530354,1.91,10000.0
2530379,5.01,760.0
2530558,5.45,10000.0
2530657,3.66,2955.605
2530746,4.89,25.4
2531007,6.16,1368.0
2531184,4.92,5.67
2531198,2.9,2079.65
2531426,4.79,172.0
2532025,6.05,110.0
2532190,5.27,120.0
2532312,5.35,18000.0
2532451,4.34,17990.0
2532737,2.53,10000.0
2532895,4.19,1400.0
2533284,4.79,1400.0
2533309,5.67,43.2
2533365,4.82,230.0
2533438,5.29,6600.0
2533445,4.53,1400.0
2533475,5.94,8400.0
2533485,4.19,890.625
2533728,5.57,7100.0
2533842,5.48,0.3
2533914,5.74,380.0
2533957,5.96,3400.0
2534586,6.18,15.0
2534600,4.49,14500.0
2534850,6.25,3773.0
2535145,5.56,50.8
2535193,5.72,1100.0
2535263,5.66,22.5
2535321,5.66,2700.0
2535673,3.49,4710.0
2535743,4.15,3880.225
2535921,5.46,495.7
2535939,6.04,36.0
2536199,5.53,840.0
2536304,4.88,11000.0
2536440,4.97,11.9
2536446,4.44,7400.0
2536768,4.59,96.0
2536963,4.54,235.0
2537076,4.78,13000.0
2537098,5.53,12.8
2537204,3.46,140.0
2539623,5.75,3200.0
2539641,3.96,321.0
2539762,4.59,333.0
2539797,4.73,224.0
2539841,3.76,55.0
2539850,5.91,4300.0
2539920,5.47,18.0
2539943,5.63,4200.0
2540143,5.8,73.0
2540188,6.85,600.0
2540350,5.99,160.0
2540361,6.14,1900.0
2540365,5.9,4460.0
2540521,6.46,11.87
2540668,5.73,4152.0
2541244,3.49,14000.0
2541708,5.93,485.0
2541715,1.49,100.0
2541770,5.7,4200.0
2541774,5.85,156.5
2542014,6.0,755.0
2542378,3.92,135.0
2542408,5.96,2710.0
2542461,5.09,2500.0
2542630,4.18,356.0
2542735,5.71,3180.0
2542843,4.34,5900.0
2542862,4.65,23.0
2542880,3.48,34000.0
2543006,5.35,281.0
2543172,4.84,40.0
2543337,5.93,314.0
2543383,3.56,7400.0
2543454,6.1,1613.0
2543636,5.79,10000.0
2543743,3.73,40000.0
2543892,5.68,420.0
2544087,5.8,1620.0
2544088,6.06,1542.0
2544152,6.08,320.0
2544315,5.54,4.0
2544437,6.57,21.615
2544724,5.77,18190.0
2545163,7.37,960.0
2545217,3.46,72.0
2545401,6.02,9490.0
2545520,3.74,240.0
2545547,5.42,213.0
2545549,6.85,13900.0
2545811,6.11,410.0
2545893,4.5,260.0
2545923,6.42,10100.0
2545944,5.66,870.0
2546121,5.15,28300.0
2546347,5.8,204.0
2546599,3.56,160.0
2546707,5.7,1386.0
2546976,5.95,1160.0
2547029,3.98,120.0
2547145,7.36,152.0
2547182,4.35,81.0
2547332,4.5,2200.0
2547395,6.8,11300.0
2547651,5.56,7.2
2547869,5.66,1100.0
2547964,6.23,17810.0
2548008,4.8,3.0
2548046,5.63,2400.0
2548106,6.24,127.0
2548164,3.41,190.0
2548334,6.76,1000.0
2548410,6.36,48500.0
2548427,5.93,1160.0
2548564,5.55,2.8
2548738,3.54,23000.0
2548832,5.12,770.0
2549409,5.63,3200.0
2549518,4.78,2580.0
2549520,4.2,210.0
2549534,5.4,780.0
2549642,6.91,1400.0
2549725,4.09,890.0
2549748,3.69,4800.0
2549870,1.84,150.0
2549887,5.79,108.0
2550088,6.05,83010.0
2550165,5.56,357.0
2550213,3.95,188.0
2550272,6.24,1810.0
2550275,6.09,4760.0
2550372,4.5,73.0
2550408,6.69,900.0
2550612,4.64,770.0
2550820,5.93,1890.0
2550883,6.22,1670.0
2551027,5.66,624.0
2551060,5.74,2800.0
2551282,5.63,2200.0
2551307,5.93,54.0
2551672,5.93,420.0
2551743,1.62,170.0
2551789,5.24,2000.0
2552037,3.92,90.0
2552126,5.41,5400.0
2552129,6.09,295.0
2552157,4.33,11000.0
2552216,6.08,5130.0
2552269,5.07,5080.0
2552311,6.77,1600.0
2552437,5.98,5940.0
2552498,5.66,660.0
2552567,5.87,1150.0
2552614,3.62,28000.0
2552649,5.41,1050.0
2552853,4.46,720.0
2552886,6.79,430.0
2552955,6.75,17.035
2553252,3.61,340.0
2553258,6.62,4800.0
2553360,1.09,120.0
2553534,5.93,180.0
2553588,6.06,590.0
2553597,5.82,1580.0
2553726,4.79,31.0
2553901,4.33,12.0
2553921,5.11,22500.0
2554452,4.08,55.0
2554586,6.0,2630.0
2555089,4.07,164.0
2555868,5.09,9400.0
2555876,4.78,12000.0
2556027,5.7,280.0
2556299,4.5,1880.0
2556359,4.45,32500.0
2556924,6.49,844.0
2557035,5.74,261.0
2557072,3.6,2000.0
2557319,4.65,37.0
2557913,6.45,6100.0
2557985,1.11,340.0
2558144,6.75,15.89
2558215,3.47,2800.0
2558307,5.54,166.5
2558383,6.5,15.06
2558767,6.11,249.0
2558881,2.31,250.0
2558887,6.57,12.86
2559090,3.79,49350.0
2559268,6.75,2600.0
2559473,4.45,93.0
2559593,5.81,318.0
2559793,5.57,5.8
2560035,6.39,6170.0
2560109,4.57,8600.0
2560120,6.26,42500.0
2560179,4.12,1000.0
2560217,5.62,161.0
2560250,5.71,8200.0
2560413,6.0,890.0
2560603,3.7,2200.0
2560682,5.63,5470.0
2560860,4.78,54.0
2561209,6.57,18.33
2561282,4.87,20.0
2561959,4.06,162.0
2562070,4.32,440.0
2562247,5.55,4.6
2562265,4.35,11.0
2562270,5.88,5540.0
2562360,4.97,31250.0
2562363,4.88,1040.0
2562507,5.0,579.0
2562549,6.03,13120.0
2562657,1.61,20.0
2562822,4.47,3300.0
2562886,5.11,3600.0
2563079,5.66,600.0
2563116,6.04,759.0
2563199,4.7,43150.0
2563274,4.78,27500.0
2563364,6.43,6900.0
2563552,3.74,71000.0
2563590,5.11,980.0
2563656,5.34,739.0
2563672,6.89,1700.0
2563925,5.56,565.0
2563946,5.74,166.0
2564428,5.08,31.0
2564546,6.56,10.43
2564564,3.53,630.0
2564635,3.89,61.0
2564840,5.95,6970.0
2564890,5.94,59500.0
2564933,5.88,1912.0
2564998,6.09,640.0
2565041,3.92,56.0
2565172,4.77,72.0
2565260,5.83,310.0
2565745,3.4,130.0
2565973,3.94,4870.0
2566122,5.9,7500.0
2566234,6.49,1255.0
2566244,3.76,110.0
2566262,6.75,6100.0
2566296,6.01,550.0
2566454,4.96,74.0
2566480,6.23,1620.0
2567096,6.32,6100.0
2567293,6.26,2610.0
2567353,4.18,278.0
2567407,4.3,380.0
2567465,5.86,2500.0
2567512,4.29,2600.0
2567691,4.07,15900.0
2567749,5.49,215.0
2567923,4.1,183.0
2567975,5.38,8200.0
2567981,5.26,1600.0
2568275,3.1,370.0
2568737,5.8,591.0
2568818,6.76,16.68
2568833,5.65,1248.0
2568913,6.27,183.0
2569195,5.46,850.0
2569309,4.12,32.0
2569578,5.29,2600.0
2569597,5.95,3190.0
2569693,2.74,630.0
2569814,1.55,100.0
2569832,6.22,2660.0
2569846,4.08,420.0
2569988,5.89,39200.0
2570011,3.49,32.0
2570041,6.53,15.67
2570054,6.82,9100.0
2570230,5.69,1677.0
2570308,5.94,3670.0
2570345,4.45,4.4
2570398,4.86,38.0
2570483,6.05,7690.0
2570851,4.24,9.0
2570942,4.65,2500.0
2570982,2.33,30.0
2571030,7.36,71.0
2571086,4.63,1215.0
2571159,5.0,11.2
2571300,3.5,80000.0
2571431,3.73,1800.0
2571475,5.98,21440.0
2571607,4.13,850.0
2572110,4.23,30.0
2572243,7.37,870.0
2572270,5.6,142.0
2572309,5.36,509.0
2572354,5.47,500.0
2572520,6.43,15.21
2572817,5.71,19000.0
2572835,5.09,1400.0
2572937,3.73,5300.0
2572963,7.36,59.0
2577704,5.34,8130.0
2583884,5.59,5890.0
2598579,4.64,567.8
2600399,5.49,8130.0
2607153,5.12,2210.0
2607364,4.98,3020.0
2609624,5.93,18.2
2624206,5.81,3980.0
2625363,5.61,4270.0
2626061,4.82,9120.0
2637767,6.37,7760.0
2639736,5.49,9630.0
2643544,2.86,3046.6666666666665
2649753,4.83,9550.0
2653819,3.76,3316.6666666666665
2654765,5.77,2570.0
2655646,5.25,5315.0
2668251,4.61,5435.0
2671108,4.89,292.0
2671129,5.64,1700.0
2683482,5.88,3435.0
2683867,5.5,1860.0
2714876,5.67,50.0
2717084,5.02,150.0
2719273,5.37,1800.0
2719413,5.46,467.0
2719983,5.5,42.13
2720872,5.59,150.0
2721353,6.06,1510.0
2721602,3.92,20.59
2722366,6.45,1020.0
2722749,3.78,239.0
2722870,4.65,1.5
2723381,6.7,4000.0
2723441,5.16,341.0
2723753,5.87,730.0
2724465,6.09,4180.0
2724800,5.65,2000.0
2725641,5.05,43900.0
2726360,4.09,4800.0
2727612,5.7,3760.0
2729256,5.11,25.71
2730966,4.37,410.0
2731008,5.42,670.0
2731288,6.02,200.0
2732532,5.22,31.65
2734972,4.68,64.0
2735749,5.7,4000.0
2736267,5.68,470.0
2737223,5.42,62100.0
2739019,5.61,100.0
2740690,3.82,55.0
2740919,5.34,1560.0
2741004,3.9,99.0
2741085,4.09,28900.0
2741142,6.09,220.0
2741677,5.53,8600.0
2741708,5.34,40.0
2741781,6.1,150.0
2741860,5.7,6700.0
2741945,4.01,8200.0
2742322,6.06,40.0
2742437,3.88,160.0
2742522,6.1,1000.0
2742760,6.27,48000.0
2743302,4.16,150.0
2743871,5.34,30.0
2744069,6.07,37.85
2744328,6.08,4.1
2744739,5.26,11450.0
2745164,6.37,45000.0
2745308,4.07,76.0
2745508,5.34,2420.0
2745677,6.17,41000.0
2745700,6.52,49.0
2746019,6.19,790.0
2746063,5.31,300.0
2746520,6.02,540.0
2746696,4.82,1200.0
2746798,7.52,2710.0
2746832,5.75,8300.0
2747018,5.85,19.0
2747114,4.81,42.0
2747329,5.13,19.6
2747452,5.79,50.0
2748016,4.61,16700.0
2748045,5.39,0.192
2748244,6.03,27000.0
2748262,4.53,470.0
2748341,4.37,1459.0
2748451,6.1,11.0
2748911,4.49,35.0
2749132,3.87,28.0
2749247,6.95,321.0
2749495,3.71,780.0
2749560,6.23,1500.0
2749673,6.11,295.0
2749682,5.67,6100.0
2749721,4.08,54.0
2749766,4.22,70.0
2749855,6.23,10.0
2749903,4.7,76600.0
2750002,6.28,3.5
2750100,6.17,5000.0
2750138,6.18,4370.0
2750275,4.08,25300.0
2750499,6.95,534.0
2750522,7.39,9.968
2751152,7.45,5730.0
2751420,5.48,2.4
2751639,6.41,860.0
2751711,4.38,33.0
2751744,5.83,19.0
2752263,4.18,38.0
2752426,4.97,166.4
2752449,5.67,68.0
2752492,6.34,5.5
2752515,5.07,820.0
2752601,5.48,80666.66666666667
2752721,7.0,146.9
2752887,5.67,3300.0
2752970,6.18,5000.0
2752987,4.79,9.0
2753076,5.25,11000.0
2753511,4.44,2.0
2753874,5.81,1735.0
2753951,5.31,2000.0
2754071,4.75,3300.0
2754097,6.15,246.0
2754117,5.49,10000.0
2754138,6.56,3.0
2754467,5.24,3500.0
2754953,4.28,12500.0
2755076,4.74,240.0
2755373,3.95,7600.0
2755600,5.55,7600.0
2755717,5.57,290.0
2755850,7.03,726.0
2756166,6.23,6400.0
2756265,4.87,370.0
2756529,6.14,1.9666666666666668
2756535,6.31,454.0
2756785,5.4,47600.0
2756890,4.5,5100.0
2757126,5.44,7500.0
2757315,6.05,980.0
2757610,4.26,6900.0
2757846,4.38,100.0
2758402,4.16,6230.0
2758431,6.7,210.0
2758460,5.14,8000.0
2758958,4.99,963.3333333333334
2759306,4.77,90.0
2759710,6.08,9000.0
2759741,6.12,422.0
2759913,4.1,81.0
2760126,6.08,7100.0
2760182,6.1,720.0
2760390,6.23,21000.0
2760449,5.82,460.0
2760457,2.22,27.0
2760470,5.78,36600.0
2760564,3.11,490.0
2760850,5.15,53000.0
2761194,3.91,53.0
2761430,5.27,800.0
2762529,4.77,5400.0
2763167,7.02,6770.0
2763227,3.83,19500.0
2763458,5.97,2400.0
2763492,6.02,330.0
2763589,6.42,6670.0
2763745,4.25,1500.0
2764047,6.12,4.1
2764241,6.17,8300.0
2764307,5.13,9300.0
2764447,4.4,13700.0
2764581,4.21,180.0
2764648,4.27,46.0
2765245,5.77,1600.0
2765505,4.21,79.0
2765982,4.92,10600.0
2766622,5.55,6400.0
2766890,4.12,81.0
2766958,6.26,47000.0
2767353,6.44,60000.0
2767525,6.13,5.6
2767650,6.51,9700.0
2767664,5.47,12750.0
2767894,3.97,38100.0
2768552,5.84,2100.0
2768566,6.22,2500.0
2768604,5.92,110.0
2768768,6.18,1000.0
2768853,4.18,3900.0
2768885,5.28,1640.0
2769031,5.2,12150.0
2769041,6.21,55.0
2769099,5.14,11300.0
2769278,7.64,16000.0
2769355,4.87,2320.0
2769439,6.19,9.0
2769499,4.57,240.0
2769706,6.15,55.0
2769820,6.2,6.8
2769822,6.16,2900.0
2770226,6.17,170.0
2770230,4.25,2000.0
2770316,6.18,400.0
2770485,4.57,29200.0
2770522,4.12,20.0
2770993,4.25,16000.0
2771024,5.41,1550.0
2771241,5.96,93.0
2771525,6.23,190.0
2771599,7.64,32000.0
2771728,7.2,25000.0
2771813,6.72,5100.0
2772155,4.95,210.0
2772199,6.07,1250.0
2772267,3.57,68.0
2772304,4.32,120.0
2772373,6.02,920.0
2772601,4.6,47700.0
2772803,3.97,46.0
2773015,4.16,980.0
2773133,5.23,280.0
2773267,6.12,1200.0
2773461,6.21,7.0
2773596,7.59,0.435
2773967,4.58,17.0
2774241,4.14,10.0
2774331,5.31,9080.0
2774689,4.05,10.0
2774706,6.05,220.0
2774892,4.27,276.0
2774996,4.63,1700.0
2775069,6.18,38000.0
2775093,5.84,1200.0
2775469,6.22,4000.0
2775808,3.95,15200.0
2775820,5.72,6400.0
2775860,6.28,6.4
2775959,4.51,1200.0
2776206,6.02,470.0
2776300,5.14,48200.0
2776303,6.37,39000.0
2776823,5.22,376.0
2776942,6.69,42100.0
2776951,5.78,7100.0
2777056,6.25,122.0
2777370,5.42,1240.0
2777431,6.43,9.6
2777454,5.96,90.0
2777496,5.12,13600.0
2777726,6.16,15100.0
2777836,5.13,50.0
2777921,4.35,420.0
2778470,6.58,25000.0
2778523,4.5,12600.0
2778687,5.42,4600.0
2778702,4.61,8370.0
2778709,4.44,15200.0
2778728,6.15,1400.0
2779040,6.22,5.9
2779067,3.96,1100.0
2779348,6.1,320.0
2779446,5.23,3800.0
2779510,5.65,57.0
2779660,3.73,46.0
2779775,5.86,72.0
2780160,4.1,29.0
2780646,5.77,7200.0
2781075,4.2,50.0
2781137,5.84,510.0
2781256,5.73,200.0
2781331,6.09,970.0
2781725,5.66,950.0
2781743,5.7,1260.0
2781980,5.89,1100.0
2783123,6.12,1000.0
2783450,6.14,285.0
2783466,5.93,250.0
2785477,3.75,21.4
2785833,7.43,2.8
2785841,5.07,24000.0
2785919,7.23,435.0
2786028,4.73,18200.0
2786105,7.51,0.74
2786154,3.85,11.79
2786203,3.34,796.0
2786240,6.0,5.71
2786252,7.74,1.7
2786434,3.79,41.89
2786514,5.88,480.0
2786612,3.74,23.3
2786831,5.73,11600.0
2786855,5.79,12550.0
2786887,5.72,3410.0
2786904,5.18,21000.0
2787036,7.5,18.0
2787077,3.91,16.26
2787152,6.02,4.6
2787179,5.01,40.23
2787183,5.14,29000.0
2787241,7.19,24.0
2787272,6.78,4.12
2787381,7.61,48.0
2787464,7.4,6.86
2787893,6.4,4.5
2788047,5.48,152.85714285714286
2788129,4.66,38.0
2788229,5.18,7270.0
2788231,5.12,77.44
2788271,5.83,5.68
2788663,4.15,57.23
2788724,6.02,422.0
2788787,6.21,5.3
2788823,7.66,0.09
2788915,7.54,0.09
2788964,6.26,446.0
2789212,6.13,5.0
2789332,4.57,129.1
2789556,4.75,1350.0
2789836,6.54,4.8
2789876,5.84,1161.0
2789887,3.97,4200.0
2789955,4.04,2730.0
2790153,5.04,25.33
2790278,7.51,35.0
2790298,6.94,1160.0
2790317,5.68,492.0
2790461,7.18,0.62
2790707,4.96,66.95
2790727,7.46,2.4
2790896,5.27,2300.0
2791046,5.63,380.0
2791156,6.0,304.0
2791324,7.61,3.9
2791343,4.81,4560.0
2791362,6.43,8.54
2791379,6.71,1730.0
2791408,3.94,10.54
2791417,4.42,1205.0
2791500,6.43,1150.0
2791547,7.19,50.0
2791675,6.45,4.1
2791693,7.62,15.0
2791776,4.36,38.75
2791800,4.79,33.0
2791815,6.83,28000.0
2791893,5.13,9.4
2792078,7.44,1.4
2792281,5.05,49.44
2792451,5.24,37.37
2792591,7.6,7.4
2792857,4.72,2060.0
2792957,4.93,24.0
2793155,6.74,2.3
2793189,5.18,6200.0
2793381,7.79,0.65
2793450,5.73,834.0
2793490,7.83,0.53
2793580,4.36,31.0
2793681,6.84,7.6
2793693,5.7,1.8
2793720,3.87,56.0
2793894,7.56,0.91
2793927,6.09,4500.0
2794002,4.48,13.03
2794003,7.75,3.4
2794357,5.43,2610.0
2794540,7.66,2.4
2794595,5.85,484.0
2794631,4.76,3300.0
2794810,5.94,496.0
2794865,5.37,3.3
2794931,7.44,115.0
2795235,4.1,41.92
2795422,5.45,3400.0
2795430,6.81,32.0
2795610,6.12,4651.0
2795698,5.22,46.59
2795944,7.57,36.0
2795974,5.3,1450.0
2796032,7.57,1.9
2796279,4.85,6800.0
2796383,6.42,5.36
2796555,7.55,4.6
2796617,7.35,29.0
2796699,4.93,4.3
2796762,3.77,10.9
2797039,5.68,163.0
2797275,5.31,670.0
2797343,6.97,46.0
2797493,5.32,21000.0
2797668,7.57,3.0
2797894,4.68,23.0
2797936,5.68,702.0
2798090,5.78,29.0
2798125,6.2,460.0
2798126,7.61,12.0
2798235,5.81,23.0
2798311,7.61,24.5
2798458,5.8,831.0
2798742,7.69,2.0
2798791,7.5,0.87
2798826,6.92,20.5
2799066,5.8,383.0
2799297,4.4,7700.0
2799499,5.08,55.31
2799598,7.36,20.08
2799735,7.52,28.0
2799887,3.55,101.1
2799891,4.3,13.76
2799915,7.73,2.4
2800377,6.41,8.08
2800389,6.74,77.96666666666667
2800426,6.34,1690.0
2800772,6.02,1280.0
2800898,6.98,3.5
2801155,7.6,77.0
2801160,6.93,5.2
2801224,7.45,207.0
2801243,4.2,33.0
2801352,7.37,28.0
2801636,5.77,1800.0
2801667,4.84,1100.0
2801777,5.9,720.0
2802044,6.34,730.0
2802091,6.0,3200.0
2802127,4.68,4560.0
2802143,7.42,2000.0
2802171,7.03,290.0
2802174,5.16,32.19
2802541,4.35,9000.0
2802648,4.15,5700.0
2802664,7.77,2.1
2802853,6.25,21000.0
2802901,4.84,24.21
2802962,5.24,6200.0
2803020,5.87,12450.0
2803134,5.3,8200.0
2803217,7.6,24.5
2803228,4.1,4.7
2803239,5.22,0.8
2803418,2.86,65000.0
2803544,5.3,26000.0
2803596,5.87,5.52
2803633,6.15,515.0
2803827,7.96,2.4
2803841,7.64,1.9
2803938,6.27,18.0
2804220,7.72,5.7
2804343,7.69,8.7
2804366,4.3,2.09
2804566,7.49,0.91
2804709,4.03,12.9
2804714,5.37,83.0
2805003,5.51,4170.0
2805258,6.26,29.0
2805328,5.14,59.0
2805377,5.77,567.0
2805646,7.07,3.7
2805932,4.36,40.56
2805939,5.91,6.0
2806071,5.03,5800.0
2806218,6.7,0.5
2806363,5.68,1730.0
2806466,3.82,38.75
2806483,7.65,0.59
2806533,4.95,32.0
2806800,5.77,611.0
2806840,5.12,64.65
2806950,7.63,13.0
2807243,6.57,155.0
2807249,5.65,10.41
2807504,4.84,2290.0
2807650,6.15,519.0
2807666,5.96,514.0
2807718,7.59,33.0
2807720,7.63,1.3
2807729,4.9,20.65
2808227,4.76,39.58
2808419,5.85,9150.0
2808521,7.79,0.36
2808585,7.78,650.0
2808627,5.83,3990.0
2808679,5.52,44.22
2808766,6.52,1200.0
2808795,5.82,380.0
2808891,7.51,12.0
2808892,6.14,5.0
2808929,5.87,9700.0
2809089,5.58,321.67
2809174,7.18,16.0
2809208,7.0,0.4
2809229,4.31,8.43
2809282,5.76,309.0
2809328,7.55,30.0
2809544,7.55,42.2
2809717,3.99,9.67
2809758,4.96,8363.6
2809919,4.0,60.2
2810008,3.86,115.0
2810012,7.78,360.0
2810218,5.18,300.0
2810293,4.07,62.46
2810294,6.41,10.58
2810463,5.81,97.0
2810489,7.36,9.29
2810582,6.84,6.19
2810586,3.99,9454.7
2810619,6.97,0.04
2810686,4.19,51.0
2811002,6.15,448.0
2811130,7.37,183.0
2811178,6.36,6.96
2811199,4.74,4560.0
2827557,5.68,8515.0
2828057,4.44,4080.0
2829985,4.98,2456.6666666666665
2830117,5.17,7770.0
2830517,4.81,8225.0
2831385,4.45,7240.0
2831795,5.21,5586.666666666667
2833948,6.49,28860.0
2834077,7.07,80.0
2834097,6.76,5000.0
2834241,6.11,32.5
2834270,5.93,52000.0
2834282,5.18,5268.0
2834486,5.12,70820.0
2834497,6.1,1470.0
2834517,5.33,2140.0
2834536,6.2,1780.0
2834561,6.19,32.5
2834940,6.09,32.5
2834986,6.25,26000.0
2835218,6.01,89000.0
2835488,5.81,2590.0
2835551,5.88,1210.0
2835693,5.86,1420.0
2835958,6.41,580.0
2836115,5.74,410.0
2836671,5.74,220.0
2836782,5.9,246.5
2836824,6.12,3210.0
2836854,6.41,21000.0
2837176,6.04,437.0
2837216,5.53,1000.0
2837434,6.85,670.0
2837723,5.42,7828.0
2837726,4.59,9630.0
2837757,5.12,1210.0
2837869,5.16,1290.0
2837904,5.4,15000.0
2838064,5.84,530.0
2838097,6.26,280.0
2838373,5.74,20000.0
2838563,5.54,2939.0
2838655,5.57,6.4
2838701,5.97,1360.0
2839025,3.26,6600.0
2839122,6.13,3500.0
2839256,6.07,90020.0
2839383,5.44,8500.0
2839419,4.43,13800.0
2839751,3.48,48.0
2839897,6.18,500.0
2840002,5.05,38350.0
2840032,5.9,91940.0
2840185,6.25,78.1
2840548,6.13,100.0
2840549,5.71,176.0
2840567,3.31,10450.0
2840608,7.68,2.4
2840787,5.79,276.0
2840886,5.81,66.2
2840894,6.07,4450.0
2841224,6.05,326.0
2841296,5.88,44.0
2841412,3.87,3750.0
2841628,4.6,2280.0
2841632,4.74,7600.0
2841871,5.88,3965.0
2841934,5.07,15000.0
2842138,5.32,16370.0
2842174,5.98,745.0
2842278,6.0,390.0
2842300,5.52,410.0
2842341,5.65,8515.0
2842651,6.16,130.0
2842652,5.86,2830.0
2842653,5.73,11600.0
2842662,4.54,2320.0
2842710,6.83,2330.0
2842724,4.01,1400.0
2842742,7.42,2900.0
2843025,5.63,290.0
2843749,6.05,244.0
2843753,6.18,204.0
2843881,3.96,13100.0
2843914,5.66,5045.0
2843919,5.78,1140.0
2843955,5.29,38710.0
2844012,3.83,42610.0
2844045,5.42,13100.0
2844116,5.97,27790.0
2844486,5.81,49.0
2844507,2.31,12300.0
2844551,4.67,4900.0
2845036,6.34,32.5
2845084,5.79,75.0
2845153,5.25,8000.0
2845218,5.15,3030.0
2845219,6.13,370.0
2845386,5.77,700.0
2845679,6.04,32.5
2845699,6.01,2398.0
2845756,5.29,1370.0
2845979,6.38,19000.0
2846171,5.6,2942.0
2846189,6.47,3.65
2846246,5.89,9500.0
2846320,6.76,540.0
2846530,5.08,40.0
2846613,4.67,4420.0
2846701,5.86,90.0
2846798,4.54,51.0
2846894,5.8,50.0
2847109,5.71,140.0
2847114,4.38,2280.0
2847137,6.36,87.5
2847157,6.11,860.0
2847233,6.2,32.5
2847382,5.0,2700.0
2847782,4.36,2280.0
2847939,4.07,627.0
2848066,4.95,810.0
2848161,5.99,6633.0
2848432,6.26,32.5
2848487,6.11,32.5
2848750,5.77,1050.0
2848941,5.53,1990.0
2848987,6.24,32.5
2849055,6.51,26.1
2849127,5.67,1570.0
2849171,4.64,14440.0
2849271,5.82,31000.0
2849306,6.1,1800.0
2849333,4.24,26.4
2849407,5.58,7795.0
2849556,5.62,672.0
2849668,6.78,8.44
2849713,5.41,3890.0
2849793,5.78,2520.0
2849875,5.2,3840.0
2850215,3.26,3.97
2850271,5.93,13800.0
2850320,4.05,24810.0
2850475,4.92,24550.0
2850529,6.39,460.0
2850597,5.4,79850.0
2850621,5.02,11000.0
2850758,5.24,1640.0
2850816,5.88,2700.0
2850837,5.82,71.0
2850958,5.95,4020.0
2851204,6.14,2280.0
2851255,5.72,158.0
2851257,3.62,4350.0
2851283,4.93,3760.0
2851441,6.91,870.0
2851698,5.96,2660.0
2851885,7.47,2.4
2851923,3.67,12250.0
2851947,5.51,1550.0
2851966,5.24,493.0
2852299,4.62,4570.0
2852334,6.1,32.5
2852380,5.71,105.0
2852455,6.2,32.5
2852472,6.33,900.0
2852636,5.42,1600.0
2852799,4.6,18500.0
2852838,3.21,27520.0
2852897,5.77,63670.0
2853169,4.57,1810.0
2853212,5.7,140.0
2853333,6.07,900.0
2853387,4.52,850.0
2853512,6.07,490.0
2853545,5.72,150.0
2853765,4.68,45.0
2853918,5.06,4225.0
2854007,5.27,2412.0
2854243,5.18,9700.0
2854474,5.82,322.8
2854506,5.58,4620.0
2854522,6.07,280.0
2854661,4.67,4895.0
2854824,5.78,118.0
2854965,5.87,21.6
2855046,5.57,3.6
2855102,6.33,32.5
2855243,6.01,2190.0
2855432,6.15,8300.0
2855659,5.86,1310.0
2855674,4.95,965.0
2855703,4.13,47650.0
2855837,5.92,3466.0
2855943,6.23,32.5
2856110,7.38,54500.0
2856251,6.22,320.0
2856339,5.14,5171.0
2856483,6.94,230.0
2856517,6.85,3300.0
2856715,0.9,4880.0
2856716,5.73,1285.0
2857028,4.82,610.0
2857261,6.71,5100.0
2857269,6.21,220.0
2857349,5.24,9750.0
2857350,5.63,280.0
2857388,6.15,100.0
2857406,5.44,509.0
2857585,5.3,8248.0
2857635,5.76,580.0
2857909,5.19,7200.0
2857990,6.49,2.1
2858141,6.21,1280.0
2858158,2.72,21450.0
2858328,6.11,1490.0
2858339,6.19,32.5
2858505,4.73,9600.0
2858542,5.71,1050.0
2858633,5.05,15100.0
2858711,3.08,16000.0
2859077,5.76,440.0
2859253,5.96,8300.0
2859362,6.23,32.5
2859491,6.4,26000.0
2859567,6.83,1090.0
2859568,6.47,4490.0
2859634,5.81,50.0
2859989,5.71,71390.0
2860215,5.47,300.0
2860334,5.63,360.0
2860426,5.51,77600.0
2860529,6.21,330.0
2860590,3.93,35290.0
2860658,6.19,32.5
2860669,5.12,9810.0
2860702,5.78,1490.0
2860787,7.48,14300.0
2860796,6.26,32.5
2860965,6.06,940.0
2861314,5.04,3432.0
2861355,4.07,13800.0
2861424,5.82,5260.0
2861461,6.15,32.5
2861643,5.33,10690.0
2862021,5.85,2695.0
2862118,4.37,920.0
2862210,6.52,4420.0
2862296,5.05,14810.0
2862326,5.8,660.0
2862327,5.95,270.0
2863726,5.79,15500.0
2863957,4.37,5510.0
2863997,5.58,46500.0
2864016,5.59,230.0
2864289,5.55,7320.0
2864358,4.51,12500.0
2864582,6.17,74.1
2864602,6.08,250.0
2865003,5.82,600.0
2865344,6.26,860.0
2865429,5.3,910.0
2865484,6.8,4490.0
2865491,5.68,163.0
2865647,6.18,790.0
2865980,5.96,6690.0
2865986,5.04,84010.0
2866092,4.74,3650.0
2866096,5.61,3350.0
2866205,5.92,346.0
2866392,5.45,13800.0
2866540,6.88,35.0
2866621,5.86,75.01
2866675,5.9,49000.0
2866729,5.85,1170.0
2866765,6.34,510.0
2866932,7.08,2850.0
2866949,4.54,6600.0
2867170,5.06,8000.0
2867172,6.23,5085.0
2867309,5.53,4650.0
2867320,6.58,2280.0
2867535,5.93,83550.0
2867816,6.04,32.5
2867856,6.11,32.5
2867896,2.15,391.0
2868326,6.0,1670.0
2868405,6.09,110.0
2868471,6.07,92770.0
2868689,4.37,11920.0
2868878,6.83,770.0
2868944,6.27,690.0
2869174,6.5,107.1
2869197,6.2,219.0
2869335,4.89,4400.0
2869341,6.02,4620.0
2869372,4.54,3220.0
2869467,6.12,32.5
2869692,5.66,240.0
2869830,5.23,17200.0
2869847,5.91,260.0
2870037,5.75,12.0
2870257,6.07,570.0
2870327,6.12,32.5
2870456,5.68,23600.0
2870509,4.11,3480.0
2870579,5.55,440.0
2870600,6.92,57.0
2870631,5.38,5650.0
2870746,6.02,345.0
2870751,5.96,3390.0
2870968,4.47,1175.0
2871005,6.18,2580.0
2871059,6.11,32.5
2871131,6.22,5410.0
2871155,4.83,70.0
2871402,6.23,139.0
2871588,6.2,640.0
2871697,6.45,180.0
2871749,5.56,180.0
2871756,4.6,367.0
2872048,4.45,1130.0
2872064,5.76,15700.0
2872074,5.07,1430.0
2872083,6.15,136.6
2872144,5.66,21400.0
2872338,6.09,32.5
2872533,5.75,2800.0
2872716,6.2,4910.0
2872782,6.18,32.5
2872915,5.54,49680.0
2873001,5.93,3390.0
2873012,6.21,32.5
2873059,6.25,32.5
2873664,5.77,51.0
2873669,4.68,2020.0
2873696,5.76,92.3
2873769,5.05,1750.0
2873788,3.95,2210.0
2874354,5.76,3887.0
2874362,6.2,32.5
2874380,5.29,3910.0
2874770,6.74,1000.0
2875157,5.36,4100.0
2875468,6.19,540.0
2875518,5.43,570.0
2875547,6.37,140.0
2875627,5.52,280.0
2875714,4.63,15350.0
2875750,6.25,32.5
2875867,6.54,57000.0
2876221,5.99,370.0
2876282,6.18,644.0
2876806,5.87,1220.0
2876891,5.52,3660.0
2876904,5.09,29800.0
2876961,6.54,4.33
2877023,5.75,180.0
2877114,5.22,4340.0
2877233,6.32,900.0
2877264,5.85,93.5
2877456,6.11,280.0
2877675,6.22,3922.5
2877920,5.6,840.0
2877932,6.12,32.5
2877945,5.42,171.0
2878085,5.97,1550.0
2878367,5.06,14.43
2878377,6.91,390.0
2878451,5.3,21480.0
2878754,6.83,420.0
2878780,6.49,84.9
2878796,5.74,370.0
2878832,5.7,657.0
2878881,5.74,3.9
2878890,4.79,277.0
2878967,6.26,1040.0
2878994,5.6,90.0
2879044,5.23,4200.0
2879165,6.1,1870.0
2879181,6.38,61330.0
2879231,5.75,162.0
2879256,6.1,32.5
2879367,6.34,1060.0
2879398,6.01,1700.0
2879441,6.02,6340.0
2879526,5.46,452.0
2879601,5.45,123.0
2879964,5.75,95.0
2880237,5.18,90.0
2880682,6.11,32.5
2881134,5.6,2.8
2900192,2.71,12840.0
2900449,5.94,305.0
2900507,6.5,1660.0
2900848,6.42,3120.0
2901341,3.49,5300.0
2901451,6.79,2860.0
2902118,5.56,890.0
2902281,6.23,77.0
2902361,6.7,3120.0
2902468,5.16,448.5
2902510,5.37,235.0
2902606,6.46,1680.0
2902650,6.23,5085.0
2902723,5.24,400.0
2902725,6.69,2110.0
2903086,5.28,100.0
2903142,6.32,18110.0
2903363,5.93,3500.0
2903654,5.91,4980.0
2903834,6.46,1680.0
2904028,7.02,8820.0
2904376,4.76,95760.0
2904573,5.51,183.5
2904655,7.11,1140.0
2905081,5.23,178.0
2905118,4.31,11200.0
2905263,6.6,820.0
2905643,6.57,1920.0
2905691,6.52,4650.0
2905807,6.01,4620.0
2906061,6.88,850.0
2906551,6.76,22600.0
2906685,3.83,42610.0
2907028,5.95,6820.0
2907364,5.88,6190.0
2907389,5.97,2590.0
2907586,6.7,1690.0
2907779,5.53,880.0
2907975,5.46,1900.0
2908247,5.36,200.0
2908661,7.15,1810.0
2908856,4.79,28020.0
2909244,6.46,4360.0
2909255,5.79,630.0
2909435,6.06,3260.0
2909449,5.03,70.0
2909690,5.06,80.5
2909744,5.38,62.0
2909858,6.44,1860.0
2909956,4.96,17000.0
2910062,6.11,34180.0
2910095,6.26,3230.0
2910102,5.92,8430.0
2910463,5.48,4200.0
2910494,6.26,4140.0
2910543,5.12,285.0
2910568,6.28,3680.0
2910591,7.11,3500.0
2910722,6.12,2373.7
2910728,5.93,4170.0
2910828,5.46,4400.0
2910973,6.29,50380.0
2911086,5.19,90.0
2911433,4.6,2800.0
2911493,6.26,2900.0
2911563,6.48,850.0
2912026,5.49,49880.0
2912169,5.1,3853.0
2912240,6.25,15520.0
2912269,5.99,850.0
2912428,4.51,5400.0
2912491,6.02,1990.0
2912787,6.86,850.0
2912872,6.44,1840.0
2913211,5.73,6660.0
2913407,6.16,80.0
2913674,5.64,5045.0
2913785,6.46,2240.0
2914284,7.2,470.0
2914400,5.95,7000.0
2914625,6.16,6450.0
2914655,5.88,3965.0
2914871,6.57,1530.0
2914896,5.99,3160.0
2914958,6.39,5140.0
2915161,7.06,2710.0
2915260,6.95,480.0
2915502,6.06,6730.0
2915527,6.05,4680.0
2915616,4.63,39565.0
2915673,3.64,36000.0
2915680,6.63,990.0
2915747,6.16,850.0
2916276,6.06,3560.0
2916594,5.08,9700.0
2916813,7.1,4030.0
2917022,5.95,4020.0
2917037,6.44,164.0
2917117,5.86,850.0
2917152,4.75,204.0
2917791,5.64,207.0
2918856,6.49,3.7
2919263,4.34,4440.0
2919346,6.3,161.0
2919355,4.79,2800.0
2919598,6.28,850.0
2919710,5.91,850.0
2919715,5.81,5830.0
2920426,4.63,8450.0
2920459,3.25,2800.0
2920695,5.91,850.0
2920972,6.82,850.0
2921050,6.34,850.0
2921071,4.74,209.0
2921223,4.56,2800.0
2921501,4.76,2800.0
2921594,4.99,2800.0
2921750,6.45,153.0
2921974,5.98,8.5
2922011,4.56,2800.0
2922433,6.3,348.0
2922517,4.99,5560.0
2922610,4.35,20.0
2922738,6.22,850.0
2922989,2.89,3290.0
2923233,2.65,2800.0
2923258,4.23,2800.0
2923320,6.65,850.0
2923415,4.3,2800.0
2923516,6.22,850.0
2923598,6.99,850.0
2923709,6.26,850.0
2923950,5.87,850.0
2924017,4.96,6960.0
2924090,6.83,850.0
2924301,4.97,3099.0
2924381,5.51,440.0
2924559,5.07,1953.0
2924922,4.08,2800.0
2924941,6.64,850.0
2925039,5.16,2897.0
2925085,6.18,850.0
2925580,5.62,13010.0
2925696,6.33,30070.0
2925763,5.11,3246.0
2925806,6.47,8780.0
2926138,5.11,1915.0
2926396,6.22,34800.0
2926451,5.39,2354.0
2926465,5.21,37200.0
2926665,3.65,2800.0
2926869,6.5,23840.0
2926972,6.46,13960.0
2926976,6.16,13860.0
2926982,7.02,970.0
2927079,5.56,680.0
2927472,6.22,13940.0
2927492,6.33,21160.0
2927638,4.64,2800.0
2927911,6.52,14920.0
2927983,5.52,2240.0
2928272,6.28,31910.0
2928353,4.9,2558.0
2928391,5.32,1974.0
2928710,7.19,1810.0
2929240,5.09,2631.0
2929384,5.12,178.0
2929492,4.95,46400.0
2929783,6.26,5220.0
2930022,7.05,970.0
2930218,6.15,41600.0
2930411,5.18,1956.0
2930555,4.57,13900.0
2930580,6.24,850.0
2930725,6.29,370.0
2931391,5.04,2213.0
2931418,5.11,2780.0
2946010,3.93,1340.0
2946089,4.45,380.0
2946156,4.36,310.0
2946197,5.65,84.0
2946234,4.87,100.0
2946287,5.01,2650.0
2946320,4.86,540.0
2946340,4.48,3190.0
2946446,4.03,3530.0
2946478,5.16,13450.0
2946529,4.46,240.0
2946553,4.12,5820.0
2946637,4.35,100.0
2946833,4.28,640.0
2946875,5.18,2730.0
2946890,4.72,1460.0
2946950,4.1,400.0
2946968,4.99,100.0
2947025,4.98,2350.0
2947032,4.71,560.0
2947151,5.79,1.9
2947166,4.9,6750.0
2947206,4.81,1120.0
2947209,4.3,90.0
2947237,4.44,750.0
2947252,5.4,5050.0
2947348,4.92,280.0
2947397,4.97,1580.0
2947454,4.46,690.0
2947466,4.44,80.0
2947532,4.63,7090.0
2947536,5.02,900.0
2947679,4.98,370.0
2947697,4.52,720.0
2947706,4.46,150.0
2947741,4.1,530.0
2947750,4.85,930.0
2947781,4.4,180.0
2947874,4.55,290.0
2947930,4.53,490.0
2947963,4.92,410.0
2947975,4.41,5400.0
2948000,4.98,770.0
2948005,5.57,1.9
2948132,4.49,30.0
2948243,4.86,110.0
2948422,6.21,39.0
2948463,5.9,1460.0
2948468,5.27,96.0
2948472,4.48,21.0
2948479,5.72,1620.0
2949005,6.09,1470.0
2949126,5.84,6870.0
2949209,4.97,89.0
2949478,5.84,1410.0
2949954,5.79,1540.0
2949982,5.84,1355.0
2950032,5.96,3330.0
2950066,4.62,5640.0
2950183,4.94,19.0
2950240,5.69,1650.0
2950257,5.73,34300.0
2951367,7.14,18330.0
2951944,7.05,16470.0
2954612,6.11,3600.0
2955820,5.89,2273.5
3283152,4.7,91500.0
3283194,6.34,280.0
3283195,6.42,280.0
3283196,6.59,250.0
3283197,6.67,330.0
