molregno,molecular_complexity,mean_standard_value
115,1.95,22387.2
173,4.71,19952.6
605,3.42,562.3
921,3.64,39810.7
1124,2.99,3981.1
1223,5.54,12589.3
1333,4.38,8912.5
1371,1.3,3162.3
1403,4.38,12589.3
1470,0.08,35481.3
1699,3.98,39810.7
1994,2.47,7943.3
2029,3.55,8912.5
2130,3.83,25118.9
2156,3.07,28183.8
2207,2.56,14125.4
2247,3.57,8912.5
2689,2.32,14125.4
2740,2.95,14125.4
2749,2.63,6309.6
2753,4.73,14125.4
2782,5.07,13357.35
2812,5.46,8912.5
2825,3.1,891.3
2826,2.95,17782.8
3345,4.27,3548.1
3683,5.42,39810.7
3889,0.87,1584.9
4011,2.01,30476.466666666667
4164,4.53,31622.8
4361,1.53,28183.8
4399,5.81,28183.8
5246,6.31,22387.2
5261,4.57,15848.9
5408,3.34,10000.0
5561,3.07,22387.2
5582,5.73,39810.7
5622,3.22,31622.8
5970,4.68,16815.85
6216,3.75,28183.8
6611,4.83,6309.6
6723,2.05,39810.7
6784,2.95,22387.2
6816,2.92,39810.7
6914,5.7,13357.35
7289,5.16,14125.4
7343,5.47,17782.8
9495,5.64,19952.6
9837,2.83,562.3
9842,3.37,31622.8
10017,4.59,15848.9
10385,1.47,79.4
10452,5.47,11220.2
10512,2.34,7943.3
10584,4.26,44668.4
11501,3.43,35481.3
12111,4.39,39810.7
12225,5.05,7943.3
12417,4.0,44668.4
12825,5.13,39810.7
13244,2.93,15848.9
13329,1.25,7943.3
13402,1.71,44668.4
13928,2.84,39810.7
14090,4.62,44668.4
14101,4.42,1258.9
14711,2.53,8912.5
14864,2.49,3162.3
15155,4.7,38367.566666666666
15521,4.95,35481.3
16192,2.88,35481.3
16328,3.4,446.7
16446,2.97,39810.7
16450,1.36,44668.4
16510,4.61,29903.3
16543,1.9,3981.1
16591,3.26,3981.1
16651,2.3,25118.9
16973,4.49,13101.333333333334
17928,3.55,44668.4
18033,3.5,15848.9
18078,3.25,17782.8
18520,2.67,7943.3
19137,1.84,11220.2
19138,1.82,25118.9
21021,3.55,44668.4
21298,5.21,39810.7
21523,6.3,25118.9
21770,4.4,12589.3
22385,1.81,15848.9
22391,4.36,19952.6
23448,2.49,19952.6
23721,7.81,22387.2
24357,5.79,8912.5
24522,2.4,7943.3
25811,4.75,25118.9
26118,6.22,19952.6
26598,5.14,25118.9
27105,4.04,11904.75
28331,4.16,4466.8
29382,3.76,25118.9
29390,1.86,44668.4
29831,3.44,3548.1
29860,3.49,17782.8
29924,4.91,37646.0
30247,3.33,39810.7
30363,2.01,1122.0
30629,4.37,19952.6
30677,1.61,19952.6
31289,1.08,8912.5
31900,3.48,100.0
32764,3.38,5011.9
33134,1.06,14125.4
33630,1.93,7943.3
33727,2.82,31622.8
33809,3.32,26651.35
33986,3.47,3548.1
35358,1.42,8912.5
35586,4.72,35481.3
36093,2.69,31622.8
37245,4.96,17782.8
37987,4.08,18867.7
38124,3.64,281.8
38764,4.86,22387.2
39440,3.84,1258.9
39469,2.87,31622.8
39475,3.94,25118.9
39478,3.46,31622.8
39878,5.19,28183.8
40064,1.86,35481.3
40069,3.15,39810.7
40776,4.85,35481.3
40805,4.83,28183.8
41530,5.13,39810.7
42468,2.95,794.3
42617,5.63,7511.4
43952,7.04,13357.35
44253,1.87,5623.4
45860,4.26,25118.9
46109,4.82,19952.6
46259,2.28,19952.6
46295,2.24,10000.0
46436,2.67,17782.8
46636,4.61,8912.5
46799,2.68,25118.9
47335,6.69,28183.8
48449,5.4,12589.3
49345,5.71,25118.9
50094,4.0,22387.2
50185,4.67,17782.8
50269,3.71,17782.8
51524,1.65,2818.4
53562,6.0,10000.0
53591,2.53,562.3
54338,3.59,35481.3
54423,2.32,22387.2
54518,5.48,28183.8
54704,4.72,14125.4
54957,1.97,35481.3
54994,3.65,5011.9
55061,3.58,14987.15
56131,3.77,19952.6
56132,5.69,2511.9
56167,3.49,2238.7
56418,2.54,37646.0
56494,3.28,14125.4
56506,2.39,28183.8
56779,5.76,22387.2
57493,2.23,16815.85
57551,6.35,28183.8
59842,2.45,10000.0
60232,5.27,17782.8
61248,4.11,3548.1
61414,3.25,39810.7
62073,3.2,31622.8
63252,5.66,22387.2
64200,3.02,199.5
65028,5.23,11220.2
65244,4.9,28183.8
65494,3.23,125.9
66057,5.41,11220.2
66114,4.9,22387.2
66831,4.92,12589.3
68871,3.23,11220.2
68990,2.66,13357.35
69266,5.48,22387.2
70039,4.6,19952.6
72170,4.49,14987.15
72873,7.44,8912.5
73421,4.62,14125.4
73793,2.6,3162.3
74001,3.34,6309.6
74949,4.23,19952.6
75141,5.37,15848.9
75453,4.13,35481.3
75473,4.69,2818.4
75628,4.27,5011.9
77799,3.32,12589.3
78748,5.1,3548.1
78891,3.29,25.1
79409,4.0,28183.8
79516,3.57,19952.6
82526,2.36,19952.6
83003,2.89,28183.8
84584,3.77,22387.2
84633,3.06,39810.7
85553,4.14,19952.6
85900,4.65,19952.6
86617,3.91,10610.1
87324,4.21,15848.9
87383,4.32,14987.15
88100,6.98,39810.7
88800,4.62,39810.7
88882,3.89,7943.3
90215,3.47,39810.7
91393,3.3,16815.85
91504,2.84,31622.8
91714,1.74,2117.0
92776,5.01,631.0
93626,2.44,631.0
95661,3.14,39810.7
95794,3.38,25118.9
96842,3.7,25.1
101101,4.44,16815.85
101365,5.43,19952.6
102367,3.66,17782.8
103519,5.59,10000.0
103648,4.75,13357.35
104250,4.46,35481.3
104574,2.59,23753.05
105093,4.06,1258.9
105619,3.69,15848.9
106483,5.23,44668.4
106627,2.57,1995.3
107585,2.19,39810.7
109074,4.59,501.2
109334,3.89,14125.4
110802,3.06,44668.4
111270,4.66,22387.2
111897,1.81,8912.5
112098,5.9,7079.5
112175,4.82,22387.2
112568,5.63,1778.3
112651,4.18,39810.7
113731,5.45,22387.2
114250,6.31,28183.8
114839,3.3,12589.3
114981,2.09,26651.35
115459,4.35,28183.8
117514,1.32,2818.4
117758,3.31,15848.9
118317,4.15,5623.4
118318,3.37,12589.3
118944,3.13,794.3
119305,3.94,17782.8
119368,4.46,42239.55
119594,3.93,29903.3
119802,4.92,31622.8
120613,4.33,3548.1
121147,5.47,28183.8
121182,2.71,12589.3
121290,5.25,25118.9
121771,5.21,3981.1
121916,4.66,10000.0
122020,1.93,15848.9
122305,4.29,44668.4
122347,4.83,7079.5
122460,4.66,11220.2
122714,2.16,15848.9
124921,1.88,15848.9
125197,5.35,15848.9
127289,4.16,39810.7
127754,2.25,3981.1
128763,6.46,19952.6
129410,5.1,5011.9
129842,3.27,16815.85
130689,3.32,7079.5
131605,3.65,2818.4
132003,5.35,5011.9
132579,6.01,17782.8
134518,2.52,891.3
135013,2.44,10000.0
135448,5.04,1778.3
137009,2.79,14125.4
138037,5.24,12589.3
138638,4.15,19952.6
138873,4.33,10000.0
139210,2.71,35481.3
139286,5.66,44668.4
139434,2.19,125.9
139449,6.85,112.2
141862,1.69,8912.5
142483,3.65,15848.9
143329,3.88,31622.8
143724,3.09,11220.2
144098,5.45,8912.5
144674,4.31,10000.0
146318,3.23,12589.3
146591,4.06,4466.8
147197,4.3,28183.8
148004,5.15,39810.7
149135,0.78,44668.4
150714,4.04,35481.3
151310,2.78,22387.2
152391,4.74,10000.0
152725,4.1,12589.3
152751,5.24,39810.7
154798,4.59,28183.8
155006,5.41,11220.2
157176,1.93,28183.8
157455,3.6,3162.3
157680,4.7,8912.5
157827,1.69,21169.9
158271,5.66,11220.2
162681,3.26,31622.8
166277,2.17,28.2
166836,4.34,39810.7
167577,3.93,31622.8
169379,4.08,3162.3
169625,3.06,39810.7
170636,4.66,17782.8
171436,0.21,17782.8
171875,3.1,25118.9
172558,4.12,25118.9
172559,3.8,28183.8
172617,3.4,25118.9
172632,2.68,17782.8
172767,3.19,39810.7
173220,3.21,15848.9
173420,3.66,6309.6
177260,6.53,11220.2
177463,5.23,39810.7
178852,1.32,7079.5
181755,3.6,3548.1
183493,4.06,21169.9
183694,3.08,22387.2
183706,4.57,158.5
186692,2.69,3162.3
186964,2.13,19952.6
187828,3.39,25118.9
188650,6.11,44668.4
189391,3.47,44668.4
191387,3.69,11220.2
192290,5.16,3162.3
193281,4.08,39810.7
193343,1.86,891.3
193961,4.78,15848.9
194033,3.5,15848.9
194270,4.46,3548.1
195260,5.05,22387.2
195525,2.45,44668.4
196153,1.26,22387.2
196163,4.72,23753.05
197864,3.84,12589.3
198540,2.94,10000.0
199661,4.02,2818.4
202518,3.2,25118.9
202965,4.66,25118.9
203231,4.41,14125.4
204247,1.53,44668.4
205525,3.1,6309.6
207458,4.37,1995.3
207494,4.24,4466.8
207681,4.02,4466.8
208790,4.15,21169.9
209711,2.0,12589.3
211620,4.42,7943.3
214478,5.58,8912.5
216440,0.92,12589.3
217968,4.45,10000.0
223672,2.55,28183.8
224175,2.24,14125.4
224263,5.44,945.65
225483,2.72,14125.4
226243,3.5,12589.3
226626,3.5,5011.9
227593,4.3,199.5
227917,4.27,15848.9
228888,4.5,15848.9
230203,3.76,17782.8
230925,4.11,19952.6
231304,4.76,25118.9
231436,2.02,25118.9
231573,3.71,39810.7
231614,3.25,125.9
231615,5.44,7079.5
234878,2.07,19952.6
234881,2.77,12589.3
235546,2.77,10000.0
235547,2.78,8427.9
235601,4.76,9456.25
236507,5.45,39810.7
236678,2.43,316.2
236761,4.03,19952.6
240512,3.86,17782.8
240652,3.02,17782.8
241660,5.51,28183.8
244701,3.33,35481.3
246716,4.79,31622.8
247805,4.69,39810.7
250934,3.08,28183.8
251035,2.73,25118.9
252209,2.45,14125.4
252239,2.73,17782.8
252988,3.34,12589.3
253389,3.57,17782.8
253642,4.89,17782.8
254720,3.68,39810.7
255377,5.03,39810.7
258303,5.18,3981.1
258621,3.91,89.1
262262,3.69,25118.9
262783,2.61,562.3
263655,1.98,42239.55
263787,3.74,23753.05
264453,4.1,35481.3
268469,5.32,14987.15
273424,4.85,22387.2
273758,1.55,39810.7
273917,4.27,17782.8
273921,3.89,29903.3
274725,3.11,8912.5
274836,4.7,31622.8
274868,4.42,19952.6
274972,2.81,125.9
276857,2.36,31622.8
280969,2.28,13613.366666666667
285452,4.77,14125.4
285512,5.19,11220.2
286520,3.68,398.1
288216,3.02,39810.7
288219,5.48,28183.8
290281,2.59,25118.9
293438,5.03,22387.2
294910,2.73,10000.0
298168,3.78,8912.5
298290,3.28,5623.4
300818,0.75,15848.9
302307,4.83,39810.7
302475,5.68,39810.7
302889,4.47,39810.7
304069,3.29,44668.4
306688,5.02,12589.3
311345,2.61,22387.2
316564,3.14,19952.6
317540,3.15,12589.3
318207,2.8,39810.7
319565,2.73,25118.9
321071,5.86,44668.4
321183,2.51,8912.5
321197,1.47,35481.3
321326,3.93,22387.2
321608,4.02,17782.8
321655,2.69,19952.6
321878,4.6,25.1
321964,3.62,5011.9
323410,3.94,28183.8
323761,5.54,7079.5
324163,4.74,35481.3
324387,2.4,28183.8
326675,6.02,28183.8
327346,4.2,39810.7
327478,5.29,22387.2
327513,3.19,7943.3
328153,5.03,39810.7
328171,4.14,12589.3
328173,5.23,8912.5
328414,5.75,31622.8
329418,4.1,2818.4
330802,5.39,35481.3
330803,3.72,3981.1
331657,3.74,25118.9
331906,3.66,7079.5
331952,4.7,7943.3
333327,4.49,794.3
333542,3.58,12589.3
333558,2.91,17782.8
333686,3.12,28183.8
334246,4.18,19952.6
334424,3.92,28183.8
338924,3.94,19952.6
338934,4.27,11220.2
339173,4.93,28183.8
341892,5.98,25.1
342897,4.07,14125.4
343843,4.34,14699.9
344532,4.66,8912.5
346255,3.24,3548.1
347853,5.07,25118.9
348837,4.85,11220.2
349016,3.84,31622.8
349715,4.63,1778.3
349808,4.28,5623.4
349809,4.29,7079.5
349910,3.54,22387.2
351226,3.58,22387.2
352516,4.69,7943.3
352571,4.96,8912.5
352814,5.46,3981.1
352917,0.68,28183.8
353131,6.12,19952.6
353303,4.55,17782.8
353667,6.13,12589.3
353925,3.13,19952.6
356327,2.39,31622.8
356336,4.38,3162.3
356472,2.68,19952.6
356545,3.82,6309.6
356548,4.41,17782.8
357247,5.0,1584.9
357557,3.26,15848.9
357797,4.2,22387.2
359735,4.52,22387.2
360243,3.36,8912.5
360396,2.29,14125.4
365189,7.59,31622.8
365273,2.98,31622.8
365630,2.83,35481.3
368109,5.4,15848.9
368538,1.69,5623.4
368666,3.1,3981.1
368962,4.63,15848.9
368974,4.89,4466.8
369220,2.69,35481.3
369226,1.92,7943.3
369407,4.59,17782.8
370180,4.18,39810.7
371740,3.92,14125.4
371859,2.14,44668.4
372055,2.57,16815.85
372151,2.95,28183.8
372449,4.86,10000.0
372552,4.23,39810.7
373070,3.23,8912.5
373681,4.35,7943.3
373714,5.62,17782.8
373787,6.89,25118.9
373866,5.5,28183.8
373928,1.85,31622.8
373953,2.38,25.1
374719,3.96,28183.8
375161,0.96,14125.4
376142,3.07,25118.9
376272,5.58,44668.4
376743,5.39,39810.7
376755,5.49,3355.2
377280,2.81,17782.8
377313,3.28,3548.1
377361,2.94,17782.8
377583,3.41,22387.2
377701,5.45,3548.1
378065,7.25,28183.8
378517,3.81,1995.3
379769,3.33,10000.0
379780,3.65,1584.9
379948,3.49,39810.7
380371,3.48,22387.2
384940,3.92,17782.8
385633,4.16,12589.3
386297,1.5,70.8
386373,4.89,11220.2
386374,5.12,8912.5
386375,5.25,14125.4
386376,4.96,19952.6
386378,5.0,8912.5
386616,4.11,19952.6
387070,4.28,11904.75
389501,4.19,19952.6
389502,4.49,31622.8
389503,4.45,35481.3
389504,4.51,28183.8
389505,4.9,22387.2
389718,4.08,10000.0
390044,3.34,12132.933333333332
390095,2.29,22387.2
390237,3.9,28183.8
390242,4.26,16815.85
390243,4.35,11676.566666666668
390245,4.1,11220.2
390256,4.3,1258.9
390260,4.45,1778.3
390561,3.29,12589.3
391140,2.47,19952.6
391178,2.55,19952.6
391204,3.41,12589.3
391219,4.57,16815.85
391222,4.0,5011.9
391244,3.67,28183.8
392064,3.12,17782.8
392373,4.18,10610.1
394153,5.0,39810.7
395530,3.89,10000.0
397403,2.6,19952.6
399410,4.68,15848.9
399749,5.22,12589.3
399755,2.26,23753.05
403645,4.66,39810.7
404688,5.83,14125.4
405365,4.35,14125.4
405667,4.25,14125.4
405672,2.55,22387.2
406286,4.67,1000.0
406575,3.66,25118.9
407013,3.9,5623.4
407035,4.81,17782.8
407127,4.33,28183.8
407966,5.01,22387.2
409428,5.15,25118.9
411442,2.36,15848.9
411445,5.43,14125.4
412071,3.49,28183.8
415914,4.5,28183.8
415915,4.46,14125.4
415948,4.55,14125.4
416011,5.75,19952.6
416201,3.55,44668.4
418437,3.52,7943.3
418439,3.87,10000.0
418486,7.2,7943.3
418792,4.48,44668.4
419227,4.44,223.9
419448,5.16,28183.8
419578,6.16,7943.3
419598,5.32,26651.35
419704,3.83,19952.6
420125,6.25,15848.9
421017,0.53,4739.35
421119,4.73,15848.9
421345,6.3,31622.8
421390,4.35,22387.2
421439,4.8,3981.1
421442,5.25,10000.0
421592,2.64,3548.1
423245,5.11,11220.2
423505,4.28,1000.0
423626,4.94,39810.7
424152,4.12,4466.8
424784,4.16,28183.8
426152,4.63,15848.9
426428,5.53,1995.3
426485,5.95,8912.5
426589,5.92,19952.6
426591,5.94,14125.4
426821,5.17,19952.6
427824,5.64,446.7
427837,4.29,19952.6
427989,5.31,39810.7
428034,5.81,35481.3
428347,5.43,1584.9
428571,4.27,28183.8
428618,4.53,19952.6
428619,3.79,14125.4
428726,2.88,19952.6
428786,2.81,17782.8
428814,3.33,39810.7
428815,3.03,6309.6
428915,3.33,7079.5
428956,3.25,17782.8
428958,5.41,1584.9
428999,3.85,14125.4
429001,5.53,44668.4
429007,3.06,2818.4
429051,3.99,2818.4
429054,4.6,631.0
429128,4.0,5623.4
429129,4.12,12589.3
429169,4.37,1412.5
429170,3.81,19952.6
429236,5.42,28183.8
429774,3.74,17782.8
429983,4.64,11220.2
430048,6.17,17782.8
430058,4.27,12589.3
430068,3.21,14125.4
430186,3.19,39810.7
430222,4.32,12589.3
430251,5.28,5623.4
430410,3.67,14125.4
430411,2.82,15848.9
430425,5.86,25118.9
430443,6.96,39810.7
430467,6.99,10000.0
430468,7.23,125.9
430488,5.49,1584.9
430498,6.94,2818.4
430512,4.92,31622.8
430541,6.97,15848.9
430556,7.11,354.8
430572,6.86,562.3
430573,6.91,14125.4
430576,3.94,28183.8
430591,6.83,28183.8
430592,6.96,168.15
430603,6.68,14125.4
430606,6.94,100.0
430637,4.93,17782.8
431246,4.24,25118.9
431541,3.39,19952.6
431597,4.26,10000.0
432377,2.24,13357.35
432799,5.0,17782.8
435004,3.4,15848.9
436125,5.45,22387.2
437908,1.78,7079.5
438093,4.46,12589.3
440380,4.69,1584.9
441247,2.53,3548.1
441556,5.41,19952.6
442361,5.79,11220.2
442943,7.81,25118.9
443390,6.57,11220.2
443391,6.34,14125.4
443447,4.44,17782.8
443987,4.27,19952.6
444015,5.11,44668.4
444112,2.65,17782.8
444132,3.64,15848.9
444333,4.35,223.9
444639,5.51,39810.7
444975,5.05,14125.4
445071,3.29,17782.8
445133,4.1,19952.6
445707,5.21,28183.8
445910,6.37,22387.2
446783,0.9,5011.9
447087,4.93,8912.5
447168,4.66,9456.25
447538,2.55,39810.7
449278,3.44,63.1
449835,5.62,316.2
449953,2.28,39810.7
450307,5.01,25118.9
451936,4.82,8912.5
452124,3.83,39810.7
452125,3.82,14125.4
452659,4.15,19952.6
452774,2.27,29903.3
453570,4.35,39810.7
453833,5.7,1258.9
454293,3.31,31622.8
454732,5.23,17782.8
454734,4.91,26651.35
454802,2.45,17782.8
454803,5.41,5011.9
455572,5.51,17782.8
455637,5.19,39810.7
455641,5.11,3981.1
455670,4.17,17782.8
455672,4.02,2511.9
455906,5.06,794.3
455910,5.76,31622.8
456477,2.84,25118.9
458395,4.23,14125.4
459040,7.0,25118.9
459217,4.78,10000.0
459489,3.36,44668.4
459543,7.08,31622.8
460309,3.81,15848.9
460611,4.28,19952.6
460613,4.1,14125.4
460908,4.17,8912.5
460947,3.42,63.1
461052,4.73,39810.7
461703,4.22,891.3
461821,3.61,28183.8
462233,3.0,35481.3
462296,3.42,35481.3
463887,4.16,2511.9
464630,3.36,14125.4
464921,3.86,9456.25
465356,7.4,79.4
465405,6.18,39810.7
466684,3.06,31622.8
468307,3.95,3548.1
469262,4.32,15848.9
469395,5.04,44668.4
469666,4.38,31622.8
470098,2.59,10000.0
470964,3.73,2818.4
471006,4.33,17782.8
471070,4.57,6694.55
471362,5.22,11220.2
471407,4.24,35481.3
471417,5.89,11220.2
471440,6.14,56.2
471514,2.0,5011.9
471952,5.02,4466.8
472263,4.97,7079.5
474535,5.14,8912.5
474633,4.29,12589.3
476144,5.38,17782.8
476339,4.84,562.3
477721,2.94,15848.9
477862,3.86,28183.8
481112,3.98,8912.5
482742,2.33,22387.2
482743,2.75,39810.7
482811,5.78,15848.9
483671,4.17,3162.3
483899,3.63,12589.3
484016,6.74,89.1
484235,2.13,4466.8
484658,3.91,28183.8
484659,3.97,31622.8
484695,3.92,7943.3
485115,2.19,16815.85
485528,3.45,5011.9
485726,3.19,11220.2
487665,4.5,31622.8
488841,4.55,14987.15
490617,4.27,12589.3
491436,4.21,14125.4
491732,3.6,35481.3
491813,3.52,19952.6
493547,3.9,10000.0
493763,5.27,5011.9
494572,4.65,7079.5
497295,2.28,16815.85
498029,5.24,28183.8
498122,5.26,35481.3
498123,5.45,31622.8
498315,4.92,33552.05
498748,5.86,35481.3
498867,3.89,22387.2
501931,4.53,39810.7
503471,5.31,10000.0
504528,4.99,4739.35
504565,3.99,158.5
505388,4.96,15848.9
505954,1.56,15848.9
506444,7.07,22387.2
507405,5.28,12589.3
507713,5.02,11220.2
507728,3.63,25118.9
507832,3.41,44668.4
508346,4.84,42239.55
508782,5.92,19952.6
509655,0.83,31622.8
510147,2.49,22387.2
511624,5.24,794.3
512449,3.45,39810.7
513362,4.33,25118.9
514118,4.7,4466.8
514751,4.66,39810.7
518375,2.41,39810.7
518970,4.53,22387.2
520938,2.78,22387.2
521334,5.4,39810.7
521733,2.74,10610.1
522312,4.98,39810.7
522325,4.21,16815.85
522894,2.91,44668.4
523462,4.6,3162.3
523771,5.08,14125.4
524419,3.69,1778.3
524526,4.43,15848.9
524626,3.83,44668.4
524678,4.62,10000.0
524809,4.72,39810.7
524824,4.4,25118.9
525239,6.13,17782.8
525637,5.29,44668.4
525754,3.42,39810.7
525919,5.96,14125.4
526037,5.35,31622.8
526968,4.7,39810.7
527083,5.31,17782.8
527645,5.79,19952.6
528587,5.41,25118.9
528750,4.95,35481.3
529006,5.44,14125.4
529334,4.11,11220.2
529482,4.74,12589.3
530515,4.46,14125.4
530699,5.9,19952.6
531575,5.27,28183.8
531581,4.04,7943.3
531702,5.17,15848.9
532400,5.54,25118.9
532674,5.57,10000.0
532689,4.77,8912.5
532814,5.75,39810.7
532986,5.15,39810.7
533462,5.34,25118.9
534140,5.25,8912.5
535244,5.27,44668.4
535314,5.42,14125.4
535982,6.19,15848.9
536454,4.87,35481.3
536837,4.8,14125.4
536844,6.37,31622.8
537450,4.77,12589.3
537880,5.09,7943.3
538388,5.34,14125.4
539105,5.18,15848.9
539143,5.4,35481.3
539586,5.54,446.7
539991,4.62,22387.2
541131,3.67,11220.2
541366,5.13,44668.4
541672,5.46,17782.8
541758,5.17,15848.9
541829,5.34,37646.0
542070,3.69,39810.7
555391,3.25,2238.7
555972,4.93,14125.4
556717,4.36,17782.8
556890,4.28,15848.9
557184,5.32,5011.9
557193,5.76,35481.3
557904,3.34,11220.2
558106,6.08,19952.6
558817,2.8,15848.9
558879,5.44,31622.8
558886,4.1,7943.3
559515,4.29,15848.9
560455,5.97,22387.2
560458,3.95,17782.8
560645,3.34,28183.8
561502,5.44,28183.8
562229,2.42,39810.7
562438,5.54,25118.9
563122,3.49,15848.9
563191,3.7,2818.4
563693,7.36,28183.8
565850,3.37,7943.3
566431,3.96,12589.3
567425,2.12,14699.9
570220,3.96,14125.4
571156,6.47,15848.9
572705,6.29,35481.3
572944,5.19,15848.9
573326,3.82,7079.5
573368,4.47,2665.15
573571,3.0,15848.9
574191,3.71,2818.4
574267,3.87,2818.4
574479,3.54,891.3
574599,3.81,34195.13333333333
574750,3.98,14125.4
574777,3.76,44668.4
575729,4.87,44668.4
576003,4.72,31622.8
576968,5.31,10000.0
577100,3.67,18867.7
577178,3.23,1258.9
577201,2.85,31622.8
577202,2.68,26651.35
577227,5.7,19952.6
577233,3.37,15848.9
577247,5.46,10610.1
577249,5.56,12589.3
577268,5.69,39810.7
577293,5.68,25118.9
577294,5.11,39810.7
577307,4.39,19952.6
577328,4.51,39810.7
577343,5.75,44668.4
577344,4.8,8912.5
577420,4.61,35481.3
577814,2.31,11904.75
578591,5.1,10000.0
578607,3.31,14125.4
579558,5.95,17782.8
581178,4.35,8912.5
583181,3.58,37646.0
583742,3.78,12589.3
583883,4.05,7943.3
583916,4.04,16815.85
583924,5.5,35481.3
584057,4.72,22387.2
584190,6.0,14125.4
584230,5.39,31622.8
584254,6.11,39810.7
584322,5.65,25118.9
584330,6.01,25118.9
584406,3.94,3548.1
584417,5.02,3162.3
584568,5.46,19952.6
584602,5.92,3981.1
584720,4.14,25118.9
584796,4.7,44668.4
584826,4.23,14125.4
584843,5.71,89.1
584854,5.92,31622.8
584940,5.05,15848.9
585033,3.97,11220.2
585202,4.11,12589.3
585479,3.77,8427.9
585504,5.19,8912.5
585549,4.94,11220.2
585573,3.41,3548.1
585596,5.48,19952.6
585602,3.71,8912.5
585642,5.27,15848.9
585720,4.89,3981.1
585727,4.73,17782.8
585749,5.9,2818.4
585767,5.45,25118.9
585877,4.81,15848.9
585971,5.09,3981.1
585980,4.55,1584.9
586019,4.93,14125.4
586031,5.15,14125.4
586185,6.14,39810.7
586285,5.35,44668.4
586327,5.61,14987.15
586349,5.11,12589.3
586418,5.71,19952.6
586535,4.08,14125.4
586568,3.45,7079.5
586598,3.5,31622.8
586610,5.32,14125.4
586644,3.8,12589.3
586706,5.98,28183.8
586903,5.71,25118.9
586980,5.71,14125.4
587055,5.19,15848.9
587139,5.08,22387.2
587165,5.11,26651.35
587227,5.4,2818.4
587307,5.82,15848.9
587384,5.28,17782.8
587422,3.94,42239.55
587441,5.63,7943.3
587588,2.36,11220.2
587708,5.57,14125.4
587812,3.94,141.3
587905,4.49,35481.3
587969,4.13,14125.4
587973,3.35,31622.8
588010,3.59,19952.6
588018,5.66,25118.9
588146,5.49,39810.7
588309,5.77,26651.35
588340,6.14,25118.9
588389,5.85,10000.0
588499,4.32,14125.4
588582,5.0,10000.0
588657,5.06,12589.3
588711,5.26,15848.9
588770,4.04,3548.1
588805,5.39,39810.7
588826,5.7,19952.6
588904,5.72,22387.2
588925,3.84,10000.0
589013,5.33,7079.5
589019,5.26,17782.8
589102,5.17,39810.7
589116,5.71,15848.9
589147,5.19,25118.9
589166,5.11,19952.6
589239,5.09,39810.7
589349,4.54,39810.7
589463,4.29,31622.8
589548,5.82,12589.3
589601,4.68,31622.8
589625,3.71,17782.8
589685,5.15,28183.8
589697,5.29,15848.9
589706,5.05,14125.4
589714,5.28,15848.9
589715,3.9,1584.9
589720,4.56,10000.0
589748,4.69,28183.8
589751,5.96,17782.8
589765,5.27,44668.4
589776,5.45,1412.5
589881,4.14,3548.1
589907,5.18,17782.8
589943,5.09,44668.4
589959,5.02,11220.2
589976,5.62,17782.8
589989,5.07,25118.9
590048,4.05,8912.5
590065,5.16,14125.4
590081,3.6,25118.9
590111,5.5,7943.3
593656,3.56,14125.4
593949,5.27,31622.8
595803,2.44,31622.8
596658,3.98,17782.8
597484,3.5,3162.3
597624,4.51,35481.3
597872,5.36,3764.6
598737,5.76,15848.9
599294,4.55,35481.3
599354,4.28,1778.3
599394,5.55,125.9
600150,4.71,4466.8
600179,3.12,14125.4
600832,4.65,10000.0
600990,3.92,39810.7
601912,3.39,19952.6
602426,4.2,11220.2
604106,5.96,22387.2
604488,5.58,39810.7
610431,3.87,4466.8
611752,4.18,22387.2
611756,4.12,31622.8
612767,5.94,14125.4
612768,6.03,4466.8
612769,5.99,12589.3
612841,6.16,25118.9
612915,6.28,1122.0
612985,5.92,17782.8
613061,6.08,31622.8
613135,6.09,15848.9
613136,6.08,14125.4
613137,6.17,15848.9
613201,6.12,19952.6
613202,6.26,25118.9
613203,6.26,17782.8
613204,6.26,28183.8
613318,6.15,22387.2
613532,6.21,12589.3
613597,5.93,39810.7
613598,6.21,29903.3
613659,6.2,17782.8
613664,5.82,14125.4
613726,6.11,2818.4
613804,6.36,707.9
613867,5.91,4466.8
614455,3.6,25118.9
617134,4.31,28183.8
618114,3.29,8912.5
618239,6.0,39810.7
619984,3.54,28183.8
622008,3.97,22387.2
624109,4.18,5011.9
624551,3.71,22387.2
625928,2.51,44668.4
627416,3.15,11220.2
630073,1.6,2665.15
631025,2.16,33552.05
631334,1.88,22387.2
632350,3.67,3162.3
641189,6.23,19952.6
642262,2.51,8912.5
642960,1.75,31622.8
644980,4.7,19952.6
645532,3.77,17782.8
646953,7.52,7079.5
647555,2.36,31622.8
647898,3.26,14125.4
648474,4.18,35481.3
649384,6.76,14125.4
649391,5.92,14125.4
649612,5.87,10000.0
649650,6.14,8912.5
649651,6.07,17782.8
649652,5.95,14125.4
649655,5.98,21169.9
649656,6.03,14125.4
649659,5.9,15848.9
649692,6.05,7079.5
649704,6.25,10000.0
649748,5.87,3548.1
649759,6.03,12589.3
649834,6.01,10000.0
649991,6.03,10000.0
650601,5.77,25118.9
650781,5.69,10000.0
650845,5.62,15848.9
651287,5.74,5011.9
651317,6.09,11220.2
651352,5.89,10000.0
651384,5.97,10000.0
651464,3.91,31622.8
651570,3.53,10000.0
654446,2.27,13357.35
656727,5.22,15848.9
659122,5.74,6309.6
661024,3.9,3548.1
666961,4.76,31622.8
671587,4.97,15848.9
674536,5.3,31622.8
674712,4.44,5623.4
674799,5.86,11220.2
674819,3.01,3162.3
675097,5.83,25118.9
675307,4.82,5011.9
675343,6.19,44668.4
682701,6.35,17782.8
682996,3.64,3548.1
683445,4.93,15848.9
684823,4.36,44668.4
685710,3.22,14125.4
687339,4.35,16815.85
687413,3.68,5011.9
691215,3.16,5011.9
691250,3.01,2818.4
692225,0.64,3548.1
693880,1.94,10000.0
694482,3.25,31622.8
694946,3.29,39810.7
695624,5.46,10000.0
698810,8.7,28183.8
699204,2.9,3981.1
700348,2.41,8912.5
702835,2.98,22387.2
703662,5.08,1584.9
704386,5.05,39810.7
704632,3.64,39810.7
704923,2.96,8912.5
705268,1.92,7079.5
705276,3.87,19952.6
705467,0.96,1122.0
705562,3.2,3162.3
705658,3.9,25118.9
705669,5.93,7943.3
705738,2.77,7079.5
705752,5.38,12589.3
705768,4.6,8912.5
705807,4.55,44668.4
705917,3.99,11220.2
708432,3.6,10000.0
709098,5.91,3548.1
709409,4.56,35481.3
709457,5.49,12589.3
709652,5.45,1584.9
710201,5.47,31622.8
710295,4.41,12589.3
710325,5.67,3548.1
711173,4.97,14125.4
711229,5.13,17782.8
711972,0.93,39810.7
714166,4.9,22387.2
715050,3.79,12589.3
715198,3.46,11220.2
715372,3.28,2511.9
716762,4.33,19952.6
723068,3.61,501.2
723085,5.37,2511.9
723122,5.52,28183.8
723130,4.72,19952.6
723137,5.48,14125.4
723140,4.48,28183.8
723142,5.69,22387.2
723147,4.67,8912.5
723153,3.94,17782.8
723158,3.15,31622.8
723175,5.93,18867.7
723199,4.88,33552.05
723207,5.84,25118.9
723212,4.37,12589.3
723213,5.05,14987.15
723219,3.95,28183.8
723236,5.18,19952.6
723242,3.12,29903.3
723260,5.53,31622.8
723262,4.9,39810.7
723267,5.5,707.9
723273,5.88,28183.8
723300,5.51,28183.8
723303,4.78,17782.8
723304,4.54,14125.4
723305,5.0,7079.5
723312,5.15,17782.8
723316,2.69,7079.5
723331,5.62,12589.3
723334,4.29,39810.7
723346,4.43,14125.4
723350,3.82,19952.6
723361,5.9,22387.2
723362,4.91,31622.8
723383,4.8,39810.7
723384,5.47,13357.35
723397,5.58,12589.3
723400,5.63,10000.0
723410,4.81,12589.3
723411,5.31,11220.2
723415,5.8,25118.9
723424,4.69,11220.2
723435,5.37,44668.4
723454,5.03,14125.4
723455,5.62,7079.5
723490,3.54,2238.7
723508,5.17,22387.2
723513,3.38,25118.9
723519,5.35,12589.3
723520,4.44,4466.8
723526,5.8,25118.9
723546,5.5,19952.6
723550,5.19,17782.8
723551,5.05,12589.3
723552,3.42,14987.15
723566,3.28,22387.2
723568,4.62,18867.7
723574,4.7,4466.8
723575,5.23,17782.8
723576,4.8,15848.9
723585,4.77,14125.4
723591,3.07,14125.4
723606,4.39,3548.1
723609,3.52,8912.5
723611,4.15,39810.7
723622,4.25,7079.5
723630,5.11,15848.9
723641,4.82,44668.4
723644,4.95,7511.4
723649,5.56,44668.4
723667,5.42,15848.9
723680,5.51,1258.9
723692,2.51,31622.8
723694,4.91,2818.4
723698,5.24,8912.5
723701,5.87,3548.1
723712,5.73,31622.8
723715,4.24,14125.4
723740,4.8,22387.2
723763,2.87,35481.3
723790,4.19,141.3
723795,4.28,3548.1
723799,5.19,25118.9
723800,5.29,14125.4
723805,5.42,39810.7
723817,4.7,631.0
723824,4.84,12589.3
723840,5.63,39810.7
723846,5.63,6309.6
723851,4.94,37646.0
723861,3.21,12589.3
723863,4.78,15848.9
723864,3.7,3981.1
723881,1.97,13357.35
723889,3.34,3548.1
723892,5.95,28183.8
723901,5.82,44668.4
723907,5.71,11220.2
723910,5.67,5011.9
723911,4.02,35481.3
723934,5.03,44668.4
723935,5.22,25118.9
723937,5.25,17782.8
723939,5.07,15848.9
723947,5.59,22387.2
723958,4.5,3548.1
723981,4.93,3548.1
724004,4.64,25.1
724020,5.9,8912.5
724041,4.65,17782.8
724042,6.03,19952.6
724046,4.49,25118.9
724061,5.55,19952.6
724069,6.04,199.5
724081,4.39,10000.0
724082,4.19,39810.7
724105,4.57,11220.2
724120,3.83,5623.4
724126,4.5,35481.3
724127,2.26,31622.8
724140,6.03,19952.6
724149,4.84,11220.2
724154,5.8,15848.9
724190,4.73,1778.3
724196,4.62,19952.6
724211,4.57,12589.3
724222,6.16,17782.8
724227,4.41,25118.9
724231,5.41,5623.4
724243,5.93,25118.9
724249,4.53,19952.6
724251,5.28,31622.8
724257,6.25,22387.2
724269,4.36,15848.9
724272,2.71,15848.9
724278,4.66,14987.15
724283,4.68,6309.6
724292,5.53,8427.9
724293,5.0,15848.9
724313,4.33,19952.6
724315,4.03,10000.0
724327,5.79,14987.15
724331,5.19,22387.2
724333,4.11,11220.2
724343,6.17,1000.0
724350,5.44,11220.2
724363,3.46,25118.9
724372,4.82,17782.8
724377,4.74,1995.3
724378,6.21,14125.4
724387,5.4,17782.8
724391,4.38,17782.8
724393,6.33,1122.0
724397,4.87,15848.9
724402,4.71,10000.0
724405,4.46,7943.3
724408,4.99,12589.3
724420,4.39,14125.4
724423,6.61,14125.4
724438,5.66,31622.8
724441,2.32,17782.8
724447,5.94,19952.6
724452,3.86,22387.2
724453,5.31,14125.4
724467,5.02,11220.2
724476,5.06,10000.0
724479,4.06,8912.5
724489,3.06,7943.3
724493,4.59,17782.8
724496,5.78,6309.6
724497,4.2,7943.3
724504,5.57,18867.7
724512,5.66,10000.0
724518,5.64,15848.9
724520,4.61,22387.2
724570,5.06,26651.35
724579,2.31,44668.4
724600,5.22,25118.9
724604,4.86,17782.8
724630,5.15,39810.7
724634,4.13,25118.9
724636,3.41,25118.9
724642,5.33,28183.8
724647,4.4,19952.6
724658,5.51,14125.4
724681,5.3,25118.9
724687,5.09,39810.7
724706,5.91,35481.3
724707,5.78,39810.7
724709,5.98,10000.0
724721,5.35,17782.8
724724,5.28,4466.8
724727,5.52,13357.35
724753,4.78,4466.8
724760,5.92,25118.9
724768,5.57,22387.2
724769,4.63,1122.0
724780,3.8,14125.4
724796,5.83,1122.0
724799,5.62,11220.2
724807,3.95,25118.9
724810,5.85,8912.5
724826,3.73,35481.3
724835,2.46,28183.8
724842,4.23,35481.3
724847,5.58,2238.7
724853,4.8,251.2
724859,4.4,33552.05
724873,4.3,25118.9
724883,5.19,19952.6
724898,5.02,14125.4
724899,2.66,15848.9
724900,4.43,12589.3
724908,4.33,10000.0
724917,5.27,22387.2
724936,5.18,17782.8
724943,3.8,4466.8
724944,5.44,3355.2
724950,4.14,22387.2
724959,5.58,35481.3
724980,5.91,3548.1
724988,4.82,31622.8
724991,3.15,35481.3
724996,4.03,39810.7
724998,2.83,31622.8
725003,5.67,22387.2
725033,5.49,31622.8
725042,3.71,1258.9
725049,4.51,17782.8
725050,5.34,15848.9
725053,4.92,15848.9
725084,5.13,11904.75
725090,5.32,16815.85
725097,5.49,14125.4
725102,5.18,11904.75
725107,5.59,44668.4
725109,5.23,15848.9
725112,5.17,25118.9
725122,5.21,11220.2
725129,3.91,15848.9
725136,5.02,28183.8
725137,5.16,12589.3
725138,4.01,39810.7
725141,4.59,15848.9
725155,5.06,14125.4
725167,5.09,39810.7
725171,3.0,22387.2
725173,5.86,35481.3
725178,5.62,12589.3
725181,5.86,25118.9
725183,5.13,14125.4
725185,6.07,39810.7
725186,5.51,3162.3
725206,6.06,17782.8
725207,5.03,8912.5
725209,4.72,19952.6
725214,4.96,3548.1
725222,5.43,7079.5
725231,3.67,17782.8
725241,4.2,31622.8
725248,4.94,31622.8
725257,3.83,10000.0
725260,3.46,44668.4
725264,6.49,10000.0
725265,4.57,15848.9
725284,6.24,19952.6
725290,5.75,12589.3
725293,3.04,3548.1
725301,4.47,31622.8
725319,5.54,14125.4
725322,5.5,31622.8
725339,4.45,25118.9
725348,5.37,14125.4
725357,4.98,31622.8
725366,2.95,35481.3
725371,5.75,15848.9
725394,4.58,3981.1
725396,5.01,17782.8
725406,5.17,39810.7
725412,4.56,7079.5
725427,5.24,15848.9
725428,3.64,12589.3
725441,4.57,5011.9
725442,5.41,28183.8
725454,4.39,28183.8
725473,4.77,28183.8
725479,3.35,22387.2
725482,3.73,17782.8
725488,4.71,15848.9
725491,5.1,12589.3
725495,4.53,31622.8
725515,6.11,199.5
725525,5.13,25118.9
725543,5.39,1122.0
725549,5.8,15848.9
725558,5.66,15848.9
725560,3.93,19952.6
725567,4.56,19952.6
725572,4.91,39810.7
725575,5.22,11904.75
725593,5.13,5011.9
725598,4.9,25118.9
725600,4.79,15848.9
725601,5.94,8912.5
725614,6.14,8912.5
725618,3.22,35481.3
725637,4.45,14125.4
725644,5.54,2818.4
725664,3.93,12589.3
725670,4.71,31622.8
725672,5.95,19952.6
725674,3.89,15848.9
725675,4.74,3162.3
725681,5.52,100.0
725726,5.22,28183.8
725728,5.66,28183.8
725732,5.78,3981.1
725738,5.84,44668.4
725746,3.53,14125.4
725748,5.61,22387.2
725750,5.46,7943.3
725764,5.75,10000.0
725794,5.35,1778.3
725801,6.31,28183.8
725804,3.43,11220.2
725805,4.12,22387.2
725819,6.19,16815.85
725823,5.99,8912.5
725827,5.15,3981.1
725841,4.31,19952.6
725844,4.4,31622.8
725845,4.56,31622.8
725878,5.99,12589.3
725879,3.93,11220.2
725881,5.69,15848.9
725906,5.07,10000.0
725926,5.62,12589.3
725938,5.08,31622.8
725950,4.95,15848.9
725956,2.61,39810.7
725966,3.55,31622.8
725973,5.33,3548.1
725982,3.57,25118.9
725990,4.38,3981.1
725992,5.26,14125.4
725993,5.0,8912.5
725998,5.27,39810.7
726005,4.89,25118.9
726006,4.06,10000.0
726013,4.55,1778.3
726021,3.93,31622.8
726022,4.17,44668.4
726023,5.78,14987.15
726028,5.44,19952.6
726030,3.98,3162.3
726046,5.1,8912.5
726051,5.56,446.7
726052,5.67,31622.8
726067,4.69,19952.6
726079,4.79,223.9
726087,3.32,19952.6
726091,4.33,15848.9
726095,5.06,13357.35
726117,3.34,14125.4
726133,4.69,22387.2
726136,5.32,28183.8
726137,5.01,10000.0
726158,5.51,15848.9
726172,4.61,15848.9
726175,5.73,2238.7
726177,5.03,14125.4
726184,4.42,15848.9
726192,6.16,1122.0
726201,5.29,13357.35
726210,5.61,794.3
726236,5.57,15848.9
726242,4.23,14125.4
726247,4.29,7943.3
726251,4.35,19952.6
726255,4.44,39810.7
726265,4.29,11220.2
726272,5.95,25118.9
726274,5.15,15848.9
726284,4.86,3162.3
726285,3.34,39810.7
726290,5.46,31622.8
726298,4.86,28183.8
726309,3.86,19952.6
726321,5.56,19952.6
726326,4.46,22387.2
726333,6.15,19952.6
726344,5.16,4466.8
726350,4.31,14125.4
726364,3.75,14125.4
726372,5.13,17782.8
726387,4.6,35481.3
726400,5.34,15848.9
726409,5.49,7943.3
726414,5.22,79.4
726417,5.66,15848.9
726441,4.56,15848.9
726447,5.54,39810.7
726465,3.77,15848.9
726479,5.81,3548.1
726481,6.02,4466.8
726482,4.19,10610.1
726489,5.53,35481.3
726501,4.21,56.2
726503,4.82,17782.8
726508,5.15,22387.2
726511,5.09,7079.5
726512,5.61,35481.3
726523,4.0,31622.8
726524,4.81,35481.3
726526,5.46,19952.6
726534,4.41,12589.3
726570,4.81,6309.6
726585,4.48,39810.7
726589,4.57,10000.0
726590,5.8,44668.4
726597,4.27,19952.6
726604,3.91,11220.2
726605,5.85,22387.2
726606,4.63,17782.8
726615,5.58,31622.8
726633,2.08,39810.7
726636,4.25,19952.6
726642,5.1,12589.3
726658,5.28,35481.3
726670,4.19,6309.6
726677,3.85,14125.4
726682,5.89,17782.8
726683,4.29,11220.2
726688,5.37,16815.85
726691,4.79,44668.4
726693,4.96,14125.4
726699,4.27,14125.4
726702,3.83,14125.4
726711,5.15,6309.6
726720,5.4,28183.8
726725,5.74,7943.3
726735,5.83,14125.4
726736,4.22,14125.4
726741,5.23,15848.9
726755,4.97,28183.8
726775,4.07,22387.2
726806,4.09,631.0
726807,4.14,44668.4
726844,5.48,10000.0
726846,5.07,11220.2
726851,5.37,39810.7
726853,5.44,29903.3
726864,5.78,28183.8
726870,5.84,17782.8
726878,3.0,562.3
726885,3.67,35481.3
726893,3.47,19952.6
726920,5.13,3981.1
726945,5.38,5623.4
726966,4.25,10000.0
726973,4.74,39810.7
726976,5.78,35481.3
726990,5.36,17782.8
727024,4.66,10000.0
727025,4.31,39810.7
727033,3.52,39810.7
727034,3.64,14125.4
727035,6.43,35481.3
727039,4.06,25118.9
727045,5.13,7943.3
727046,5.84,17782.8
727058,5.69,35481.3
727067,5.91,25118.9
727073,4.39,13357.35
727080,5.91,22387.2
727082,3.56,15848.9
727095,6.15,19952.6
727105,5.71,31622.8
727120,5.56,15848.9
727141,4.23,25118.9
727145,5.79,28183.8
727165,4.84,29903.3
727172,4.39,28183.8
727187,4.84,17782.8
727190,3.26,10000.0
727191,5.32,39810.7
727204,4.74,35481.3
727210,5.19,6694.55
727224,5.4,17782.8
727237,5.65,22387.2
727245,5.41,10000.0
727257,4.4,35481.3
727260,4.56,39810.7
727271,4.37,15848.9
727273,5.35,12589.3
727283,4.15,26651.35
727285,5.85,28183.8
727300,5.78,19952.6
727308,4.36,17782.8
727309,4.29,1412.5
727313,3.62,2511.9
727332,3.46,63.1
727336,5.58,10000.0
727345,4.45,28183.8
727353,5.3,25118.9
727354,3.75,15848.9
727356,4.84,17782.8
727358,3.4,3162.3
727371,5.45,25118.9
727373,5.96,10000.0
727385,4.25,2511.9
727391,4.88,8912.5
727408,5.77,14125.4
727411,3.69,14125.4
727413,5.58,12589.3
727418,4.73,12589.3
727425,5.84,12589.3
727429,5.56,3981.1
727430,5.08,11904.75
727436,5.44,5623.4
727437,4.41,19952.6
727439,5.51,10000.0
727443,5.1,14125.4
727449,5.63,22387.2
727461,4.26,2818.4
727463,6.17,19952.6
727465,4.41,17782.8
727466,4.55,2511.9
727469,5.36,22387.2
727474,5.49,17782.8
727478,4.69,17782.8
727486,4.33,22387.2
727490,4.83,14125.4
727494,2.46,39810.7
727503,4.67,15848.9
727504,5.15,158.5
727517,4.08,31622.8
727538,4.8,31622.8
727552,5.62,15848.9
727555,4.71,3981.1
727558,5.52,7943.3
727559,5.56,14125.4
727561,3.97,8912.5
727562,6.19,10000.0
727565,3.66,10000.0
727572,5.7,39810.7
727588,3.93,39810.7
727593,4.81,16815.85
727595,4.09,12589.3
727598,4.9,39810.7
727602,3.35,7079.5
727603,6.32,5623.4
727617,2.78,11220.2
727619,5.64,15848.9
727621,3.81,12589.3
727622,5.65,15848.9
727628,3.9,39810.7
727633,4.48,3548.1
727657,4.43,26651.35
727667,4.31,19952.6
727677,4.42,28183.8
727683,6.0,19952.6
727690,4.01,14125.4
727701,5.71,562.3
727713,3.04,4466.8
727718,5.81,25118.9
727729,4.38,20764.13333333333
727733,5.68,8912.5
727740,4.07,28183.8
727746,5.78,5011.9
727754,5.81,11220.2
727765,3.58,7943.3
727768,3.85,14125.4
727775,5.51,15848.9
727797,4.44,10000.0
727798,4.11,39810.7
727825,4.86,17782.8
727829,5.2,25118.9
727831,4.67,17782.8
727832,4.27,12589.3
727836,4.65,12589.3
727838,5.71,8427.9
727839,5.57,22387.2
727845,6.2,31622.8
727854,5.36,14125.4
727867,3.73,16815.85
727875,3.64,31622.8
727877,1.58,31622.8
727886,4.02,15848.9
727887,5.68,28183.8
727891,5.67,12589.3
727893,3.7,12589.3
727895,4.89,11220.2
727898,5.79,18867.7
727899,5.26,37646.0
727905,4.96,11220.2
727914,5.9,15848.9
727916,5.08,31622.8
727918,4.89,15848.9
727943,5.12,39810.7
727949,3.85,28183.8
727951,4.6,11220.2
727954,3.93,4466.8
727955,4.77,44668.4
727961,4.44,31622.8
727963,2.75,28183.8
727973,4.43,28183.8
727981,4.42,28183.8
728002,4.7,15848.9
728034,5.99,31622.8
728043,5.18,31622.8
728046,5.6,31622.8
728065,5.39,10000.0
728073,5.28,10000.0
728075,5.1,28183.8
728077,4.38,33552.05
728080,3.92,3162.3
728089,4.77,35481.3
728090,4.94,3548.1
728109,5.3,19952.6
728113,4.86,28183.8
728122,5.97,28183.8
728131,3.57,25118.9
728144,5.17,16493.533333333333
728147,4.41,3548.1
728149,5.15,1258.9
728150,6.12,14125.4
728156,4.69,22387.2
728168,4.68,17782.8
728180,1.86,28183.8
728194,6.98,35481.3
728201,5.41,28183.8
728207,4.59,39810.7
728212,3.22,3548.1
728220,5.62,15848.9
728230,5.34,22387.2
728245,5.72,8912.5
728253,3.58,12589.3
728268,4.37,25118.9
728270,5.56,17782.8
728272,4.08,39810.7
728282,3.86,29903.3
728286,5.02,8912.5
728292,5.6,25118.9
728302,4.25,35481.3
728315,4.75,31622.8
728318,5.86,12589.3
728324,4.33,39810.7
728333,4.62,15848.9
728340,3.98,8912.5
728342,4.9,15848.9
728348,6.48,3981.1
728355,6.01,35481.3
728357,5.15,14125.4
728360,4.15,2818.4
728383,4.86,28183.8
728397,2.47,17782.8
728414,4.95,31622.8
728415,5.66,12589.3
728452,5.4,199.5
728454,5.7,15848.9
728460,3.3,15848.9
728465,3.9,14125.4
728469,5.62,25118.9
728470,4.75,39810.7
728475,5.41,16815.85
728476,5.77,39810.7
728478,5.12,28183.8
728480,4.44,15848.9
728496,4.66,22387.2
728507,5.43,14125.4
728509,4.6,2511.9
728512,4.21,19952.6
728524,6.16,17782.8
728532,4.03,28183.8
728545,5.23,1995.3
728551,4.92,10000.0
728553,4.68,3981.1
728555,5.96,44668.4
728568,5.29,7943.3
728576,5.66,19952.6
728581,5.89,31622.8
728585,5.87,11220.2
728611,4.37,25118.9
728613,5.75,10000.0
728626,5.27,17782.8
728630,4.23,25118.9
728639,4.58,39810.7
728647,5.45,8912.5
728649,5.12,25.1
728667,4.83,17782.8
728681,4.66,17782.8
728683,3.3,15848.9
728685,5.27,12589.3
728703,4.56,28183.8
728707,4.83,10000.0
728713,5.75,15848.9
728725,5.67,11220.2
728730,4.88,1122.0
728734,5.66,25118.9
728745,4.24,2238.7
728750,6.14,3162.3
728753,4.48,28183.8
728768,5.48,3981.1
728787,3.75,12589.3
728821,3.47,10000.0
728836,5.5,39810.7
728858,6.15,25118.9
728859,5.76,22387.2
728866,4.84,17782.8
728880,4.04,17782.8
728882,4.81,1412.5
728887,3.87,3548.1
728888,5.07,5623.4
728895,2.79,28183.8
728897,4.82,31622.8
728898,4.23,5011.9
728909,4.41,14125.4
728914,6.13,17782.8
728926,5.79,19952.6
728959,4.81,26651.35
728974,5.47,6309.6
728975,5.62,22387.2
728989,4.94,17782.8
728995,6.18,7943.3
729006,5.76,35481.3
729012,4.66,11220.2
729015,4.34,31622.8
729026,4.44,3162.3
729030,4.77,14987.15
729036,5.63,33552.05
729046,3.76,39810.7
729050,5.89,11220.2
729053,4.86,4466.8
729070,5.28,22387.2
729101,5.66,14125.4
729121,5.29,1412.5
729139,5.52,25118.9
729140,5.2,3981.1
729151,5.92,14125.4
729156,4.66,39810.7
729172,3.81,31622.8
729175,5.71,35481.3
729179,4.43,1584.9
729188,3.98,8912.5
729191,4.81,14987.15
729196,4.52,11220.2
729206,5.66,11220.2
729228,3.83,39810.7
729234,5.78,33552.05
729241,6.1,7943.3
729265,5.81,22387.2
729266,3.83,8912.5
729274,4.56,13357.35
729279,5.64,22387.2
729283,5.21,39810.7
729291,5.02,28183.8
729297,6.09,17782.8
729298,5.29,79.4
729303,4.98,17782.8
729308,5.54,39810.7
729309,6.09,9456.25
729311,5.73,16815.85
729323,3.5,14125.4
729325,4.32,22387.2
729335,4.87,25118.9
729346,5.5,8912.5
729355,5.45,15848.9
729356,5.01,22387.2
729359,3.43,14125.4
729362,4.99,7079.5
729387,3.39,158.5
729389,4.64,39810.7
729406,4.72,39810.7
729407,5.33,17782.8
729409,5.7,25118.9
729412,5.84,17782.8
729416,5.65,112.2
729446,5.65,39810.7
729460,5.12,7943.3
729464,4.52,22387.2
729473,3.04,10000.0
729476,4.87,14125.4
729490,4.61,12589.3
729491,4.39,1995.3
729516,5.41,17782.8
729523,5.68,25118.9
729527,3.0,14987.15
729531,4.02,28183.8
729544,5.24,22387.2
729546,5.11,6309.6
729548,4.72,11220.2
729549,5.31,1584.9
729570,4.9,14125.4
729577,3.83,25118.9
729589,4.99,35481.3
729596,3.83,12589.3
729599,4.75,28183.8
729615,5.74,3162.3
729642,4.71,7079.5
729646,5.78,15848.9
729650,5.26,7943.3
729691,4.56,22387.2
729693,5.32,28183.8
729699,4.47,79.4
729708,4.22,12589.3
729716,1.98,19952.6
729732,4.87,12589.3
729733,5.95,10000.0
729735,4.91,22387.2
729736,5.51,28183.8
729745,5.42,10000.0
729764,5.25,25118.9
729786,4.35,794.3
729796,4.07,17782.8
729804,4.97,25118.9
729808,4.73,14125.4
729810,5.51,7079.5
729811,4.83,7943.3
729818,5.15,17782.8
729820,5.18,15848.9
729822,3.14,44668.4
729824,5.89,33552.05
729830,5.18,25118.9
729844,5.95,11220.2
729847,5.24,8912.5
729858,5.61,14125.4
729864,3.63,17782.8
729878,3.55,17782.8
729884,4.66,3548.1
729887,5.97,17782.8
729888,4.97,15848.9
729889,5.15,25118.9
729912,5.07,14125.4
729914,3.93,39810.7
729925,3.97,3548.1
729960,3.56,39810.7
729973,4.18,11220.2
729989,5.57,22387.2
729996,4.46,31622.8
730005,6.18,7079.5
730008,4.69,7943.3
730029,4.24,15848.9
730044,4.93,19952.6
730052,4.51,1995.3
730069,5.4,12589.3
730070,6.24,11220.2
730074,5.63,17782.8
730080,6.06,25118.9
730087,4.33,39810.7
730099,4.61,15848.9
730105,5.61,10000.0
730111,4.98,28183.8
730118,4.55,39810.7
730120,6.48,8427.9
730121,5.66,2818.4
730126,4.98,39810.7
730127,5.74,12589.3
730134,4.61,35481.3
730135,5.94,17782.8
730138,4.19,28183.8
730143,5.42,8912.5
730147,3.9,44668.4
730151,4.86,15848.9
730155,5.33,14125.4
730174,5.0,31622.8
730193,4.33,35481.3
730200,4.36,28183.8
730212,5.87,28183.8
730213,5.04,14125.4
730215,6.05,39810.7
730222,5.73,8912.5
730223,5.6,10000.0
730232,4.39,1412.5
730234,4.2,354.8
730264,5.18,8912.5
730266,4.29,17782.8
730272,4.59,12589.3
730278,4.9,22387.2
730280,4.68,631.0
730304,5.76,19952.6
730309,4.35,1778.3
730310,4.98,2511.9
730311,4.96,19952.6
730314,5.8,25118.9
730321,5.11,25118.9
730322,4.04,31622.8
730325,4.01,22387.2
730335,3.8,28183.8
730339,3.38,8912.5
730340,4.77,25118.9
730344,4.58,15848.9
730351,5.38,44668.4
730361,3.36,5011.9
730374,4.63,891.3
730378,5.2,12589.3
730380,6.16,26651.35
730391,6.22,17782.8
730393,4.86,1000.0
730398,3.8,28183.8
730405,5.58,35481.3
730417,5.17,39810.7
730424,4.74,1122.0
730427,5.47,31622.8
730438,5.23,22387.2
730441,5.47,10610.1
730442,4.23,15848.9
730453,5.79,17782.8
730458,4.97,14125.4
730491,5.03,35481.3
730493,4.05,19952.6
730498,5.62,8912.5
730510,5.26,19952.6
730526,5.84,44668.4
730527,4.0,22387.2
730537,5.97,35481.3
730550,5.79,12589.3
730555,5.11,25.1
730556,5.74,25118.9
730559,4.94,28183.8
730560,5.48,12589.3
730568,4.12,31622.8
730570,2.39,25118.9
730576,4.78,8912.5
730592,1.7,15848.9
730606,5.77,12589.3
730608,4.76,2818.4
730611,5.59,15848.9
730619,5.38,14125.4
730632,5.42,15848.9
730633,5.38,44668.4
730636,5.78,19952.6
730646,5.12,2818.4
730657,4.3,31622.8
730665,4.05,17782.8
730667,5.77,10000.0
730690,6.25,8912.5
730691,4.84,13357.35
730700,4.75,28183.8
730705,4.85,13357.35
730709,5.9,3981.1
730711,4.67,1000.0
730738,5.71,7943.3
730748,4.98,26651.35
730779,4.03,1778.3
730780,4.58,14125.4
730781,5.63,15848.9
730799,5.42,2511.9
730804,6.0,25118.9
730806,4.44,1778.3
730807,5.41,11904.75
730810,4.97,1122.0
730812,5.65,39810.7
730815,5.25,7943.3
730824,4.05,22387.2
730828,5.5,28183.8
730833,4.01,14125.4
730843,5.14,19952.6
730862,5.14,1122.0
730875,5.77,3981.1
730903,4.79,39810.7
730905,5.85,14987.15
730910,5.83,17782.8
730915,3.92,11220.2
730926,4.77,22387.2
730940,5.84,15848.9
730965,4.86,14987.15
730970,5.22,7943.3
730985,4.68,22387.2
731008,2.2,17782.8
731009,5.42,12589.3
731044,4.76,28183.8
731046,3.27,44668.4
731049,6.11,5011.9
731051,5.63,31622.8
731056,5.47,17782.8
731061,5.26,8912.5
731064,2.44,25118.9
731067,5.99,7943.3
731071,5.15,10000.0
731075,5.4,14125.4
731083,6.47,25118.9
731092,4.98,17782.8
731093,4.67,15848.9
731099,5.0,39810.7
731102,5.61,25118.9
731106,5.51,25118.9
731110,5.33,6309.6
731124,4.69,10000.0
731127,4.91,17782.8
731128,5.13,14125.4
731130,5.65,15848.9
731131,4.6,11220.2
731139,5.67,31622.8
731166,5.06,39810.7
731179,5.92,2818.4
731181,3.29,35481.3
731188,5.31,39810.7
731196,3.81,8912.5
731201,5.96,10000.0
731217,5.75,44668.4
731233,5.56,25118.9
731244,5.83,35481.3
731266,5.25,15848.9
731285,2.91,25118.9
731292,4.56,25118.9
731300,5.21,15848.9
731302,4.32,5623.4
731316,4.85,26651.35
731322,5.95,35481.3
731337,4.59,15848.9
731342,4.97,31622.8
731347,5.67,5011.9
731350,4.41,1778.3
731351,5.78,28183.8
731352,4.93,44668.4
731353,4.41,17782.8
731357,4.02,15848.9
731367,5.32,14125.4
731373,6.02,14987.15
731379,5.99,28183.8
731380,4.13,8912.5
731396,4.11,8912.5
731398,3.97,35481.3
731410,5.85,28183.8
731423,4.87,15848.9
731432,3.44,17782.8
731433,5.72,17782.8
731441,4.12,2238.7
731481,5.21,31622.8
731484,4.44,25118.9
731488,5.25,10000.0
731519,5.31,14125.4
731522,4.56,22387.2
731527,5.21,25118.9
731535,4.4,39810.7
731544,2.85,3981.1
731555,4.55,44668.4
731556,5.72,15848.9
731559,4.76,28183.8
731584,5.92,31622.8
731593,5.03,12589.3
731597,5.87,19952.6
731604,4.72,28183.8
731607,4.38,39810.7
731608,4.28,19952.6
731614,5.26,28183.8
731616,1.53,17782.8
731624,5.56,26651.35
731630,5.87,31622.8
731639,5.23,5623.4
731647,4.23,3981.1
731653,5.44,15848.9
731665,5.57,35481.3
731690,4.84,5011.9
731695,4.27,11220.2
731709,6.06,891.3
731711,3.65,35481.3
731714,4.15,63.1
731718,3.5,25118.9
731719,3.25,31622.8
731726,5.28,25118.9
731727,4.57,5011.9
731729,5.5,25118.9
731745,5.73,14125.4
731748,3.87,7079.5
731750,5.93,5623.4
731758,4.47,14125.4
731786,4.41,35481.3
731788,4.08,17782.8
731803,4.58,7079.5
731817,3.97,15848.9
731818,5.31,2818.4
731824,4.57,28183.8
731826,5.69,31622.8
731833,4.55,6309.6
731838,4.82,8912.5
731856,4.76,13357.35
731860,5.9,8427.9
731873,3.48,31622.8
731886,2.81,39810.7
731888,5.69,28183.8
731894,5.18,13357.35
731895,5.29,446.7
731897,4.61,10000.0
731903,3.49,15848.9
731904,5.15,4466.8
731937,6.32,28183.8
731939,6.12,39810.7
731962,3.49,1000.0
731965,4.7,8912.5
731983,5.9,17782.8
731984,5.5,8912.5
732009,3.28,1000.0
732011,5.39,8427.9
732014,5.68,15848.9
732024,6.0,15848.9
732035,2.67,19952.6
732038,3.81,28183.8
732046,5.32,15848.9
732050,4.4,5011.9
732054,4.85,29903.3
732064,4.83,31622.8
732071,5.82,31622.8
732094,3.09,1122.0
732117,3.86,19952.6
732121,5.97,39810.7
732139,5.2,29903.3
732144,4.92,16815.85
732157,4.64,10000.0
732186,4.18,44668.4
732191,5.06,44668.4
732200,4.83,10000.0
732213,4.79,17782.8
732227,3.61,631.0
732235,5.58,7943.3
732242,4.72,14125.4
732245,4.62,19952.6
732258,4.39,19952.6
732270,5.1,14125.4
732272,5.27,31622.8
732277,5.65,22387.2
732287,6.03,22387.2
732291,4.9,1778.3
732292,4.78,1122.0
732294,5.47,1778.3
732306,4.92,14125.4
732311,3.18,33552.05
732314,4.56,15848.9
732325,4.36,19952.6
732345,4.26,19952.6
732376,3.23,25118.9
732384,4.65,8912.5
732393,4.7,19952.6
732395,3.27,11220.2
732397,5.44,35481.3
732399,4.51,31622.8
732414,4.84,44668.4
732432,5.81,3981.1
732456,4.24,22387.2
732474,4.4,39810.7
732476,4.79,6309.6
732477,3.81,19952.6
732481,5.52,35481.3
732484,5.88,16815.85
732511,1.27,35481.3
732521,4.71,25118.9
732522,4.74,1995.3
732528,4.77,28183.8
732533,5.06,2818.4
732539,6.47,12589.3
732544,2.75,22387.2
732549,4.48,12589.3
732556,6.14,25.1
732561,4.19,12589.3
732566,4.21,2238.7
732573,3.91,17782.8
732574,5.79,14125.4
732578,4.72,25118.9
732608,5.48,14125.4
732610,5.09,25118.9
732614,5.75,5011.9
732631,4.25,10000.0
732633,5.51,21169.9
732647,4.89,35481.3
732648,5.8,11220.2
732661,2.23,17782.8
732672,5.72,19952.6
732683,4.86,19952.6
732686,2.63,35481.3
732732,4.29,3162.3
732738,5.88,39810.7
732752,5.95,446.7
732755,4.59,17782.8
732756,5.14,22.4
732761,5.33,3981.1
732769,4.1,8912.5
732771,4.87,39810.7
732795,4.69,19952.6
732801,5.36,13357.35
732802,4.88,10000.0
732815,2.49,12589.3
732818,5.94,28183.8
732831,4.13,8912.5
732834,4.57,39810.7
732850,4.5,100.0
732862,4.88,42239.55
732874,5.1,35481.3
732880,5.98,4466.8
732888,4.92,2818.4
732892,4.59,15848.9
732895,4.62,25118.9
732902,6.05,2818.4
732905,5.64,22387.2
732910,4.8,5623.4
732914,5.27,35481.3
732919,4.54,2818.4
732928,5.02,28183.8
732935,5.37,19952.6
732945,5.68,5011.9
732953,5.73,31622.8
732982,5.35,35481.3
732991,4.02,23753.05
732999,4.01,19952.6
733004,4.51,17782.8
733011,4.86,12589.3
733012,3.98,3162.3
733018,4.57,17782.8
733032,6.09,17782.8
733033,3.65,2818.4
733046,4.51,3162.3
733047,5.92,891.3
733053,4.85,4466.8
733054,4.38,35481.3
733055,3.8,14125.4
733072,5.62,5623.4
733089,5.0,12589.3
733095,5.06,15848.9
733104,6.16,794.3
733119,5.39,39810.7
733122,5.12,31622.8
733128,3.38,15848.9
733137,5.83,5011.9
733138,3.24,10000.0
733140,2.96,35481.3
733142,4.32,31622.8
733144,4.12,12589.3
733150,3.56,112.2
733156,4.83,8912.5
733157,5.36,15848.9
733172,4.43,28183.8
733174,3.78,39810.7
733175,4.51,12589.3
733177,3.1,25118.9
733181,5.36,15848.9
733184,5.87,35481.3
733186,5.56,3162.3
733187,2.33,39810.7
733188,5.52,39810.7
733189,4.8,39810.7
733194,5.39,10610.1
733196,5.71,10000.0
733216,4.61,19952.6
733217,5.31,10000.0
733218,5.27,39810.7
733230,4.77,5623.4
733241,3.98,79.4
733262,3.62,28183.8
733269,4.77,14987.15
733282,5.13,17782.8
733316,6.28,19952.6
733320,4.25,14125.4
733332,5.24,11904.75
733342,4.55,35481.3
733347,5.2,17782.8
733364,4.67,158.5
733372,5.7,28183.8
733375,5.72,25118.9
733377,2.81,17782.8
733382,5.3,14125.4
733396,4.5,39810.7
733400,5.41,17782.8
733403,5.84,562.3
733413,5.31,22387.2
733430,5.42,19952.6
733436,4.6,22387.2
733441,5.38,7943.3
733457,3.99,3162.3
733473,5.82,19952.6
733479,4.6,25118.9
733487,4.86,17782.8
733491,3.2,3548.1
733492,6.9,35481.3
733498,5.76,44668.4
733499,5.7,14125.4
733510,4.2,12589.3
733516,5.02,35481.3
733527,6.27,28183.8
733539,4.11,28183.8
733552,5.05,17782.8
733556,5.04,15848.9
733563,6.13,39810.7
733565,4.65,35481.3
733586,6.02,316.2
733600,5.78,22387.2
733615,4.45,2818.4
733617,5.02,25118.9
733621,4.97,14125.4
733629,3.11,44668.4
733634,4.41,354.8
733640,5.73,35481.3
733643,5.51,31622.8
733644,4.35,25118.9
733646,4.19,25118.9
733651,6.02,10000.0
733666,5.28,15848.9
733669,4.98,10000.0
733683,4.34,14125.4
733703,5.83,11220.2
733705,5.43,14125.4
733711,5.03,25118.9
733724,6.3,7079.5
733725,3.48,39810.7
733741,4.46,15848.9
733742,5.73,12589.3
733748,6.29,39810.7
733752,5.11,28183.8
733758,5.68,14125.4
733769,5.45,562.3
733771,4.12,8912.5
733772,3.61,39810.7
733774,5.06,17782.8
733789,3.24,19952.6
733797,4.1,15848.9
733813,4.78,25118.9
733815,4.46,19952.6
733823,5.45,39810.7
733833,5.64,3162.3
733837,4.53,25118.9
733850,4.4,19952.6
733871,3.99,21169.9
733874,5.12,39810.7
733878,5.25,4466.8
733888,4.75,17782.8
733889,5.69,12589.3
733895,4.7,35481.3
733898,4.71,22387.2
733903,5.86,7943.3
733909,4.77,28183.8
733913,5.63,1995.3
733920,4.5,14125.4
733930,4.26,35481.3
733937,3.98,39810.7
733951,5.41,14125.4
733960,5.46,7079.5
733977,5.28,25118.9
733984,5.85,15848.9
733985,6.3,19952.6
733998,6.12,29903.3
733999,5.1,35481.3
734001,3.74,8912.5
734017,5.34,28183.8
734022,2.7,22387.2
734023,5.18,10000.0
734037,4.63,25118.9
734052,5.8,29903.3
734063,3.88,35481.3
734068,4.44,39810.7
734090,1.27,1778.3
734095,5.61,39810.7
734111,5.36,11220.2
734120,4.76,10000.0
734124,4.71,8912.5
734126,4.34,39810.7
734131,4.29,35481.3
734152,5.09,33552.05
734153,3.46,17782.8
734188,5.01,2238.7
734192,5.83,28183.8
734199,4.63,28183.8
734203,5.73,15848.9
734213,5.63,1412.5
734218,5.63,15848.9
734220,6.31,25118.9
734226,4.27,31622.8
734234,5.93,44668.4
734236,4.25,10000.0
734241,4.74,28183.8
734242,5.43,7943.3
734248,4.88,3548.1
734251,5.02,21169.9
734257,3.82,19952.6
734259,5.37,28183.8
734266,4.68,19952.6
734275,5.19,19952.6
734287,4.64,5011.9
734296,5.23,39810.7
734299,5.68,22387.2
734309,5.44,31622.8
734321,5.04,35481.3
734330,5.67,14125.4
734352,5.89,31622.8
734368,5.42,31622.8
734370,5.19,39810.7
734372,3.87,28183.8
734380,3.38,10000.0
734392,5.59,39810.7
734401,5.09,22387.2
734407,4.98,39810.7
734411,4.68,22387.2
734425,5.6,19952.6
734427,5.74,39810.7
734428,6.2,39810.7
734431,4.36,141.3
734435,5.1,28183.8
734437,5.39,14125.4
734438,4.39,39810.7
734466,4.09,25118.9
734485,4.16,25118.9
734489,5.56,28183.8
734491,2.76,10000.0
734513,4.0,7943.3
734521,4.57,15848.9
734539,3.42,22387.2
734543,5.87,3981.1
734546,4.65,31622.8
734547,4.47,10000.0
734552,5.1,28183.8
734556,4.43,17782.8
734574,5.92,19952.6
734585,2.91,31622.8
734590,3.68,31622.8
734604,4.2,25118.9
734605,4.68,15848.9
734608,4.82,28183.8
734610,5.13,14125.4
734628,5.6,11220.2
734648,5.77,35481.3
734651,5.59,11220.2
734658,5.02,39810.7
734668,4.31,3162.3
734688,5.31,22387.2
734703,3.64,21169.9
734716,6.03,12589.3
734736,4.98,19952.6
734741,5.29,25118.9
734744,4.18,10000.0
734746,5.84,8912.5
734747,5.92,25118.9
734752,5.26,10000.0
734761,4.65,10610.1
734792,4.42,10000.0
734793,4.81,17782.8
734798,5.31,22387.2
734810,5.0,14125.4
734813,5.52,22387.2
734818,5.34,17782.8
734829,5.67,19952.6
734840,5.74,17782.8
734853,5.7,37646.0
734856,4.7,22387.2
734861,3.74,39810.7
734872,3.83,39810.7
734877,5.05,5011.9
734883,4.82,19952.6
734894,4.41,19952.6
734902,5.88,12589.3
734911,5.65,31622.8
734912,5.19,31622.8
734923,5.62,28183.8
734926,5.42,28183.8
734937,5.01,11220.2
734938,6.01,15848.9
734960,5.15,501.2
734971,4.4,1258.9
734978,4.17,3162.3
734983,4.9,5011.9
734988,4.88,354.8
734993,4.36,14125.4
734998,5.3,5011.9
735006,4.88,23753.05
735022,5.12,11220.2
735029,5.22,15848.9
735034,4.61,2818.4
735055,4.54,10000.0
735065,5.36,707.9
735066,3.87,2238.7
735067,5.24,5623.4
735102,5.03,17782.8
735103,5.82,10000.0
735139,5.09,22387.2
735144,5.2,11904.75
735174,4.5,19952.6
735176,6.24,11220.2
735208,4.23,22387.2
735218,4.87,25118.9
735232,5.3,22387.2
735233,4.39,28183.8
735235,4.32,4466.8
735251,5.01,5623.4
735267,2.95,12589.3
735270,5.72,17782.8
735283,5.1,17782.8
735289,4.52,17782.8
735290,5.78,39810.7
735298,6.13,3548.1
735300,4.99,14987.15
735312,3.79,8912.5
735323,5.03,39810.7
735342,4.94,28183.8
735358,4.2,28183.8
735376,4.53,39810.7
735380,4.58,14987.15
735381,4.17,11220.2
735389,3.97,12589.3
735390,4.54,14125.4
735397,5.48,22387.2
735402,5.05,39810.7
735406,3.64,25118.9
735411,4.72,7943.3
735419,3.93,31622.8
735438,5.48,4466.8
735444,5.25,23753.05
735454,5.5,39810.7
735458,5.2,1584.9
735468,4.66,5011.9
735472,5.57,14125.4
735489,3.22,15848.9
735491,5.39,3548.1
735495,5.07,22387.2
735496,4.96,39810.7
735500,5.17,28183.8
735514,4.18,22387.2
735520,5.42,31622.8
735525,4.21,26651.35
735530,4.96,7079.5
735535,4.93,354.8
735538,5.57,19952.6
735539,5.34,1584.9
735540,4.33,25118.9
735548,5.43,39810.7
735553,5.04,19952.6
735558,4.93,15848.9
735560,5.23,10000.0
735587,4.53,25118.9
735603,3.26,7943.3
735611,5.35,14125.4
735612,4.93,15848.9
735615,4.02,22387.2
735616,4.97,23297.766666666666
735624,5.13,14125.4
735633,4.75,11220.2
735653,4.76,26651.35
735670,5.14,11220.2
735692,5.5,22387.2
735693,5.18,39810.7
735694,3.88,31622.8
735704,6.39,17782.8
735715,6.21,15848.9
735722,5.43,19952.6
735725,5.62,44668.4
735732,5.87,14125.4
735755,5.11,8912.5
735778,3.82,22387.2
735780,5.11,25118.9
735783,4.26,28183.8
735787,3.79,28183.8
735794,4.91,22387.2
735810,5.53,25118.9
735812,4.35,39810.7
735813,4.7,8912.5
735815,3.73,25118.9
735845,5.9,7079.5
735856,3.47,15848.9
735862,5.83,3548.1
735885,3.99,25118.9
735887,3.21,31622.8
735892,5.81,5623.4
735893,5.34,22387.2
735921,3.77,35481.3
735922,5.21,25118.9
735926,5.61,17782.8
735934,5.12,10000.0
735938,4.04,26651.35
735941,4.22,44668.4
735942,4.31,1995.3
735943,5.45,28183.8
735949,4.19,891.3
735962,4.21,25118.9
735972,4.57,2511.9
735974,4.4,39810.7
735988,5.03,14125.4
736014,5.54,17782.8
736015,4.53,1412.5
736023,4.84,15848.9
736028,2.28,28183.8
736037,5.84,3162.3
736038,4.43,3162.3
736042,5.01,446.7
736043,5.22,15848.9
736056,4.97,17782.8
736062,5.42,11904.75
736064,3.89,39810.7
736075,6.46,25118.9
736085,6.14,14125.4
736092,4.66,31622.8
736105,5.75,39810.7
736106,5.42,25118.9
736110,4.42,2511.9
736118,4.71,31622.8
736119,5.03,19952.6
736128,2.86,15848.9
736132,4.36,25118.9
736137,5.46,31622.8
736159,5.1,1412.5
736169,3.57,19952.6
736177,5.64,19952.6
736185,4.96,17782.8
736187,4.92,3548.1
736204,4.89,18867.7
736205,5.84,25118.9
736212,5.27,25118.9
736218,4.25,25118.9
736221,5.98,17782.8
736238,5.32,10000.0
736241,3.72,316.2
736288,4.33,31622.8
736298,2.79,44668.4
736315,5.52,14125.4
736318,4.36,14125.4
736319,4.44,22387.2
736329,5.98,39810.7
736331,4.21,28183.8
736332,5.47,39810.7
736333,4.37,4466.8
736338,3.69,6309.6
736372,3.69,4466.8
736374,3.35,11220.2
736385,5.33,39810.7
736386,5.81,1122.0
736388,4.49,39810.7
736393,6.19,25118.9
736398,5.32,25118.9
736436,3.46,35481.3
736437,5.48,19952.6
736446,4.67,8912.5
736452,3.84,14125.4
736470,5.81,10000.0
736476,6.22,39810.7
736486,4.16,39810.7
736488,3.84,22387.2
736497,4.45,1778.3
736503,5.37,22387.2
736504,5.3,14987.15
736506,5.72,22387.2
736511,5.52,12589.3
736516,3.07,10000.0
736526,5.48,12589.3
736528,5.0,25118.9
736530,5.88,25118.9
736535,2.96,15848.9
736568,2.9,2818.4
736587,4.48,17782.8
736591,4.37,37646.0
736592,5.01,31622.8
736598,4.35,15848.9
736603,5.63,31622.8
736607,2.18,19952.6
736616,3.99,562.3
736617,3.88,15848.9
736623,4.74,6309.6
736628,5.01,14125.4
736630,4.45,17782.8
736647,4.18,4466.8
736649,3.98,7943.3
736650,5.31,17782.8
736651,4.64,28183.8
736665,3.8,19952.6
736686,4.2,15848.9
736688,6.1,12589.3
736699,5.93,25118.9
736726,3.48,12589.3
736727,5.08,7943.3
736756,5.88,15848.9
736758,4.92,3162.3
736768,3.05,15848.9
736773,4.98,39810.7
736782,4.8,8912.5
736802,4.4,39810.7
736812,5.2,2818.4
736815,5.6,22387.2
736816,5.93,6309.6
736820,5.53,12132.933333333332
736824,5.07,2238.7
736830,4.47,31622.8
736853,5.28,19952.6
736856,5.57,35481.3
736878,5.93,891.3
736880,4.95,4466.8
736924,5.71,1584.9
736937,3.73,28183.8
736940,5.58,8912.5
736942,5.67,15848.9
736944,4.92,5011.9
736948,3.66,39810.7
736965,4.19,15848.9
736981,5.12,707.9
736985,3.53,14125.4
736991,3.97,13357.35
736997,5.57,14125.4
736999,3.69,35481.3
737006,4.0,8912.5
737019,5.42,19952.6
737024,4.46,1995.3
737041,5.34,35481.3
737046,4.28,39810.7
737055,5.05,28183.8
737058,4.48,11220.2
737061,4.94,707.9
737071,4.86,1258.9
737079,5.63,12589.3
737090,3.1,39810.7
737115,5.34,12589.3
737116,4.52,31622.8
737122,4.62,17782.8
737127,4.06,28183.8
737133,5.6,35481.3
737135,5.83,14125.4
737138,5.53,39810.7
737139,4.74,3548.1
737164,4.66,15848.9
737181,4.19,25118.9
737188,2.67,39810.7
737204,4.82,7943.3
737208,5.54,1258.9
737223,5.26,22387.2
737227,4.98,35481.3
737236,4.1,17782.8
737238,6.05,19952.6
737245,5.64,39810.7
737263,4.44,14125.4
737279,4.8,22387.2
737287,4.55,16815.85
737296,3.44,12589.3
737304,5.3,56.2
737309,4.44,14125.4
737312,3.86,12589.3
737313,5.35,28183.8
737318,3.73,15848.9
737324,2.26,1000.0
737325,4.84,3548.1
737333,5.13,14987.15
737338,5.69,11220.2
737340,5.6,11220.2
737344,5.69,25118.9
737358,3.09,8912.5
737359,5.43,22387.2
737360,4.76,12589.3
737364,5.65,89.1
737367,4.93,15848.9
737389,5.61,19952.6
737406,4.99,25118.9
737409,5.85,35481.3
737415,6.03,39810.7
737429,4.13,17782.8
737433,5.01,25118.9
737438,5.27,25118.9
737447,5.33,3981.1
737450,4.17,8912.5
737453,4.46,39810.7
737468,3.18,11220.2
737472,5.05,14125.4
737476,5.26,22387.2
737480,5.15,19952.6
737484,4.91,44668.4
737489,3.82,35481.3
737504,5.52,10000.0
737510,3.48,39810.7
737512,4.35,19952.6
737520,5.71,35481.3
737521,5.5,25118.9
737524,3.03,398.1
737530,4.57,28183.8
737531,4.51,10610.1
737537,5.24,22387.2
737545,3.97,2238.7
737546,4.5,1778.3
737553,3.72,17782.8
737554,5.27,12589.3
737556,5.46,17782.8
737569,5.72,25118.9
737572,3.75,12589.3
737577,5.76,12589.3
737579,5.36,17782.8
737582,4.51,35481.3
737603,3.66,39810.7
737621,5.96,15848.9
737638,5.3,31622.8
737639,5.78,15848.9
737668,5.28,39810.7
737670,4.7,8912.5
737677,5.29,12589.3
737687,5.0,12589.3
737709,5.52,19952.6
737715,4.97,39810.7
737722,4.25,22387.2
737724,4.21,28183.8
737729,4.0,39810.7
737736,5.39,31622.8
737743,5.31,39810.7
737744,5.2,31622.8
737768,5.09,39810.7
737786,5.36,39810.7
737795,3.82,6309.6
737802,5.22,17782.8
737809,5.77,16815.85
737811,5.31,1778.3
737812,6.01,8912.5
737815,4.21,8912.5
737820,3.75,2511.9
737824,4.88,14987.15
737838,4.1,17782.8
737840,2.79,17782.8
737845,5.4,2990.35
737847,3.26,8912.5
737849,3.57,28183.8
737857,5.57,22387.2
737895,3.89,31622.8
737928,2.43,2818.4
737964,4.57,29903.3
737972,5.5,446.7
737974,6.14,7943.3
737978,4.17,12589.3
737998,5.5,19952.6
738005,5.57,37646.0
738014,3.04,44668.4
738023,5.57,14125.4
738024,6.54,3162.3
738049,5.31,35481.3
738050,3.15,23753.05
738068,5.62,794.3
738073,5.75,14125.4
738076,5.47,11220.2
738080,5.17,17782.8
738084,5.59,11220.2
738101,5.76,2511.9
738102,5.58,10000.0
738117,5.82,15848.9
738120,5.52,1412.5
738127,6.28,31622.8
738130,5.89,39810.7
738137,4.45,19952.6
738146,5.64,39810.7
738151,5.46,3162.3
738152,5.39,15848.9
738159,4.65,11220.2
738161,5.33,11220.2
738166,6.26,28183.8
738173,5.08,39810.7
738185,5.98,44668.4
738199,4.95,39810.7
738202,5.89,31622.8
738203,5.64,17782.8
738216,5.76,15848.9
738228,5.66,11220.2
738229,5.88,14125.4
738237,5.9,31622.8
738252,5.52,8912.5
738269,3.55,17782.8
738279,3.78,10000.0
738287,5.75,44668.4
738289,4.86,31622.8
738301,5.27,28183.8
738309,5.25,17782.8
738315,5.9,35481.3
738317,5.68,14125.4
738322,6.24,1584.9
738324,5.86,17782.8
738329,5.31,25.1
738332,5.44,3548.1
738341,6.08,37646.0
738355,6.22,4466.8
738367,5.97,39810.7
738370,4.36,39810.7
738375,5.57,7943.3
738376,4.87,14125.4
738383,5.51,39810.7
738391,5.46,12589.3
738392,5.89,1995.3
738396,5.14,6309.6
738397,5.89,35481.3
738404,5.67,15848.9
738405,5.82,28183.8
738408,5.83,14125.4
738411,5.17,10000.0
738413,4.01,19952.6
738433,5.81,31622.8
738439,5.78,10000.0
738440,5.07,25118.9
738448,5.27,3548.1
738449,4.93,39810.7
738472,5.59,8912.5
738474,5.4,39810.7
738480,5.61,19952.6
738483,4.6,25118.9
738493,5.75,15848.9
738495,4.12,25118.9
738500,4.47,25118.9
738507,5.8,10000.0
738508,5.68,17782.8
738511,5.48,39810.7
738513,5.64,22387.2
738525,5.01,7943.3
738534,5.83,14125.4
738536,2.56,22387.2
738541,5.53,10000.0
738546,4.96,7943.3
738551,5.38,15848.9
738557,5.48,3981.1
738559,5.78,17782.8
738568,4.84,39810.7
738583,4.66,44668.4
738585,6.37,8427.9
738586,5.46,28183.8
738590,5.91,1995.3
738605,5.48,10000.0
738608,4.91,14125.4
738609,5.01,17782.8
738620,3.2,7079.5
738625,5.68,35481.3
738630,5.7,12589.3
738632,5.73,22387.2
738633,7.23,44668.4
738652,4.6,3162.3
738653,5.48,17782.8
738667,5.54,28183.8
738674,4.88,19952.6
738685,5.63,2818.4
738686,5.43,11220.2
738687,5.22,8912.5
738691,5.23,25118.9
738696,4.74,19952.6
738698,5.79,22387.2
738710,5.83,31622.8
738718,4.77,15848.9
738721,5.12,3548.1
738722,5.46,17782.8
738734,5.78,17782.8
738737,5.96,17782.8
738746,2.51,25118.9
738747,5.7,562.3
738768,5.96,44668.4
738769,6.31,39810.7
738770,5.66,15848.9
738778,6.42,31622.8
738784,4.13,13357.35
738800,5.41,37646.0
738804,5.81,15848.9
738817,6.17,12589.3
738824,5.09,28183.8
738833,6.05,11220.2
738837,5.95,25118.9
738853,5.17,7943.3
738856,5.45,8912.5
738873,5.68,39810.7
738875,5.47,7943.3
738884,5.11,44668.4
738885,6.13,17782.8
738894,5.88,14125.4
738899,5.33,4466.8
738902,5.84,15848.9
738909,6.12,11220.2
738912,5.53,31622.8
738921,5.67,794.3
738922,5.66,12589.3
738925,5.81,39810.7
738926,6.38,7079.5
738928,4.58,707.9
738949,5.76,19952.6
738955,4.4,7943.3
738972,4.77,1778.3
738979,4.81,3548.1
738982,5.99,3981.1
738984,4.7,12589.3
738992,5.93,1584.9
738994,5.8,22387.2
739000,5.42,15848.9
739002,5.54,3548.1
739012,5.81,28183.8
739026,5.33,44668.4
739030,3.29,14125.4
739061,5.45,3548.1
739069,4.78,11220.2
739074,4.92,707.9
739088,5.04,25118.9
739090,5.43,44668.4
739111,5.63,13357.35
739112,5.32,17782.8
739118,4.74,39810.7
739160,5.66,6309.6
739161,2.0,19952.6
739162,5.33,11220.2
739163,5.57,31622.8
739171,5.93,5623.4
739172,5.21,11904.75
739183,3.06,1258.9
739184,4.87,31622.8
739190,5.71,354.8
739191,5.88,12589.3
739211,5.48,15848.9
739215,5.81,3981.1
739218,4.49,11220.2
739223,5.75,19952.6
739230,5.04,19952.6
739232,5.58,11220.2
739233,4.92,12589.3
739245,6.05,22387.2
739247,6.25,14125.4
739256,5.52,14987.15
739262,5.52,1412.5
739269,5.54,11220.2
739272,5.44,10000.0
739273,4.98,10610.1
739276,5.51,5011.9
739290,5.32,14125.4
739293,5.9,29903.3
739310,6.13,44668.4
739319,5.73,35481.3
739320,4.32,3162.3
739322,4.65,501.2
739349,4.52,19952.6
739350,3.73,19952.6
739354,5.86,14125.4
739373,5.66,8912.5
739377,4.91,31622.8
739382,5.02,39810.7
739387,5.51,10000.0
739388,5.5,44668.4
739398,5.05,8912.5
739404,5.75,2818.4
739429,6.19,35481.3
739433,5.52,15848.9
739444,5.35,2511.9
739453,5.24,100.0
739455,4.83,14125.4
739456,5.6,23753.05
739461,5.51,28183.8
739473,4.47,19952.6
739495,5.6,35481.3
739504,5.95,14125.4
739505,6.04,22387.2
739506,5.68,19952.6
739529,5.69,7943.3
739557,4.77,4466.8
739566,5.14,28183.8
739567,5.47,35481.3
739572,4.71,44668.4
739581,5.68,5623.4
739587,5.91,25118.9
739591,5.3,17782.8
739592,6.03,28183.8
739598,5.66,10000.0
739607,6.1,10000.0
739610,5.57,19952.6
739612,5.06,354.8
739614,5.36,19952.6
739620,5.26,5011.9
739628,6.16,22387.2
739630,5.13,15848.9
739641,6.07,158.5
739644,6.18,31622.8
739653,5.57,22387.2
739663,6.2,199.5
739666,5.79,22387.2
739667,5.57,1778.3
739677,5.17,28183.8
739687,4.14,28183.8
739707,5.34,1778.3
739733,6.04,10000.0
739744,6.03,44668.4
739747,3.72,25118.9
739752,4.35,22387.2
739755,5.98,5011.9
739760,5.9,44668.4
739766,4.94,1412.5
739768,4.6,10000.0
739771,5.96,8912.5
739775,2.13,17782.8
739778,5.56,10000.0
739779,5.21,39810.7
739781,5.27,22387.2
739790,5.22,7079.5
739798,5.29,12589.3
739831,5.96,35481.3
739835,5.18,28183.8
739845,5.86,11220.2
739848,5.12,14125.4
739851,5.15,2818.4
739855,5.57,19952.6
739857,5.31,39810.7
739860,5.72,15848.9
739862,4.04,15848.9
739866,5.49,707.9
739867,4.43,11220.2
739872,5.87,28183.8
739876,5.28,14125.4
739882,5.48,22387.2
739893,5.69,11220.2
739897,5.13,15848.9
739928,5.15,12589.3
739930,5.44,8912.5
739937,5.51,39810.7
739938,5.69,12589.3
739945,5.53,44668.4
739946,5.67,11220.2
739952,5.64,11220.2
739963,5.63,7943.3
739966,4.43,12589.3
739971,5.71,8912.5
739975,5.24,19952.6
739978,5.25,10000.0
739984,5.62,31622.8
740000,5.99,44668.4
740003,4.61,4466.8
740006,4.52,15848.9
740007,4.86,14125.4
740016,5.11,1000.0
740023,5.61,10610.1
740027,5.78,25118.9
740033,5.99,10000.0
740040,2.62,16815.85
740045,4.27,16815.85
740047,5.2,25118.9
740048,5.62,31622.8
740062,6.28,19952.6
740063,5.37,1000.0
740065,5.43,28183.8
740067,6.42,28183.8
740085,6.04,1412.5
740089,5.78,44668.4
740092,4.85,14125.4
740100,5.4,2818.4
740107,6.08,2511.9
740116,6.11,39810.7
740130,5.02,35481.3
740133,5.67,7943.3
740139,3.73,10000.0
740142,5.68,7079.5
740145,5.48,31622.8
740159,5.65,31622.8
740167,5.64,28183.8
740170,5.34,8912.5
740182,5.9,11220.2
740190,5.31,631.0
740193,5.71,22387.2
740198,5.08,19952.6
740202,5.33,28183.8
740207,5.66,15848.9
740210,5.4,14125.4
740212,5.71,8912.5
740213,5.88,10000.0
740217,5.42,12132.933333333332
740223,5.71,14987.15
740225,5.71,21169.9
740226,5.65,4466.8
740229,5.77,28183.8
740234,4.93,794.3
740236,5.21,14125.4
740248,5.22,12589.3
740281,4.62,22387.2
740286,4.35,7079.5
740287,5.8,17782.8
740289,4.17,31622.8
740300,4.56,11220.2
740307,5.6,28183.8
740316,6.14,3548.1
740317,5.64,39810.7
740318,5.42,11220.2
740322,5.63,39810.7
740325,5.33,12589.3
740331,5.3,17782.8
740332,5.21,14125.4
740339,5.33,2511.9
740370,5.28,7079.5
740381,5.95,19952.6
740394,6.01,25118.9
740397,5.88,15848.9
740405,5.03,3548.1
740407,5.02,12589.3
740423,5.45,8912.5
740434,6.19,35481.3
740435,5.51,562.3
740439,5.7,19952.6
740445,6.22,17782.8
740455,5.19,25118.9
740471,5.62,31622.8
740484,5.8,4466.8
740488,4.65,10000.0
740492,5.22,1258.9
740494,5.7,891.3
740516,5.63,891.3
740528,5.79,3981.1
740539,5.38,707.9
740544,3.47,35481.3
740546,4.79,14125.4
740550,6.12,35481.3
740558,5.29,7943.3
740566,5.35,631.0
740582,5.05,4739.35
740589,6.2,17782.8
740614,5.19,29903.3
740625,5.07,25118.9
740628,5.54,15848.9
740651,5.05,11220.2
740654,5.71,5623.4
740661,5.44,10000.0
740667,5.23,19952.6
740677,5.61,19952.6
740681,4.82,15848.9
740683,5.67,44668.4
740695,4.66,39810.7
740702,5.86,1584.9
740704,5.28,15848.9
740712,6.33,3548.1
740717,5.56,1258.9
740752,5.74,4466.8
740763,5.86,31622.8
740764,5.83,28183.8
740770,5.72,15848.9
740771,5.67,39810.7
740780,5.23,2818.4
740786,5.17,7079.5
740800,6.1,10000.0
740804,4.49,10000.0
740806,5.54,39810.7
740812,6.39,19952.6
740819,6.48,22387.2
740821,6.19,8912.5
740831,5.27,44668.4
740839,4.8,19952.6
740842,5.49,2818.4
740847,5.62,25118.9
740858,5.94,19952.6
740859,5.79,5623.4
740860,5.22,39810.7
740870,5.98,22387.2
740876,4.98,19952.6
740882,5.37,15848.9
740884,4.99,39810.7
740894,6.46,177.8
740900,4.23,25118.9
740901,5.61,10000.0
740918,5.54,10000.0
740921,5.88,17782.8
740933,5.39,29903.3
740935,5.48,12589.3
740936,5.25,10000.0
740939,5.32,3548.1
740940,6.75,25118.9
740945,5.99,35481.3
740957,5.35,31622.8
740958,5.58,8912.5
740965,5.08,15848.9
740966,5.97,17782.8
740982,4.46,25118.9
740984,6.08,21169.9
740993,5.4,31622.8
740994,5.75,11220.2
741002,5.05,8427.9
741011,5.91,44668.4
741022,5.47,8912.5
741034,6.13,25118.9
741035,5.6,12132.933333333332
741037,5.69,316.2
741039,5.36,15848.9
741042,5.65,22387.2
741043,5.6,29903.3
741046,6.0,28183.8
741057,5.23,3548.1
741058,5.06,28183.8
741060,5.26,446.7
741063,6.05,19952.6
741065,5.84,3548.1
741075,4.79,112.2
741076,6.01,631.0
741085,5.81,17782.8
741089,5.46,19952.6
741090,5.49,28183.8
741091,6.31,12589.3
741107,5.93,5011.9
741108,5.37,28183.8
741126,5.92,6309.6
741167,5.97,17782.8
741175,5.48,12589.3
741176,6.0,3981.1
741185,6.23,28183.8
741191,5.49,12589.3
741192,5.78,19952.6
741193,5.91,25.1
741204,5.75,39810.7
741209,5.92,23753.05
741214,5.91,15848.9
741225,5.71,22387.2
741227,5.34,11220.2
741230,5.79,35481.3
741237,7.19,7943.3
741248,4.48,15848.9
741257,6.82,39810.7
741259,4.88,19952.6
741268,6.26,44668.4
741271,6.32,35481.3
741273,5.84,28183.8
741280,5.9,8912.5
741297,5.67,31622.8
741300,5.68,22387.2
741310,5.73,25118.9
741314,4.55,39810.7
741317,5.97,11220.2
741320,5.11,354.8
741344,5.88,31622.8
741347,4.08,31622.8
741348,5.05,39810.7
741350,4.91,11220.2
741353,6.08,5011.9
741356,5.87,6309.6
741361,5.33,446.7
741367,5.41,39810.7
741374,4.99,17782.8
741375,5.35,14125.4
741392,4.6,15848.9
741396,4.99,10000.0
741400,5.45,39810.7
741401,5.75,631.0
741415,4.86,15848.9
741422,5.72,25118.9
741427,5.35,44668.4
741428,4.95,11220.2
741429,5.31,4466.8
741432,7.35,22387.2
741435,5.39,1258.9
741445,5.25,44668.4
741460,2.83,11220.2
741462,4.74,3162.3
741464,6.33,14125.4
741482,5.57,22387.2
741483,5.44,1584.9
741484,5.29,7943.3
741495,5.78,17782.8
741499,5.39,39810.7
741501,4.62,12589.3
741513,5.09,22387.2
741514,5.31,8912.5
741522,6.06,11220.2
741524,6.06,3981.1
741525,6.05,15848.9
741531,6.19,3162.3
741537,5.55,17782.8
741550,4.65,17782.8
741553,6.38,3162.3
741561,5.57,13357.35
741569,5.6,1995.3
741571,5.63,22387.2
741582,5.75,3981.1
741585,6.1,19952.6
741587,5.02,10000.0
741593,5.66,35481.3
741594,5.43,12589.3
741597,4.82,44.7
741598,5.67,8912.5
741609,5.83,22387.2
741615,5.81,22387.2
741621,5.75,6309.6
741629,5.33,7943.3
741641,5.75,10000.0
741648,5.88,39810.7
741658,5.63,22387.2
741659,5.31,44668.4
741676,6.61,21169.9
741678,4.48,25.1
741701,5.03,39810.7
741703,6.13,2511.9
741705,5.08,10000.0
741706,5.65,3162.3
741709,6.01,8912.5
741710,5.48,25118.9
741729,6.18,15848.9
741730,5.3,10000.0
741732,5.72,14125.4
741771,5.76,31622.8
741773,5.91,501.2
741774,5.81,2818.4
741775,5.48,14125.4
741778,5.82,5011.9
741795,6.48,15848.9
741798,5.12,37646.0
741804,5.02,141.3
741807,6.22,8912.5
741809,6.29,11220.2
741820,5.87,39810.7
741821,5.92,15848.9
741831,5.96,446.7
741840,6.25,35481.3
741843,5.39,15848.9
741848,5.57,44668.4
741849,5.07,10000.0
741856,5.08,10000.0
741861,5.98,39810.7
741873,5.32,1000.0
741875,5.71,5011.9
741880,3.55,50.1
741886,5.27,7943.3
741890,5.63,8427.9
741898,5.19,1258.9
741900,5.04,14125.4
741905,5.46,3162.3
741906,4.3,14125.4
741917,5.09,14987.15
741919,6.01,31622.8
741930,5.86,12589.3
741936,5.27,44668.4
741937,5.33,6309.6
741939,5.56,12589.3
741944,5.3,2511.9
741953,4.49,44668.4
741955,5.75,8912.5
741957,5.86,31622.8
741958,5.7,22387.2
741981,5.48,25118.9
741991,5.67,5623.4
742003,5.35,3981.1
742008,4.93,1778.3
742009,4.72,28183.8
742011,5.93,15848.9
742020,5.94,39810.7
742025,3.34,1778.3
742031,2.94,28183.8
742038,5.78,10000.0
742041,5.71,1778.3
742049,5.62,14125.4
742051,5.26,19952.6
742054,4.69,15848.9
742071,5.7,11220.2
742085,5.79,28183.8
742087,5.24,631.0
742089,6.13,1000.0
742097,5.58,31622.8
742103,5.9,14125.4
742105,5.51,15848.9
742113,5.77,11220.2
742114,4.43,10000.0
742115,6.06,501.2
742123,6.29,14125.4
742129,5.43,31622.8
742131,5.47,10000.0
742133,6.01,22387.2
742134,5.83,15848.9
742138,4.82,17782.8
742139,5.76,44668.4
742142,4.69,44668.4
742152,5.59,446.7
742155,5.82,2818.4
742172,5.55,8912.5
742187,5.06,794.3
742189,5.56,31622.8
742202,6.18,39810.7
742204,4.62,19952.6
742218,6.16,17782.8
742220,4.1,44668.4
742232,4.92,4466.8
742267,5.5,7943.3
742271,4.86,12589.3
742274,4.31,1122.0
742281,4.89,5011.9
742289,5.81,39810.7
742294,5.12,10000.0
742304,4.12,1000.0
742305,3.96,3548.1
742306,5.27,1122.0
742308,5.1,23753.05
742310,3.85,7079.5
742311,5.28,5011.9
742314,6.02,28183.8
742316,5.69,4466.8
742323,5.53,39810.7
742329,4.38,14125.4
742331,3.66,19952.6
742337,4.61,44668.4
742347,4.1,631.0
742349,5.71,25118.9
742350,5.47,39810.7
742352,5.56,17782.8
742353,5.5,3548.1
742358,5.64,7079.5
742361,4.77,22387.2
742362,5.31,44668.4
742370,4.69,28183.8
742371,5.88,1778.3
742377,3.83,2818.4
742385,5.35,79.4
742386,5.78,17782.8
742392,5.76,14125.4
742397,4.83,1584.9
742424,5.94,22387.2
742425,5.22,28183.8
742433,5.21,22387.2
742434,5.03,1995.3
742439,4.97,12589.3
742442,5.48,4466.8
742456,5.14,10000.0
742462,5.5,15848.9
742466,6.08,11220.2
742468,5.25,22387.2
742474,4.83,12589.3
742478,4.85,22387.2
742483,5.32,17782.8
742501,4.34,10000.0
742512,5.1,25118.9
742514,4.97,2238.7
742516,5.62,5623.4
742543,5.66,44668.4
742553,5.71,8912.5
742561,4.34,14125.4
742562,6.02,31622.8
742569,5.52,22387.2
742580,5.28,44668.4
742584,4.73,19952.6
742585,5.46,14987.15
742589,4.44,37646.0
742591,5.43,25118.9
742606,6.09,11220.2
742614,5.06,25118.9
742616,5.7,31622.8
742617,6.13,39810.7
742627,4.23,35481.3
742635,5.03,16815.85
742641,4.8,3162.3
742644,5.59,22387.2
742646,4.12,1584.9
742663,5.82,8912.5
742664,5.45,12589.3
742682,4.89,31622.8
742687,5.4,39810.7
742695,3.08,22387.2
742735,4.51,39810.7
742737,5.18,35481.3
742762,2.86,158.5
742765,5.23,19952.6
742766,4.87,31622.8
742767,5.81,22387.2
742768,5.52,3548.1
742769,5.49,28183.8
742780,4.64,28183.8
742781,6.03,25118.9
742782,6.24,7079.5
742784,5.81,15848.9
742794,4.7,14125.4
742795,5.45,398.1
742803,5.89,7079.5
742804,4.29,14125.4
742810,4.17,44668.4
742824,4.85,2238.7
742832,5.22,28183.8
742840,5.49,28183.8
742841,3.47,631.0
742852,5.91,281.8
742853,5.65,39810.7
742858,3.74,25118.9
742871,5.6,14125.4
742872,3.55,14125.4
742875,4.7,1258.9
742887,6.25,15848.9
742897,5.24,17782.8
742899,5.82,14125.4
742904,5.48,13357.35
742910,5.48,15848.9
742913,4.18,39810.7
742922,5.69,39810.7
742923,4.82,39810.7
742927,5.41,562.3
742931,1.72,26651.35
742943,4.79,1000.0
742960,4.06,17782.8
742962,5.99,10000.0
742967,4.22,25118.9
742970,5.66,15848.9
742971,5.17,8912.5
742974,3.6,5011.9
742976,4.08,25118.9
742979,5.83,14125.4
742982,2.64,19952.6
742990,5.87,10000.0
742991,5.98,10000.0
743000,4.94,14125.4
743004,4.2,15848.9
743006,3.91,31622.8
743008,6.28,25118.9
743038,5.66,15848.9
743042,4.57,8912.5
743043,5.17,17782.8
743049,4.82,35481.3
743054,4.64,15848.9
743067,3.35,14125.4
743074,4.13,12589.3
743075,5.66,21169.9
743085,5.35,25118.9
743092,4.11,3162.3
743117,5.79,2511.9
743125,4.89,35481.3
743130,4.51,39810.7
743135,5.0,1778.3
743140,4.56,22387.2
743142,4.75,14125.4
743159,4.77,31622.8
743169,6.13,25118.9
743175,5.97,28183.8
743189,3.88,3548.1
743209,4.98,44668.4
743223,4.39,2818.4
743225,5.86,7943.3
743235,4.28,15848.9
743253,5.43,3548.1
743265,3.89,17782.8
743266,2.55,14125.4
743268,3.86,5011.9
743275,4.22,19952.6
743288,4.51,4466.8
743289,4.42,100.0
743310,5.89,19952.6
743311,4.03,19952.6
743315,5.29,17782.8
743316,6.12,22387.2
743318,5.55,22387.2
743327,5.56,17782.8
743331,6.27,11220.2
743344,4.84,35481.3
743345,4.26,9637.5
743351,5.72,3548.1
743357,5.22,25118.9
743366,5.43,7943.3
743368,5.9,17782.8
743386,5.69,141.3
743392,5.5,3162.3
743414,5.76,7943.3
743416,3.24,25118.9
743425,4.51,14125.4
743428,5.68,25118.9
743430,3.81,7943.3
743445,5.55,14125.4
743463,6.1,19952.6
743466,4.92,19952.6
743468,3.39,12589.3
743477,4.49,7079.5
743481,4.31,15848.9
743491,3.01,33552.05
743498,5.89,17782.8
743505,5.21,31622.8
743507,5.07,19952.6
743516,6.32,39810.7
743518,5.21,2818.4
743520,5.04,8912.5
743522,5.04,15848.9
743526,6.05,25118.9
743527,4.59,14125.4
743536,4.49,39810.7
743540,4.06,14125.4
743542,3.21,22387.2
743545,4.97,25118.9
743550,3.48,28183.8
743559,5.72,11220.2
743560,5.81,9456.25
743561,5.85,44668.4
743564,4.1,25118.9
743568,3.84,10000.0
743574,5.69,70.8
743576,5.07,35481.3
743577,5.16,22387.2
743580,5.23,22387.2
743585,3.78,39810.7
743590,5.34,22387.2
743592,4.89,39810.7
743603,6.14,12589.3
743610,5.69,39810.7
743617,5.36,11220.2
743618,2.21,28183.8
743624,5.56,79.4
743628,4.47,44668.4
743635,5.28,11220.2
743641,3.6,14125.4
743653,4.47,8912.5
743657,5.38,35481.3
743660,5.82,31622.8
743662,4.68,15848.9
743673,6.42,23753.05
743675,4.16,28183.8
743676,4.09,3162.3
743690,2.11,21169.9
743701,4.12,17782.8
743705,2.61,11220.2
743725,4.94,25118.9
743735,5.56,11220.2
743744,4.97,13357.35
743745,5.84,11220.2
743752,5.35,44668.4
743758,5.05,31622.8
743759,5.78,4466.8
743768,4.42,17782.8
743776,5.56,14125.4
743784,3.11,37646.0
743792,5.56,15848.9
743795,5.65,14125.4
743799,4.13,19952.6
743828,3.29,3162.3
743840,5.8,14125.4
743843,6.14,15848.9
743855,4.2,17782.8
743868,4.61,14125.4
743871,6.17,15848.9
743873,5.07,17782.8
743874,4.92,17782.8
743875,5.76,39810.7
743884,3.65,17782.8
743886,3.96,25118.9
743892,4.95,12589.3
743897,5.54,7943.3
743898,4.69,19952.6
743913,5.92,14125.4
743926,5.46,25118.9
743930,4.95,8427.9
743934,5.61,17782.8
743945,5.07,25118.9
743950,5.6,28183.8
743955,5.36,11220.2
743961,5.52,31622.8
743968,3.68,11220.2
743974,4.57,35481.3
743984,5.63,39810.7
743989,5.22,5623.4
743990,5.54,39810.7
743991,5.4,2238.7
743996,5.46,11904.75
744008,6.24,31622.8
744010,5.68,1995.3
744012,4.7,7943.3
744017,5.07,11220.2
744023,5.33,8427.9
744025,4.41,5011.9
744044,5.45,1995.3
744054,5.21,26651.35
744057,4.64,794.3
744077,5.53,28183.8
744078,4.77,3162.3
744084,5.36,19952.6
744095,3.56,17782.8
744096,4.12,11220.2
744105,5.78,5011.9
744106,3.8,28183.8
744117,4.77,10000.0
744121,6.0,44668.4
744123,6.07,25118.9
744127,5.28,23753.05
744133,4.7,12589.3
744134,5.22,11220.2
744138,3.75,14125.4
744155,4.96,4466.8
744167,5.43,794.3
744170,4.34,2511.9
744189,4.96,35481.3
744197,3.73,31622.8
744200,4.77,15848.9
744202,4.73,1122.0
744204,5.18,8912.5
744211,6.49,2818.4
744217,5.69,3548.1
744219,5.32,8912.5
744221,5.58,39810.7
744229,5.35,17782.8
744238,5.49,10610.1
744240,4.24,19952.6
744244,5.2,15848.9
744249,4.93,39810.7
744251,2.3,17782.8
744260,5.97,6309.6
744266,4.74,794.3
744270,5.97,14125.4
744282,5.02,25118.9
744302,4.35,12589.3
744305,5.46,1584.9
744318,4.63,10000.0
744319,5.37,12589.3
744336,5.85,8912.5
744354,4.94,22387.2
744363,5.85,39810.7
744366,5.61,19952.6
744377,5.05,25118.9
744379,4.72,15848.9
744383,4.99,25118.9
744388,3.39,12589.3
744399,4.58,14125.4
744403,3.57,17782.8
744404,5.4,8912.5
744409,6.1,15848.9
744431,5.48,14125.4
744437,4.81,14125.4
744438,4.09,5623.4
744439,4.54,14125.4
744458,6.21,19952.6
744461,5.78,223.9
744488,5.44,25118.9
744491,4.85,12589.3
744506,5.55,28183.8
744512,3.67,22387.2
744516,5.66,12589.3
744517,4.76,12589.3
744535,5.9,39810.7
744549,5.44,25118.9
744553,4.98,39810.7
744555,5.44,1778.3
744578,5.27,2818.4
744579,4.57,7943.3
744607,5.78,35481.3
744619,5.42,10000.0
744641,6.2,19952.6
744654,5.82,22387.2
744678,4.66,5623.4
744683,4.18,15848.9
744691,5.88,39810.7
744709,3.82,31622.8
744715,5.27,28183.8
744723,4.61,22387.2
744724,4.53,28183.8
744740,4.64,15848.9
744746,5.68,12589.3
744769,5.86,17782.8
744780,5.03,3548.1
744781,4.82,39810.7
744783,5.82,25.1
744784,6.6,25118.9
744788,5.47,39810.7
744791,5.63,39810.7
744793,4.32,22387.2
744796,5.25,16815.85
744801,3.7,3548.1
744804,3.89,26651.35
744809,5.98,398.1
744810,5.52,14125.4
744820,3.96,11220.2
744826,4.63,3548.1
744827,1.94,3162.3
744830,5.67,7943.3
744834,6.37,25118.9
744836,3.97,25118.9
744840,4.9,14125.4
744851,4.66,17782.8
744852,4.78,25118.9
744857,4.14,17782.8
744859,5.57,3548.1
744865,4.93,14125.4
744890,4.13,25118.9
744896,5.88,8912.5
744901,4.76,1000.0
744904,5.11,26651.35
744910,5.28,39810.7
744918,4.76,501.2
744924,5.31,501.2
744932,5.29,25118.9
744939,5.13,28183.8
744940,5.36,15848.9
744974,5.97,38367.566666666666
744975,5.31,17782.8
744981,6.16,14125.4
744985,5.01,25118.9
744986,6.06,6309.6
744998,4.84,2511.9
745018,3.92,15848.9
745038,2.62,17782.8
745048,5.06,12589.3
745053,4.32,19952.6
745057,5.62,11220.2
745065,6.1,12589.3
745076,5.02,1412.5
745079,5.83,22387.2
745086,4.23,19952.6
745101,3.36,31622.8
745122,2.49,15848.9
745124,5.71,3162.3
745130,4.52,12589.3
745152,3.26,15848.9
745154,5.67,22387.2
745155,3.69,25118.9
745161,5.47,25118.9
745168,5.26,3981.1
745178,5.68,22387.2
745179,4.94,7079.5
745194,4.85,15848.9
745205,5.94,39810.7
745206,5.83,15848.9
745213,1.67,19952.6
745226,5.8,4739.35
745245,3.25,18867.7
745246,5.16,28183.8
745249,4.93,25118.9
745258,3.86,28183.8
745260,5.74,9456.25
745270,5.55,31622.8
745276,5.75,39810.7
745316,5.16,8912.5
745318,4.98,35481.3
745325,5.54,11220.2
745334,4.67,12589.3
745335,5.32,5011.9
745354,4.33,125.9
745358,5.09,25118.9
745359,4.92,10000.0
745364,4.14,158.5
745366,4.48,15848.9
745368,5.7,10000.0
745379,4.99,25118.9
745383,4.2,31622.8
745387,5.53,7943.3
745399,5.61,15848.9
745401,5.83,14125.4
745402,4.85,10000.0
745407,5.55,39810.7
745413,4.92,28183.8
745419,4.74,15848.9
745445,5.69,31622.8
745448,5.44,25118.9
745450,5.19,8912.5
745473,5.95,3548.1
745477,5.11,562.3
745488,5.23,17782.8
745504,4.47,10000.0
745512,5.55,35481.3
745524,5.53,8427.9
745527,5.09,7079.5
745530,5.11,19952.6
745535,5.92,2818.4
745544,4.34,44668.4
745552,4.72,17782.8
745583,5.54,22387.2
745594,6.12,39810.7
745600,4.45,28183.8
745603,4.64,8912.5
745607,5.07,28183.8
745608,5.23,446.7
745620,5.02,1000.0
745623,4.44,12589.3
745640,3.58,11220.2
745648,4.16,1778.3
745653,5.11,7079.5
745670,4.44,17782.8
745676,4.69,12589.3
745695,3.67,25118.9
745705,5.28,8912.5
745721,2.48,25118.9
745733,4.45,15848.9
745757,4.29,31622.8
745760,4.9,15848.9
745763,4.39,17782.8
745769,4.81,11220.2
745776,4.4,39810.7
745779,5.6,631.0
745798,5.93,17782.8
745803,4.97,5623.4
745805,5.67,8912.5
745808,3.49,31622.8
745813,5.77,15848.9
745829,5.29,31622.8
745830,6.02,39810.7
745832,5.56,17782.8
745836,4.21,15848.9
745842,5.45,19952.6
745853,6.28,39810.7
745875,6.42,11220.2
745887,5.63,39810.7
745896,5.8,1412.5
745912,5.57,11220.2
745914,4.36,31622.8
745930,5.96,11220.2
745936,4.3,39810.7
745949,5.57,22387.2
745952,3.42,39810.7
745959,3.99,7079.5
745972,4.12,15848.9
745980,4.93,39810.7
745994,4.02,28183.8
746003,5.25,28183.8
746004,5.73,1584.9
746016,5.55,707.9
746020,5.1,12589.3
746024,6.13,22387.2
746035,4.26,10000.0
746056,5.06,2238.7
746062,4.84,10000.0
746063,3.99,794.3
746080,3.67,25118.9
746101,6.49,1584.9
746105,4.45,13357.35
746108,5.56,3162.3
746110,5.42,17782.8
746112,5.33,15848.9
746124,4.48,39810.7
746125,5.65,28183.8
746128,3.49,31622.8
746137,5.88,28183.8
746142,2.92,39810.7
746149,6.0,14125.4
746163,5.71,35481.3
746173,5.43,2511.9
746185,2.48,39810.7
746187,5.37,44668.4
746197,4.08,15848.9
746202,5.14,12589.3
746205,4.95,1122.0
746225,5.13,12589.3
746229,4.17,12589.3
746238,5.26,7943.3
746242,5.98,39810.7
746243,5.06,15848.9
746249,2.37,39810.7
746250,5.25,707.9
746258,3.58,25118.9
746260,4.53,3548.1
746264,4.57,35481.3
746268,3.91,44668.4
746274,4.97,891.3
746285,4.65,12589.3
746287,3.69,19952.6
746297,4.87,1778.3
746299,5.38,31622.8
746300,5.88,28183.8
746309,6.42,39810.7
746321,3.65,29903.3
746332,5.41,1412.5
746343,5.06,28183.8
746351,5.5,31622.8
746366,5.56,39810.7
746369,3.69,44668.4
746384,4.42,25118.9
746391,5.36,35481.3
746393,5.69,19952.6
746402,5.46,26651.35
746411,3.77,8912.5
746416,5.81,31622.8
746421,3.12,7079.5
746422,5.53,39810.7
746423,4.66,28183.8
746441,4.5,2238.7
746451,1.79,39810.7
746453,4.53,14125.4
746464,4.98,15848.9
746469,6.18,15848.9
746470,5.71,7943.3
746473,5.25,7943.3
746484,5.79,25118.9
746494,4.49,1584.9
746498,5.91,5011.9
746499,5.34,28183.8
746507,3.97,11220.2
746509,5.73,39810.7
746517,5.82,8912.5
746518,4.95,28183.8
746538,5.94,3162.3
746540,4.73,28183.8
746541,3.98,19952.6
746549,2.78,26651.35
746558,6.33,14125.4
746586,6.22,8912.5
746598,4.01,12589.3
746621,5.34,354.8
746632,4.19,3548.1
746633,6.36,446.7
746634,3.29,15848.9
746661,5.16,15848.9
746665,5.75,11220.2
746677,5.53,35481.3
746678,3.26,44668.4
746696,5.2,19952.6
746704,5.62,8912.5
746714,5.05,39810.7
746723,5.61,12589.3
746747,5.08,19952.6
746755,2.88,28183.8
746756,5.62,44668.4
746771,5.44,10610.1
746773,5.52,39810.7
746774,5.71,11220.2
746783,4.72,35481.3
746784,4.28,44668.4
746790,3.76,39810.7
746798,4.28,19952.6
746825,5.97,14125.4
746832,4.07,28183.8
746867,5.31,14125.4
746879,5.8,3162.3
746885,6.37,19952.6
746889,4.62,13357.35
746912,3.87,14125.4
746913,4.53,31622.8
746919,4.08,5011.9
746922,4.89,19952.6
746936,5.58,28183.8
746938,5.93,1122.0
746942,6.04,15848.9
746955,6.03,11220.2
746962,5.01,2511.9
746982,5.13,3548.1
746998,6.16,25118.9
746999,4.35,14125.4
747033,4.57,35481.3
747044,6.13,12589.3
747054,5.5,2818.4
747058,4.54,223.9
747060,5.66,19952.6
747065,3.18,44668.4
747071,5.12,8912.5
747089,5.63,125.9
747093,5.67,28183.8
747094,4.07,17782.8
747111,4.15,25118.9
747115,3.02,35481.3
747132,4.01,22387.2
747133,5.6,28183.8
747141,6.11,39810.7
747148,5.45,8427.9
747152,3.42,1995.3
747158,5.83,39810.7
747163,5.47,1778.3
747166,5.86,8912.5
747169,4.29,22387.2
747170,4.96,8912.5
747173,5.87,39810.7
747177,3.69,3981.1
747182,5.59,19952.6
747196,5.18,8912.5
747198,6.02,8912.5
747199,5.48,31622.8
747204,5.71,35481.3
747213,5.77,19952.6
747215,5.93,15848.9
747228,4.24,14125.4
747231,4.51,3548.1
747235,5.02,31622.8
747240,6.41,28183.8
747257,2.6,28183.8
747273,4.37,19952.6
747275,5.58,22387.2
747292,4.32,707.9
747309,3.5,17782.8
747315,4.29,32908.96666666667
747316,4.4,14125.4
747321,4.93,15848.9
747323,4.29,3548.1
747324,3.95,3162.3
747336,4.46,12589.3
747339,5.38,10000.0
747342,4.83,7079.5
747344,6.02,39810.7
747346,4.52,5011.9
747361,3.97,8912.5
747368,5.52,39810.7
747370,2.74,22387.2
747388,4.87,15848.9
747397,5.45,44668.4
747400,5.57,28183.8
747428,4.93,14125.4
747429,5.47,631.0
747443,4.63,44668.4
747457,3.33,5623.4
747458,5.58,44668.4
747459,3.69,14125.4
747492,4.17,7079.5
747494,5.28,15848.9
747500,5.56,31622.8
747505,6.0,35481.3
747513,4.8,8912.5
747528,4.65,15848.9
747538,5.2,19952.6
747549,5.28,17782.8
747558,3.3,19952.6
747565,5.9,17782.8
747588,5.64,3162.3
747592,5.76,19952.6
747604,5.63,5623.4
747607,4.75,17782.8
747621,4.13,39810.7
747628,4.99,15848.9
747631,4.88,8912.5
747632,6.04,17782.8
747652,3.91,28183.8
747675,3.46,7079.5
747677,7.52,44668.4
747679,6.2,39810.7
747685,5.71,28183.8
747686,5.8,1122.0
747693,5.72,44668.4
747698,5.81,25118.9
747712,4.2,1584.9
747716,5.7,8912.5
747734,5.71,44668.4
747739,4.79,4466.8
747742,5.48,5011.9
747743,4.4,15848.9
747745,5.17,1000.0
747755,4.36,10000.0
747762,4.58,631.0
747764,5.63,19952.6
747772,5.34,39810.7
747788,2.75,17782.8
747793,3.9,19952.6
747800,4.37,11220.2
747806,2.79,25118.9
747810,4.77,14125.4
747819,4.07,15848.9
747827,5.48,22387.2
747828,5.29,19952.6
747835,4.02,28183.8
747836,5.48,31622.8
747846,4.96,28183.8
747852,3.82,794.3
747853,4.78,14125.4
747862,4.21,2511.9
747868,6.35,25118.9
747873,4.96,1584.9
747875,4.97,5623.4
747889,4.49,28183.8
747892,5.48,794.3
747895,4.12,3548.1
747902,4.82,25118.9
747903,3.75,10000.0
747917,5.78,17782.8
747920,4.11,17782.8
747928,4.59,10000.0
747932,3.45,6309.6
747933,5.17,22387.2
747938,4.28,39810.7
747944,4.78,5623.4
747956,5.72,44668.4
747957,5.65,39810.7
747963,5.69,11220.2
747971,5.42,10000.0
747973,5.04,14987.15
747979,6.04,11220.2
747998,6.09,17782.8
748006,5.48,891.3
748009,3.1,22387.2
748019,5.4,25118.9
748027,5.13,17782.8
748033,5.54,39810.7
748034,5.69,39810.7
748055,5.46,31622.8
748056,5.27,22387.2
748059,3.82,794.3
748060,5.34,501.2
748070,5.64,17782.8
748071,6.23,28183.8
748086,4.85,22387.2
748105,5.72,28183.8
748110,4.82,15848.9
748139,4.6,1258.9
748140,5.59,31622.8
748144,5.08,15848.9
748147,5.87,17782.8
748148,5.2,44668.4
748171,4.85,25118.9
748174,5.83,5011.9
748178,3.58,125.9
748180,4.26,10000.0
748201,3.05,17782.8
748206,5.79,35481.3
748216,3.85,19952.6
748221,5.98,44668.4
748223,3.52,2818.4
748237,3.25,8912.5
748242,5.84,12589.3
748260,5.53,12589.3
748276,3.87,44668.4
748293,5.7,3548.1
748304,5.5,3981.1
748317,5.43,31622.8
748320,5.82,70.8
748330,4.54,19952.6
748338,4.5,7079.5
748345,5.76,3548.1
748350,5.59,14987.15
748351,4.74,19952.6
748355,3.95,3162.3
748365,5.14,25118.9
748368,4.84,35481.3
748371,5.18,28183.8
748374,4.61,19952.6
748386,5.2,25118.9
748390,5.31,3162.3
748399,4.68,39810.7
748408,5.91,28183.8
748409,4.95,35481.3
748411,4.01,14125.4
748412,4.15,11904.75
748416,5.24,11220.2
748417,3.82,15848.9
748428,3.94,28183.8
748437,4.76,31622.8
748444,5.02,1584.9
748447,5.81,14125.4
748450,6.13,22387.2
748451,4.92,18867.7
748464,6.01,1584.9
748472,5.58,3548.1
748479,5.23,12589.3
748524,5.75,19952.6
748526,2.83,3162.3
748547,5.67,5011.9
748551,6.63,5623.4
748586,4.31,17782.8
748615,5.71,39810.7
748619,5.74,19952.6
748653,5.59,35481.3
748660,3.5,7079.5
748680,4.56,22387.2
748689,5.47,11220.2
748693,5.52,12589.3
748695,5.79,39810.7
748703,4.15,25118.9
748756,3.29,25118.9
748763,5.49,11220.2
748772,5.31,8912.5
748778,5.68,15848.9
748779,5.99,1412.5
748781,6.0,7943.3
748795,5.19,22387.2
748796,5.66,22387.2
748799,3.01,11220.2
748806,4.87,39810.7
748810,5.86,3162.3
748814,5.42,19952.6
748833,2.76,19952.6
748838,4.83,10000.0
748841,5.28,15848.9
748844,4.95,11220.2
748851,6.04,19952.6
748853,5.2,11220.2
748869,4.91,5011.9
748872,4.11,22387.2
748879,5.61,3981.1
748889,6.41,8912.5
748890,4.6,19952.6
748900,5.01,2238.7
748904,3.68,44668.4
748922,3.32,14125.4
748933,5.7,14125.4
748938,5.67,15848.9
748939,4.61,19952.6
748955,4.06,112.2
748960,5.87,3548.1
748966,3.86,7943.3
748968,6.11,56.2
748977,4.44,35481.3
748988,6.2,17782.8
749001,3.65,15848.9
749017,4.17,31622.8
749018,5.02,70.8
749025,5.98,17782.8
749028,5.33,11220.2
749032,2.39,28183.8
749044,5.18,12589.3
749054,3.98,1000.0
749058,5.94,39810.7
749059,4.95,7943.3
749062,5.35,35481.3
749071,5.65,6309.6
749073,5.31,8912.5
749083,5.55,31622.8
749092,4.74,35481.3
749093,2.1,22387.2
749099,2.76,8912.5
749104,5.09,22387.2
749105,5.09,19952.6
749110,4.1,25118.9
749111,5.81,8912.5
749124,4.15,10000.0
749136,5.8,7943.3
749142,3.83,14125.4
749154,5.34,19952.6
749156,4.01,25118.9
749163,4.88,3162.3
749167,5.84,28183.8
749171,3.66,10000.0
749184,5.41,28183.8
749195,4.83,12589.3
749208,3.69,5623.4
749213,3.65,39810.7
749220,5.71,6309.6
749226,4.55,3548.1
749238,4.0,12589.3
749245,5.26,39810.7
749246,5.06,12589.3
749249,4.06,19952.6
749251,2.42,35481.3
749261,5.54,10000.0
749269,5.63,35481.3
749290,5.71,12589.3
749310,6.84,28183.8
749335,5.37,15848.9
749351,5.87,19952.6
749365,5.51,12589.3
749397,4.76,39810.7
749399,4.45,354.8
749412,5.85,7943.3
749437,5.08,4466.8
749438,5.49,17782.8
749439,6.04,17782.8
749453,5.07,39810.7
749456,5.06,19952.6
749461,6.12,28183.8
749465,3.14,14125.4
749468,4.1,8912.5
749475,4.9,19952.6
749477,5.8,1122.0
749483,5.12,28183.8
749485,3.19,35481.3
749489,5.73,4466.8
749494,5.19,8912.5
749503,5.69,6309.6
749523,5.46,22387.2
749537,4.48,8912.5
749548,4.86,5011.9
749573,5.42,3548.1
749586,5.3,31622.8
749591,4.38,19952.6
749607,2.63,26651.35
749632,5.43,17782.8
749634,5.67,15848.9
749643,5.97,10000.0
749644,5.64,11220.2
749658,5.84,22387.2
749660,4.73,22387.2
749674,4.53,7943.3
749675,4.55,1584.9
749681,5.72,25118.9
749693,5.45,25118.9
749697,4.59,31622.8
749702,4.68,14125.4
749704,5.98,100.0
749715,2.95,10000.0
749722,4.95,17782.8
749723,5.95,2818.4
749749,4.62,15848.9
749757,5.49,14125.4
749758,5.62,14125.4
749762,5.8,39810.7
749772,4.6,28183.8
749793,4.66,22387.2
749822,5.66,14125.4
749826,4.48,31622.8
749830,5.81,35481.3
749831,5.74,31622.8
749834,2.19,28183.8
749842,5.95,44668.4
749856,5.2,15848.9
749857,4.48,31622.8
749860,5.82,28183.8
749868,4.22,25118.9
749872,6.48,31622.8
749873,6.22,6309.6
749880,5.7,17782.8
749883,4.81,7943.3
749891,6.01,31622.8
749905,4.97,28183.8
749912,4.39,562.3
749916,6.72,14987.15
749918,3.86,19952.6
749927,5.61,39810.7
749928,5.48,3162.3
749936,5.6,12589.3
749945,5.42,11220.2
749969,3.58,23753.05
749972,2.82,25118.9
749978,5.36,3548.1
749985,5.28,28183.8
749994,3.97,31622.8
750013,5.28,1995.3
750015,4.91,79.4
750019,4.08,14125.4
750030,2.74,28183.8
750035,4.62,28183.8
750040,5.06,1412.5
750041,5.31,3764.6
750043,4.42,25118.9
750051,5.73,28183.8
750054,6.12,17782.8
750055,1.95,35481.3
750057,6.16,44668.4
750059,6.08,12589.3
750067,5.0,19952.6
750076,3.29,35481.3
750088,5.38,1778.3
750090,5.73,17782.8
750091,5.16,44668.4
750098,5.54,15848.9
750101,5.64,19952.6
750109,4.87,15848.9
750113,4.3,39810.7
750119,4.58,31622.8
750123,5.21,17782.8
750130,6.06,15848.9
750135,6.15,63.1
750141,5.48,1778.3
750148,4.51,2818.4
750149,3.73,15848.9
750166,5.05,14125.4
750168,3.8,44668.4
750186,4.84,3981.1
750190,4.96,3548.1
750193,5.57,17782.8
750200,5.73,2818.4
750204,5.56,7079.5
750209,5.29,15848.9
750220,3.89,22387.2
750230,4.29,707.9
750242,5.1,14125.4
750248,4.4,4466.8
750250,5.71,39810.7
750251,4.71,4466.8
750259,6.14,17782.8
750265,6.08,10000.0
750275,6.07,25118.9
750281,6.7,39810.7
750284,5.2,3162.3
750285,5.01,12589.3
750288,5.19,11220.2
750294,6.3,33552.05
750304,4.18,2818.4
750306,5.7,17782.8
750307,3.97,5623.4
750326,4.57,1584.9
750332,5.89,14987.15
750333,6.15,14125.4
750335,5.38,14125.4
750336,5.45,31622.8
750353,5.19,2238.7
750356,4.07,39810.7
750359,5.13,22387.2
750363,5.5,22387.2
750379,6.14,1995.3
750400,5.87,28183.8
750402,4.8,19952.6
750403,5.97,25118.9
750406,5.86,44668.4
750418,5.11,31622.8
750431,5.32,6309.6
750437,4.12,15848.9
750447,5.71,39810.7
750462,5.73,10000.0
750468,4.79,14125.4
750473,6.19,15848.9
750477,5.65,794.3
750489,5.63,10000.0
750491,4.96,22387.2
750500,4.82,177.8
750507,5.52,22387.2
750508,5.39,22387.2
750517,5.53,14125.4
750522,3.75,2511.9
750529,5.3,44668.4
750539,5.28,3162.3
750549,3.38,28183.8
750557,5.05,44668.4
750559,5.06,8912.5
750588,3.19,31622.8
750589,2.24,35481.3
750636,5.33,3162.3
750642,4.92,15848.9
750647,5.7,31622.8
750649,5.11,14125.4
750655,6.17,39810.7
750662,5.41,2511.9
750668,4.32,31622.8
750670,2.88,3162.3
750675,4.72,25118.9
750687,4.3,22387.2
750698,4.81,14125.4
750723,4.49,11220.2
750725,5.9,25118.9
750729,3.93,39810.7
750735,6.06,7943.3
750742,5.26,446.7
750748,4.86,3162.3
750758,6.25,39810.7
750762,5.6,14125.4
750766,5.04,39810.7
750781,3.25,19952.6
750787,5.06,39810.7
750789,5.21,3981.1
750796,5.47,7943.3
750799,5.66,14987.15
750813,5.29,15848.9
750815,5.5,10000.0
750816,4.27,19952.6
750824,5.56,15848.9
750833,5.56,22387.2
750835,4.97,15848.9
750839,4.12,26651.35
750847,4.0,39810.7
750848,5.58,7079.5
750851,3.33,14125.4
750860,5.3,31622.8
750870,4.97,25118.9
750874,5.64,39810.7
750881,3.51,14125.4
750895,3.88,25118.9
750899,4.6,44668.4
750922,4.68,28183.8
750924,4.76,2238.7
750936,3.44,25118.9
750944,3.01,35481.3
750946,4.02,17782.8
750956,5.47,39810.7
750958,5.41,1122.0
750970,4.64,39810.7
750981,5.0,25118.9
751004,3.65,14125.4
751012,5.99,15848.9
751014,4.44,15848.9
751020,3.77,35481.3
751021,5.35,19952.6
751032,3.78,15848.9
751035,6.27,12589.3
751042,5.7,17782.8
751044,5.74,44668.4
751046,5.64,2511.9
751050,4.85,17782.8
751056,2.92,17782.8
751111,4.95,25118.9
751121,5.72,10610.1
751122,4.36,22387.2
751131,4.46,16493.533333333333
751137,4.46,14125.4
751138,5.01,8912.5
751140,3.51,25118.9
751142,3.91,12589.3
751150,2.35,14125.4
751152,5.57,1584.9
751156,6.44,7943.3
751159,6.17,15848.9
751160,5.26,15848.9
751187,5.09,12589.3
751213,3.85,25118.9
751232,4.87,35481.3
751234,3.99,11220.2
751240,4.87,14125.4
751244,5.14,31622.8
751249,4.09,4466.8
751276,2.73,22387.2
751294,4.72,22387.2
751304,5.81,17782.8
751308,4.99,2818.4
751313,3.66,35481.3
751324,3.43,22387.2
751335,5.28,15274.4
751346,5.7,25118.9
751353,5.74,21169.9
751358,3.41,7943.3
751362,5.01,15848.9
751373,4.11,29903.3
751379,5.96,14125.4
751385,5.61,39810.7
751386,5.65,39810.7
751397,5.7,8427.9
751415,4.15,15848.9
751430,2.06,31622.8
751436,4.29,39810.7
751452,4.12,11220.2
751461,5.87,707.9
751464,6.43,39810.7
751471,6.02,8912.5
751483,5.33,28183.8
751489,2.15,19952.6
751508,7.7,14125.4
751513,2.32,35481.3
751527,3.51,8912.5
751532,5.87,11220.2
751551,6.78,562.3
751566,3.81,19952.6
751572,3.88,28183.8
751575,5.62,12589.3
751577,4.28,15848.9
751591,4.67,112.2
751597,2.97,31622.8
751620,5.42,19952.6
751631,4.93,6309.6
751634,5.39,14125.4
751688,4.83,22387.2
751694,4.46,19952.6
751696,4.74,26651.35
751703,5.62,11220.2
751705,5.16,10000.0
751714,5.37,28183.8
751717,5.85,28183.8
751728,4.2,14125.4
751744,4.79,25.1
751757,4.69,6309.6
751764,2.68,19952.6
751767,4.77,22387.2
751772,4.58,15848.9
751777,6.09,22387.2
751783,3.97,7079.5
751815,4.14,6309.6
751820,2.26,25118.9
751822,5.8,14125.4
751848,4.29,17782.8
751850,5.37,31622.8
751858,3.35,7079.5
751862,5.62,5623.4
751871,5.57,14125.4
751872,5.95,11220.2
751874,5.46,31622.8
751881,3.52,35481.3
751884,4.69,17782.8
751887,4.27,22387.2
751903,5.53,2511.9
751917,5.67,39810.7
751932,5.85,2511.9
751937,4.74,39810.7
751938,4.6,14125.4
751952,5.41,3162.3
751956,3.44,15848.9
751957,3.74,12589.3
751961,5.5,17782.8
751967,5.55,22387.2
751969,6.54,7943.3
751971,5.57,14125.4
751979,2.61,25118.9
751983,5.1,12589.3
752008,5.6,8912.5
752021,5.36,17782.8
752028,5.3,25118.9
752029,4.49,39810.7
752031,3.06,39810.7
752043,5.56,8912.5
752046,4.44,44668.4
752051,5.34,28183.8
752052,5.04,14125.4
752059,5.03,11220.2
752062,4.97,15848.9
752063,3.83,3162.3
752066,5.57,31622.8
752091,4.55,79.4
752097,4.66,3981.1
752105,4.29,28183.8
752116,5.89,11220.2
752120,5.26,28183.8
752124,4.67,35481.3
752125,4.75,35481.3
752133,4.73,17782.8
752145,4.06,3981.1
752147,3.6,12589.3
752154,5.04,25118.9
752167,4.35,39810.7
752169,4.22,17782.8
752179,5.47,19952.6
752205,5.56,25118.9
752209,5.51,12589.3
752216,4.49,17782.8
752221,4.1,14125.4
752227,5.52,25118.9
752237,4.41,39810.7
752244,3.88,12589.3
752246,4.72,25118.9
752257,4.65,9456.25
752266,5.15,14125.4
752284,2.98,25118.9
752313,5.28,39810.7
752317,4.14,25118.9
752337,3.68,1122.0
752339,4.9,31622.8
752354,6.09,7943.3
752360,6.09,17782.8
752372,3.28,10000.0
752374,6.88,79.4
752381,4.81,28183.8
752384,5.55,19952.6
752386,6.2,35481.3
752388,3.88,11220.2
752389,4.98,10000.0
752395,5.33,39810.7
752404,2.88,19952.6
752407,6.13,9456.25
752412,4.91,22387.2
752414,4.91,11220.2
752422,5.19,2818.4
752440,5.46,17782.8
752446,5.62,31622.8
752447,5.12,8912.5
752476,3.66,15848.9
752482,5.58,39810.7
752492,5.85,5623.4
752498,3.54,31622.8
752508,4.41,39810.7
752519,4.85,5623.4
752527,4.9,15848.9
752530,5.65,39810.7
752542,5.64,44668.4
752552,5.41,22387.2
752564,4.06,22387.2
752565,4.63,8912.5
752568,4.85,17782.8
752572,3.33,19952.6
752573,4.77,3162.3
752575,4.47,316.2
752580,6.04,12589.3
752585,4.23,12589.3
752589,5.46,39810.7
752607,3.6,7079.5
752609,1.99,19952.6
752624,3.27,31622.8
752625,3.96,2818.4
752628,3.07,10000.0
752632,3.34,39810.7
752647,5.44,11220.2
752661,4.17,7079.5
752664,4.48,6309.6
752673,5.67,14125.4
752674,4.31,14125.4
752683,2.97,39810.7
752688,4.57,3548.1
752695,4.51,1584.9
752706,6.32,28183.8
752710,5.14,11220.2
752711,5.78,39810.7
752716,5.07,1778.3
752733,6.51,35481.3
752734,4.93,25118.9
752739,5.69,17782.8
752759,5.6,17782.8
752766,3.97,2818.4
752768,6.18,35481.3
752779,5.66,23753.05
752780,4.98,12589.3
752787,5.45,11220.2
752807,4.45,707.9
752822,3.78,251.2
752825,4.07,11220.2
752828,5.4,13357.35
752846,4.69,39810.7
752869,4.37,35481.3
752888,5.03,15848.9
752892,5.68,31622.8
752904,3.66,39810.7
752913,1.54,13357.35
752915,4.51,3548.1
752919,4.89,17782.8
752943,2.79,7943.3
752958,5.77,25118.9
752961,4.08,31622.8
752972,5.57,22387.2
752984,4.33,13357.35
752987,5.98,28183.8
753006,4.27,5011.9
753007,5.86,1000.0
753010,5.19,10000.0
753014,5.45,15848.9
753017,4.85,29903.3
753020,4.74,28183.8
753022,5.63,15848.9
753060,5.38,11220.2
753061,5.22,2511.9
753090,5.13,19952.6
753099,5.59,8912.5
753120,3.9,14125.4
753121,5.59,12589.3
753136,5.43,39810.7
753142,5.29,14125.4
753147,5.0,39810.7
753149,4.47,17782.8
753151,3.69,35481.3
753163,4.89,7079.5
753170,4.08,13357.35
753181,4.58,19952.6
753184,5.58,17782.8
753191,3.19,19952.6
753192,6.79,3355.2
753196,5.6,28183.8
753202,3.53,12589.3
753203,5.9,7079.5
753204,5.35,14125.4
753212,4.29,5011.9
753216,5.03,891.3
753227,3.35,22387.2
753241,3.85,14125.4
753249,4.48,19952.6
753250,3.04,22387.2
753251,3.2,6309.6
753262,4.83,22387.2
753273,4.39,12589.3
753277,5.45,1000.0
753280,6.15,17782.8
753281,5.45,14125.4
753295,5.14,29903.3
753297,3.81,15848.9
753298,4.08,7079.5
753309,5.64,31622.8
753341,4.2,7079.5
753345,5.42,14125.4
753349,3.13,12589.3
753355,3.02,39810.7
753357,5.18,28183.8
753365,5.3,1995.3
753368,5.04,15848.9
753374,5.66,12589.3
753379,5.73,5011.9
753393,5.92,10000.0
753405,5.43,12589.3
753409,4.14,25118.9
753420,6.1,22387.2
753440,4.17,125.9
753441,4.97,19952.6
753450,6.1,39810.7
753454,5.42,39810.7
753457,4.73,25118.9
753465,4.44,35481.3
753466,5.61,15848.9
753469,5.45,15848.9
753471,5.49,15848.9
753472,5.43,14987.15
753486,5.17,22387.2
753492,5.96,15848.9
753494,6.06,12589.3
753509,4.44,15848.9
753515,5.47,12589.3
753516,6.02,31622.8
753537,4.91,11220.2
753543,5.48,22387.2
753558,4.0,8912.5
753579,4.67,14987.15
753591,6.09,15848.9
753595,5.24,14125.4
753602,6.07,31622.8
753616,5.95,5623.4
753628,6.04,17782.8
753632,4.77,14125.4
753647,3.92,19952.6
753648,5.11,25118.9
753649,5.22,7943.3
753652,5.8,4466.8
753653,5.96,15848.9
753654,4.68,28183.8
753665,5.86,2818.4
753685,4.77,19952.6
753698,5.05,1778.3
753709,5.76,22387.2
753713,4.08,25118.9
753732,4.91,39810.7
753740,3.99,14125.4
753742,3.21,39810.7
753762,4.51,3548.1
753799,4.51,39810.7
753801,5.92,11220.2
753805,5.39,15848.9
753818,2.95,22387.2
753825,4.59,10000.0
753829,5.62,17782.8
753837,5.23,8912.5
753841,1.51,25118.9
753850,3.36,19952.6
753861,6.06,281.8
753870,5.67,11220.2
753883,4.13,25118.9
753884,5.15,9456.25
753886,6.05,11220.2
753891,5.18,35481.3
753892,5.73,22387.2
753897,4.17,39810.7
753922,4.87,14987.15
753927,5.98,10000.0
753930,3.85,15848.9
753938,6.04,15848.9
753942,5.1,5623.4
753946,5.84,44668.4
753951,3.83,5011.9
753952,4.34,11904.75
753974,5.57,10406.733333333334
753990,3.94,25118.9
753996,5.34,6309.6
754006,4.48,15848.9
754007,5.04,2818.4
754014,5.63,39810.7
754015,4.04,2818.4
754017,4.16,17782.8
754023,3.83,6309.6
754033,3.15,14125.4
754036,4.93,25118.9
754058,5.55,35481.3
754060,5.25,8912.5
754063,5.56,3548.1
754069,6.13,39810.7
754099,5.45,39810.7
754112,6.04,22387.2
754119,4.94,17782.8
754128,5.45,8912.5
754131,5.05,3355.2
754133,6.11,28183.8
754140,4.25,17782.8
754153,5.45,39810.7
754155,3.75,19952.6
754169,5.97,707.9
754171,4.9,15848.9
754178,5.25,22387.2
754191,4.97,17782.8
754192,3.73,22387.2
754204,5.11,3162.3
754205,4.64,14987.15
754216,2.55,28183.8
754223,5.31,14125.4
754226,3.96,12589.3
754228,5.3,17782.8
754231,5.59,39810.7
754236,4.44,14125.4
754250,4.76,15848.9
754252,4.25,17782.8
754256,5.6,31622.8
754265,5.86,22387.2
754269,6.92,28183.8
754270,5.81,35481.3
754274,5.47,15848.9
754289,6.32,14125.4
754301,4.76,2238.7
754306,6.13,28183.8
754318,5.34,14125.4
754326,5.42,31622.8
754337,5.82,11220.2
754365,5.19,562.3
754370,1.87,22387.2
754390,5.04,25118.9
754394,5.7,4466.8
754400,3.73,31622.8
754403,3.96,3548.1
754406,5.56,5011.9
754426,3.59,15848.9
754427,5.93,199.5
754440,5.69,14125.4
754442,2.41,11220.2
754443,5.2,39810.7
754451,4.84,19952.6
754463,3.93,11220.2
754469,4.8,15848.9
754470,6.08,13357.35
754475,3.93,28183.8
754481,3.33,17782.8
754489,4.47,19952.6
754503,5.19,39810.7
754552,5.69,39810.7
754555,3.1,39810.7
754563,4.85,25118.9
754575,6.02,25118.9
754583,6.16,44668.4
754599,5.49,3548.1
754616,4.62,14125.4
754619,5.14,707.9
754620,5.62,5011.9
754624,3.93,28183.8
754636,3.57,14987.15
754638,6.1,22387.2
754647,4.54,25118.9
754656,4.86,2818.4
754664,4.78,22387.2
754665,3.11,3162.3
754671,5.63,17782.8
754684,5.49,707.9
754693,6.23,31622.8
754697,4.16,15848.9
754698,3.27,25118.9
754719,4.24,39810.7
754727,5.63,7511.4
754736,2.53,39810.7
754740,5.85,15848.9
754743,3.85,39810.7
754746,4.85,2818.4
754747,4.96,707.9
754758,4.16,15848.9
754763,5.42,15274.4
754804,5.12,19952.6
754807,5.28,14125.4
754818,5.27,28183.8
754827,5.99,8912.5
754830,4.25,8912.5
754835,4.74,23297.766666666666
754847,4.34,39810.7
754851,4.77,4466.8
754859,5.17,14125.4
754870,5.59,11220.2
754873,3.39,25118.9
754878,6.27,15848.9
754886,1.78,39810.7
754887,5.69,12589.3
754892,5.03,39810.7
754900,5.74,31622.8
754923,4.73,15848.9
754930,5.65,15848.9
754969,5.99,31622.8
754970,5.48,10000.0
754974,5.34,12589.3
754976,4.92,19952.6
754983,4.86,21169.9
754992,4.87,7079.5
755003,5.23,707.9
755004,4.89,25118.9
755010,5.2,17782.8
755016,6.05,3162.3
755019,4.84,25118.9
755023,3.51,11220.2
755027,5.36,7079.5
755032,4.64,25118.9
755033,6.01,39810.7
755038,2.73,2818.4
755048,4.25,25118.9
755071,5.45,15848.9
755077,4.19,31622.8
755079,3.3,1258.9
755084,2.98,3548.1
755097,3.95,15848.9
755113,5.55,3548.1
755115,4.62,35481.3
755121,5.73,17782.8
755123,5.24,11220.2
755129,2.1,4970.0
755130,5.61,3981.1
755131,5.82,17782.8
755145,5.98,3548.1
755166,4.01,22387.2
755171,5.01,19952.6
755172,5.78,44668.4
755179,3.43,14125.4
755226,5.81,19952.6
755228,5.2,14125.4
755230,5.79,10000.0
755235,3.1,44668.4
755238,4.39,19952.6
755248,5.55,14125.4
755256,5.25,11220.2
755269,4.37,10000.0
755278,5.17,2238.7
755280,4.74,39810.7
755284,2.62,22387.2
755294,6.98,31622.8
755306,4.72,19952.6
755323,4.72,12589.3
755338,3.25,44668.4
755341,6.14,31622.8
755359,5.59,35481.3
755361,5.17,14125.4
755367,4.81,141.3
755368,5.14,3548.1
755382,5.44,31622.8
755383,6.09,8912.5
755385,5.78,10000.0
755399,3.65,19952.6
755405,4.13,39810.7
755410,4.94,12589.3
755422,5.7,1258.9
755431,5.02,39810.7
755438,4.81,6309.6
755465,5.87,25118.9
755489,5.22,13357.35
755504,5.79,12589.3
755516,5.49,5317.65
755520,5.22,8912.5
755523,4.97,11220.2
755524,4.91,15848.9
755528,5.82,10000.0
755530,4.5,22387.2
755544,6.01,22387.2
755545,5.98,3162.3
755569,3.13,25118.9
755570,4.37,6309.6
755581,4.09,44668.4
755611,2.64,14125.4
755633,5.47,28183.8
755646,6.27,12589.3
755649,5.79,112.2
755661,4.81,11220.2
755671,5.31,29903.3
755672,2.21,10000.0
755674,4.42,15848.9
755679,5.58,31622.8
755682,4.21,15848.9
755690,6.03,39810.7
755693,5.65,4466.8
755705,2.95,10000.0
755710,4.82,3162.3
755712,5.97,15848.9
755718,5.51,19952.6
755725,3.39,70.8
755734,5.84,17782.8
755735,5.94,25118.9
755741,3.74,11220.2
755746,3.61,12589.3
755756,4.97,1412.5
755762,5.02,10000.0
755764,4.54,14125.4
755766,5.94,4466.8
755782,4.86,11220.2
755788,4.51,29903.3
755796,3.42,1122.0
755801,5.76,15848.9
755805,5.2,28183.8
755838,1.47,39810.7
755843,5.08,1122.0
755847,6.06,35481.3
755858,5.37,4466.8
755866,5.84,7079.5
755878,5.75,31622.8
755894,4.53,12589.3
755898,6.22,10000.0
755903,4.06,1122.0
755921,5.07,3548.1
755936,5.31,5011.9
755941,5.59,14125.4
755944,5.05,2818.4
755949,5.62,5011.9
755950,4.49,25118.9
755954,4.35,19952.6
755961,4.77,35481.3
755974,5.46,44668.4
755975,5.04,19952.6
755988,4.78,14125.4
755992,3.8,25118.9
755996,4.09,14125.4
756003,4.7,35481.3
756006,4.97,1000.0
756007,5.21,22387.2
756011,5.1,5011.9
756013,5.73,12589.3
756018,4.56,1122.0
756024,4.09,21169.9
756029,5.37,17782.8
756048,5.19,11220.2
756053,4.79,31622.8
756060,5.85,39810.7
756063,5.83,25.1
756072,5.05,15848.9
756075,3.1,10000.0
756092,5.96,22387.2
756095,4.62,44668.4
756106,5.0,5011.9
756119,6.56,44668.4
756124,5.37,31622.8
756128,5.09,35481.3
756129,5.61,44668.4
756149,4.4,15848.9
756152,1.95,631.0
756161,5.01,11220.2
756166,5.59,22387.2
756180,4.64,31622.8
756186,4.88,22387.2
756191,5.33,17782.8
756193,3.68,39810.7
756197,5.35,2818.4
756204,5.39,8912.5
756211,4.79,22387.2
756212,5.9,3548.1
756221,5.49,10000.0
756227,5.64,14987.15
756228,5.4,14987.15
756230,6.42,15848.9
756246,4.62,15848.9
756259,4.82,39810.7
756262,5.13,2238.7
756268,5.58,8912.5
756269,5.67,28183.8
756274,4.09,10000.0
756286,5.99,17782.8
756294,4.79,39810.7
756295,5.59,12589.3
756300,5.36,17782.8
756310,5.61,17782.8
756330,5.52,39810.7
756331,5.41,19952.6
756336,3.63,28183.8
756340,5.14,7079.5
756341,3.73,28183.8
756347,4.93,31622.8
756352,3.67,7943.3
756358,5.41,17782.8
756361,5.98,22387.2
756387,5.88,28183.8
756398,4.7,44668.4
756406,3.05,3981.1
756407,6.19,17782.8
756416,6.02,199.5
756429,5.23,11220.2
756433,4.99,11220.2
756457,4.8,25118.9
756473,5.55,18867.7
756474,5.06,12589.3
756483,4.82,11220.2
756484,3.23,28183.8
756488,4.26,25118.9
756494,5.12,4466.8
756496,6.35,11220.2
756509,5.52,25118.9
756524,6.37,11904.75
756528,5.1,3548.1
756530,4.85,39810.7
756531,3.42,12589.3
756552,4.66,35481.3
756566,6.35,10000.0
756569,6.09,11220.2
756573,6.16,28183.8
756579,4.65,44668.4
756605,5.37,35481.3
756608,2.82,25118.9
756610,1.74,44668.4
756615,5.22,15848.9
756616,5.38,19952.6
756617,4.38,7943.3
756624,4.59,25118.9
756629,4.19,15848.9
756632,5.74,25118.9
756642,3.69,35481.3
756649,4.68,14125.4
756651,4.4,39810.7
756652,2.77,31622.8
756661,5.18,14125.4
756664,5.08,44668.4
756667,4.73,29903.3
756681,4.28,25118.9
756683,4.15,44668.4
756686,5.96,28183.8
756690,3.91,17782.8
756695,4.96,891.3
756722,6.07,3548.1
756727,5.92,11220.2
756741,4.62,11220.2
756755,3.34,281.8
756756,3.35,10000.0
756759,2.71,2511.9
756761,6.04,12589.3
756765,4.85,10610.1
756779,3.2,25118.9
756792,4.79,26651.35
756793,3.84,3162.3
756794,4.83,15848.9
756804,5.77,1995.3
756808,5.59,28183.8
756816,5.35,2511.9
756822,5.78,25118.9
756838,5.46,28183.8
756839,4.85,22387.2
756843,5.65,39810.7
756853,4.17,11220.2
756866,4.23,31622.8
756868,5.25,2511.9
756873,4.61,35481.3
756881,5.9,44668.4
756890,5.81,22387.2
756897,5.24,31622.8
756900,4.47,22387.2
756919,4.39,39810.7
756931,2.87,28183.8
756953,3.31,19952.6
756961,5.9,19952.6
756979,4.91,28183.8
756980,6.07,15848.9
756990,3.29,15848.9
756991,3.51,19952.6
757003,5.64,28183.8
757013,5.59,15848.9
757024,6.03,3162.3
757026,5.08,35481.3
757040,4.98,794.3
757041,5.67,15848.9
757054,4.83,25118.9
757055,5.65,17782.8
757081,5.92,14125.4
757086,5.03,19952.6
757100,5.25,12589.3
757104,2.92,2511.9
757108,4.52,14125.4
757120,4.95,10000.0
757153,6.0,2238.7
757163,5.9,1995.3
757166,4.35,15848.9
757170,5.63,39810.7
757194,3.6,5011.9
757197,5.31,354.8
757222,5.67,11220.2
757256,4.91,22387.2
757262,5.65,22387.2
757267,5.48,39810.7
757289,5.91,25.1
757291,4.78,18867.7
757296,5.63,15848.9
757311,4.94,39810.7
757313,3.96,14125.4
757321,5.37,3162.3
757325,5.83,10000.0
757337,4.51,11220.2
757339,5.38,39810.7
757346,5.85,11220.2
757351,4.77,25118.9
757366,5.87,19952.6
757370,4.36,8912.5
757372,5.21,22387.2
757381,4.84,10000.0
757384,5.59,13357.35
757395,4.71,35481.3
757400,5.14,11220.2
757408,5.3,25118.9
757411,5.79,44668.4
757422,4.75,31622.8
757426,4.73,3162.3
757437,4.65,17782.8
757440,3.98,35481.3
757443,5.94,8912.5
757455,5.25,44668.4
757460,4.56,22387.2
757487,5.61,3981.1
757496,3.08,39810.7
757500,4.29,28183.8
757502,5.56,31622.8
757509,4.45,28183.8
757512,5.43,14125.4
757513,5.27,28183.8
757518,4.45,15848.9
757521,4.52,31622.8
757539,5.22,28183.8
757548,4.73,19952.6
757554,5.55,5966.5
757570,4.24,15848.9
757580,5.58,35481.3
757582,5.62,25118.9
757607,3.1,22387.2
757608,5.58,39810.7
757610,5.83,15848.9
757618,4.79,10000.0
757625,1.6,26651.35
757626,5.59,15848.9
757629,6.06,31622.8
757638,4.19,25118.9
757639,5.93,3548.1
757645,3.54,10000.0
757646,5.51,11904.75
757647,4.24,25118.9
757651,5.77,6309.6
757656,5.35,15848.9
757657,5.11,13357.35
757668,4.23,14125.4
757676,3.75,26651.35
757679,4.68,25118.9
757685,5.33,18867.7
757688,4.21,11220.2
757690,3.66,44668.4
757693,5.66,44668.4
757695,5.85,17782.8
757701,3.47,14125.4
757707,4.84,39810.7
757712,4.16,25118.9
757715,4.0,19952.6
757717,5.43,10000.0
757725,5.16,10000.0
757726,4.36,39810.7
757734,3.81,31622.8
757738,5.73,39810.7
757741,4.62,3548.1
757768,4.77,7943.3
757773,3.92,39810.7
757776,5.29,39810.7
757778,4.71,31622.8
757790,4.74,11220.2
757792,5.28,7943.3
757795,4.35,14125.4
757799,6.29,10000.0
757813,4.71,14125.4
757826,3.95,11220.2
757842,2.41,35481.3
757847,3.91,3162.3
757861,3.88,4466.8
757863,5.51,12589.3
757867,3.97,28183.8
757877,4.09,10000.0
757886,2.59,19952.6
757889,4.5,35481.3
757892,5.57,8912.5
757895,4.3,44668.4
757913,5.81,7943.3
757933,5.58,10000.0
757935,5.87,7943.3
757940,5.2,22387.2
757943,4.44,17782.8
757946,4.28,8912.5
757959,5.79,6309.6
757960,3.77,44668.4
757970,5.48,28183.8
757990,6.18,1412.5
757991,5.88,25.1
757998,5.97,3981.1
758000,4.95,28183.8
758002,4.31,28183.8
758007,4.15,28183.8
758013,3.63,14125.4
758014,5.45,15848.9
758017,4.82,28183.8
758026,4.96,19952.6
758032,5.02,2238.7
758034,5.94,22387.2
758041,4.66,3162.3
758053,5.29,12589.3
758054,6.18,11904.75
758067,6.12,39810.7
758076,4.35,44668.4
758079,5.66,2818.4
758109,5.11,33552.05
758117,4.89,12589.3
758124,6.18,7943.3
758130,2.98,25118.9
758152,5.02,50118.7
758156,5.55,10000.0
758157,3.47,3981.1
758162,5.68,125.9
758165,4.53,3548.1
758170,3.09,39810.7
758175,6.2,25118.9
758176,5.28,31622.8
758178,4.06,44668.4
758192,5.32,17782.8
758194,5.12,12589.3
758196,5.03,15848.9
758199,4.98,8427.9
758203,3.6,39810.7
758210,4.68,1258.9
758225,5.8,3548.1
758236,5.1,3981.1
758252,3.95,12589.3
758260,5.35,14125.4
758271,5.87,31622.8
758280,5.74,15848.9
758282,4.45,39810.7
758287,4.91,14125.4
758311,4.97,5623.4
758322,4.69,14125.4
758343,5.9,28183.8
758344,4.45,11220.2
758352,5.68,707.9
758355,5.6,35481.3
758358,4.69,17782.8
758361,3.72,14125.4
758363,4.63,15848.9
758371,4.04,15848.9
758388,5.39,8427.9
758405,4.5,2238.7
758407,4.47,2238.7
758414,5.45,19952.6
758423,4.91,6309.6
758424,5.7,17782.8
758425,4.94,33552.05
758431,5.82,354.8
758432,5.22,79.4
758439,4.28,44668.4
758440,5.64,15848.9
758442,5.8,17782.8
758443,5.09,3548.1
758445,3.79,501.2
758446,5.74,19952.6
758454,4.07,7079.5
758456,4.14,15848.9
758458,5.88,28183.8
758468,5.15,11220.2
758470,2.45,22387.2
758475,6.12,17782.8
758488,5.39,31622.8
758489,5.82,35481.3
758498,5.88,14125.4
758509,5.6,9456.25
758519,5.09,5623.4
758522,4.66,5011.9
758532,6.27,15848.9
758535,5.36,22387.2
758558,4.41,28183.8
758568,4.9,35481.3
758578,5.03,199.5
758581,4.99,25118.9
758582,2.49,12589.3
758583,5.35,22387.2
758592,5.9,39810.7
758594,4.98,19952.6
758595,4.9,2818.4
758602,5.42,44668.4
758603,4.09,2511.9
758611,4.34,39810.7
758616,3.64,31622.8
758639,3.8,15848.9
758656,5.95,10000.0
758661,4.84,31622.8
758672,3.98,19952.6
758673,3.76,15848.9
758674,2.54,31622.8
758675,3.58,2818.4
758677,6.07,12589.3
758679,4.92,10000.0
758686,4.72,1258.9
758698,3.84,3981.1
758700,5.12,25118.9
758703,5.7,1995.3
758708,4.74,2238.7
758709,5.98,14125.4
758717,3.98,707.9
758720,5.58,25.1
758724,4.82,28183.8
758753,4.69,39.8
758756,5.25,22387.2
758757,5.96,17782.8
758770,6.25,22387.2
758773,2.97,31622.8
758797,3.71,19952.6
758798,4.2,2818.4
758803,4.9,16493.533333333333
758810,3.77,891.3
758821,6.19,31622.8
758829,5.54,31622.8
758853,5.11,7079.5
758854,5.94,28183.8
758862,3.32,22387.2
758880,5.44,39810.7
758891,4.85,11220.2
758897,5.34,1995.3
758900,5.96,17782.8
758902,4.57,19952.6
758910,6.16,2818.4
758921,6.0,14125.4
758923,4.75,39810.7
758926,4.01,6309.6
758935,5.56,12589.3
758936,4.88,6309.6
758940,5.64,28183.8
758952,5.25,39810.7
758973,3.88,22387.2
758981,3.96,35481.3
758996,5.86,28183.8
759002,6.03,39810.7
759010,4.99,4466.8
759021,4.88,12589.3
759034,5.07,39810.7
759035,4.89,398.1
759050,5.94,1122.0
759057,5.66,3981.1
759063,5.85,39810.7
759070,5.47,8912.5
759076,3.23,8912.5
759081,2.5,28183.8
759087,5.16,35481.3
759101,5.21,15848.9
759108,4.9,31622.8
759134,4.75,1995.3
759138,6.16,29903.3
759146,5.07,17782.8
759155,5.98,1258.9
759171,1.69,8912.5
759188,4.65,2511.9
759189,4.81,17782.8
759193,5.6,26651.35
759194,5.12,10000.0
759207,4.37,17782.8
759214,5.05,3548.1
759237,5.59,25118.9
759244,4.69,19952.6
759247,4.89,8912.5
759249,5.99,17782.8
759253,5.74,31622.8
759254,5.26,794.3
759260,4.7,4466.8
759270,5.92,17782.8
759285,5.65,15848.9
759292,5.17,19952.6
759294,4.09,17782.8
759313,5.25,17782.8
759321,4.97,15848.9
759329,4.64,31622.8
759331,6.16,1000.0
759338,5.01,158.5
759344,4.85,22387.2
759345,4.95,8912.5
759348,4.78,3548.1
759355,4.22,39810.7
759369,4.12,25118.9
759376,4.79,1778.3
759377,4.7,15848.9
759384,5.44,28183.8
759407,5.53,707.9
759412,5.23,22387.2
759413,4.49,15848.9
759420,3.97,31622.8
759425,3.77,14125.4
759430,2.87,35481.3
759438,5.79,19952.6
759452,5.09,794.3
759454,5.41,19952.6
759465,3.79,3548.1
759467,5.73,5966.5
759471,4.57,14125.4
759474,5.08,3548.1
759481,4.98,2818.4
759482,5.1,28183.8
759496,4.98,44668.4
759507,2.29,37646.0
759516,5.34,28183.8
759521,6.07,14125.4
759530,4.86,8912.5
759534,4.52,10000.0
759536,4.86,44668.4
759544,4.86,12589.3
759550,5.48,354.8
759556,4.61,3548.1
759559,5.88,15848.9
759562,4.36,17782.8
759567,4.91,39810.7
759568,5.15,25118.9
759572,4.74,19952.6
759574,6.08,12589.3
759585,3.65,251.2
759591,5.22,19952.6
759592,5.88,12589.3
759617,6.07,33552.05
759644,5.8,17782.8
759645,3.7,8912.5
759651,4.66,33552.05
759652,6.2,31622.8
759659,4.72,12589.3
759664,3.99,1412.5
759671,4.62,18867.7
759688,4.26,28183.8
759690,5.45,14125.4
759691,5.52,13357.35
759697,6.0,35481.3
759698,4.34,22387.2
759711,4.94,2511.9
759714,5.96,28183.8
759715,5.66,562.3
759722,5.95,7511.4
759729,6.01,25118.9
759731,5.55,11220.2
759736,3.98,39810.7
759765,4.49,17782.8
759768,5.62,7079.5
759774,5.98,25118.9
759782,5.18,35481.3
759804,5.16,28183.8
759843,2.86,25118.9
759852,3.93,39810.7
759857,2.65,15848.9
759866,4.99,8912.5
759868,4.91,17782.8
759872,4.45,14125.4
759875,4.49,1412.5
759877,5.28,31622.8
759884,4.4,707.9
759887,6.19,35481.3
759888,5.41,25118.9
759889,4.26,14125.4
759890,3.43,15848.9
759895,3.28,12589.3
759903,4.3,35481.3
759906,5.04,28183.8
759913,4.34,3162.3
759931,2.18,17782.8
759938,3.45,14125.4
759939,5.41,12589.3
759941,5.12,39810.7
759943,5.53,39810.7
759946,5.57,39810.7
759964,4.15,39810.7
759966,5.52,17782.8
759974,3.98,6309.6
759975,5.17,2238.7
759982,4.11,8912.5
759985,4.6,39810.7
759998,5.71,14125.4
759999,5.94,4466.8
760003,4.83,25118.9
760046,5.61,12589.3
760057,4.49,44668.4
760064,3.54,44668.4
760066,4.09,44668.4
760075,4.49,28183.8
760086,5.19,10000.0
760090,5.8,11220.2
760093,5.79,14125.4
760096,5.76,35481.3
760100,5.34,35481.3
760107,3.18,17782.8
760110,5.86,22387.2
760117,1.36,31622.8
760119,5.24,39810.7
760158,3.97,29903.3
760161,3.36,22387.2
760178,5.1,22387.2
760180,5.93,4466.8
760188,5.61,10000.0
760190,5.32,12589.3
760192,3.49,15848.9
760199,5.44,11220.2
760202,4.61,28183.8
760208,5.06,12589.3
760215,6.01,35481.3
760228,5.06,3548.1
760264,5.51,31622.8
760267,5.69,28183.8
760276,5.18,28183.8
760277,4.37,22387.2
760280,4.45,22387.2
760284,3.14,15848.9
760289,2.88,14125.4
760294,4.75,8912.5
760298,5.55,251.2
760303,4.94,1412.5
760325,5.44,39810.7
760330,4.81,12589.3
760335,5.81,1412.5
760341,4.43,39810.7
760351,4.82,12589.3
760363,4.81,25118.9
760366,5.2,10000.0
760382,4.39,23753.05
760405,4.54,631.0
760410,5.34,28183.8
760415,5.07,31622.8
760416,4.95,39810.7
760434,2.76,446.7
760442,6.31,39810.7
760445,5.85,14125.4
760446,5.07,19952.6
760448,4.81,14125.4
760456,4.14,10000.0
760459,6.36,9456.25
760462,5.44,15848.9
760469,6.59,22387.2
760473,5.05,44668.4
760490,4.8,25118.9
760492,5.3,10000.0
760509,5.36,14987.15
760514,6.12,15848.9
760535,4.29,19952.6
760544,3.66,15848.9
760548,2.77,12589.3
760549,5.71,7943.3
760551,6.01,14125.4
760553,5.79,39810.7
760558,5.19,398.1
760569,5.58,28183.8
760570,4.64,2238.7
760576,5.7,10000.0
760580,5.49,28183.8
760598,6.05,43220.0
760600,4.81,3548.1
760606,3.94,18867.7
760622,5.14,39810.7
760626,4.4,31622.8
760632,3.35,25118.9
760644,4.83,28183.8
760654,3.86,35481.3
760659,4.74,39810.7
760663,5.19,17782.8
760667,5.89,39810.7
760672,5.77,15848.9
760674,5.68,39810.7
760685,5.4,15848.9
760690,4.35,3162.3
760694,2.97,11220.2
760712,6.04,4466.8
760718,4.41,31622.8
760728,6.15,1584.9
760730,5.79,25.1
760731,5.0,631.0
760732,5.02,25118.9
760741,5.45,2238.7
760745,5.71,316.2
760750,5.7,39810.7
760758,5.65,2238.7
760765,4.06,10000.0
760768,5.89,29903.3
760771,5.42,7943.3
760778,4.82,19952.6
760783,5.68,3355.2
760801,4.5,39810.7
760804,5.15,446.7
760811,4.61,31622.8
760815,5.91,15848.9
760822,4.53,22387.2
760833,5.05,26651.35
760835,5.8,19952.6
760843,3.2,29903.3
760846,6.4,10000.0
760850,4.38,39810.7
760870,4.86,5011.9
760874,4.81,11220.2
760876,6.19,12589.3
760880,4.94,12589.3
760891,5.43,28183.8
760908,5.08,14987.15
760910,5.63,28183.8
760917,5.46,15848.9
760923,5.91,13357.35
760929,4.59,39810.7
760938,5.45,25118.9
760940,5.36,28183.8
760965,4.65,11220.2
760968,3.29,10000.0
760979,4.56,15848.9
760981,5.64,25118.9
760983,5.71,12589.3
760997,4.81,14125.4
761000,6.16,3548.1
761002,5.2,39810.7
761005,6.07,3981.1
761019,4.69,3548.1
761028,5.62,14987.15
761033,5.97,22387.2
761036,4.67,28183.8
761039,6.14,22387.2
761053,5.46,19952.6
761060,5.22,31622.8
761066,4.01,11220.2
761071,3.78,14125.4
761075,5.54,10000.0
761077,4.46,6309.6
761118,5.38,22387.2
761130,5.47,29903.3
761145,4.96,15848.9
761150,5.89,44668.4
761156,5.52,22387.2
761158,3.89,22387.2
761161,6.18,31622.8
761163,4.68,2818.4
761164,4.99,8427.9
761165,5.81,22387.2
761181,5.34,7943.3
761182,5.19,35481.3
761188,4.87,376.45
761191,5.76,28183.8
761206,5.29,25118.9
761208,6.11,39810.7
761209,5.86,1995.3
761221,5.59,44668.4
761227,5.16,17782.8
761234,5.53,25118.9
761246,4.32,11220.2
761251,3.89,8912.5
761256,2.61,5011.9
761262,4.25,7943.3
761267,5.83,10000.0
761271,5.45,5011.9
761279,3.59,22387.2
761282,5.24,2818.4
761284,5.73,891.3
761290,6.02,15848.9
761298,5.52,11220.2
761304,3.97,28183.8
761307,4.7,19952.6
761318,5.02,39810.7
761321,5.43,10000.0
761337,5.86,44668.4
761356,5.69,19952.6
761367,2.91,11220.2
761368,3.86,28183.8
761384,4.46,13613.366666666667
761388,3.73,39810.7
761393,5.82,22387.2
761412,5.33,31622.8
761417,2.8,28183.8
761422,5.72,18867.7
761429,4.56,1000.0
761432,4.64,22387.2
761437,5.56,15848.9
761444,5.62,39810.7
761453,3.28,17782.8
761454,5.12,31622.8
761456,5.69,2238.7
761459,4.13,22387.2
761462,4.52,25118.9
761465,4.05,14125.4
761483,5.52,15848.9
761488,5.24,5011.9
761498,5.31,15848.9
761500,4.42,18506.066666666666
761502,5.18,3548.1
761504,5.03,177.8
761536,4.74,19952.6
761544,4.05,35481.3
761560,5.5,19952.6
761569,3.64,12589.3
761583,5.48,25118.9
761588,3.67,7943.3
761596,5.01,19952.6
761606,2.95,8912.5
761611,4.65,19952.6
761612,4.84,28183.8
761619,4.92,20764.13333333333
761621,4.86,22387.2
761635,5.67,1258.9
761636,3.71,8912.5
761644,5.12,25118.9
761652,3.99,19952.6
761655,5.71,31622.8
761657,6.07,44668.4
761660,4.33,5011.9
761667,4.41,39810.7
761671,5.6,28183.8
761675,5.67,3162.3
761679,5.79,25118.9
761684,4.72,25.1
761690,5.39,12589.3
761694,5.2,28183.8
761695,1.04,100.0
761708,5.62,21169.9
761712,4.96,3162.3
761717,4.06,5623.4
761723,5.99,31622.8
761728,5.59,12589.3
761730,4.89,794.3
761731,5.52,8912.5
761734,4.8,31622.8
761742,6.25,19952.6
761743,5.36,14987.15
761790,3.7,2511.9
761792,4.74,4466.8
761815,4.66,17782.8
761820,5.23,25118.9
761843,5.14,31622.8
761845,5.07,17782.8
761847,3.29,19952.6
761850,5.19,39810.7
761852,3.47,31622.8
761861,5.4,25118.9
761866,6.05,22387.2
761874,5.57,7943.3
761883,4.17,31622.8
761905,3.92,10000.0
761911,4.75,14699.9
761917,4.33,11220.2
761933,4.17,7511.4
761948,4.85,3355.2
761954,6.02,39810.7
761964,5.07,3162.3
761974,4.54,28183.8
761986,4.5,7079.5
761991,5.74,44668.4
761992,5.51,11220.2
761998,3.18,10000.0
762015,4.5,3981.1
762040,4.7,11220.2
762045,5.71,39810.7
762062,5.22,4466.8
762067,5.89,25118.9
762086,3.12,707.9
762089,4.5,25118.9
762096,6.13,25118.9
762101,2.6,25118.9
762106,4.52,8912.5
762115,4.18,13357.35
762124,5.8,31622.8
762150,5.89,28183.8
762156,4.9,3981.1
762157,4.35,199.5
762160,5.56,12589.3
762162,6.01,15848.9
762170,4.76,5011.9
762173,3.97,25118.9
762181,5.05,39810.7
762183,4.14,11220.2
762194,5.73,3981.1
762207,6.02,23753.05
762209,5.31,17782.8
762219,5.44,14125.4
762226,5.56,4466.8
762227,4.86,4466.8
762228,5.3,25118.9
762238,4.26,17782.8
762253,5.61,28183.8
762255,5.29,28183.8
762265,5.77,17782.8
762268,4.65,12589.3
762280,5.5,8912.5
762290,3.44,39810.7
762298,4.47,7079.5
762300,5.97,10000.0
762305,5.79,28183.8
762306,3.76,25118.9
762312,6.05,39810.7
762313,5.09,562.3
762319,4.41,15848.9
762325,4.03,15848.9
762330,6.06,39810.7
762336,4.23,10000.0
762338,6.07,15848.9
762345,3.78,19952.6
762350,5.26,21169.9
762351,5.98,44668.4
762360,4.23,21169.9
762361,4.66,11220.2
762366,3.4,22387.2
762373,3.04,28183.8
762398,5.52,19952.6
762424,5.62,8912.5
762437,5.17,39810.7
762469,5.62,31622.8
762480,5.66,39810.7
762491,4.97,16815.85
762493,3.81,5623.4
762496,5.15,14125.4
762502,5.95,10000.0
762517,5.27,44668.4
762528,3.03,25118.9
762535,5.17,4466.8
762539,6.03,29903.3
762541,5.85,19952.6
762546,5.57,199.5
762557,3.32,35481.3
762558,5.49,1778.3
762561,5.97,5011.9
762574,4.57,3548.1
762577,5.43,1412.5
762580,5.49,31622.8
762583,3.67,10000.0
762620,6.14,13357.35
762621,4.7,28183.8
762631,2.75,25118.9
762643,4.36,39810.7
762657,4.24,14125.4
762658,5.29,15848.9
762660,4.58,35481.3
762678,3.96,25118.9
762687,6.06,39810.7
762688,5.13,12589.3
762696,5.55,25118.9
762703,5.5,25118.9
762706,4.76,4739.35
762723,3.46,28183.8
762737,4.32,39810.7
762749,5.37,17782.8
762766,5.48,14125.4
762770,4.73,14987.15
762771,5.74,12589.3
762772,5.54,35481.3
762775,6.18,10000.0
762781,4.52,5011.9
762785,5.1,25118.9
762787,5.02,19952.6
762818,5.26,28183.8
762826,4.53,158.5
762829,6.05,19952.6
762830,5.02,15848.9
762841,6.07,7943.3
762844,5.23,12589.3
762859,3.54,14125.4
762863,4.6,2238.7
762887,4.42,17782.8
762903,4.8,7943.3
762907,6.08,3162.3
762908,4.98,15848.9
762923,4.06,1000.0
762924,5.17,354.8
762928,4.8,22387.2
762934,5.33,25118.9
762952,6.1,11220.2
762956,6.24,5011.9
762968,4.61,25118.9
762992,4.05,1584.9
762994,4.58,4466.8
762997,6.04,1412.5
763011,5.94,8912.5
763012,5.8,10000.0
763016,3.98,28183.8
763030,5.58,354.8
763045,4.88,10000.0
763048,5.93,39810.7
763054,3.68,35481.3
763062,2.32,25118.9
763068,4.65,19952.6
763078,6.03,19952.6
763079,6.35,8912.5
763080,4.6,10000.0
763094,4.94,25118.9
763105,5.99,35481.3
763112,4.15,12589.3
763123,5.73,39810.7
763131,1.9,14125.4
763133,6.18,35481.3
763134,6.08,891.3
763141,4.82,7943.3
763152,5.36,3548.1
763167,4.31,3981.1
763174,3.83,22387.2
763176,5.32,39810.7
763187,2.92,10000.0
763195,5.15,31622.8
763196,5.07,15848.9
763197,2.49,25118.9
763199,3.22,25118.9
763222,5.77,15848.9
763230,5.96,19952.6
763234,5.13,39810.7
763241,4.47,31622.8
763252,4.28,1584.9
763264,4.51,3548.1
763265,5.15,19952.6
763267,3.6,39810.7
763271,5.49,15848.9
763285,5.65,19952.6
763301,4.98,18867.7
763303,3.9,28183.8
763315,5.53,3548.1
763316,3.88,25118.9
763318,5.48,28183.8
763326,5.27,10000.0
763329,4.37,3548.1
763330,4.67,21169.9
763339,5.18,15848.9
763347,5.77,12589.3
763366,2.78,12589.3
763377,5.42,19952.6
763378,5.16,17782.8
763396,5.12,15848.9
763400,6.05,15848.9
763404,5.61,22387.2
763407,4.54,5623.4
763420,5.58,11220.2
763437,5.09,28183.8
763443,5.74,22387.2
763449,6.04,22387.2
763450,5.51,22387.2
763464,5.99,25118.9
763475,3.88,25118.9
763479,6.15,17782.8
763493,4.14,2238.7
763511,4.91,31622.8
763515,5.75,39810.7
763528,3.77,28183.8
763541,3.9,19952.6
763543,4.79,31622.8
763547,5.59,35481.3
763554,5.8,19952.6
763555,4.66,18867.7
763561,4.17,39810.7
763562,3.89,11220.2
763563,3.97,14125.4
763569,5.67,15848.9
763572,2.97,35481.3
763581,5.76,19952.6
763582,4.59,7943.3
763586,4.12,1584.9
763587,4.43,25118.9
763590,5.62,1995.3
763593,4.72,17782.8
763595,3.31,31622.8
763610,5.99,794.3
763612,5.35,15848.9
763613,5.2,11220.2
763616,4.21,44668.4
763617,3.96,31622.8
763626,4.87,28183.8
763636,4.63,1778.3
763640,5.55,26140.533333333333
763655,4.57,7943.3
763660,5.49,12589.3
763671,5.24,8912.5
763687,2.7,1995.3
763690,4.34,8912.5
763698,4.83,12589.3
763704,5.73,10000.0
763705,3.5,19952.6
763723,5.18,44668.4
763727,4.73,28183.8
763734,4.91,2818.4
763738,3.58,31622.8
763739,3.09,28183.8
763744,5.91,22387.2
763750,3.64,17782.8
763752,3.1,21169.9
763757,6.16,11220.2
763762,5.79,17782.8
763765,6.05,17782.8
763770,4.7,14125.4
763790,5.18,14125.4
763799,4.41,35481.3
763811,4.04,14125.4
763817,5.89,22387.2
763820,5.44,39810.7
763821,5.49,14987.15
763830,3.87,2990.35
763838,3.73,31622.8
763845,4.16,39810.7
763863,4.28,28183.8
763875,5.25,15848.9
763886,5.33,17782.8
763894,4.94,11220.2
763897,6.04,39810.7
763902,5.09,39810.7
763915,4.31,354.8
763916,6.03,6309.6
763917,4.77,31622.8
763950,4.82,35481.3
763954,0.63,31622.8
764004,4.73,11220.2
764006,3.78,14125.4
764007,5.23,5623.4
764009,6.0,28183.8
764017,3.12,12589.3
764026,5.1,1584.9
764032,4.71,14125.4
764037,6.18,5011.9
764041,3.47,12589.3
764061,5.55,12589.3
764086,6.23,33552.05
764097,3.67,22387.2
764100,5.68,28183.8
764105,3.44,33552.05
764111,5.71,28183.8
764114,5.43,14125.4
764127,5.48,6309.6
764133,5.62,39810.7
764137,5.11,14125.4
764141,6.19,39810.7
764143,3.39,25118.9
764163,5.38,17782.8
764171,5.16,17782.8
764172,4.03,35481.3
764177,5.82,28183.8
764182,4.71,12589.3
764187,5.54,14125.4
764193,5.18,25118.9
764220,3.81,25118.9
764237,4.73,21169.9
764245,5.59,39810.7
764260,4.14,31622.8
764267,4.22,31622.8
764281,3.51,3162.3
764299,4.17,5011.9
764302,5.78,42239.55
764306,5.88,14125.4
764312,4.14,22387.2
764315,3.4,25118.9
764331,5.05,26651.35
764333,5.18,7079.5
764340,4.88,28183.8
764342,5.06,19952.6
764352,5.75,5623.4
764354,5.32,31622.8
764356,2.47,15848.9
764364,5.78,15848.9
764377,5.87,15848.9
764380,6.67,22387.2
764388,5.45,22387.2
764399,3.54,31622.8
764419,4.91,15848.9
764421,4.51,12589.3
764423,5.47,398.1
764449,5.34,2238.7
764477,5.04,25118.9
764483,5.0,12589.3
764488,4.72,22387.2
764490,5.44,10000.0
764502,5.73,39810.7
764503,3.8,15848.9
764509,4.18,14125.4
764510,5.89,17782.8
764531,5.67,29903.3
764545,4.79,19952.6
764547,5.53,35481.3
764551,5.49,22387.2
764556,3.69,4466.8
764562,4.02,7079.5
764573,5.51,28183.8
764581,2.87,14987.15
764585,5.43,11220.2
764588,5.13,15848.9
764590,4.71,22387.2
764600,5.15,19952.6
764608,6.03,31622.8
764623,4.71,6309.6
764636,5.21,14125.4
764641,3.71,5623.4
764642,4.55,31622.8
764650,5.85,35481.3
764653,5.03,14125.4
764668,3.63,8912.5
764671,5.27,1995.3
764672,3.31,8912.5
764674,5.0,6309.6
764683,5.6,44668.4
764691,4.87,25118.9
764704,5.04,2511.9
764728,4.22,39810.7
764729,4.62,2511.9
764766,5.55,4466.8
764779,5.55,17782.8
764782,3.93,17782.8
764789,4.55,17782.8
764791,3.54,15848.9
764809,5.29,631.0
764818,5.34,44668.4
764820,5.6,28183.8
764821,3.25,44668.4
764826,5.03,28183.8
764831,5.23,10000.0
764834,5.78,12589.3
764838,3.8,31622.8
764840,5.71,15848.9
764858,5.54,3548.1
764861,4.84,15848.9
764885,3.69,39810.7
764888,4.1,44668.4
764894,4.48,12589.3
764900,3.45,28183.8
764904,3.63,7943.3
764906,5.04,31622.8
764907,5.67,39810.7
764918,6.09,10000.0
764930,5.57,16815.85
764931,5.88,12589.3
764937,3.4,14987.15
764941,4.68,25118.9
764942,5.04,10000.0
764951,5.48,14125.4
764956,5.61,31622.8
764957,3.52,14125.4
764962,4.4,35481.3
764967,5.17,28183.8
764971,5.32,28183.8
764974,0.95,17782.8
764984,4.04,19952.6
764995,4.47,39810.7
764998,5.45,12589.3
765003,5.0,31622.8
765007,3.74,25118.9
765008,4.74,12589.3
765014,4.77,1584.9
765036,6.29,6309.6
765041,5.42,39810.7
765046,5.72,14987.15
765053,4.15,25118.9
765057,4.23,17782.8
765078,3.6,12589.3
765082,3.7,3981.1
765101,4.7,11220.2
765125,5.5,14125.4
765139,6.16,19952.6
765149,5.37,39810.7
765152,5.15,17782.8
765156,5.57,15848.9
765166,4.1,14125.4
765173,4.34,25118.9
765185,6.07,17782.8
765207,4.38,3162.3
765208,4.64,31622.8
765209,4.25,15848.9
765216,3.97,19952.6
765218,6.04,14125.4
765251,5.74,21169.9
765272,3.71,12589.3
765277,4.26,22387.2
765279,5.24,16815.85
765283,3.8,12589.3
765297,4.43,19952.6
765306,4.65,17782.8
765315,3.48,31622.8
765316,4.98,3981.1
765322,5.72,17782.8
765326,5.72,1778.3
765333,5.26,10000.0
765339,6.01,17782.8
765356,5.59,25118.9
765359,5.6,3548.1
765360,4.86,446.7
765365,4.71,15848.9
765378,4.37,3981.1
765383,5.23,29903.3
765386,5.37,10000.0
765389,5.27,15848.9
765391,5.07,28183.8
765404,5.64,2238.7
765416,4.74,39810.7
765432,5.79,17782.8
765438,4.79,1412.5
765440,5.72,11904.75
765447,5.73,501.2
765459,4.65,11220.2
765467,5.83,28183.8
765468,4.36,3981.1
765485,5.3,3981.1
765493,4.8,19952.6
765502,4.04,12589.3
765513,4.56,15848.9
765553,6.04,8912.5
765558,5.61,23753.05
765571,3.52,1122.0
765580,4.16,1258.9
765593,4.37,17782.8
765608,4.17,4466.8
765620,4.15,10000.0
765625,5.73,8912.5
765628,5.91,15848.9
765636,3.9,25118.9
765642,1.6,28183.8
765652,4.45,22387.2
765655,5.5,7943.3
765661,5.57,22387.2
765662,5.45,25118.9
765665,5.45,31622.8
765671,3.14,17782.8
765672,4.06,22387.2
765698,5.3,5011.9
765706,3.88,14125.4
765712,3.83,2511.9
765723,4.52,28183.8
765726,5.44,39810.7
765729,5.15,19952.6
765736,4.14,12589.3
765741,5.58,14125.4
765750,4.67,23753.05
765751,5.05,31622.8
765753,5.51,14125.4
765757,5.72,28183.8
765763,4.59,15848.9
765765,4.69,31622.8
765772,4.26,17782.8
765776,5.73,39810.7
765777,5.9,19952.6
765778,4.07,44668.4
765779,5.63,10000.0
765781,5.71,35481.3
765809,3.92,1258.9
765811,6.25,15848.9
765812,5.8,15848.9
765819,3.59,35481.3
765820,4.9,15848.9
765824,4.53,31622.8
765835,5.24,22387.2
765851,2.61,31622.8
765853,4.25,2511.9
765854,5.18,39810.7
765855,5.48,631.0
765862,5.98,39810.7
765879,5.15,12589.3
765894,5.09,23753.05
765901,3.48,10000.0
765919,5.08,14125.4
765920,4.79,17782.8
765932,5.37,14125.4
765937,3.37,7943.3
765938,4.98,44668.4
765946,6.14,17782.8
765953,5.86,3981.1
765955,5.38,2511.9
765967,5.29,28183.8
765981,4.99,31622.8
765993,4.83,25118.9
765996,3.25,28183.8
766016,5.99,12589.3
766034,4.26,15848.9
766040,5.57,14987.15
766043,3.33,31622.8
766063,4.67,15848.9
766066,5.65,35481.3
766093,4.55,11220.2
766097,4.83,10000.0
766102,5.53,35481.3
766108,4.9,125.9
766113,4.99,15848.9
766115,5.23,12589.3
766118,5.49,25118.9
766121,5.24,28183.8
766124,4.14,44668.4
766132,5.43,2511.9
766152,3.14,39810.7
766157,5.86,39810.7
766165,4.98,18867.7
766173,5.38,11220.2
766175,3.5,19952.6
766182,5.81,14125.4
766183,2.08,8912.5
766188,5.49,28183.8
766192,5.85,19952.6
766199,3.38,15848.9
766201,5.38,31622.8
766231,5.21,22387.2
766233,4.61,25118.9
766234,5.02,17782.8
766236,4.05,10000.0
766246,3.91,16815.85
766251,4.7,28183.8
766254,4.03,17782.8
766268,4.09,31622.8
766269,5.72,31622.8
766272,5.17,17782.8
766276,4.76,39810.7
766280,5.08,17782.8
766282,5.09,25118.9
766295,4.17,19952.6
766300,4.68,25118.9
766320,5.67,6309.6
766327,5.57,14125.4
766334,4.03,17782.8
766335,4.47,8912.5
766343,5.38,5623.4
766368,4.56,22387.2
766369,4.5,5011.9
766370,5.23,15848.9
766376,5.0,23753.05
766382,3.81,7943.3
766387,5.5,19952.6
766397,5.21,11220.2
766406,5.96,14987.15
766408,3.92,10000.0
766411,5.72,22387.2
766412,5.48,11220.2
766425,4.91,25118.9
766431,5.16,12589.3
766433,5.43,35481.3
766437,4.98,10000.0
766458,3.87,17782.8
766461,3.97,17782.8
766465,5.24,10000.0
766468,4.5,12589.3
766469,2.22,39810.7
766472,4.08,25118.9
766474,5.22,35481.3
766482,4.08,28183.8
766484,5.43,31622.8
766488,3.64,7079.5
766489,5.23,794.3
766490,5.84,10000.0
766491,4.65,12589.3
766493,4.88,39810.7
766504,5.23,31622.8
766508,5.65,10000.0
766510,5.62,15848.9
766515,4.94,1122.0
766520,5.47,1258.9
766530,5.04,6309.6
766543,4.17,14125.4
766545,4.9,1122.0
766548,5.95,8912.5
766549,5.68,21169.9
766557,3.66,1122.0
766562,4.6,25118.9
766586,4.55,17782.8
766592,5.89,44668.4
766600,4.67,10610.1
766606,5.89,1412.5
766607,3.84,6309.6
766609,5.03,35481.3
766610,5.63,3981.1
766612,5.57,11220.2
766620,5.72,28183.8
766621,5.15,35481.3
766623,4.6,1412.5
766629,5.29,14125.4
766630,4.63,5623.4
766635,3.5,10000.0
766638,4.24,707.9
766660,5.62,25118.9
766675,4.95,35481.3
766680,5.3,31622.8
766682,3.5,4466.8
766690,5.1,31622.8
766714,5.19,28183.8
766719,5.69,15848.9
766724,5.69,17782.8
766733,4.57,3548.1
766735,5.42,44668.4
766736,3.89,16815.85
766742,5.24,17782.8
766748,5.74,4466.8
766794,3.73,31622.8
766798,5.03,18867.7
766806,4.14,1778.3
766809,5.22,22387.2
766816,6.55,398.1
766825,4.67,25118.9
766837,2.97,79.4
766858,4.77,7079.5
766873,4.92,28183.8
766874,5.64,8912.5
766883,5.95,14125.4
766885,5.22,12589.3
766916,4.83,35481.3
766943,4.65,19952.6
766953,5.84,28183.8
766959,5.98,44668.4
766965,5.81,25118.9
766978,5.15,15848.9
766983,3.71,3162.3
766993,4.34,37646.0
766999,5.45,7943.3
767002,5.99,19952.6
767003,6.15,3548.1
767005,4.35,1584.9
767009,4.59,28183.8
767012,5.66,12589.3
767045,2.79,28183.8
767048,5.68,17782.8
767066,5.64,19952.6
767073,3.56,44668.4
767085,5.47,19952.6
767087,2.98,28183.8
767092,5.82,22387.2
767100,4.68,1778.3
767108,4.4,3981.1
767113,4.13,31622.8
767122,5.67,31622.8
767125,5.74,5011.9
767128,3.03,15848.9
767143,4.1,28183.8
767148,4.54,12589.3
767168,4.04,31622.8
767180,4.0,12589.3
767185,5.61,19952.6
767198,5.67,22387.2
767204,5.25,14125.4
767205,4.19,14125.4
767213,4.73,28183.8
767221,4.84,14125.4
767240,5.12,15848.9
767247,5.52,35481.3
767254,3.82,39810.7
767265,3.98,1000.0
767280,4.21,5011.9
767287,4.91,28183.8
767290,5.36,10000.0
767303,5.42,14125.4
767308,4.14,19952.6
767317,5.46,7079.5
767323,5.56,15848.9
767326,5.78,19952.6
767329,5.23,4466.8
767335,5.76,35481.3
767342,4.49,17782.8
767343,5.45,39810.7
767344,4.74,39810.7
767346,4.02,11220.2
767348,4.18,8912.5
767365,5.13,2818.4
767368,6.03,31622.8
767369,6.04,5011.9
767373,4.28,14125.4
767384,5.22,39810.7
767385,5.73,25118.9
767387,4.89,28183.8
767390,3.72,19952.6
767392,5.76,17782.8
767399,4.95,3162.3
767407,5.5,39810.7
767413,3.83,28183.8
767420,3.43,31622.8
767421,5.86,11220.2
767433,3.96,7943.3
767438,4.7,19952.6
767446,5.05,39810.7
767455,5.78,14125.4
767470,6.26,8912.5
767472,3.41,35481.3
767474,5.91,10000.0
767480,4.67,1995.3
767487,4.55,15848.9
767511,3.96,15848.9
767519,5.58,31622.8
767527,4.97,3162.3
767545,4.7,29903.3
767548,3.62,25118.9
767550,4.82,2238.7
767569,5.75,5623.4
767598,4.24,44668.4
767602,2.85,15848.9
767604,5.65,11220.2
767651,4.0,17782.8
767670,5.12,15848.9
767672,5.84,10000.0
767673,4.89,25118.9
767675,5.65,631.0
767676,5.62,25118.9
767682,5.17,11220.2
767683,4.29,7943.3
767686,5.52,112.2
767703,3.34,28183.8
767705,4.67,4466.8
767723,5.83,3162.3
767741,4.82,17782.8
767750,5.43,8912.5
767757,2.79,4466.8
767760,5.76,31622.8
767764,3.84,28183.8
767767,5.5,15848.9
767779,3.25,14125.4
767790,3.75,18867.7
767794,5.02,12589.3
767804,3.91,7943.3
767806,5.15,25118.9
767812,6.07,3981.1
767818,3.54,23753.05
767830,3.9,25118.9
767841,5.4,31622.8
767852,5.69,25118.9
767872,4.56,17782.8
767876,5.81,10000.0
767879,1.59,15848.9
767891,5.35,44668.4
767911,4.51,39810.7
767916,2.37,891.3
767932,4.89,25118.9
767941,5.74,19952.6
767943,6.0,22387.2
767944,4.51,3981.1
767966,5.57,11904.75
767973,5.84,35481.3
767980,4.88,707.9
767985,4.6,17782.8
767992,5.02,39810.7
767996,5.22,28183.8
767998,4.85,31622.8
768003,5.61,6309.6
768014,5.36,25118.9
768021,4.22,35481.3
768039,4.49,19952.6
768051,4.82,11220.2
768055,3.06,39810.7
768066,6.06,17782.8
768104,4.82,39810.7
768121,3.22,22387.2
768130,4.52,25118.9
768144,5.2,12589.3
768145,5.74,39810.7
768151,4.21,33552.05
768152,5.37,19952.6
768153,3.4,32908.96666666667
768156,5.86,15848.9
768162,5.48,19952.6
768180,5.51,39810.7
768192,6.15,28183.8
768196,4.07,1778.3
768214,3.74,35481.3
768220,5.43,125.9
768226,6.03,17782.8
768231,3.54,31622.8
768232,5.51,31622.8
768236,5.31,35481.3
768241,4.45,37646.0
768256,5.52,6309.6
768258,4.68,8912.5
768276,5.46,10000.0
768285,4.61,17782.8
768298,5.26,31622.8
768303,4.4,17782.8
768306,4.09,18867.7
768309,3.31,39810.7
768328,5.82,3162.3
768331,4.59,31622.8
768338,5.52,12589.3
768360,4.63,5011.9
768362,6.05,35481.3
768365,5.72,19952.6
768392,6.04,10610.1
768422,4.95,2238.7
768433,3.46,3981.1
768438,3.79,25118.9
768439,3.91,2818.4
768442,4.67,7079.5
768447,4.87,7943.3
768457,3.88,31622.8
768475,3.06,39810.7
768481,4.74,14125.4
768484,4.71,1000.0
768486,4.94,31622.8
768502,5.42,10000.0
768513,4.98,44668.4
768515,3.52,28183.8
768517,4.86,3162.3
768527,5.85,14987.15
768540,5.57,11220.2
768549,4.64,17782.8
768560,5.78,14125.4
768563,4.65,39810.7
768565,4.35,19952.6
768584,1.63,28183.8
768586,3.76,17782.8
768598,5.62,39810.7
768600,5.32,31622.8
768614,5.21,22387.2
768615,4.44,15848.9
768616,5.43,17782.8
768639,5.45,15848.9
768651,2.98,10000.0
768653,5.62,21169.9
768669,5.11,17782.8
768674,4.26,5011.9
768690,3.97,39810.7
768704,3.76,11220.2
768706,5.73,8912.5
768722,5.69,19952.6
768735,4.78,25118.9
768738,5.71,28183.8
768740,4.78,31622.8
768741,5.68,14125.4
768753,2.95,19952.6
768773,6.05,8912.5
768802,5.74,31622.8
768807,4.33,1584.9
768814,5.04,31622.8
768815,4.74,35481.3
768832,2.97,31622.8
768839,3.32,44668.4
768840,3.6,35481.3
768849,4.24,28183.8
768857,4.15,25118.9
768863,5.27,3162.3
768869,3.03,15848.9
768875,5.77,19952.6
768890,5.01,17782.8
768895,5.85,25118.9
768901,3.63,3548.1
768909,3.02,2511.9
768924,5.77,12589.3
768964,6.14,14125.4
768969,4.16,12589.3
768979,4.68,7079.5
768984,3.39,22387.2
768988,5.67,10000.0
768993,5.26,2511.9
768994,4.57,39810.7
769000,5.29,15848.9
769002,5.79,25118.9
769004,3.7,11220.2
769009,4.24,28183.8
769011,5.67,1258.9
769019,5.0,22387.2
769024,4.96,14125.4
769025,5.89,35481.3
769031,4.39,12589.3
769068,4.74,1122.0
769095,4.63,11220.2
769098,3.97,4466.8
769108,5.52,2818.4
769112,4.96,2511.9
769117,5.58,25118.9
769125,2.89,31622.8
769129,5.01,25.1
769140,4.19,7943.3
769146,4.67,11220.2
769157,4.73,33552.05
769161,5.95,3981.1
769163,5.63,15848.9
769176,3.43,39810.7
769179,5.08,10000.0
769187,4.18,19952.6
769193,5.85,17782.8
769204,4.9,28183.8
769210,5.19,28183.8
769211,3.88,25.1
769214,5.87,11220.2
769217,3.69,1412.5
769222,5.65,28183.8
769233,5.19,22387.2
769244,1.61,12589.3
769251,4.46,22387.2
769266,4.94,7943.3
769271,4.15,28183.8
769282,5.91,25118.9
769301,5.69,2511.9
769305,3.48,22387.2
769311,4.21,11220.2
769338,3.98,25118.9
769351,3.98,39810.7
769355,5.44,17782.8
769359,5.18,19952.6
769364,5.35,39810.7
769371,5.13,39810.7
769372,5.21,17782.8
769382,5.1,15848.9
769394,5.34,7943.3
769399,4.16,10610.1
769409,3.19,28183.8
769439,5.28,16815.85
769444,4.83,28183.8
769466,4.03,28.2
769468,5.56,5623.4
769509,5.35,10000.0
769514,5.24,11220.2
769522,5.34,39810.7
769536,1.81,31622.8
769549,5.48,44668.4
769557,3.14,28183.8
769571,4.46,2818.4
769580,4.77,17782.8
769581,4.95,39810.7
769582,4.73,11220.2
769586,6.29,316.2
769595,4.7,8912.5
769606,5.12,39810.7
769608,2.23,28183.8
769653,4.16,28183.8
769674,5.52,14125.4
769682,5.0,31622.8
769685,5.13,39810.7
769693,3.88,11220.2
769698,5.51,35481.3
769701,5.1,16815.85
769755,5.44,31622.8
769760,5.37,39810.7
769761,4.53,25118.9
769776,5.42,7943.3
769785,5.45,25118.9
769790,5.29,35481.3
769799,5.1,44668.4
769805,4.52,35481.3
769812,5.36,31622.8
769817,4.8,14125.4
769826,5.31,158.5
769854,4.48,19952.6
769877,5.56,17782.8
769883,5.21,3548.1
769888,4.82,44668.4
769914,4.94,19952.6
769916,4.44,39810.7
769945,3.43,6309.6
769973,5.16,44668.4
769996,5.17,8912.5
770007,4.93,28183.8
770020,4.97,33552.05
770024,4.86,44668.4
770071,4.08,14125.4
770075,4.66,3981.1
770084,4.33,15848.9
770091,3.2,17782.8
770095,5.7,7079.5
770097,3.63,17782.8
770104,5.24,14125.4
770109,5.64,39810.7
770120,4.27,8912.5
770124,4.79,13357.35
770140,4.17,15848.9
770145,5.3,39810.7
770158,2.45,12589.3
770163,4.3,19952.6
770172,4.51,1584.9
770181,5.35,2511.9
770182,4.51,14125.4
770184,4.78,10000.0
770187,4.47,3548.1
770193,5.48,10000.0
770204,5.39,177.8
770236,4.96,354.8
770254,4.68,22387.2
770264,4.16,12589.3
770276,2.97,12589.3
770299,3.33,39810.7
770317,4.96,12589.3
770323,5.35,12589.3
770334,4.71,10000.0
770335,5.95,25118.9
770352,5.02,15848.9
770377,3.96,28183.8
770380,4.8,39810.7
770382,5.59,31622.8
770386,4.72,12589.3
770391,5.35,14125.4
770394,3.18,28183.8
770406,4.62,2511.9
770410,3.9,39810.7
770413,4.42,2238.7
770417,5.4,28183.8
770428,4.68,44668.4
770434,3.32,3162.3
770448,5.35,5623.4
770467,1.89,2238.7
770469,4.41,1122.0
770471,5.55,12589.3
770498,4.42,1995.3
770501,4.68,11220.2
770506,4.69,31622.8
770511,5.92,22387.2
770514,5.38,39810.7
770519,5.52,44668.4
770524,5.07,27162.166666666668
770541,4.87,22387.2
770552,4.36,11220.2
770561,3.89,17782.8
770567,4.55,17782.8
770572,2.96,3548.1
770576,3.49,794.3
770591,5.8,31622.8
770595,5.02,28183.8
770604,5.8,37646.0
770608,5.94,39810.7
770610,4.51,10000.0
770617,5.06,19952.6
770618,5.74,44668.4
770637,2.11,39810.7
770639,5.25,15848.9
770646,3.53,5011.9
770664,5.37,8912.5
770667,4.05,22387.2
770678,4.63,13613.366666666667
770680,3.18,41429.933333333334
770692,5.78,22387.2
770708,4.69,25118.9
770710,5.52,19952.6
770723,5.3,7079.5
770724,3.65,39810.7
770732,4.85,125.9
770743,4.61,31622.8
770745,5.16,19952.6
770760,4.32,28183.8
770807,6.14,21169.9
770814,5.26,25118.9
770819,4.88,19952.6
770822,5.39,17782.8
770859,4.05,37646.0
770862,5.89,31622.8
770865,4.66,23753.05
770870,4.29,23753.05
770875,4.28,15848.9
770879,4.45,14125.4
770886,3.95,14125.4
770910,6.49,31622.8
770913,4.75,14125.4
770921,5.25,17782.8
770927,5.29,11220.2
770932,3.55,31622.8
770936,6.1,39810.7
770937,4.6,3548.1
770939,5.66,10000.0
770957,5.09,446.7
770959,5.61,11220.2
770965,5.49,11220.2
770968,4.33,8427.9
770973,3.05,35481.3
770985,4.5,707.9
770987,4.1,10000.0
770992,4.47,12589.3
771006,5.43,8912.5
771019,5.85,39810.7
771020,4.66,39810.7
771030,5.28,25.1
771035,5.56,2238.7
771037,4.28,28183.8
771062,4.94,12589.3
771069,4.73,17782.8
771073,3.88,17782.8
771076,5.01,10000.0
771079,3.72,26651.35
771080,5.65,28183.8
771082,4.94,3162.3
771084,5.55,22387.2
771089,5.7,44668.4
771095,5.63,28183.8
771105,3.18,35481.3
771109,5.72,446.7
771121,4.45,2818.4
771127,4.28,28183.8
771128,5.18,44668.4
771131,3.89,31622.8
771134,4.03,15848.9
771147,3.46,44668.4
771160,4.95,15848.9
771166,5.62,31622.8
771169,4.11,7079.5
771189,3.9,22387.2
771192,5.18,8912.5
771194,3.54,398.1
771196,2.9,28183.8
771229,4.33,354.8
771231,5.46,17782.8
771235,2.27,22387.2
771238,4.13,44668.4
771242,5.56,15848.9
771244,4.74,14125.4
771252,5.07,1122.0
771253,4.87,28183.8
771276,3.84,12589.3
771288,3.81,44668.4
771292,6.3,29903.3
771300,4.68,15274.4
771304,4.81,281.8
771305,4.23,28183.8
771309,4.88,562.3
771320,2.63,5011.9
771335,4.63,25118.9
771364,5.87,14125.4
771367,4.11,8912.5
771371,4.32,13357.35
771383,3.32,11220.2
771388,3.91,2511.9
771398,4.59,39810.7
771404,5.63,15848.9
771415,3.36,15848.9
771422,4.32,16815.85
771426,4.01,17782.8
771436,5.55,1995.3
771437,3.78,28183.8
771440,3.88,17782.8
771443,5.56,251.2
771464,5.59,11220.2
771477,4.98,2238.7
771497,4.33,6309.6
771525,5.9,17782.8
771533,5.95,39810.7
771535,3.5,17782.8
771547,3.44,12589.3
771575,4.86,39810.7
771579,4.86,25118.9
771580,3.99,25118.9
771594,5.61,13357.35
771605,5.56,19952.6
771608,3.84,2238.7
771616,4.8,10000.0
771621,4.96,12589.3
771627,4.06,3548.1
771629,6.0,10000.0
771661,4.41,25118.9
771681,5.97,17782.8
771683,5.2,39810.7
771690,4.25,25118.9
771691,3.71,11220.2
771692,4.21,15848.9
771694,5.62,14125.4
771696,4.35,2818.4
771700,5.36,37646.0
771713,5.78,31622.8
771734,5.67,25118.9
771735,4.95,17782.8
771737,5.4,7079.5
771743,4.71,17782.8
771785,6.09,12589.3
771786,3.88,15848.9
771799,5.73,15848.9
771806,3.56,11220.2
771843,2.02,14987.15
771854,5.58,25118.9
771857,3.49,316.2
771864,5.11,15848.9
771868,3.83,14125.4
771874,5.1,39810.7
771876,5.92,707.9
771884,4.68,13357.35
771888,3.67,39810.7
771900,5.02,8912.5
771905,5.4,22387.2
771907,5.06,28183.8
771909,4.09,17782.8
771933,5.76,22387.2
771941,5.9,11904.75
771947,5.14,39810.7
771948,4.55,39810.7
771950,5.3,21169.9
771951,5.55,8912.5
771953,3.61,39810.7
771955,5.4,19952.6
771958,5.0,29330.13333333333
771967,5.26,35481.3
771977,2.17,14125.4
771981,4.91,22387.2
772025,5.94,39810.7
772028,3.12,12589.3
772035,4.39,31622.8
772041,4.97,6309.6
772047,5.04,10000.0
772053,5.87,6309.6
772057,5.18,28183.8
772070,5.53,10000.0
772074,5.0,13357.35
772081,3.98,17782.8
772088,4.92,22387.2
772093,4.2,22387.2
772104,3.77,3548.1
772115,5.29,39810.7
772119,4.0,14987.15
772129,5.33,14125.4
772131,4.63,28183.8
772147,4.05,5011.9
772155,6.11,14125.4
772159,6.1,19952.6
772161,5.76,5623.4
772164,5.61,4466.8
772178,5.22,14125.4
772183,2.5,15848.9
772190,4.59,25118.9
772191,4.31,1258.9
772192,6.2,19952.6
772196,5.38,39810.7
772201,4.15,15848.9
772208,4.87,39810.7
772210,4.23,2511.9
772215,1.5,35481.3
772220,4.54,19952.6
772238,4.23,31622.8
772239,4.57,31622.8
772266,5.77,794.3
772273,4.13,25118.9
772275,4.46,2818.4
772277,3.93,11904.75
772297,5.81,19952.6
772302,5.29,17782.8
772317,4.46,22387.2
772323,5.8,39810.7
772329,4.57,15848.9
772340,4.77,15848.9
772368,4.6,39810.7
772375,5.93,14125.4
772385,5.23,25118.9
772387,4.88,35481.3
772391,5.52,1778.3
772399,4.45,17782.8
772407,4.15,15848.9
772421,4.43,31622.8
772422,5.03,39810.7
772430,5.22,15848.9
772444,4.22,25118.9
772447,5.27,22.4
772456,5.36,3355.2
772460,4.01,3981.1
772463,5.62,39810.7
772466,4.97,14125.4
772469,5.64,5011.9
772474,5.49,2238.7
772481,3.91,31622.8
772491,5.38,26651.35
772492,5.59,14125.4
772493,5.3,10000.0
772494,3.66,31622.8
772501,6.06,2238.7
772502,4.32,10000.0
772514,4.29,11220.2
772532,5.63,39810.7
772536,3.92,12589.3
772543,5.31,5623.4
772544,5.9,19952.6
772550,5.08,19952.6
772552,4.54,891.3
772556,5.89,39810.7
772585,4.23,10000.0
772586,3.53,3981.1
772590,3.76,17782.8
772598,4.03,14125.4
772612,3.76,2511.9
772613,3.87,17782.8
772622,5.02,15848.9
772641,3.7,14125.4
772644,5.13,14125.4
772658,5.18,2238.7
772661,4.97,19952.6
772665,5.09,6309.6
772679,5.57,14125.4
772680,5.16,1778.3
772684,3.53,12589.3
772687,3.52,4466.8
772692,4.29,39810.7
772696,5.04,14125.4
772712,4.23,15848.9
772724,5.33,31622.8
772732,4.35,3162.3
772736,5.56,7943.3
772745,3.94,10000.0
772750,5.56,5623.4
772752,5.58,8912.5
772756,5.55,39810.7
772760,4.95,8912.5
772779,5.17,15848.9
772784,4.56,31622.8
772789,3.97,35481.3
772790,4.71,21169.9
772793,6.05,354.8
772794,5.05,15848.9
772801,5.54,22387.2
772805,5.22,31622.8
772821,6.16,39810.7
772822,4.73,19952.6
772828,5.26,17782.8
772829,5.01,15848.9
772838,5.66,28183.8
772853,4.23,17782.8
772870,4.33,39810.7
772871,4.91,39810.7
772880,5.22,1778.3
772894,4.5,25118.9
772896,4.26,39810.7
772897,5.77,7079.5
772898,4.32,11220.2
772918,3.35,15848.9
772929,3.93,17782.8
772935,5.83,17782.8
772940,5.08,14125.4
772947,5.99,39810.7
772953,3.87,39810.7
772954,4.71,1412.5
772972,4.46,3548.1
772978,5.61,100.0
772983,5.39,11220.2
772986,5.22,26651.35
772989,5.77,1000.0
772998,5.58,39810.7
772999,5.5,23753.05
773020,5.09,25118.9
773031,3.98,12589.3
773035,5.26,3548.1
773042,4.99,8912.5
773053,3.88,31622.8
773056,4.74,25118.9
773071,5.07,11220.2
773078,6.28,35481.3
773087,5.4,25118.9
773090,4.63,13357.35
773105,5.61,15848.9
773109,5.51,22387.2
773128,3.75,39810.7
773144,4.62,17782.8
773153,4.88,12589.3
773166,5.62,5011.9
773170,4.97,19952.6
773176,4.19,8912.5
773184,4.62,28183.8
773206,5.09,15848.9
773220,4.88,12589.3
773255,3.53,7943.3
773259,4.68,31622.8
773261,4.9,4466.8
773266,6.3,3162.3
773270,5.54,15848.9
773271,5.56,3162.3
773274,5.91,14125.4
773283,5.94,1778.3
773287,5.38,28183.8
773292,3.25,14125.4
773294,5.42,2818.4
773319,3.65,39810.7
773320,2.91,28183.8
773322,4.61,17782.8
773328,4.55,39810.7
773334,5.03,39810.7
773335,5.24,6309.6
773345,6.11,19952.6
773365,5.72,19952.6
773366,5.49,39810.7
773370,5.53,11220.2
773389,4.52,3548.1
773393,5.9,7079.5
773414,4.52,15848.9
773423,5.09,31622.8
773424,4.02,28183.8
773425,5.67,2238.7
773436,3.29,8912.5
773452,6.11,22387.2
773454,4.8,10000.0
773455,3.81,12589.3
773456,5.08,21169.9
773461,5.79,14125.4
773466,6.25,11220.2
773473,5.75,17782.8
773474,5.94,14987.15
773481,5.12,12589.3
773493,5.13,3981.1
773495,4.77,8912.5
773497,5.26,10000.0
773507,3.52,10000.0
773508,4.73,17782.8
773509,4.21,10000.0
773513,4.71,8912.5
773515,3.88,2511.9
773523,4.01,14125.4
773535,5.41,10000.0
773536,5.77,12589.3
773549,4.56,33552.05
773550,4.34,31622.8
773551,3.33,39810.7
773560,5.95,14987.15
773563,4.39,19952.6
773586,4.53,28183.8
773590,5.04,39810.7
773593,5.66,35481.3
773608,3.96,35481.3
773616,5.77,4466.8
773620,2.04,15848.9
773631,3.98,22387.2
773632,2.66,1584.9
773639,3.97,31622.8
773649,6.05,44668.4
773652,4.64,39810.7
773658,5.01,39810.7
773660,5.5,11220.2
773668,4.79,44668.4
773671,5.26,2238.7
773676,5.64,19952.6
773677,4.25,44668.4
773679,4.72,14987.15
773684,1.89,15848.9
773691,4.33,35481.3
773708,4.32,10000.0
773723,6.01,31622.8
773743,5.14,11220.2
773753,3.64,19952.6
773756,5.24,15848.9
773757,3.84,19952.6
773761,5.97,22387.2
773765,4.3,39810.7
773769,5.15,10610.1
773779,4.95,35481.3
773795,4.96,19952.6
773800,4.66,11220.2
773802,5.7,2818.4
773804,3.08,12589.3
773828,5.05,2238.7
773830,6.23,11220.2
773846,4.31,14125.4
773852,5.15,7943.3
773855,5.54,39810.7
773888,2.97,22387.2
773891,3.98,25118.9
773907,5.49,19952.6
773922,4.7,44668.4
773923,3.35,3548.1
773941,3.3,28183.8
773953,5.23,562.3
773955,3.18,25118.9
773959,5.79,14987.15
773962,6.02,3548.1
773963,4.5,1122.0
773969,6.09,17782.8
773988,5.11,44668.4
773995,5.31,3548.1
773996,5.81,19952.6
773997,6.01,15848.9
774001,5.53,17782.8
774007,5.01,11220.2
774016,4.47,3548.1
774022,5.72,19952.6
774038,5.88,25118.9
774041,4.09,17782.8
774049,3.95,17782.8
774052,2.9,28183.8
774061,3.87,19952.6
774063,5.21,10000.0
774067,4.77,3981.1
774072,4.19,562.3
774073,5.9,25118.9
774079,4.46,8912.5
774083,3.72,11220.2
774087,5.21,25118.9
774095,4.68,35481.3
774110,5.24,3355.2
774123,3.78,17782.8
774133,4.71,3981.1
774135,4.45,25118.9
774136,4.92,12589.3
774138,4.53,39810.7
774158,4.89,4466.8
774163,3.86,1122.0
774170,4.16,19952.6
774179,5.14,15848.9
774183,3.68,17782.8
774195,4.04,28183.8
774203,5.13,31622.8
774213,6.13,15848.9
774220,5.38,19952.6
774224,4.55,14125.4
774237,4.15,14125.4
774244,3.32,17782.8
774261,3.58,15848.9
774276,4.97,2511.9
774280,4.15,19952.6
774291,5.22,39810.7
774294,5.81,7943.3
774297,5.0,12589.3
774306,5.42,12589.3
774316,3.64,22387.2
774319,4.44,31622.8
774325,4.33,39810.7
774336,4.56,39810.7
774347,4.88,35481.3
774380,5.96,10000.0
774382,5.01,15848.9
774390,3.43,21169.9
774423,4.19,3548.1
774425,6.25,25118.9
774429,6.05,28183.8
774441,2.22,39810.7
774463,5.22,28183.8
774480,5.07,25118.9
774482,5.88,19952.6
774483,5.21,11220.2
774493,2.77,17782.8
774505,4.46,11904.75
774521,4.82,39810.7
774552,4.46,2818.4
774557,4.48,39810.7
774558,4.99,25118.9
774566,5.57,5623.4
774573,5.19,12589.3
774577,3.63,44668.4
774579,4.77,28183.8
774587,5.11,10000.0
774590,4.89,1258.9
774608,6.05,22387.2
774617,3.58,11220.2
774633,4.02,15848.9
774639,5.95,25118.9
774641,4.19,25118.9
774642,4.93,19952.6
774645,4.42,31622.8
774650,4.34,17782.8
774657,5.81,7943.3
774662,4.38,27162.166666666668
774677,5.18,22387.2
774693,4.11,22387.2
774694,5.37,14125.4
774725,5.52,22387.2
774738,5.7,14987.15
774773,3.64,28183.8
774778,3.01,22387.2
774796,4.84,2818.4
774801,2.65,39810.7
774824,5.02,19952.6
774834,4.85,398.1
774842,5.95,31622.8
774844,4.73,10000.0
774852,4.59,8912.5
774853,4.09,8912.5
774864,4.63,15848.9
774870,4.2,12132.933333333332
774873,4.45,28183.8
774888,4.65,39810.7
774918,4.8,28183.8
774922,5.7,15848.9
774925,5.8,35481.3
774927,4.75,8912.5
774928,5.4,23753.05
774933,4.34,22387.2
774938,5.55,17782.8
774940,3.62,12589.3
774965,5.49,17782.8
774966,5.0,35481.3
774985,5.38,31622.8
774990,5.66,35481.3
775003,3.62,281.8
775017,4.68,10000.0
775023,4.16,28183.8
775085,5.72,7079.5
775114,4.78,19952.6
775120,5.66,39810.7
775123,3.81,14125.4
775131,4.02,39810.7
775134,5.24,11220.2
775144,5.82,31622.8
775145,6.01,14125.4
775158,5.81,14125.4
775177,5.62,17782.8
775194,5.03,17782.8
775200,2.07,7079.5
775202,5.01,25118.9
775205,4.25,31622.8
775222,4.14,14125.4
775239,5.57,15848.9
775246,4.64,39810.7
775253,4.37,15848.9
775254,4.28,19952.6
775264,5.6,2511.9
775268,6.06,28183.8
775273,3.44,19952.6
775276,4.33,11220.2
775279,4.7,14125.4
775290,6.03,14125.4
775294,4.96,28183.8
775298,4.45,3162.3
775309,6.01,39810.7
775334,4.49,35481.3
775349,4.31,8912.5
775355,4.44,31622.8
775371,5.15,28183.8
775400,4.42,25118.9
775417,5.93,29903.3
775419,3.74,8912.5
775438,4.58,15848.9
775445,5.42,28183.8
775452,5.46,3981.1
775454,5.24,39810.7
775455,2.43,14125.4
775460,6.36,4466.8
775463,5.71,15848.9
775475,4.15,10000.0
775479,4.69,39810.7
775492,5.95,28183.8
775494,4.75,25118.9
775501,5.13,19952.6
775508,4.57,31622.8
775513,4.72,2818.4
775515,3.07,3548.1
775542,4.34,28183.8
775547,5.9,11220.2
775570,4.26,1000.0
775571,5.15,22387.2
775573,5.98,14125.4
775586,5.53,28183.8
775598,4.37,22387.2
775608,5.48,3548.1
775615,4.86,28183.8
775619,5.29,39810.7
775622,4.52,28183.8
775634,5.26,18867.7
775648,5.33,22387.2
775649,5.37,112.2
775658,4.41,19952.6
775671,4.33,15848.9
775683,5.34,37646.0
775706,4.55,17782.8
775716,4.25,7943.3
775720,4.5,17782.8
775727,6.23,3981.1
775730,5.12,25118.9
775767,2.75,22387.2
775769,5.02,14125.4
775779,4.65,17782.8
775782,5.54,8912.5
775792,3.39,3981.1
775799,5.95,12589.3
775804,3.92,1995.3
775809,3.57,15848.9
775826,5.38,28183.8
775835,5.3,17782.8
775842,4.78,7079.5
775843,4.73,17782.8
775854,5.77,15848.9
775862,5.11,22387.2
775863,2.78,17782.8
775870,4.02,14125.4
775875,5.56,17782.8
775881,4.16,12589.3
775907,4.55,28183.8
775932,4.56,35481.3
775954,4.28,17782.8
775964,4.68,25118.9
775966,4.27,39810.7
775972,4.94,28183.8
775978,5.0,19952.6
775991,5.15,10000.0
776000,4.42,11220.2
776001,4.98,28183.8
776003,4.34,18867.7
776005,5.95,11220.2
776008,5.73,17782.8
776011,5.33,39810.7
776017,6.14,891.3
776022,5.16,25118.9
776028,4.36,4466.8
776029,4.52,14987.15
776037,4.71,15848.9
776045,5.91,11220.2
776056,3.94,28183.8
776057,5.83,14125.4
776062,4.99,22387.2
776080,5.2,10000.0
776081,5.56,1412.5
776087,5.74,25118.9
776088,5.31,3162.3
776090,5.87,15848.9
776092,5.87,11220.2
776098,3.85,19952.6
776135,4.16,17782.8
776140,3.15,3981.1
776154,5.6,281.8
776161,5.96,28183.8
776164,4.35,14125.4
776169,6.46,5623.4
776180,4.39,35481.3
776188,5.43,6309.6
776197,5.7,25118.9
776198,5.33,28183.8
776224,3.08,5623.4
776228,2.82,1995.3
776245,4.64,25118.9
776259,5.66,15848.9
776263,5.26,2511.9
776264,5.99,19952.6
776271,5.59,31622.8
776298,5.87,35481.3
776301,4.72,25118.9
776304,4.51,11220.2
776311,5.56,28183.8
776312,5.57,14125.4
776314,4.04,2818.4
776315,4.56,7079.5
776323,4.33,5623.4
776327,4.44,17782.8
776329,5.92,14125.4
776345,5.37,10000.0
776369,4.28,316.2
776375,4.84,39810.7
776377,3.41,15848.9
776405,4.72,15848.9
776409,4.72,19952.6
776410,5.4,17782.8
776412,4.7,17782.8
776415,5.7,39810.7
776426,5.31,31622.8
776427,5.1,11220.2
776428,5.49,39810.7
776437,5.64,11220.2
776441,5.54,8912.5
776444,5.56,3162.3
776452,5.3,4466.8
776464,5.66,31622.8
776466,4.35,19952.6
776469,4.6,3548.1
776470,5.94,14125.4
776473,4.67,11220.2
776482,5.16,14125.4
776489,5.76,100.0
776517,3.96,17782.8
776533,3.74,3981.1
776539,4.23,19952.6
776567,5.28,8912.5
776601,5.07,39810.7
776614,3.16,12589.3
776632,5.71,10000.0
776641,5.62,25118.9
776652,5.32,14125.4
776659,5.53,17782.8
776663,4.37,23753.05
776666,5.27,11220.2
776671,3.22,39810.7
776676,4.62,31622.8
776694,4.15,2511.9
776720,5.7,2990.35
776723,4.94,25118.9
776728,5.96,14125.4
776736,5.76,22387.2
776737,5.01,35481.3
776738,3.42,1122.0
776739,5.35,39810.7
776746,5.44,12589.3
776747,4.38,14125.4
776751,4.7,35481.3
776763,5.21,14125.4
776778,3.95,31622.8
776781,3.79,3981.1
776782,6.23,12589.3
776787,3.52,23753.05
776788,4.1,15848.9
776790,5.45,14987.15
776793,3.0,31622.8
776803,3.7,12589.3
776811,5.28,31622.8
776816,5.42,18867.7
776820,5.31,19952.6
776824,5.59,3981.1
776835,3.4,39810.7
776838,4.72,25118.9
776839,3.88,31622.8
776856,5.62,891.3
776861,2.83,17782.8
776867,4.65,1778.3
776873,5.02,44668.4
776882,3.14,13357.35
776896,5.08,39810.7
776902,5.6,6309.6
776903,5.48,631.0
776918,4.24,17782.8
776922,4.6,15848.9
776933,5.96,3548.1
776943,5.26,25118.9
776975,1.64,17782.8
776977,5.13,11220.2
776987,4.88,31622.8
776992,4.7,17782.8
776996,4.29,2238.7
776997,3.47,15848.9
777014,5.41,31622.8
777023,4.16,7079.5
777045,4.2,12589.3
777070,5.49,19952.6
777072,4.49,3981.1
777073,4.94,39810.7
777083,4.83,14125.4
777090,4.71,39810.7
777099,5.39,1122.0
777110,4.33,11904.75
777113,5.56,3548.1
777128,4.81,31622.8
777135,4.77,28183.8
777143,4.51,17782.8
777157,5.67,28183.8
777158,5.35,22387.2
777168,5.14,199.5
777169,4.9,39810.7
777205,3.8,7943.3
777220,6.05,19952.6
777223,5.52,6309.6
777224,5.75,31622.8
777229,5.11,14125.4
777232,5.86,19952.6
777237,5.11,17782.8
777241,5.48,21169.9
777247,3.17,5623.4
777270,5.43,15848.9
777272,4.93,10000.0
777292,4.86,28183.8
777296,5.46,14125.4
777297,3.82,44668.4
777299,5.76,12589.3
777312,5.06,31622.8
777316,5.18,19952.6
777321,4.24,14125.4
777369,3.93,15848.9
777379,3.74,31622.8
777392,3.71,19952.6
777396,5.69,39810.7
777400,4.78,13357.35
777402,5.69,17782.8
777409,4.79,44668.4
777410,4.63,25118.9
777412,4.56,14125.4
777413,3.01,8912.5
777423,5.98,125.9
777427,4.54,39810.7
777438,5.09,23753.05
777451,5.4,22387.2
777453,4.44,31622.8
777454,5.53,446.7
777465,6.32,31622.8
777468,5.35,22387.2
777469,4.53,5011.9
777507,5.19,8912.5
777514,3.79,4466.8
777548,6.02,14125.4
777549,5.48,14125.4
777561,5.89,12589.3
777563,6.04,8912.5
777566,5.15,19952.6
777567,4.78,11220.2
777574,6.13,12589.3
777604,4.54,35481.3
777622,6.28,17782.8
777634,6.14,17782.8
777636,1.97,39810.7
777640,4.31,14125.4
777644,5.01,22387.2
777654,3.21,44668.4
777655,3.62,31622.8
777657,2.56,11220.2
777681,4.35,25118.9
777683,4.36,4466.8
777688,5.49,10000.0
777699,4.38,112.2
777724,6.31,31622.8
777725,4.48,31622.8
777733,5.23,707.9
777745,5.35,17782.8
777755,3.4,14125.4
777763,5.31,28183.8
777767,5.69,25.1
777782,4.87,12589.3
777783,4.47,26651.35
777785,2.83,39810.7
777803,5.08,25118.9
777815,3.44,3981.1
777824,3.4,19952.6
777827,4.11,28183.8
777828,4.68,17782.8
777831,5.75,25118.9
777841,5.07,15848.9
777842,4.51,39810.7
777867,5.09,15848.9
777873,4.98,5623.4
777883,5.71,1412.5
777891,3.64,2818.4
777922,4.23,39810.7
777930,4.66,25118.9
777935,5.26,19952.6
777940,5.91,28183.8
777956,4.66,19952.6
777977,5.0,17782.8
778002,5.95,10000.0
778010,5.48,22387.2
778021,4.11,7943.3
778040,5.27,14125.4
778046,5.25,26651.35
778103,5.51,37646.0
778110,6.23,3548.1
778114,4.29,10610.1
778115,4.56,10000.0
778122,4.52,11220.2
778128,4.86,31622.8
778129,5.69,35481.3
778132,5.81,14125.4
778144,5.58,4466.8
778150,4.95,4466.8
778158,5.57,19952.6
778169,5.23,12589.3
778187,5.81,8912.5
778195,5.77,1258.9
778197,5.53,1778.3
778200,2.17,14987.15
778201,5.8,31622.8
778207,4.89,15848.9
778219,6.1,10000.0
778220,5.64,8427.9
778231,5.34,15848.9
778233,5.02,10000.0
778236,5.79,12589.3
778240,5.12,25118.9
778241,6.71,4466.8
778246,5.62,3162.3
778252,5.49,14125.4
778262,5.37,12589.3
778265,5.55,14125.4
778271,5.77,31622.8
778280,6.02,31622.8
778281,4.31,17782.8
778299,5.18,19952.6
778308,4.63,31622.8
778312,5.73,39810.7
778314,5.67,3162.3
778320,5.59,1584.9
778333,5.45,25118.9
778334,5.68,4466.8
778335,5.28,17782.8
778345,5.01,14125.4
778346,5.6,4466.8
778347,6.12,28183.8
778354,5.15,5011.9
778367,4.95,22387.2
778375,5.73,28183.8
778380,6.55,3981.1
778384,5.89,14125.4
778388,5.05,8912.5
778390,5.74,14987.15
778391,5.81,4466.8
778399,5.88,8912.5
778405,5.66,12589.3
778406,4.42,44668.4
778412,5.41,15848.9
778419,6.78,15848.9
778421,5.71,17782.8
778422,5.65,12589.3
778429,5.82,15848.9
778436,4.71,14125.4
778438,5.82,1258.9
778439,5.26,28183.8
778441,5.22,316.2
778444,5.62,2238.7
778445,4.92,8912.5
778448,5.07,17782.8
778461,5.8,10000.0
778470,5.7,39810.7
778483,5.41,1122.0
778491,5.93,1778.3
778499,6.01,25118.9
778504,5.56,10000.0
778505,5.4,9456.25
778522,5.65,1258.9
778526,4.23,35481.3
778530,5.28,39810.7
778531,6.21,31622.8
778536,3.63,22387.2
778545,4.74,14125.4
778549,4.7,15848.9
778552,6.11,19952.6
778554,5.75,5623.4
778569,5.31,11220.2
778574,5.03,22387.2
778581,4.68,39810.7
778582,5.63,28183.8
778584,5.57,5623.4
778586,5.52,251.2
778588,6.25,8912.5
778592,5.77,39810.7
778613,4.12,31622.8
778617,5.38,39810.7
778623,5.11,39810.7
778629,4.05,18867.7
778637,5.61,14125.4
778643,5.62,1584.9
778654,5.91,14125.4
778662,5.46,22387.2
778667,5.62,39810.7
778672,4.82,39810.7
778677,6.39,17782.8
778686,5.11,11220.2
778688,5.22,12589.3
778694,4.69,22387.2
778695,5.68,11220.2
778698,5.13,17782.8
778699,5.83,44668.4
778702,5.66,28183.8
778706,4.99,14125.4
778710,5.51,19952.6
778712,5.88,1778.3
778713,6.05,10000.0
778716,5.78,39810.7
778732,5.86,35481.3
778733,5.26,17782.8
778739,5.25,37646.0
778740,5.41,35481.3
778742,5.29,22387.2
778751,3.98,15848.9
778762,5.36,398.1
778768,4.61,3162.3
778769,5.11,12589.3
778772,5.67,39810.7
778773,5.94,10000.0
778778,5.38,22387.2
778781,5.18,10000.0
778782,5.64,44668.4
778788,5.31,28183.8
778794,5.77,25118.9
778809,5.39,10000.0
778812,5.95,8912.5
778814,6.05,28183.8
778826,4.9,31622.8
778829,5.22,17782.8
778833,4.75,2238.7
778846,5.31,2511.9
778847,4.42,8912.5
778860,5.95,4466.8
778863,5.59,35481.3
778873,5.56,31622.8
778884,5.35,19952.6
778887,4.49,12589.3
778890,5.9,14125.4
778895,3.41,11220.2
778904,4.87,28183.8
778913,5.26,44668.4
778925,5.83,19952.6
778933,5.85,4466.8
778938,5.45,28183.8
778939,5.64,17782.8
778941,5.19,15848.9
778949,4.24,15848.9
778951,5.19,11220.2
778953,5.36,14125.4
778960,6.03,14125.4
778962,5.3,12589.3
778965,4.06,3981.1
778967,4.57,39810.7
778980,5.27,891.3
778990,4.92,37646.0
778991,5.51,39810.7
779003,5.18,35481.3
779015,5.29,15848.9
779024,5.27,13357.35
779033,4.57,223.9
779055,4.98,28183.8
779056,6.12,12132.933333333332
779078,5.91,3355.2
779079,5.13,17782.8
779084,5.9,4223.95
779086,5.47,19952.6
779093,5.81,14125.4
779097,5.63,35481.3
779098,5.48,3981.1
779099,5.43,10000.0
779102,5.55,1584.9
779118,5.51,1412.5
779129,5.69,4466.8
779134,6.37,14125.4
779138,5.93,223.9
779153,5.79,125.9
779157,5.29,251.2
779162,5.84,4466.8
779167,5.77,28183.8
779171,5.58,1412.5
779180,5.2,14125.4
779181,4.97,10000.0
779187,5.72,707.9
779193,5.98,17782.8
779200,5.79,22387.2
779205,6.45,25118.9
779206,4.94,39810.7
779212,3.92,14125.4
779215,5.19,12589.3
779228,5.59,39810.7
779234,4.6,15848.9
779256,3.19,35481.3
779259,5.07,891.3
779263,5.34,6309.6
779270,6.08,10000.0
779276,5.84,28183.8
779278,5.86,19952.6
779279,5.72,8912.5
779293,5.56,17782.8
779296,5.62,7079.5
779328,5.99,14125.4
779330,5.57,17782.8
779335,4.17,35481.3
779342,6.23,2511.9
779343,4.76,8912.5
779345,5.6,7079.5
779346,5.82,39810.7
779349,5.74,3981.1
779355,5.46,25118.9
779361,5.17,31622.8
779391,4.43,44668.4
779393,6.53,12589.3
779396,5.65,3162.3
779400,5.51,12589.3
779402,5.72,17782.8
779409,6.24,12589.3
779416,3.22,1412.5
779436,6.06,44668.4
779439,5.66,8912.5
779442,4.77,11220.2
779443,5.39,31622.8
779449,5.71,1584.9
779462,5.62,14125.4
779465,5.31,6309.6
779466,5.59,35481.3
779478,6.01,10000.0
779494,5.66,14987.15
779495,5.82,28183.8
779496,5.92,39810.7
779502,5.75,28183.8
779504,5.83,5011.9
779510,4.75,14987.15
779511,5.53,25118.9
779519,5.47,11220.2
779526,5.29,39810.7
779534,4.23,22387.2
779536,6.19,1778.3
779538,4.99,39810.7
779542,5.47,8912.5
779552,5.54,39810.7
779559,5.62,11220.2
779578,5.55,14125.4
779589,4.81,15848.9
779605,5.15,31622.8
779625,5.15,19952.6
779627,4.89,19952.6
779642,4.16,19952.6
779644,5.24,28183.8
779647,5.86,28183.8
779652,5.72,794.3
779665,5.48,6309.6
779668,6.1,10000.0
779709,4.56,19952.6
779710,5.91,5623.4
779712,5.27,14125.4
779719,4.93,39810.7
779722,5.1,12589.3
779723,5.59,15848.9
779734,4.99,11220.2
779744,6.33,14125.4
779754,5.92,39810.7
779758,5.51,8912.5
779759,6.57,19952.6
779764,4.04,7943.3
779767,4.9,28183.8
779779,5.45,44668.4
779781,5.46,15848.9
779782,5.47,281.8
779783,5.72,12589.3
779789,4.4,22387.2
779798,5.94,15848.9
779802,5.53,3548.1
779806,4.52,22387.2
779812,5.94,16815.85
779820,6.2,11220.2
779834,5.8,25118.9
779837,5.08,14125.4
779859,5.07,8912.5
779861,5.97,10000.0
779868,5.45,12589.3
779875,5.63,39810.7
779881,4.85,3981.1
779882,5.97,6309.6
779886,5.12,10000.0
779895,5.74,1778.3
779902,5.55,5011.9
779906,4.42,5011.9
779917,5.6,25118.9
779921,5.92,7079.5
779923,4.6,6309.6
779934,5.89,14125.4
779937,4.34,39810.7
779946,5.44,19952.6
779958,5.85,39810.7
779965,4.39,28183.8
779971,5.86,25118.9
779980,5.72,25118.9
779987,6.04,1258.9
779993,5.31,19952.6
779998,3.77,8912.5
780000,5.3,2511.9
780003,5.81,28183.8
780009,5.89,14125.4
780011,5.65,15848.9
780012,1.84,842.8
780015,4.95,28183.8
780025,6.09,5623.4
780028,6.08,31622.8
780030,6.26,44668.4
780031,6.03,14125.4
780036,6.22,8912.5
780038,5.95,251.2
780039,4.93,26651.35
780040,6.01,25118.9
780048,5.71,39810.7
780090,5.61,28183.8
780092,5.28,39810.7
780099,6.05,31622.8
780101,5.48,3548.1
780105,5.61,3981.1
780109,6.08,39810.7
780114,5.75,631.0
780143,5.67,7511.4
780148,4.86,39810.7
780157,5.28,12589.3
780162,5.6,31622.8
780168,5.52,22387.2
780169,5.38,2818.4
780170,5.16,5623.4
780174,5.76,3162.3
780178,4.86,14125.4
780182,4.07,794.3
780188,5.78,3162.3
780191,4.35,31622.8
780196,5.6,12589.3
780197,5.42,10000.0
780206,5.19,15848.9
780219,5.03,631.0
780221,4.51,1258.9
780223,5.6,39810.7
780225,6.08,5011.9
780227,5.5,15848.9
780244,5.97,22387.2
780262,4.24,63.1
780267,5.67,8912.5
780268,5.81,5011.9
780281,5.15,39810.7
780283,6.04,11220.2
780285,6.08,31622.8
780287,5.7,10000.0
780290,5.23,2238.7
780294,5.11,22387.2
780295,5.89,23753.05
780299,5.84,2511.9
780302,6.32,10000.0
780307,5.59,354.8
780312,6.06,28183.8
780314,5.08,6309.6
780320,6.45,39810.7
780334,5.8,19952.6
780345,5.74,11220.2
780358,5.81,31622.8
780363,5.89,10000.0
780371,6.04,18867.7
780372,5.56,39810.7
780374,5.4,11220.2
780375,5.57,4466.8
780382,5.63,10000.0
780383,5.9,28183.8
780386,6.05,6309.6
780389,4.59,19952.6
780393,4.52,19952.6
780414,5.3,22387.2
780423,5.67,14125.4
780427,5.27,15848.9
780429,5.04,3162.3
780430,5.63,19952.6
780434,3.6,17782.8
780435,5.54,7943.3
780441,4.54,25118.9
780442,5.66,2818.4
780452,6.1,39810.7
780463,6.04,35481.3
780464,5.87,19952.6
780465,5.5,12589.3
780470,5.65,8912.5
780473,5.94,31622.8
780477,5.44,39810.7
780507,4.34,631.0
780510,5.66,891.3
780512,4.63,25118.9
780522,5.22,39810.7
780524,5.31,10000.0
780533,4.65,3162.3
780534,5.93,891.3
780535,5.77,15848.9
780546,5.62,28183.8
780553,5.68,22387.2
780554,5.24,39810.7
780561,4.68,14125.4
780567,4.39,10000.0
780570,5.94,7943.3
780573,5.6,1995.3
780577,5.8,39810.7
780583,4.77,14125.4
780585,5.81,3162.3
780588,5.89,7943.3
780591,6.38,3981.1
780594,3.93,14125.4
780595,5.7,28183.8
780597,3.85,14125.4
780598,5.72,14987.15
780612,5.13,5623.4
780625,6.02,39810.7
780628,3.81,56.2
780629,5.55,28183.8
780632,2.91,5623.4
780633,5.57,7511.4
780636,5.03,11220.2
780642,5.88,5011.9
780644,4.87,11220.2
780645,5.49,19952.6
780647,5.5,12589.3
780664,7.73,7079.5
780668,5.57,31622.8
780674,5.45,39810.7
780675,5.77,891.3
780677,4.84,15848.9
780679,4.41,12589.3
780686,5.98,44668.4
780689,5.5,7943.3
780693,5.1,6309.6
780698,5.95,22387.2
780700,5.38,11220.2
780704,4.86,12589.3
780710,5.02,6309.6
780713,5.42,14125.4
780715,5.42,11220.2
780716,5.7,22387.2
780731,5.37,39810.7
780735,5.43,14125.4
780737,5.3,3162.3
780745,4.82,31622.8
780751,5.16,7079.5
780764,6.04,14125.4
780768,5.89,12589.3
780771,5.62,15848.9
780773,4.16,9456.25
780774,5.62,12589.3
780775,6.48,12589.3
780789,4.0,8912.5
780792,4.85,7943.3
780794,5.75,17782.8
780800,5.6,14125.4
780810,5.6,22387.2
780811,4.15,31622.8
780812,5.22,8912.5
780815,5.8,10000.0
780816,5.58,22387.2
780823,5.93,2511.9
780824,5.82,8427.9
780833,5.5,7943.3
780841,5.65,12589.3
780842,5.39,3981.1
780852,5.78,19952.6
780854,4.72,11220.2
780856,6.25,14125.4
780859,5.63,631.0
780862,5.32,10000.0
780864,5.32,19952.6
780866,4.15,17782.8
780870,5.63,17782.8
780880,5.74,1778.3
780887,5.45,12589.3
780890,5.89,11220.2
780896,4.48,14125.4
780897,6.03,31622.8
780901,5.47,44668.4
780904,6.28,14125.4
780905,5.79,8912.5
780909,5.51,14125.4
780913,6.28,10000.0
780917,5.61,14125.4
780930,5.53,3548.1
780939,5.05,25118.9
780943,4.97,25118.9
780954,6.04,17782.8
780965,4.51,17782.8
780966,4.85,14125.4
780982,5.3,1122.0
780991,5.09,7079.5
781003,5.72,4466.8
781011,4.85,26651.35
781012,5.96,12589.3
781019,6.22,39810.7
781034,5.6,39810.7
781042,5.61,7079.5
781044,5.9,28183.8
781045,5.57,14125.4
781049,4.89,15848.9
781054,5.0,15848.9
781059,6.06,10000.0
781080,5.97,44668.4
781104,4.83,28183.8
781108,5.49,17782.8
781117,4.97,25118.9
781122,5.58,21169.9
781129,6.28,44668.4
781133,5.3,8912.5
781138,4.79,1122.0
781141,3.8,15848.9
781143,4.58,7943.3
781150,5.51,15848.9
781152,5.68,14125.4
781153,6.2,10000.0
781163,5.79,12589.3
781171,5.85,199.5
781181,5.81,28183.8
781192,5.71,15848.9
781195,6.08,19952.6
781207,5.55,39810.7
781210,5.15,891.3
781211,6.28,14987.15
781214,5.56,14125.4
781218,5.24,11220.2
781228,5.81,63.1
781235,6.02,15848.9
781243,6.13,14125.4
781260,5.04,19952.6
781270,4.88,25118.9
781272,4.44,17782.8
781274,5.67,11220.2
781281,4.96,15848.9
781284,5.56,15848.9
781287,4.68,17782.8
781290,5.32,28183.8
781292,5.6,3981.1
781298,5.91,12589.3
781304,5.14,44668.4
781308,5.6,12589.3
781316,4.96,15848.9
781331,5.31,8912.5
781332,5.45,14125.4
781335,5.03,35481.3
781359,5.34,14987.15
781365,5.55,7079.5
781371,6.52,5623.4
781381,3.62,12589.3
781388,5.33,39810.7
781391,5.12,19952.6
781397,5.23,39810.7
781398,5.09,39810.7
781415,4.82,2818.4
781418,5.74,3548.1
781422,5.73,17782.8
781428,5.41,12589.3
781434,5.58,1000.0
781438,5.62,7943.3
781444,5.81,22.4
781445,4.18,7511.4
781459,5.92,19952.6
781463,5.75,14125.4
781465,5.75,2511.9
781467,5.43,15848.9
781480,5.62,15848.9
781481,5.78,891.3
781489,6.4,35481.3
781492,5.83,7943.3
781502,4.89,354.8
781506,6.0,17782.8
781507,5.69,17782.8
781514,5.99,19952.6
781520,5.95,15848.9
781528,4.2,12589.3
781536,5.33,12589.3
781552,6.15,39810.7
781554,5.44,10000.0
781562,5.97,39810.7
781564,4.02,39810.7
781566,5.4,28183.8
781578,5.54,22387.2
781586,6.32,35481.3
781592,5.23,25118.9
781604,6.01,22387.2
781605,6.13,17782.8
781607,5.95,18867.7
781617,6.17,1122.0
781620,5.11,12589.3
781642,6.23,15848.9
781647,5.36,8912.5
781674,5.56,7943.3
781686,5.91,28183.8
781691,5.06,15848.9
781692,4.62,29903.3
781694,5.11,31622.8
781703,5.05,12589.3
781704,5.52,7943.3
781705,5.02,562.3
781714,4.87,14125.4
781720,5.22,31622.8
781726,5.51,3981.1
781743,5.84,10000.0
781748,6.07,5011.9
781756,4.41,11220.2
781763,5.79,13357.35
781766,5.68,2818.4
781771,5.69,15848.9
781774,5.49,14125.4
781804,5.94,35481.3
781806,5.71,28183.8
781810,5.53,11220.2
781812,6.16,31622.8
781822,5.79,12589.3
781827,6.29,10000.0
781829,5.52,70.8
781830,5.53,7943.3
781831,6.04,25118.9
781835,4.93,25118.9
781843,4.55,8912.5
781858,5.37,28183.8
781863,4.97,7943.3
781880,3.9,28183.8
781890,6.35,28183.8
781895,5.46,12589.3
781906,5.59,794.3
781911,5.82,25118.9
781916,5.87,29903.3
781923,5.75,28183.8
781924,4.75,7943.3
781928,5.53,316.2
781931,4.52,14125.4
781934,6.3,25118.9
781937,5.4,10000.0
781952,5.57,12589.3
781953,5.71,17782.8
781960,5.52,31622.8
781976,5.09,11220.2
781979,5.25,17782.8
781990,5.15,8912.5
781992,5.99,10000.0
782000,3.31,891.3
782002,4.65,3981.1
782011,5.09,5623.4
782017,6.04,39810.7
782043,5.35,16815.85
782048,6.29,19952.6
782055,5.44,1122.0
782063,5.2,14987.15
782064,5.29,3981.1
782076,6.04,28183.8
782091,5.88,14125.4
782092,5.57,28183.8
782104,4.71,11220.2
782109,5.22,707.9
782119,5.54,22387.2
782120,5.39,12589.3
782127,5.99,3548.1
782129,5.57,3981.1
782149,4.84,25118.9
782158,3.1,7943.3
782169,5.57,44668.4
782179,5.12,25118.9
782185,5.66,7511.4
782187,6.09,11220.2
782188,5.55,44668.4
782189,4.97,19952.6
782203,4.77,12589.3
782204,4.28,31622.8
782205,4.07,18867.7
782207,4.86,31622.8
782214,5.46,12589.3
782217,4.17,44668.4
782228,5.95,8912.5
782229,5.26,25118.9
782240,4.45,39810.7
782242,6.17,35481.3
782255,5.58,22387.2
782257,5.0,39810.7
782279,5.03,44668.4
782294,5.23,35481.3
782303,5.62,39810.7
782304,5.64,35481.3
782319,5.9,3981.1
782329,5.37,11220.2
782334,5.61,10000.0
782337,5.4,1995.3
782354,5.98,39810.7
782362,3.6,14125.4
782364,5.26,1000.0
782369,5.67,38367.566666666666
782372,5.7,1000.0
782373,5.44,2511.9
782395,5.46,1258.9
782411,6.64,39810.7
782414,5.1,14125.4
782416,5.63,398.1
782427,6.06,8912.5
782428,5.97,1995.3
782430,5.58,25.1
782435,5.7,5623.4
782436,4.83,15848.9
782438,5.75,2511.9
782440,6.0,141.3
782464,5.26,39810.7
782465,5.69,1778.3
782476,5.05,22387.2
782484,4.79,14125.4
782494,5.72,10000.0
782499,5.83,10610.1
782507,5.17,14125.4
782508,5.5,31622.8
782526,5.51,19952.6
782529,5.92,19952.6
782533,6.01,12589.3
782552,5.62,11220.2
782558,5.5,28183.8
782560,5.67,11220.2
782562,5.8,17782.8
782567,5.51,707.9
782572,4.88,35481.3
782573,5.39,35481.3
782574,5.5,22387.2
782575,6.09,39810.7
782601,5.17,21169.9
782603,5.54,22387.2
782618,5.09,11220.2
782627,6.43,8427.9
782628,5.36,1584.9
782632,5.76,28183.8
782633,5.4,10000.0
782650,4.99,17782.8
782679,4.43,7079.5
782705,5.5,17782.8
782719,4.87,12589.3
782726,5.43,39810.7
782735,5.49,19952.6
782746,4.57,31622.8
782747,5.51,17782.8
782748,5.43,7943.3
782756,5.42,19952.6
782757,4.38,44668.4
782762,5.85,14125.4
782767,3.58,7079.5
782770,4.98,8912.5
782772,5.41,12589.3
782775,4.81,7943.3
782782,2.63,39810.7
782789,5.84,25118.9
782795,5.45,281.8
782809,4.72,14125.4
782825,5.46,3981.1
782827,6.04,14125.4
782837,4.99,12589.3
782843,4.9,5011.9
782858,5.33,17782.8
782873,4.51,19952.6
782890,4.5,4466.8
782893,5.23,25118.9
782903,4.62,354.8
782906,4.86,17782.8
782907,5.37,28183.8
782910,5.73,35481.3
782911,4.9,446.7
782913,3.15,7943.3
782918,5.15,8912.5
782932,5.57,7943.3
782933,6.33,35481.3
782934,5.5,2238.7
782936,5.56,17782.8
782946,6.01,25118.9
782952,5.67,31622.8
782958,4.13,14125.4
782964,4.83,25118.9
782985,5.29,15848.9
782986,4.86,8912.5
783007,4.89,28183.8
783013,5.6,10000.0
783031,4.27,31622.8
783038,4.91,39810.7
783039,6.31,2511.9
783041,5.63,39810.7
783046,4.09,3162.3
783054,3.85,22387.2
783080,5.94,31622.8
783090,6.6,31622.8
783114,3.32,35481.3
783147,2.65,4466.8
783155,6.05,19952.6
783160,5.28,2818.4
783164,4.49,14987.15
783171,4.94,7079.5
783172,5.05,15848.9
783183,5.2,11904.75
783188,5.56,44668.4
783191,5.82,5011.9
783221,4.66,3548.1
783238,4.38,19952.6
783252,4.83,6309.6
783259,5.79,15848.9
783268,5.51,19952.6
783271,4.01,2511.9
783291,5.55,14125.4
783298,5.97,39810.7
783311,5.21,17782.8
783313,2.52,8912.5
783315,5.28,2818.4
783316,5.42,39810.7
783333,5.98,1000.0
783340,4.75,35481.3
783353,5.12,707.9
783354,4.75,3162.3
783362,4.63,14125.4
783367,5.42,15848.9
783368,6.2,31622.8
783374,5.23,14987.15
783393,5.61,17782.8
783394,4.75,3981.1
783406,0.93,28183.8
783409,4.81,10000.0
783419,6.22,25118.9
783430,4.2,12589.3
783432,5.56,14125.4
783445,3.91,14987.15
783452,4.15,17782.8
783456,4.93,15848.9
783457,4.95,23753.05
783473,5.48,2818.4
783481,5.84,7079.5
783492,5.53,35481.3
783496,5.89,22387.2
783500,5.89,17782.8
783504,5.0,25118.9
783509,5.55,5623.4
783515,5.25,31622.8
783522,5.63,3548.1
783554,6.24,25118.9
783559,4.44,14987.15
783560,3.27,15848.9
783579,5.34,22387.2
783599,3.58,501.2
783600,5.41,15848.9
783602,5.57,14125.4
783642,5.26,19952.6
783647,5.33,17782.8
783659,3.69,22387.2
783666,5.77,28183.8
783680,4.44,19952.6
783681,3.73,15848.9
783682,4.78,10000.0
783683,5.5,11220.2
783688,4.45,14125.4
783690,4.39,3981.1
783700,5.57,31622.8
783713,4.23,14125.4
783726,5.87,38367.566666666666
783737,5.29,17782.8
783752,3.61,35481.3
783756,4.1,10000.0
783762,4.67,17782.8
783779,6.11,17782.8
783787,4.16,14125.4
783790,4.78,8912.5
783793,6.23,11220.2
783797,5.8,11220.2
783800,5.58,8912.5
783801,5.65,39810.7
783814,3.22,1584.9
783819,5.33,6309.6
783822,5.66,12589.3
783829,4.94,1995.3
783833,4.12,29903.3
783839,5.41,15848.9
783845,4.18,14125.4
783848,5.67,11220.2
783861,5.24,5623.4
783862,6.0,17782.8
783863,2.24,26651.35
783877,3.98,11220.2
783896,3.37,7943.3
783897,5.71,7943.3
783898,5.05,2818.4
783902,5.89,10000.0
783906,5.53,16815.85
783911,5.58,15848.9
783917,4.69,14125.4
783918,5.22,16815.85
783930,5.57,17782.8
783933,2.66,39810.7
783947,6.04,19952.6
783959,5.09,1000.0
783967,5.94,22387.2
783975,5.37,199.5
783982,4.64,1258.9
783993,5.38,10000.0
783995,5.54,35481.3
784009,4.71,1584.9
784010,5.6,17782.8
784025,4.54,35481.3
784030,4.81,31622.8
784031,5.5,251.2
784039,5.1,13357.35
784043,5.02,5011.9
784045,4.81,8912.5
784056,4.74,4466.8
784061,4.64,19952.6
784064,5.85,17782.8
784068,6.77,5623.4
784073,5.04,39810.7
784084,6.08,8912.5
784094,5.64,44668.4
784098,5.55,28183.8
784138,4.45,7079.5
784145,3.96,28183.8
784146,5.34,10000.0
784151,5.74,17782.8
784153,5.25,14125.4
784167,5.14,8912.5
784180,5.78,14125.4
784189,4.48,44668.4
784199,6.3,44668.4
784216,5.57,39810.7
784227,4.39,37646.0
784235,4.34,15848.9
784270,4.36,12589.3
784272,4.74,16815.85
784332,6.02,31622.8
784337,4.66,19952.6
784341,5.56,44668.4
784343,5.43,1412.5
784347,5.99,3981.1
784352,5.01,17782.8
784358,4.77,31622.8
784370,4.61,25118.9
784379,5.39,1778.3
784389,5.07,15848.9
784406,5.15,5011.9
784407,5.43,15848.9
784417,5.05,31622.8
784420,5.69,9456.25
784423,4.98,13357.35
784424,3.43,28183.8
784437,4.16,15848.9
784445,5.13,12589.3
784457,5.8,22387.2
784472,3.63,25118.9
784487,3.06,39810.7
784521,5.31,177.8
784531,4.16,19952.6
784537,5.8,10000.0
784556,4.89,14125.4
784559,5.89,2238.7
784562,5.03,2375.3
784568,5.86,11220.2
784582,4.15,7079.5
784593,5.57,19952.6
784599,5.97,15848.9
784604,6.1,44668.4
784606,4.92,17782.8
784611,5.45,17782.8
784619,5.35,3162.3
784623,2.31,28183.8
784631,4.35,1995.3
784636,4.08,5623.4
784640,3.48,22387.2
784658,5.74,5011.9
784663,5.79,14125.4
784674,5.58,12589.3
784676,4.54,3162.3
784684,5.11,28183.8
784700,5.19,1258.9
784707,4.18,28183.8
784757,5.66,10000.0
784759,5.62,28183.8
784762,4.58,29903.3
784777,6.06,3981.1
784780,5.38,39810.7
784786,5.38,8912.5
784795,5.19,15848.9
784796,5.49,11220.2
784800,7.15,33552.05
784802,4.77,17782.8
784822,4.33,125.9
784823,4.49,12589.3
784828,7.59,39810.7
784849,4.43,15848.9
784861,2.68,39810.7
784864,2.78,15848.9
784867,6.29,14125.4
784868,5.07,44668.4
784880,5.45,7943.3
784883,6.2,15848.9
784915,5.17,31622.8
784920,4.24,39810.7
784922,5.9,14125.4
784928,5.54,25118.9
784935,6.02,28183.8
784972,5.19,25118.9
784975,5.34,8912.5
784984,5.5,3548.1
785000,3.56,354.8
785057,4.72,38367.566666666666
785060,4.56,7943.3
785066,5.1,631.0
785069,3.43,19952.6
785075,5.33,28183.8
785081,5.86,39810.7
785083,5.59,2818.4
785086,5.61,7943.3
785094,6.06,39810.7
785096,5.51,7079.5
785105,6.27,19952.6
785108,6.46,28183.8
785109,5.22,223.9
785112,3.49,39810.7
785121,4.14,14125.4
785126,3.75,25118.9
785128,5.36,8912.5
785136,5.04,22387.2
785138,3.39,29903.3
785146,4.58,17782.8
785157,5.21,3548.1
785160,5.16,25118.9
785178,5.05,17782.8
785182,5.1,2818.4
785186,4.5,14125.4
785191,4.19,15848.9
785192,5.55,15848.9
785198,5.1,39810.7
785203,5.25,3981.1
785205,5.46,7943.3
785219,5.06,14125.4
785226,5.56,15848.9
785246,4.82,794.3
785265,5.03,12589.3
785276,4.81,14125.4
785277,4.83,11220.2
785282,5.26,19952.6
785318,3.85,12589.3
785333,5.81,1412.5
785335,4.32,3162.3
785339,5.89,13357.35
785343,4.63,14125.4
785362,5.56,44668.4
785376,4.7,12589.3
785382,5.96,14125.4
785384,5.37,15848.9
785387,5.55,19952.6
785390,5.65,12589.3
785393,4.47,28183.8
785406,5.53,5011.9
785409,4.27,31622.8
785412,5.57,3162.3
785435,5.39,35481.3
785436,4.91,16815.85
785440,4.32,562.3
785454,5.43,3981.1
785468,5.25,19952.6
785471,5.59,25118.9
785472,5.09,15848.9
785479,6.28,4466.8
785488,4.88,11220.2
785489,4.98,19952.6
785518,5.7,3162.3
785536,4.74,17782.8
785538,3.79,15848.9
785542,3.75,35481.3
785552,4.72,14125.4
785559,5.58,22387.2
785565,5.38,8912.5
785569,5.84,14125.4
785576,4.2,13357.35
785583,3.44,2238.7
785587,5.6,12589.3
785593,5.6,12589.3
785599,4.47,19952.6
785600,5.01,3548.1
785611,5.29,7943.3
785625,5.57,8912.5
785626,4.38,12589.3
785638,3.97,35481.3
785641,4.42,28183.8
785651,4.53,28183.8
785658,4.73,7079.5
785669,2.84,22387.2
785677,4.94,14125.4
785680,6.09,8912.5
785681,4.72,15848.9
785684,5.69,25118.9
785689,5.45,794.3
785694,3.4,25118.9
785697,6.21,12589.3
785699,6.03,25118.9
785708,5.74,3981.1
785711,5.61,4466.8
785715,5.34,10000.0
785727,5.83,1995.3
785731,5.82,14987.15
785741,5.0,281.8
785745,5.81,17782.8
785749,5.55,25118.9
785769,5.6,281.8
785773,4.28,16815.85
785777,5.72,15848.9
785781,5.61,10000.0
785783,4.86,14125.4
785788,3.98,39810.7
785796,4.98,15848.9
785806,4.75,31622.8
785815,5.76,11220.2
785820,4.37,19952.6
785826,5.32,19952.6
785828,4.79,35481.3
785829,7.51,10000.0
785834,6.48,5011.9
785839,5.95,19952.6
785842,5.8,3981.1
785844,5.03,44668.4
785846,5.41,17782.8
785856,5.49,35481.3
785858,5.26,19952.6
785859,4.21,14125.4
785873,5.24,1258.9
785878,4.42,1412.5
785894,5.59,39810.7
785897,4.29,10000.0
785907,3.43,25118.9
785918,3.53,19952.6
785937,5.34,14125.4
785938,5.23,14125.4
785946,4.96,25118.9
785947,5.1,28183.8
785958,4.75,31622.8
785967,4.25,14125.4
785980,5.03,11220.2
785984,5.22,14987.15
785989,6.04,39810.7
785991,3.87,26651.35
785992,4.32,12589.3
785996,6.79,21169.9
785999,5.42,2511.9
786002,3.6,2511.9
786005,4.95,5011.9
786026,4.54,891.3
786034,5.35,19952.6
786037,4.08,8912.5
786041,5.06,22387.2
786052,3.38,29903.3
786071,4.72,1122.0
786073,3.82,19952.6
786085,5.32,14125.4
786088,5.28,3162.3
786100,5.63,25118.9
786105,5.5,16815.85
786118,3.85,398.1
786132,3.49,12589.3
786144,4.92,31622.8
786147,6.14,28183.8
786155,4.61,31622.8
786163,4.64,25.1
786175,4.74,39810.7
786179,5.47,8912.5
786180,3.04,1584.9
786182,4.76,141.3
786193,5.21,15848.9
786199,3.88,44668.4
786201,5.23,2238.7
786213,5.56,12589.3
786248,2.0,21169.9
786257,4.63,17782.8
786272,5.75,28183.8
786296,4.56,3162.3
786298,4.23,2238.7
786316,4.56,7943.3
786323,5.41,33552.05
786332,2.48,8912.5
786333,5.08,8912.5
786352,5.01,316.2
786356,2.99,25118.9
786357,6.05,12589.3
786360,4.12,19952.6
786368,5.29,3162.3
786378,4.88,12589.3
786380,3.91,26651.35
786387,2.95,10000.0
786389,4.44,17782.8
786391,5.2,16815.85
786399,5.27,25118.9
786405,6.08,25118.9
786420,5.99,22387.2
786423,6.27,28183.8
786430,5.55,25118.9
786436,4.52,17782.8
786441,5.25,44668.4
786443,3.11,14987.15
786445,4.86,12589.3
786449,5.15,44668.4
786460,5.62,8912.5
786465,5.66,3548.1
786472,5.26,11220.2
786473,5.63,14125.4
786479,4.35,10000.0
786496,5.51,2511.9
786509,3.15,28183.8
786510,4.3,28183.8
786519,5.34,8912.5
786535,5.37,28183.8
786544,4.22,10610.1
786559,5.04,8912.5
786560,4.23,15848.9
786570,4.43,15848.9
786571,4.05,15848.9
786577,5.13,31622.8
786581,5.54,501.2
786592,5.73,15848.9
786595,5.25,4466.8
786606,4.38,5623.4
786609,4.68,28183.8
786610,5.39,31622.8
786613,5.62,15848.9
786614,4.57,11220.2
786643,5.66,15848.9
786654,5.9,12589.3
786661,5.66,14125.4
786662,3.5,794.3
786675,5.27,28183.8
786683,4.61,19952.6
786685,4.06,25118.9
786693,5.69,33552.05
786700,4.77,11220.2
786706,4.77,22387.2
786710,5.28,10000.0
786713,3.62,30476.466666666667
786716,5.54,19952.6
786723,2.6,39810.7
786727,5.38,35481.3
786740,5.55,3548.1
786745,5.6,281.8
786749,5.64,5011.9
786755,4.14,17782.8
786756,3.96,1778.3
786759,5.28,12589.3
786772,4.67,37646.0
786774,5.45,31622.8
786788,5.02,3981.1
786798,4.47,12589.3
786802,4.69,14125.4
786803,6.08,5623.4
786804,6.14,31622.8
786808,5.56,19952.6
786809,4.64,11220.2
786821,6.23,631.0
786835,2.03,794.3
786843,4.12,39810.7
786849,5.5,1258.9
786850,5.39,39810.7
786855,4.9,22387.2
786870,6.04,15848.9
786874,6.1,35481.3
786878,4.96,15848.9
786911,5.42,7079.5
786914,2.3,1122.0
786916,6.17,10000.0
786919,4.85,3162.3
786924,5.56,10000.0
786926,4.79,12589.3
786958,5.11,44668.4
786970,5.16,22387.2
786974,4.64,12589.3
786980,5.94,11220.2
786989,4.98,39810.7
786990,5.39,15848.9
786995,3.58,1122.0
786999,4.89,28183.8
787009,5.03,3162.3
787024,5.27,11904.75
787026,6.58,28183.8
787036,5.77,25118.9
787040,3.3,19952.6
787045,5.85,22387.2
787049,4.43,3162.3
787058,4.04,12589.3
787060,4.58,15848.9
787074,4.48,19952.6
787078,4.42,19952.6
787081,4.52,31622.8
787090,5.01,39810.7
787091,4.9,12589.3
787096,5.41,17782.8
787105,5.32,35481.3
787121,5.59,11904.75
787128,4.54,22387.2
787133,5.11,19952.6
787145,5.59,31622.8
787152,5.86,37646.0
787158,6.47,3548.1
787164,4.85,158.5
787177,4.82,17782.8
787178,5.74,10000.0
787194,7.42,12589.3
787196,5.71,39810.7
787197,5.64,14125.4
787200,4.41,19952.6
787219,5.91,25118.9
787230,5.55,1412.5
787235,4.12,14125.4
787255,5.67,15848.9
787256,4.95,31622.8
787263,2.72,25118.9
787264,5.01,12589.3
787269,5.52,19952.6
787273,1.92,33552.05
787274,4.3,10000.0
787279,4.72,25118.9
787280,3.11,14125.4
787304,4.92,15848.9
787306,5.19,501.2
787310,5.46,39810.7
787314,6.07,11220.2
787316,4.82,7079.5
787320,4.84,8912.5
787335,5.93,446.7
787339,5.87,17782.8
787349,5.53,19952.6
787350,4.47,2238.7
787354,5.33,14125.4
787363,6.2,19952.6
787382,3.95,10610.1
787384,4.59,28183.8
787385,4.82,44668.4
787389,3.91,354.8
787398,3.52,14125.4
787409,3.15,2818.4
787410,6.04,28183.8
787411,5.92,19952.6
787414,4.81,28183.8
787415,4.93,17782.8
787427,4.55,12589.3
787433,5.64,6309.6
787434,5.0,3981.1
787442,4.61,12589.3
787443,4.89,19952.6
787447,5.96,25118.9
787458,5.35,35481.3
787459,4.33,17782.8
787491,5.12,28183.8
787499,5.0,14125.4
787512,4.21,1122.0
787515,5.47,17782.8
787523,5.81,35481.3
787527,3.63,19952.6
787535,5.09,22387.2
787546,5.96,8912.5
787557,6.16,12589.3
787558,4.18,28183.8
787562,4.97,28183.8
787570,3.95,44668.4
787580,3.49,2818.4
787586,5.78,15848.9
787602,6.12,1122.0
787603,5.42,19952.6
787606,4.9,17782.8
787609,5.87,17782.8
787619,4.05,4466.8
787632,4.65,70.8
787637,4.6,12589.3
787638,5.4,10000.0
787647,5.21,39810.7
787653,5.67,11220.2
787655,5.36,26651.35
787657,5.51,11904.75
787672,4.32,12589.3
787676,5.16,17782.8
787678,5.87,3162.3
787679,4.77,14125.4
787686,4.61,31622.8
787687,4.84,14987.15
787689,4.14,1258.9
787694,5.39,25118.9
787714,2.31,44668.4
787718,4.63,7079.5
787722,4.05,14125.4
787726,4.35,14125.4
787735,5.68,1412.5
787737,4.83,28183.8
787738,5.11,22387.2
787746,5.75,8912.5
787749,5.37,31622.8
787765,5.71,19952.6
787785,5.59,22387.2
787794,5.7,11904.75
787801,3.72,17782.8
787802,6.03,12589.3
787823,4.89,31622.8
787839,5.66,31622.8
787849,5.99,16815.85
787850,6.02,19952.6
787870,5.61,22387.2
787871,5.13,12589.3
787872,6.02,17782.8
787873,5.04,15848.9
787892,5.41,15848.9
787900,2.96,35481.3
787902,4.0,19952.6
787906,3.45,14125.4
787923,4.83,19952.6
787926,5.4,35481.3
787939,4.43,16815.85
787942,3.88,10000.0
787946,5.44,39810.7
787951,5.78,22387.2
787952,4.93,15848.9
787962,4.53,17782.8
787969,4.63,35481.3
787970,5.56,19952.6
787972,5.06,22387.2
787973,2.93,1000.0
787975,4.52,17782.8
787979,5.7,14125.4
787982,5.71,631.0
787984,3.7,39810.7
787997,5.68,12589.3
787998,5.53,17782.8
788003,5.78,17782.8
788009,4.11,31622.8
788016,5.4,31622.8
788026,5.54,8427.9
788029,4.4,4466.8
788044,5.12,21169.9
788050,6.1,14125.4
788056,5.23,35481.3
788064,3.17,22387.2
788074,5.51,25118.9
788083,5.34,11220.2
788091,6.55,28183.8
788107,5.45,25118.9
788114,5.65,11220.2
788126,4.7,39810.7
788149,5.73,14125.4
788150,4.11,14125.4
788155,2.6,3162.3
788170,4.22,22387.2
788178,5.98,25118.9
788179,6.15,31622.8
788181,5.36,10000.0
788182,4.77,22387.2
788190,5.86,158.5
788192,6.03,3548.1
788197,5.45,25118.9
788209,5.49,31622.8
788216,5.5,28183.8
788217,5.43,8912.5
788224,4.46,4466.8
788239,5.51,5011.9
788249,5.41,39810.7
788251,4.98,3162.3
788259,4.24,13357.35
788267,5.86,39810.7
788274,5.18,14125.4
788277,5.26,25118.9
788278,5.27,28183.8
788283,5.6,15848.9
788286,3.71,3981.1
788299,6.6,7079.5
788307,5.78,31622.8
788308,4.34,17782.8
788309,3.13,15848.9
788316,3.89,35481.3
788319,5.41,14125.4
788322,5.05,10000.0
788324,4.31,14125.4
788333,4.17,25118.9
788334,4.22,28183.8
788337,5.75,25118.9
788338,5.47,28183.8
788345,6.15,44668.4
788352,5.62,44668.4
788365,5.84,14125.4
788401,5.67,2238.7
788412,5.61,7079.5
788432,6.0,7079.5
788436,5.31,12589.3
788441,3.53,35481.3
788442,6.01,39810.7
788448,5.76,26651.35
788455,6.42,316.2
788457,3.57,29903.3
788461,6.03,39810.7
788465,5.66,21169.9
788472,5.35,14125.4
788476,5.72,14125.4
788494,4.02,446.7
788505,2.22,15848.9
788517,5.24,10000.0
788521,3.22,25118.9
788545,4.38,17782.8
788551,4.98,8912.5
788552,5.88,35481.3
788553,3.89,22387.2
788567,5.72,14987.15
788569,4.91,13357.35
788582,5.44,7943.3
788583,4.42,3548.1
788605,4.86,28183.8
788607,3.87,3548.1
788611,5.32,11220.2
788615,5.84,3162.3
788626,5.41,14125.4
788629,4.52,44668.4
788636,4.56,12589.3
788643,5.33,14125.4
788645,5.63,5011.9
788649,4.97,12589.3
788650,0.75,39810.7
788653,3.52,16815.85
788655,4.59,6309.6
788672,2.95,39810.7
788685,4.27,22387.2
788687,4.97,25118.9
788690,5.89,7079.5
788695,5.24,17782.8
788726,3.37,25118.9
788728,2.77,15848.9
788742,5.51,15848.9
788751,4.97,2818.4
788757,5.73,39810.7
788760,4.41,1000.0
788762,5.97,10000.0
788787,6.28,12589.3
788788,5.67,39810.7
788798,5.91,316.2
788801,5.03,39810.7
788802,4.49,35481.3
788825,5.96,35481.3
788833,5.43,7943.3
788838,4.61,631.0
788864,5.35,44668.4
788868,4.59,2818.4
788873,4.58,25118.9
788883,2.53,35481.3
788884,4.37,22387.2
788898,5.69,10000.0
788902,4.02,8912.5
788905,6.03,28183.8
788907,3.32,39810.7
788909,5.93,10000.0
788930,4.62,25118.9
788935,4.96,22387.2
788937,6.15,2511.9
788945,5.31,25118.9
788947,4.56,14125.4
788952,5.05,9456.25
788954,4.05,15848.9
788955,5.82,794.3
788965,4.64,28183.8
788968,4.31,39810.7
788974,3.49,42239.55
788983,4.02,28183.8
788984,5.99,39810.7
788987,4.33,25118.9
788988,4.39,28183.8
789000,4.52,28183.8
789004,3.16,15848.9
789023,4.28,25118.9
789026,5.9,39810.7
789038,5.91,14125.4
789039,4.19,22387.2
789045,6.42,22387.2
789047,5.76,14125.4
789060,5.59,631.0
789061,4.73,31622.8
789074,2.02,12589.3
789080,3.88,25.1
789082,5.89,8912.5
789086,4.01,17782.8
789090,5.71,17782.8
789101,6.04,39810.7
789102,4.44,14125.4
789110,5.1,10610.1
789112,5.08,12589.3
789128,5.5,12589.3
789129,5.66,7079.5
789133,4.17,28183.8
789169,5.48,23753.05
789171,5.54,11220.2
789174,4.65,13357.35
789180,5.29,7943.3
789200,4.88,3548.1
789204,5.43,14125.4
789207,4.98,354.8
789216,4.87,28183.8
789228,3.98,10000.0
789229,4.65,31622.8
789250,5.76,15848.9
789272,3.72,17782.8
789273,5.35,31622.8
789276,4.2,22387.2
789279,6.13,3162.3
789280,5.95,22387.2
789284,4.75,28183.8
789300,5.5,22387.2
789306,3.43,8912.5
789309,4.24,39810.7
789314,5.25,12589.3
789315,3.84,14125.4
789317,5.78,2238.7
789321,5.68,42239.55
789324,5.5,1584.9
789337,3.7,316.2
789341,4.68,14125.4
789355,6.07,35481.3
789382,5.33,10000.0
789385,4.47,28183.8
789403,5.75,11220.2
789417,4.95,12589.3
789419,3.37,39810.7
789421,6.82,1584.9
789422,5.35,7079.5
789424,4.74,17782.8
789430,4.91,7079.5
789449,4.7,25118.9
789452,6.32,19952.6
789458,5.63,15848.9
789467,5.24,3162.3
789469,5.37,19952.6
789480,5.66,31622.8
789490,4.85,28183.8
789494,5.65,31622.8
789499,5.29,5623.4
789502,6.17,4466.8
789511,5.13,14987.15
789518,3.93,15848.9
789526,3.79,17782.8
789537,5.16,14125.4
789540,5.48,281.8
789546,5.71,2238.7
789554,3.6,8912.5
789557,5.92,39810.7
789558,5.78,3981.1
789574,5.97,25118.9
789575,6.05,1995.3
789583,3.8,5011.9
789587,5.69,31622.8
789588,5.42,8912.5
789589,4.93,14125.4
789600,6.38,5623.4
789608,3.91,2511.9
789609,4.26,25118.9
789610,5.12,7943.3
789616,4.68,10000.0
789704,5.3,1584.9
789714,4.57,10000.0
789724,5.42,19952.6
789734,4.88,12589.3
789736,4.68,12589.3
789742,5.75,25118.9
789744,2.34,25118.9
789745,5.61,28183.8
789748,5.57,14125.4
789751,5.25,28183.8
789762,5.18,15848.9
789771,5.36,13357.35
789773,4.22,39810.7
789797,5.4,177.8
789819,5.51,22387.2
789821,4.74,17782.8
789845,5.92,5623.4
789864,4.16,39810.7
789869,5.28,17782.8
789872,5.11,12589.3
789890,5.2,5011.9
789902,5.66,8912.5
789910,5.43,12589.3
789916,5.7,44668.4
789921,4.49,1778.3
789938,5.89,35481.3
789947,5.71,8912.5
789962,5.35,15848.9
789970,5.82,28183.8
789971,5.48,35481.3
789987,3.49,39810.7
789996,5.08,26651.35
790002,5.34,22387.2
790006,4.99,14125.4
790009,4.58,28183.8
790013,4.2,28183.8
790024,5.91,17782.8
790029,5.64,11220.2
790037,4.16,22387.2
790080,4.8,15848.9
790083,4.13,28183.8
790090,5.68,3548.1
790094,4.01,39810.7
790115,4.95,8912.5
790122,4.4,28183.8
790153,5.98,5623.4
790154,5.25,14125.4
790157,6.13,2818.4
790161,4.11,29903.3
790175,6.15,14125.4
790177,3.68,11220.2
790178,5.67,28183.8
790196,4.9,44668.4
790197,4.3,14125.4
790199,5.13,11220.2
790203,5.29,11220.2
790213,4.93,31622.8
790219,4.83,14125.4
790225,5.01,28183.8
790226,5.51,39810.7
790244,5.79,42239.55
790251,5.08,14987.15
790266,6.1,14125.4
790276,5.4,5011.9
790286,3.72,1122.0
790289,3.51,17782.8
790304,5.33,14125.4
790310,6.0,39810.7
790312,6.15,31622.8
790315,3.87,35481.3
790327,5.4,25118.9
790331,6.07,2818.4
790332,6.4,10000.0
790335,3.93,1258.9
790342,4.73,562.3
790343,5.48,3355.2
790344,5.41,1584.9
790358,5.45,19952.6
790363,4.75,19952.6
790366,5.12,15848.9
790382,5.7,28183.8
790392,5.43,14125.4
790402,5.53,15848.9
790418,4.23,44668.4
790424,4.96,31622.8
790427,5.96,501.2
790428,4.8,3162.3
790433,6.16,17782.8
790448,5.85,31622.8
790452,6.08,15848.9
790456,5.46,15848.9
790477,5.66,10000.0
790482,4.01,35481.3
790489,4.07,7079.5
790503,5.21,1778.3
790508,5.37,19952.6
790511,5.29,19952.6
790519,4.06,12589.3
790528,5.56,28183.8
790532,4.26,22387.2
790540,4.73,39810.7
790542,3.6,15848.9
790545,3.54,39810.7
790556,4.89,33552.05
790565,3.99,12589.3
790566,5.19,15848.9
790580,5.55,14125.4
790581,6.17,15848.9
790586,5.16,39810.7
790602,5.35,28183.8
790606,5.1,11220.2
790615,5.44,17782.8
790625,6.04,7079.5
790626,4.06,11220.2
790642,4.99,18867.7
790651,6.02,16815.85
790653,5.75,14125.4
790657,5.95,16815.85
790679,5.03,1000.0
790708,3.94,1995.3
790710,4.09,31622.8
790711,5.1,14125.4
790716,4.53,28183.8
790720,5.8,17782.8
790724,5.88,39810.7
790736,5.88,31622.8
790742,3.94,891.3
790752,2.36,39810.7
790763,3.68,25118.9
790772,4.96,31622.8
790775,5.25,9456.25
790791,4.55,22387.2
790792,5.42,891.3
790797,5.42,19952.6
790803,5.78,17782.8
790806,5.59,39810.7
790814,4.76,14125.4
790823,5.63,19952.6
790832,4.44,28183.8
790853,4.25,631.0
790854,5.86,2818.4
790861,4.83,6309.6
790872,5.44,15848.9
790875,6.02,251.2
790885,4.44,15848.9
790908,4.61,39810.7
790910,5.92,14125.4
790920,4.54,3981.1
790921,5.32,17782.8
790926,6.29,25118.9
790929,6.05,3548.1
790937,5.77,794.3
790940,5.57,3548.1
790946,1.74,354.8
790947,5.05,23753.05
790952,5.18,39810.7
790956,3.61,31622.8
790959,5.57,1778.3
790960,3.49,26651.35
790966,4.99,25118.9
790978,2.75,15848.9
790979,5.86,794.3
790981,3.61,28183.8
790995,4.93,17782.8
790998,3.73,39810.7
791004,5.8,22387.2
791005,5.51,10000.0
791017,4.53,28183.8
791031,6.44,17782.8
791038,4.83,12589.3
791043,4.16,12589.3
791047,5.26,11904.75
791062,1.81,39810.7
791078,4.59,7943.3
791096,3.99,7943.3
791101,5.89,12589.3
791106,6.74,13357.35
791112,5.0,19952.6
791124,5.57,25.1
791136,5.47,8912.5
791144,3.78,14125.4
791148,5.19,35481.3
791152,4.63,11220.2
791153,5.54,562.3
791159,4.43,15848.9
791181,4.86,22387.2
791184,5.09,39810.7
791185,4.83,15848.9
791189,5.64,28183.8
791193,5.94,39810.7
791209,4.41,891.3
791218,5.64,22387.2
791225,5.32,11220.2
791235,6.5,25118.9
791248,3.8,25118.9
791249,5.16,25.1
791254,5.6,8912.5
791261,4.47,1778.3
791272,3.47,15848.9
791278,5.11,10000.0
791313,5.01,22387.2
791322,4.08,19952.6
791328,5.39,35481.3
791332,5.58,3162.3
791339,4.35,7943.3
791340,5.61,44668.4
791345,5.02,22387.2
791347,4.96,31622.8
791348,4.63,19952.6
791357,5.46,8912.5
791368,2.0,5011.9
791369,3.44,22387.2
791410,5.43,14125.4
791415,5.74,15848.9
791434,5.02,15848.9
791437,5.33,11220.2
791441,5.92,19952.6
791444,5.22,8912.5
791456,4.83,5623.4
791466,3.56,25118.9
791469,5.89,39810.7
791479,5.72,7943.3
791484,3.35,39810.7
791504,4.4,22387.2
791510,5.08,33552.05
791548,4.89,22387.2
791549,4.4,14125.4
791552,5.93,6309.6
791567,5.31,22387.2
791595,4.31,8912.5
791619,5.5,22387.2
791643,3.83,17782.8
791646,3.96,17782.8
791649,5.1,10000.0
791651,4.45,39810.7
791654,3.81,22387.2
791656,5.1,31622.8
791661,4.28,7943.3
791663,4.44,22387.2
791670,3.13,15848.9
791677,3.89,28183.8
791682,4.7,11904.75
791700,5.35,17782.8
791701,5.62,5011.9
791714,5.43,31622.8
791724,4.36,70.8
791742,4.05,2511.9
791762,5.6,15848.9
791769,5.12,15848.9
791770,3.42,28183.8
791776,4.15,39810.7
791786,5.21,3548.1
791793,2.53,33552.05
791799,4.87,11220.2
791800,5.44,15848.9
791815,4.67,22387.2
791835,5.07,5623.4
791849,5.37,2238.7
791855,4.74,14125.4
791860,6.5,10000.0
791862,4.51,3162.3
791865,5.68,25118.9
791866,2.52,12589.3
791880,5.63,10610.1
791888,4.53,3981.1
791892,4.81,4466.8
791924,4.28,17782.8
791929,3.67,39810.7
791935,5.81,15848.9
791936,4.64,2238.7
791998,4.39,17782.8
792001,5.8,7943.3
792002,4.85,17782.8
792004,4.68,2511.9
792011,5.41,707.9
792014,4.74,39810.7
792020,5.96,17782.8
792035,5.22,11220.2
792044,5.71,25118.9
792045,4.23,14125.4
792049,5.96,28183.8
792065,5.12,19952.6
792076,5.26,11220.2
792085,5.47,44668.4
792086,4.24,3548.1
792090,3.87,39810.7
792100,3.28,10000.0
792113,4.74,19952.6
792116,3.11,15848.9
792117,5.97,17782.8
792119,5.74,28183.8
792142,6.0,8912.5
792148,4.98,28183.8
792149,5.0,15848.9
792152,5.42,39810.7
792165,5.71,13357.35
792174,5.67,39810.7
792176,4.61,28183.8
792183,4.9,14125.4
792187,5.54,70.8
792193,4.63,22387.2
792206,3.73,1630.0
792212,4.69,28183.8
792224,2.9,28183.8
792226,3.86,16815.85
792229,4.04,35481.3
792235,3.86,31622.8
792238,5.07,199.5
792241,4.12,39810.7
792243,4.96,15848.9
792266,5.39,3355.2
792272,5.31,3162.3
792282,5.62,3548.1
792288,5.42,15848.9
792306,5.32,6309.6
792314,4.77,2818.4
792332,5.18,3981.1
792333,2.28,3162.3
792338,4.02,22387.2
792344,5.32,17782.8
792349,3.82,1995.3
792352,5.61,28183.8
792376,4.75,3162.3
792379,4.73,562.3
792387,4.89,10000.0
792394,5.01,31622.8
792405,3.42,3162.3
792407,4.03,5623.4
792416,6.32,14987.15
792417,4.31,11220.2
792419,4.19,31622.8
792433,4.92,14987.15
792437,5.28,28183.8
792453,5.73,15848.9
792457,5.89,12589.3
792460,5.99,31622.8
792462,5.28,28183.8
792466,4.46,11220.2
792474,5.67,35481.3
792493,4.45,35481.3
792513,3.76,3548.1
792524,5.88,3162.3
792525,5.05,39810.7
792531,4.42,7943.3
792566,4.0,14125.4
792567,5.38,125.9
792584,5.63,28183.8
792586,3.89,794.3
792594,3.27,125.9
792612,5.28,35481.3
792615,4.61,3981.1
792616,4.96,1995.3
792619,4.7,44668.4
792634,3.5,1122.0
792639,5.82,19952.6
792642,5.49,22387.2
792648,5.28,28183.8
792650,5.51,15848.9
792655,2.37,12589.3
792659,5.14,28183.8
792670,5.33,12589.3
792676,3.62,25118.9
792690,4.01,14125.4
792701,7.37,17782.8
792709,5.05,22387.2
792713,4.09,31622.8
792731,4.26,2511.9
792743,3.92,35481.3
792745,3.36,31622.8
792749,5.47,17782.8
792761,2.17,25118.9
792765,2.5,25118.9
792766,4.37,1995.3
792771,5.55,3548.1
792777,6.22,25118.9
792779,3.44,15848.9
792785,3.85,11220.2
792808,4.77,25118.9
792811,2.53,25118.9
792813,5.73,28183.8
792826,6.57,19952.6
792831,4.53,7943.3
792845,2.3,8912.5
792846,5.99,14125.4
792851,5.92,8912.5
792855,5.13,9456.25
792866,5.0,25.1
792871,4.2,25118.9
792873,4.51,12589.3
792879,5.33,39810.7
792898,5.03,17782.8
792899,3.45,8912.5
792901,5.78,14125.4
792907,4.82,3548.1
792928,5.8,14125.4
792929,3.65,12589.3
792931,3.27,10000.0
792933,5.02,25118.9
792936,6.01,39810.7
792956,5.84,17782.8
792979,5.06,11220.2
792982,5.83,35481.3
792983,4.71,39810.7
792984,3.94,251.2
793008,4.58,15848.9
793014,5.58,14125.4
793022,4.09,25118.9
793025,4.62,2511.9
793030,6.03,31622.8
793045,5.82,446.7
793049,5.02,14125.4
793055,5.16,8912.5
793056,5.84,10000.0
793082,4.48,39810.7
793114,5.66,14987.15
793115,4.44,28183.8
793128,5.51,39810.7
793146,4.29,39810.7
793160,3.37,39810.7
793161,4.13,1000.0
793175,5.41,3162.3
793180,4.19,10000.0
793188,6.02,22387.2
793191,5.59,2238.7
793204,3.37,14125.4
793214,2.51,14125.4
793216,5.76,14125.4
793217,5.62,15848.9
793224,4.99,25118.9
793234,4.2,44668.4
793236,2.98,8912.5
793237,5.97,707.9
793247,6.46,39810.7
793250,4.26,35481.3
793273,3.44,19952.6
793274,3.49,1000.0
793277,6.5,31622.8
793292,4.56,6309.6
793294,4.73,19952.6
793300,4.5,22387.2
793304,3.97,7943.3
793317,5.38,22387.2
793328,5.19,10000.0
793332,5.02,15848.9
793336,2.27,28183.8
793340,5.18,6309.6
793344,5.55,25118.9
793362,5.18,11220.2
793364,5.03,39810.7
793369,5.12,4466.8
793376,6.12,15848.9
793379,3.85,28183.8
793385,4.53,6309.6
793390,4.39,22387.2
793391,3.07,39810.7
793392,5.44,5623.4
793397,4.2,2511.9
793402,5.01,8912.5
793410,6.27,14125.4
793412,5.2,28183.8
793427,2.35,39810.7
793430,5.29,8912.5
793437,5.04,44668.4
793441,4.49,15848.9
793452,4.34,2511.9
793455,5.37,4466.8
793462,4.41,15848.9
793466,5.16,22387.2
793474,5.04,10000.0
793476,4.57,39810.7
793486,5.02,22387.2
793494,4.31,22387.2
793502,5.64,35481.3
793504,5.55,28183.8
793512,4.89,39810.7
793514,4.48,3981.1
793523,3.97,25118.9
793526,4.47,25118.9
793531,3.49,12589.3
793533,5.21,28183.8
793543,5.48,2511.9
793572,5.01,25118.9
793573,5.88,31622.8
793581,2.9,28183.8
793583,3.76,14125.4
793595,5.4,14125.4
793597,3.3,39810.7
793599,5.3,39810.7
793600,5.68,28183.8
793615,5.77,25118.9
793617,5.24,7079.5
793626,3.86,15848.9
793631,5.18,10000.0
793638,4.15,1584.9
793639,3.85,3981.1
793640,4.63,28183.8
793665,5.38,10000.0
793668,6.13,14125.4
793686,3.09,15848.9
793694,6.22,7943.3
793696,3.94,6309.6
793705,4.15,8912.5
793722,5.3,15848.9
793727,6.03,31622.8
793729,5.68,25.1
793775,3.76,31622.8
793776,5.67,5623.4
793777,5.12,7079.5
793779,4.23,25118.9
793789,5.72,35481.3
793791,4.69,28183.8
793800,3.86,22387.2
793811,6.05,17782.8
793814,4.65,2818.4
793821,4.65,31622.8
793828,5.57,14125.4
793829,4.7,22387.2
793834,4.87,8912.5
793837,3.16,10000.0
793846,2.92,35481.3
793848,3.48,17782.8
793850,7.06,11904.75
793864,5.56,15848.9
793868,4.74,21169.9
793881,4.58,15848.9
793886,4.97,3355.2
793899,4.03,31622.8
793903,5.89,35481.3
793906,3.87,12589.3
793917,5.67,6309.6
793920,5.63,19952.6
793922,4.84,3162.3
793931,4.56,31622.8
793936,4.74,10000.0
793946,5.48,4466.8
793952,4.95,35481.3
793953,5.67,17782.8
793955,5.18,19952.6
793957,4.76,14125.4
793959,5.92,8912.5
793960,5.49,39810.7
793967,4.7,35481.3
793972,5.4,8912.5
793984,5.39,1584.9
793992,3.76,28183.8
793994,4.37,17782.8
793996,5.79,17782.8
793997,3.95,17782.8
794012,5.58,11220.2
794013,5.01,8912.5
794021,6.05,11220.2
794037,5.97,11220.2
794039,5.05,31622.8
794044,3.0,22387.2
794047,5.43,3162.3
794050,4.35,1995.3
794059,3.14,223.9
794070,5.42,39810.7
794074,2.87,15848.9
794101,5.42,22387.2
794105,3.78,15848.9
794136,3.89,22387.2
794137,5.79,5623.4
794145,4.0,11220.2
794149,3.79,9456.25
794155,5.97,4466.8
794161,5.51,12589.3
794169,4.45,25118.9
794178,5.58,39810.7
794189,4.9,15848.9
794198,5.65,44668.4
794200,4.62,2818.4
794204,4.82,14125.4
794224,4.92,15848.9
794235,2.39,8912.5
794248,4.96,22387.2
794263,5.25,10000.0
794282,5.69,1995.3
794284,5.25,17782.8
794289,5.78,11220.2
794292,4.41,10000.0
794296,4.31,22387.2
794307,5.65,11220.2
794326,5.46,44668.4
794332,4.57,2238.7
794333,3.61,12589.3
794336,5.04,39810.7
794344,3.43,8912.5
794358,5.2,39810.7
794363,3.76,22387.2
794372,5.23,28183.8
794375,5.19,19952.6
794383,5.26,15848.9
794413,5.25,39810.7
794426,5.44,19952.6
794433,4.3,707.9
794434,5.77,15848.9
794436,5.11,31622.8
794460,4.53,25118.9
794476,4.54,22387.2
794477,4.57,3548.1
794490,3.83,223.9
794499,3.53,10000.0
794514,5.49,11904.75
794520,5.22,19952.6
794532,4.57,15848.9
794539,5.19,10000.0
794544,4.07,15848.9
794545,4.86,7079.5
794551,3.69,1000.0
794553,3.43,28183.8
794560,4.16,6309.6
794578,3.6,25118.9
794583,5.93,25118.9
794584,4.13,25.1
794588,4.83,19952.6
794593,3.65,39810.7
794602,3.71,35481.3
794615,5.24,25118.9
794624,5.73,3548.1
794628,4.89,39810.7
794629,5.36,3548.1
794636,3.06,35481.3
794641,3.77,14125.4
794643,5.57,39810.7
794644,3.47,44668.4
794645,4.13,1584.9
794655,5.15,17782.8
794684,2.65,15848.9
794694,6.06,3162.3
794702,5.0,17782.8
794706,5.14,1995.3
794712,6.17,28183.8
794718,3.53,39810.7
794723,5.1,11220.2
794733,5.83,17782.8
794744,4.32,35481.3
794747,3.26,19952.6
794751,5.52,14125.4
794755,4.23,22387.2
794758,5.66,14125.4
794767,4.2,12589.3
794770,5.84,14125.4
794777,4.87,19952.6
794781,4.95,3162.3
794786,3.95,12589.3
794795,4.89,15848.9
794801,5.77,1995.3
794803,5.91,10000.0
794804,5.68,25118.9
794811,2.81,14125.4
794820,3.41,17782.8
794837,4.65,11220.2
794851,5.96,25118.9
794860,6.08,3548.1
794862,4.08,15848.9
794863,1.9,44668.4
794864,4.33,39810.7
794868,6.06,3548.1
794879,4.9,8912.5
794888,5.26,28183.8
794897,5.32,44668.4
794898,3.77,11904.75
794902,5.73,5011.9
794921,5.21,8427.9
794936,4.59,44668.4
794943,4.14,5623.4
794960,5.68,11220.2
794965,4.01,5011.9
794968,5.0,19952.6
794977,4.67,14125.4
794984,5.15,39810.7
794985,5.18,11220.2
794988,6.01,28183.8
794990,5.25,15848.9
794994,4.32,2238.7
794995,5.51,17782.8
794998,5.88,19952.6
794999,5.98,8912.5
795008,5.03,1412.5
795016,5.48,28183.8
795029,3.76,28183.8
795032,5.41,22387.2
795046,5.91,19952.6
795063,5.27,8912.5
795069,5.44,17782.8
795072,4.47,14125.4
795081,5.58,35481.3
795094,4.01,19952.6
795096,5.36,12589.3
795103,5.65,25118.9
795104,5.33,19952.6
795106,5.68,22387.2
795109,4.25,15848.9
795126,5.57,11904.75
795127,5.1,14125.4
795128,4.91,19952.6
795155,5.59,15848.9
795156,4.56,1584.9
795157,6.25,14125.4
795160,4.65,28183.8
795161,3.44,25118.9
795170,3.71,17782.8
795173,3.43,3162.3
795176,3.93,7079.5
795178,5.21,501.2
795182,4.58,12589.3
795192,5.88,14125.4
795193,5.38,10000.0
795202,5.53,3162.3
795207,5.77,14125.4
795209,5.03,31622.8
795219,5.04,19952.6
795233,5.98,28183.8
795237,3.73,1000.0
795241,5.39,7079.5
795244,4.59,35481.3
795249,4.68,3548.1
795251,3.24,44668.4
795254,3.78,15848.9
795261,3.37,56234.1
795279,5.13,39810.7
795299,5.48,44668.4
795306,5.7,8912.5
795332,4.62,44668.4
795336,5.56,8912.5
795351,5.08,14987.15
795376,1.87,14125.4
795388,3.61,5011.9
795395,2.92,5011.9
795401,4.61,25118.9
795403,4.45,17782.8
795404,5.32,39810.7
795433,4.38,177.8
795446,6.1,14125.4
795452,5.33,1412.5
795454,3.79,37646.0
795457,4.56,44668.4
795464,4.36,19952.6
795465,5.86,6309.6
795468,5.91,1778.3
795471,6.19,39810.7
795477,6.22,25118.9
795481,5.15,25118.9
795482,6.01,39810.7
795498,4.37,31622.8
795500,3.65,2511.9
795505,3.49,39810.7
795507,4.61,29903.3
795513,3.96,15848.9
795517,4.28,14125.4
795535,5.3,22387.2
795550,4.91,39810.7
795553,5.09,15848.9
795554,3.71,2818.4
795555,5.05,2511.9
795576,5.46,19952.6
795586,6.38,31622.8
795588,4.84,28183.8
795590,5.03,28183.8
795610,5.87,39810.7
795611,6.08,794.3
795613,4.23,22387.2
795637,5.63,12589.3
795642,3.88,2511.9
795646,5.08,1778.3
795647,5.6,3162.3
795650,3.87,14125.4
795664,4.26,25118.9
795665,1.53,22387.2
795669,5.06,25118.9
795670,3.12,11220.2
795685,5.3,12589.3
795688,4.52,25118.9
795689,5.38,15848.9
795698,5.77,31622.8
795699,3.38,4466.8
795701,5.59,44668.4
795705,5.59,35481.3
795711,5.03,22387.2
795713,4.86,15848.9
795723,6.14,39810.7
795726,4.21,31622.8
795731,5.97,25118.9
795739,2.03,4466.8
795743,3.25,28183.8
795748,5.6,15848.9
795749,5.34,11904.75
795753,5.81,28183.8
795757,5.35,28183.8
795759,5.16,31622.8
795768,6.72,5011.9
795773,5.7,11904.75
795780,5.11,8912.5
795786,4.77,5623.4
795802,5.77,16815.85
795804,6.14,15848.9
795807,4.86,25118.9
795820,4.29,631.0
795825,4.97,10000.0
795828,6.88,39810.7
795830,5.27,14125.4
795833,4.87,8912.5
795840,5.45,17782.8
795843,5.59,28183.8
795873,5.26,22387.2
795875,6.17,15848.9
795900,5.32,44668.4
795909,4.45,2511.9
795924,4.61,11220.2
795938,5.89,2511.9
795952,6.07,25118.9
795969,4.12,28183.8
795970,4.59,28183.8
795971,4.46,14125.4
795980,5.64,11220.2
795981,4.52,7943.3
795983,4.04,31622.8
795985,6.23,14125.4
795986,5.61,10610.1
795993,4.27,12589.3
795994,6.16,13101.333333333334
796001,5.83,12589.3
796006,5.34,39810.7
796013,4.61,11220.2
796020,4.93,22387.2
796036,5.12,21169.9
796039,4.28,14125.4
796047,4.69,28183.8
796082,6.58,631.0
796089,4.69,1412.5
796094,5.35,15848.9
796122,4.28,14125.4
796140,3.64,15848.9
796145,5.81,10000.0
796149,3.32,17782.8
796150,3.87,35481.3
796154,6.29,31622.8
796156,4.63,22387.2
796162,4.4,11220.2
796178,5.08,15848.9
796187,4.36,15848.9
796188,4.93,25118.9
796197,4.31,10000.0
796199,3.47,39810.7
796203,3.71,35481.3
796213,6.08,31622.8
796214,5.81,17782.8
796230,3.15,6309.6
796235,4.73,3548.1
796237,5.31,14125.4
796252,5.88,22387.2
796257,4.68,39810.7
796258,4.46,8912.5
796263,6.1,22387.2
796271,6.16,35481.3
796277,5.29,15848.9
796282,6.0,14125.4
796283,5.9,39810.7
796290,5.49,2511.9
796295,5.78,15848.9
796302,5.46,5623.4
796318,5.63,14125.4
796326,5.02,12589.3
796327,3.73,15848.9
796343,3.51,17782.8
796359,4.89,22387.2
796364,3.76,28183.8
796371,4.86,31622.8
796374,3.93,22387.2
796377,5.58,11220.2
796379,3.2,14125.4
796382,5.87,3981.1
796397,5.31,14125.4
796398,3.87,3548.1
796402,4.66,17782.8
796403,4.8,14125.4
796409,4.78,22387.2
796411,4.74,14125.4
796417,5.4,56.2
796426,5.56,44668.4
796431,4.85,1000.0
796472,2.85,17782.8
796474,5.38,2511.9
796476,1.79,23753.05
796488,4.22,25118.9
796490,5.42,4466.8
796494,5.45,31622.8
796513,3.94,5011.9
796543,6.04,6694.55
796544,3.6,17782.8
796556,2.97,14125.4
796561,3.53,6309.6
796565,4.12,14125.4
796568,5.42,7943.3
796570,5.34,18867.7
796589,5.53,25118.9
796597,5.5,19952.6
796598,5.6,17782.8
796609,4.74,16815.85
796625,5.37,11220.2
796635,5.89,13357.35
796638,5.41,2818.4
796648,4.02,35481.3
796660,6.33,19952.6
796661,5.7,3162.3
796664,4.7,15848.9
796665,5.28,35481.3
796669,4.4,3162.3
796677,3.99,35481.3
796685,4.52,28183.8
796693,2.77,39810.7
796714,6.08,42239.55
796720,6.02,19952.6
796739,3.68,14987.15
796755,6.17,1122.0
796766,4.8,39810.7
796768,4.21,15848.9
796771,5.6,10000.0
796773,3.3,14125.4
796777,4.23,39810.7
796785,5.39,25118.9
796786,4.09,13357.35
796787,5.77,25118.9
796791,5.21,3355.2
796792,6.01,15848.9
796802,5.82,3981.1
796803,3.4,17782.8
796808,4.81,17782.8
796817,3.84,15848.9
796822,3.39,15848.9
796834,5.98,28183.8
796836,5.56,25118.9
796848,5.81,15848.9
796855,5.72,28183.8
796861,4.91,17782.8
796864,4.39,19952.6
796872,3.65,10000.0
796890,4.85,10000.0
796904,4.7,28183.8
796913,5.45,3981.1
796923,5.65,3981.1
796926,4.54,19952.6
796937,4.56,7943.3
796940,5.89,8912.5
796948,3.37,15848.9
796956,5.58,12589.3
796957,5.16,44668.4
796966,5.27,19952.6
796968,5.27,44668.4
796974,3.68,10000.0
796977,3.97,31622.8
796982,3.58,2511.9
797003,3.75,1000.0
797006,3.51,28183.8
797015,5.94,44668.4
797037,3.52,44668.4
797039,5.43,5623.4
797040,5.67,10000.0
797051,5.35,39810.7
797052,5.96,44668.4
797056,5.53,19952.6
797070,5.02,316.2
797075,5.3,15848.9
797080,5.57,26651.35
797081,5.23,39810.7
797101,5.12,14125.4
797106,5.59,28183.8
797114,5.73,14125.4
797117,5.9,251.2
797128,4.09,12589.3
797132,5.06,31622.8
797136,6.18,25118.9
797139,4.72,19952.6
797152,3.88,562.3
797154,5.07,14125.4
797157,4.37,16815.85
797171,4.75,19952.6
797178,4.34,39810.7
797184,5.26,17782.8
797196,5.21,19952.6
797206,5.78,37646.0
797211,6.08,14125.4
797213,5.4,2511.9
797216,4.78,12589.3
797223,5.31,11220.2
797224,5.44,7943.3
797231,3.68,25118.9
797233,5.78,25118.9
797236,5.49,25118.9
797239,3.88,28183.8
797261,5.8,39810.7
797267,4.01,44668.4
797268,5.46,39810.7
797269,5.88,6309.6
797270,5.72,17782.8
797278,4.89,19952.6
797280,5.55,44668.4
797281,6.34,3548.1
797291,4.56,17782.8
797294,4.08,25118.9
797295,3.52,19952.6
797316,6.22,10000.0
797319,5.76,15848.9
797321,5.86,39810.7
797323,4.6,3981.1
797331,5.03,19952.6
797351,2.65,37646.0
797356,4.9,1995.3
797364,4.34,3162.3
797411,5.11,28183.8
797417,3.52,1995.3
797420,5.29,25118.9
797422,5.95,14125.4
797436,5.67,3162.3
797441,5.35,14125.4
797443,4.84,11220.2
797461,3.56,26140.533333333333
797465,3.98,15848.9
797474,3.38,10000.0
797494,6.99,39810.7
797496,5.3,1258.9
797517,5.01,14125.4
797518,6.71,16815.85
797530,6.47,17782.8
797548,3.23,7943.3
797552,5.15,25118.9
797564,4.73,31622.8
797582,3.76,17782.8
797593,4.92,28183.8
797604,5.81,12589.3
797607,6.87,4466.8
797609,4.24,35481.3
797612,5.7,11220.2
797623,5.28,39810.7
797638,6.02,7079.5
797651,4.43,12589.3
797664,4.84,2818.4
797665,5.38,1995.3
797678,5.5,15848.9
797681,5.01,25118.9
797702,4.55,25118.9
797703,4.09,15848.9
797705,5.78,2818.4
797706,3.84,13357.35
797714,4.8,15848.9
797716,1.8,891.3
797721,5.99,39810.7
797724,5.35,3981.1
797736,5.59,3981.1
797741,4.81,28183.8
797746,4.29,3548.1
797750,5.39,11904.75
797752,6.15,35481.3
797756,2.8,26651.35
797766,5.18,10000.0
797768,3.19,19952.6
797772,4.7,11220.2
797774,5.96,14125.4
797780,3.91,17782.8
797792,5.77,19952.6
797794,4.4,22387.2
797797,3.5,44668.4
797811,5.52,31622.8
797814,3.85,15848.9
797824,5.67,19952.6
797825,4.95,28183.8
797832,4.04,3981.1
797841,6.35,28183.8
797843,5.13,28183.8
797853,5.23,31622.8
797855,6.1,19952.6
797858,5.28,14125.4
797862,4.41,14125.4
797863,3.28,12589.3
797866,5.77,44668.4
797871,3.59,39810.7
797878,5.0,14987.15
797879,5.68,3162.3
797881,4.03,31622.8
797893,3.55,3548.1
797894,5.77,31622.8
797899,5.5,2818.4
797904,4.45,29903.3
797906,5.48,707.9
797917,5.84,5011.9
797920,5.3,794.3
797927,4.54,31622.8
797945,3.8,31622.8
797951,4.92,31622.8
797952,4.02,35481.3
797958,5.25,28183.8
797960,3.82,31622.8
797967,2.58,7943.3
797989,6.15,12589.3
798000,5.7,15848.9
798001,5.41,14125.4
798005,5.79,14125.4
798015,3.88,28183.8
798026,5.05,1122.0
798040,5.18,7943.3
798043,3.73,3548.1
798060,4.73,28183.8
798062,3.82,44668.4
798070,5.18,25118.9
798085,7.03,7943.3
798088,5.69,25118.9
798089,5.57,10000.0
798098,4.6,39810.7
798105,3.24,39810.7
798119,5.36,28183.8
798148,5.17,1258.9
798154,5.51,2238.7
798170,3.43,25118.9
798172,4.57,21169.9
798187,4.38,17782.8
798190,3.32,6309.6
798202,5.51,3548.1
798208,5.0,28183.8
798209,4.5,44668.4
798223,5.38,25118.9
798234,6.32,10000.0
798250,3.86,11220.2
798251,4.73,25118.9
798253,5.41,2511.9
798268,6.01,8912.5
798270,4.64,17782.8
798272,5.42,15848.9
798282,4.25,14125.4
798297,4.46,28183.8
798300,5.57,19952.6
798302,5.31,39810.7
798320,5.62,1122.0
798324,5.1,14125.4
798339,3.22,17782.8
798340,5.69,11220.2
798348,3.51,28183.8
798358,4.92,22387.2
798369,5.86,11220.2
798375,4.75,15848.9
798379,5.69,17782.8
798392,4.11,15848.9
798394,6.15,8912.5
798417,5.64,25118.9
798418,3.45,25118.9
798420,6.13,14987.15
798426,4.64,19952.6
798448,4.4,7943.3
798452,1.5,7943.3
798454,5.92,5011.9
798456,5.53,14125.4
798457,5.99,11220.2
798458,5.26,17782.8
798464,5.39,17782.8
798465,5.82,281.8
798471,4.68,1000.0
798474,5.08,12589.3
798487,6.13,23753.05
798499,5.7,14125.4
798506,5.57,17782.8
798510,5.14,12589.3
798513,5.36,7079.5
798514,4.94,19952.6
798517,5.7,11220.2
798526,2.91,28183.8
798540,5.46,8912.5
798542,5.52,7943.3
798553,5.61,23753.05
798556,5.73,35481.3
798558,4.25,14125.4
798560,5.83,31622.8
798562,6.18,19952.6
798569,3.31,28183.8
798570,6.15,28183.8
798577,5.41,5011.9
798599,5.38,25118.9
798609,4.77,14125.4
798617,5.84,31622.8
798619,4.28,31622.8
798630,3.15,3981.1
798654,5.45,31622.8
798668,5.85,1498.7
798703,5.26,39810.7
798706,5.51,316.2
798711,3.77,11220.2
798717,6.05,44668.4
798728,5.17,3981.1
798729,3.4,14125.4
798732,5.22,35481.3
798738,4.3,17782.8
798744,3.32,15274.4
798749,4.11,6309.6
798758,5.05,29903.3
798761,3.09,28183.8
798763,6.08,1995.3
798764,5.71,14125.4
798773,5.03,22387.2
798781,5.61,28183.8
798784,3.64,14125.4
798808,5.2,15848.9
798811,4.94,1584.9
798826,5.74,19952.6
798828,5.1,42239.55
798832,5.13,100.0
798839,5.73,1778.3
798842,6.11,22387.2
798849,4.89,44668.4
798870,4.41,25118.9
798871,4.37,14125.4
798876,6.09,39810.7
798878,5.73,17782.8
798881,4.06,35481.3
798893,3.6,19952.6
798897,6.1,17782.8
798903,3.55,12589.3
798905,5.82,3162.3
798909,5.44,10000.0
798913,6.82,28183.8
798927,3.7,11220.2
798933,4.74,22387.2
798937,3.96,2818.4
798961,5.1,22387.2
798988,4.45,15848.9
798991,5.81,199.5
799033,2.86,29903.3
799040,5.34,3162.3
799044,5.6,39810.7
799053,5.21,21169.9
799057,5.55,8912.5
799067,4.18,25118.9
799074,4.94,11220.2
799077,5.51,32908.96666666667
799091,4.23,8912.5
799093,5.5,25118.9
799101,5.0,8912.5
799102,3.16,31622.8
799103,5.76,25118.9
799109,5.61,22387.2
799115,5.21,7079.5
799119,2.99,8912.5
799120,5.99,28183.8
799132,4.04,12589.3
799139,4.25,19952.6
799145,5.16,23753.05
799167,5.86,14125.4
799176,2.83,3548.1
799182,5.49,19952.6
799186,4.63,15848.9
799197,2.3,3162.3
799198,5.84,39810.7
799200,5.65,17782.8
799214,5.32,39810.7
799215,4.39,33552.05
799216,4.33,1412.5
799223,5.53,14125.4
799231,5.56,11220.2
799236,5.84,12589.3
799248,5.34,18867.7
799257,4.14,1995.3
799260,5.75,11220.2
799262,3.63,15848.9
799269,5.9,21169.9
799277,4.87,35481.3
799294,2.99,7079.5
799311,5.95,5623.4
799313,2.76,37646.0
799320,5.37,39810.7
799321,5.36,3548.1
799325,4.6,22387.2
799327,3.98,10000.0
799331,5.55,7943.3
799335,5.06,14125.4
799336,5.02,12589.3
799340,4.27,1258.9
799348,5.0,17782.8
799353,6.96,28.2
799356,5.63,11220.2
799357,5.01,8912.5
799362,5.85,39810.7
799363,5.21,22387.2
799370,4.83,11220.2
799403,4.88,2238.7
799416,4.55,15848.9
799422,5.97,35481.3
799424,5.86,10000.0
799430,4.73,19952.6
799439,5.64,12589.3
799442,5.53,15848.9
799443,4.05,4466.8
799445,5.78,7943.3
799455,4.47,1778.3
799459,5.66,12589.3
799460,6.48,21169.9
799468,2.3,19952.6
799469,5.7,19952.6
799474,3.67,16815.85
799519,5.46,28183.8
799524,4.71,1000.0
799540,5.52,7079.5
799559,5.12,14125.4
799571,5.77,35481.3
799582,5.21,12589.3
799583,3.42,6309.6
799592,5.15,12589.3
799593,5.41,8912.5
799596,4.21,3162.3
799619,5.31,15848.9
799631,5.85,39810.7
799649,5.34,5623.4
799654,6.19,4466.8
799662,4.01,11220.2
799674,4.11,11220.2
799677,4.67,10000.0
799684,5.24,15848.9
799696,5.41,14125.4
799699,4.59,19952.6
799708,5.95,7943.3
799733,5.66,39810.7
799751,5.76,2818.4
799757,5.74,31622.8
799770,5.09,5623.4
799778,5.83,14987.15
799788,5.33,10000.0
799812,4.95,707.9
799818,3.16,31622.8
799822,4.33,15848.9
799837,3.88,36924.433333333334
799839,5.88,5011.9
799845,4.73,25118.9
799859,3.86,25118.9
799862,5.71,12589.3
799879,4.81,14125.4
799882,3.86,17782.8
799885,5.95,19952.6
799886,4.1,100.0
799890,5.99,29903.3
799892,3.79,25118.9
799898,4.83,8912.5
799900,3.51,28183.8
799918,5.99,3162.3
799927,4.24,31622.8
799932,4.15,10000.0
799936,5.48,15848.9
799944,5.91,3548.1
799954,3.67,31622.8
799986,4.14,25118.9
799991,5.61,2238.7
799994,5.38,17782.8
800002,4.67,31622.8
800003,4.21,22387.2
800004,6.17,17782.8
800019,3.52,15848.9
800024,2.72,15848.9
800025,3.29,12589.3
800033,3.47,22387.2
800039,5.18,44668.4
800055,5.78,3162.3
800064,5.06,11220.2
800072,4.61,15848.9
800085,4.22,5011.9
800089,5.74,1584.9
800095,3.77,6309.6
800108,5.59,39810.7
800116,5.59,22387.2
800120,4.48,3981.1
800123,5.78,4739.35
800132,4.6,10000.0
800150,5.54,28183.8
800152,6.21,11220.2
800154,5.76,28183.8
800162,4.71,12589.3
800177,6.13,8912.5
800202,5.43,25118.9
800223,6.16,28183.8
800227,4.99,25118.9
800232,5.23,1995.3
800244,3.83,25118.9
800252,4.66,7079.5
800255,4.04,19952.6
800258,5.23,35481.3
800265,3.16,3981.1
800266,4.25,28183.8
800274,5.14,6309.6
800276,2.86,28183.8
800289,5.14,39810.7
800293,6.23,16815.85
800308,5.55,37646.0
800313,6.23,794.3
800323,3.2,31622.8
800336,5.65,35481.3
800348,5.6,1412.5
800350,4.78,12589.3
800356,3.88,28183.8
800357,5.55,1258.9
800368,4.62,1122.0
800369,5.85,39810.7
800378,4.98,31622.8
800388,6.24,19952.6
800395,5.34,9456.25
800397,5.22,2665.15
800402,3.31,23753.05
800409,5.99,3981.1
800412,5.21,7079.5
800413,5.42,8912.5
800415,4.07,31622.8
800424,4.3,3981.1
800455,5.63,14125.4
800461,5.6,12589.3
800462,3.31,10000.0
800465,4.74,44668.4
800483,4.17,35481.3
800496,5.19,19952.6
800506,5.4,14125.4
800514,3.11,5623.4
800516,5.39,10000.0
800517,4.97,17782.8
800547,4.2,28183.8
800552,5.74,22387.2
800553,5.65,3981.1
800557,3.95,35481.3
800558,4.87,14125.4
800562,5.2,4466.8
800572,5.67,10000.0
800573,4.65,39810.7
800574,5.25,39810.7
800598,3.57,15848.9
800602,6.11,22387.2
800625,5.94,6309.6
800638,4.4,39.8
800639,5.42,14125.4
800651,2.39,39810.7
800654,4.25,15848.9
800656,4.98,16815.85
800661,4.19,19952.6
800663,5.03,17782.8
800664,5.75,3548.1
800679,5.53,10610.1
800680,4.94,281.8
800692,5.02,35481.3
800714,5.47,39810.7
800719,3.84,25118.9
800728,5.14,4466.8
800735,5.84,17782.8
800750,6.18,15848.9
800756,5.57,1995.3
800768,5.48,3548.1
800770,4.93,22387.2
800779,5.38,891.3
800780,2.83,39810.7
800784,4.88,31622.8
800785,3.93,25118.9
800804,4.28,17138.166666666668
800811,5.3,14125.4
800813,5.96,14125.4
800829,4.77,14125.4
800834,4.14,316.2
800869,3.55,17782.8
800876,4.08,17782.8
800889,1.22,3548.1
800896,5.75,19952.6
800909,5.81,6309.6
800915,4.34,177.8
800919,5.83,14125.4
800925,4.92,7943.3
800930,5.75,5623.4
800932,4.81,17782.8
800935,5.22,14125.4
800937,4.85,17782.8
800940,5.54,398.1
800943,6.64,25118.9
800970,5.18,13357.35
800979,5.22,17782.8
800980,5.77,15848.9
800984,4.16,14125.4
800987,3.62,10000.0
801001,5.31,15848.9
801005,4.08,39810.7
801010,5.55,112.2
801014,4.83,14125.4
801017,5.07,39810.7
801030,4.42,14125.4
801039,3.58,39810.7
801050,5.73,14125.4
801060,5.5,28183.8
801063,5.72,14125.4
801065,5.86,28183.8
801067,5.88,17782.8
801074,3.36,4466.8
801077,4.37,25118.9
801084,4.53,15848.9
801087,3.29,89.1
801092,5.85,39810.7
801099,5.1,2238.7
801115,4.01,12589.3
801119,6.0,5011.9
801121,5.63,10000.0
801126,5.06,15848.9
801133,5.33,19952.6
801134,4.94,14125.4
801140,5.47,23753.05
801145,5.25,19952.6
801147,4.41,17782.8
801150,5.08,35481.3
801157,6.16,22387.2
801160,4.62,15848.9
801164,5.73,10000.0
801168,4.7,8912.5
801170,4.11,2511.9
801171,5.43,35481.3
801187,3.49,14125.4
801200,5.21,14125.4
801204,5.4,3162.3
801217,5.66,25118.9
801229,4.64,15848.9
801234,5.44,794.3
801237,4.93,18867.7
801260,4.37,17782.8
801271,6.0,11904.75
801276,5.72,39810.7
801282,3.54,8912.5
801294,4.46,10000.0
801300,2.65,79.4
801306,5.33,14125.4
801309,5.58,15848.9
801316,6.05,19952.6
801327,5.88,25.1
801332,4.8,15848.9
801350,6.06,25118.9
801351,6.18,31622.8
801352,4.7,39810.7
801353,6.03,1258.9
801364,5.2,14125.4
801372,4.21,22387.2
801393,5.76,22387.2
801402,5.76,19952.6
801403,4.23,22387.2
801408,5.43,6309.6
801413,3.33,25118.9
801426,4.9,25118.9
801428,5.03,31622.8
801433,4.49,28183.8
801434,3.89,19952.6
801436,4.28,14125.4
801438,4.84,39810.7
801442,5.69,7079.5
801448,5.63,11220.2
801452,2.98,8912.5
801453,5.73,6309.6
801468,3.87,28183.8
801469,5.43,3981.1
801476,5.36,1778.3
801492,4.92,25118.9
801498,5.16,39810.7
801503,5.19,44668.4
801507,3.74,3981.1
801511,5.49,12589.3
801521,4.91,31622.8
801566,3.05,14125.4
801571,4.76,1995.3
801579,6.05,15848.9
801580,4.44,15848.9
801589,4.84,11220.2
801598,5.8,14125.4
801621,5.08,3548.1
801628,3.33,31622.8
801629,4.76,19952.6
801633,5.91,25118.9
801638,3.91,39810.7
801654,5.21,2818.4
801662,4.74,1584.9
801666,5.04,35481.3
801668,4.71,5623.4
801675,4.23,19952.6
801690,5.78,6309.6
801691,4.74,8912.5
801702,6.18,7079.5
801708,3.27,19952.6
801709,3.1,28183.8
801714,5.45,35481.3
801726,5.02,28183.8
801733,4.52,25118.9
801734,4.67,2511.9
801735,4.41,35481.3
801772,4.7,12589.3
801776,6.1,12589.3
801786,5.27,11220.2
801795,3.44,3981.1
801799,5.17,39810.7
801806,2.5,44668.4
801810,3.87,1412.5
801811,2.53,10000.0
801815,4.22,28183.8
801820,5.47,25118.9
801822,4.5,11220.2
801825,4.57,15848.9
801835,5.25,7079.5
801837,5.52,1412.5
801841,6.28,14125.4
801842,3.6,28183.8
801861,5.78,17782.8
801864,3.83,7943.3
801866,6.28,14125.4
801871,5.47,39810.7
801876,4.03,22387.2
801878,3.99,28183.8
801879,3.16,28183.8
801891,4.55,3981.1
801893,5.69,31622.8
801895,2.01,31622.8
801898,5.21,28183.8
801910,5.41,44668.4
801913,5.6,35481.3
801917,6.03,7943.3
801947,5.77,3981.1
801948,6.24,22387.2
801957,4.39,17782.8
801960,5.55,25118.9
801971,5.89,2818.4
801972,3.4,31622.8
801984,5.86,39810.7
801988,5.76,28183.8
802002,4.49,35481.3
802015,5.01,56.2
802020,3.96,7943.3
802022,4.98,14125.4
802026,2.34,17782.8
802036,4.85,22387.2
802041,4.54,3981.1
802045,5.42,1000.0
802075,5.86,10000.0
802082,5.98,25118.9
802088,4.88,44668.4
802101,5.72,39810.7
802107,3.73,15274.4
802108,4.69,4466.8
802124,4.46,1778.3
802136,3.91,11220.2
802137,4.86,7943.3
802142,5.52,14125.4
802143,2.76,12589.3
802146,5.0,15848.9
802154,5.43,28183.8
802164,5.28,22387.2
802165,1.54,35481.3
802170,5.04,22387.2
802171,4.98,35481.3
802173,5.77,1258.9
802176,3.73,35481.3
802178,5.22,11220.2
802179,6.44,19952.6
802182,5.64,12589.3
802189,5.26,14125.4
802191,4.75,17782.8
802206,3.69,12589.3
802208,4.09,3548.1
802209,5.5,1584.9
802213,5.68,14125.4
802223,5.35,1995.3
802237,5.62,1584.9
802254,4.48,25118.9
802257,5.19,31622.8
802259,4.49,28183.8
802265,5.22,25118.9
802269,4.38,10000.0
802282,5.9,11220.2
802292,5.38,35481.3
802306,3.95,3548.1
802308,4.8,8912.5
802320,5.67,12589.3
802333,4.51,5623.4
802335,4.76,1995.3
802336,4.7,28183.8
802338,4.11,3764.6
802340,3.9,8912.5
802346,5.77,28183.8
802351,4.97,891.3
802360,5.08,39810.7
802363,3.24,7079.5
802369,5.33,18867.7
802373,5.53,7943.3
802430,5.1,12589.3
802480,2.93,14125.4
802493,4.67,39810.7
802500,5.89,12589.3
802503,5.84,11220.2
802511,5.51,28183.8
802518,4.37,2238.7
802525,6.05,281.8
802528,5.11,39810.7
802531,5.35,15848.9
802539,3.08,26651.35
802547,5.63,25118.9
802561,5.3,63.1
802573,5.08,19952.6
802574,3.98,10000.0
802582,5.61,10000.0
802584,4.59,39810.7
802593,5.53,25118.9
802606,5.9,35481.3
802612,5.86,8912.5
802618,5.46,36924.433333333334
802619,5.88,25118.9
802629,5.84,10000.0
802632,4.72,35481.3
802635,2.79,19952.6
802651,4.36,1258.9
802653,4.81,25118.9
802655,4.91,19952.6
802660,5.14,25118.9
802664,4.68,39810.7
802665,4.03,35481.3
802683,5.49,39810.7
802686,3.98,17782.8
802690,5.62,8912.5
802710,4.74,19952.6
802714,4.89,6309.6
802729,4.03,31622.8
802732,5.56,3981.1
802733,6.13,4466.8
802735,5.13,39810.7
802736,5.08,7943.3
802765,5.19,39810.7
802775,6.02,14125.4
802783,5.76,39810.7
802796,5.04,28183.8
802797,5.98,19952.6
802801,5.33,10610.1
802802,5.46,12589.3
802818,4.54,39810.7
802822,5.71,39810.7
802845,5.81,17782.8
802860,5.25,28183.8
802875,5.06,14987.15
802884,5.55,8912.5
802886,5.33,35481.3
802887,5.27,19952.6
802897,4.96,17782.8
802902,3.22,14125.4
802910,3.8,15848.9
802922,4.63,15848.9
802926,4.21,31622.8
802929,5.01,31622.8
802940,3.91,1000.0
802943,5.15,14125.4
802962,4.9,1412.5
802963,4.75,22387.2
802984,5.62,44668.4
802986,5.87,11220.2
802996,4.72,8912.5
802999,5.47,28183.8
803018,4.97,14125.4
803025,6.0,31622.8
803026,4.88,2818.4
803044,4.67,28183.8
803050,4.29,12589.3
803051,4.42,19952.6
803053,5.4,22387.2
803054,5.28,15848.9
803059,5.29,19952.6
803062,4.58,4466.8
803068,5.38,37646.0
803071,4.24,19952.6
803080,4.32,15848.9
803081,4.48,7079.5
803098,4.59,19952.6
803102,5.44,15848.9
803116,4.13,31622.8
803117,5.23,25118.9
803128,5.89,3548.1
803133,4.82,842.8
803151,4.05,25118.9
803152,5.04,8912.5
803181,5.72,35481.3
803197,4.01,11220.2
803198,5.14,22387.2
803203,4.35,22387.2
803208,2.37,39810.7
803213,4.4,10000.0
803226,6.3,3548.1
803228,3.32,9456.25
803231,5.09,14125.4
803237,5.66,31622.8
803258,4.89,28183.8
803261,4.79,2511.9
803262,5.19,17782.8
803264,3.25,14125.4
803288,5.04,8912.5
803289,6.16,2238.7
803292,4.53,23753.05
803300,5.03,14125.4
803302,5.85,44668.4
803304,5.39,15848.9
803321,3.98,39810.7
803332,5.53,14987.15
803334,4.74,15848.9
803350,3.84,25118.9
803355,4.93,35481.3
803358,5.78,22387.2
803363,5.21,8912.5
803365,4.13,44668.4
803367,5.49,7943.3
803387,4.89,25118.9
803395,5.59,1995.3
803396,5.25,11220.2
803403,5.25,4466.8
803428,5.18,2818.4
803429,2.81,39810.7
803456,4.07,13613.366666666667
803462,4.82,3981.1
803464,5.56,2238.7
803476,3.32,31622.8
803477,5.64,10000.0
803483,4.88,21169.9
803494,4.42,31622.8
803495,5.45,3548.1
803504,4.77,22387.2
803522,5.2,15848.9
803530,5.84,35481.3
803531,4.52,26651.35
803537,4.31,28183.8
803547,4.92,1412.5
803559,4.25,14125.4
803568,3.49,39810.7
803597,4.7,19952.6
803599,4.95,3162.3
803605,5.69,19952.6
803606,5.6,6309.6
803645,3.17,39810.7
803666,5.31,17782.8
803677,5.65,19952.6
803690,5.36,1000.0
803711,5.47,39810.7
803717,4.13,15848.9
803718,4.86,17782.8
803723,2.29,22387.2
803730,3.33,14125.4
803779,5.6,7943.3
803780,5.25,17782.8
803786,3.78,10610.1
803792,4.43,19952.6
803804,3.91,25118.9
803806,4.68,39810.7
803827,3.92,3548.1
803832,4.95,22387.2
803852,4.61,15848.9
803854,3.11,19952.6
803862,5.55,25.1
803867,5.14,26651.35
803887,5.3,7079.5
803892,4.63,31622.8
803893,5.04,19952.6
803917,4.54,17782.8
803934,2.74,15848.9
803939,5.51,19952.6
803952,5.33,15848.9
803960,5.52,5011.9
803983,5.54,22387.2
803987,4.04,22387.2
804003,5.88,39810.7
804022,5.31,15848.9
804029,4.69,39810.7
804050,3.77,25118.9
804073,3.54,31622.8
804076,5.2,794.3
804078,5.95,14125.4
804082,4.69,398.1
804083,3.77,28183.8
804085,4.8,794.3
804096,6.42,31622.8
804102,3.63,2511.9
804116,5.55,31622.8
804129,4.14,25118.9
804141,3.77,25118.9
804142,5.64,17782.8
804154,5.08,25118.9
804173,5.42,22387.2
804184,5.07,19952.6
804185,4.63,3548.1
804206,5.64,112.2
804208,4.73,31622.8
804210,5.27,8912.5
804214,5.4,15848.9
804215,4.79,17782.8
804221,5.46,17782.8
804234,4.86,2511.9
804236,5.11,17782.8
804240,5.12,39810.7
804241,5.26,316.2
804248,5.47,8912.5
804249,3.26,14125.4
804260,5.95,28183.8
804305,5.33,28183.8
804307,5.41,14125.4
804312,4.23,10000.0
804341,4.61,12589.3
804356,3.25,25118.9
804373,4.94,39810.7
804380,6.09,17782.8
804386,5.29,22387.2
804387,5.36,14125.4
804391,5.42,25118.9
804395,3.88,12589.3
804407,5.41,2238.7
804408,4.07,19952.6
804413,5.52,25.1
804414,4.98,25118.9
804425,5.31,39810.7
804433,5.69,35481.3
804436,4.75,19952.6
804442,6.13,31622.8
804458,4.36,31622.8
804461,3.66,14125.4
804464,3.97,1995.3
804466,4.75,15848.9
804480,4.08,29903.3
804487,5.9,39810.7
804498,4.46,31622.8
804514,5.02,35481.3
804517,6.15,39810.7
804522,5.73,10000.0
804524,2.43,31622.8
804526,3.98,44668.4
804531,4.11,25118.9
804539,4.54,2238.7
804544,3.72,14125.4
804548,4.97,8912.5
804567,4.84,44668.4
804571,4.95,39810.7
804604,5.63,7943.3
804623,4.39,15848.9
804651,5.41,12589.3
804653,4.67,28183.8
804655,3.49,31622.8
804656,5.95,14125.4
804660,4.39,31622.8
804661,5.64,18867.7
804671,5.39,5623.4
804680,4.09,39810.7
804687,5.25,19952.6
804696,3.57,19952.6
804708,5.61,11220.2
804710,4.37,19952.6
804713,4.97,39810.7
804726,6.27,39810.7
804727,2.45,14125.4
804728,4.98,19952.6
804731,5.92,11220.2
804732,3.68,2511.9
804737,4.84,31622.8
804747,5.7,8912.5
804763,3.96,35481.3
804768,4.38,10610.1
804769,4.43,17782.8
804778,3.73,1000.0
804781,5.72,31622.8
804832,5.0,1778.3
804838,4.9,11220.2
804847,4.94,35481.3
804857,5.19,10000.0
804859,6.06,17782.8
804878,5.06,5011.9
804901,4.86,15848.9
804914,2.01,15848.9
804915,4.4,11220.2
804929,3.81,22387.2
804931,5.87,12589.3
804938,5.21,19952.6
804940,4.97,31622.8
804942,3.23,14125.4
804946,4.81,5011.9
804948,4.77,42239.55
804958,4.87,31622.8
804972,4.23,25118.9
804981,3.66,17782.8
804990,4.84,5011.9
804992,5.67,31622.8
804997,3.45,14125.4
805000,5.08,50118.7
805016,5.0,44668.4
805018,4.77,31622.8
805019,3.07,35481.3
805029,4.13,39810.7
805032,4.45,25118.9
805037,4.81,26651.35
805039,3.65,28183.8
805045,5.81,14125.4
805047,5.27,17782.8
805063,4.7,14987.15
805073,5.67,8912.5
805083,3.81,1412.5
805087,5.6,25118.9
805099,4.98,15848.9
805104,4.34,25.1
805120,5.11,25118.9
805133,5.12,15848.9
805135,3.95,3548.1
805154,5.45,15848.9
805165,5.17,39810.7
805176,5.93,31622.8
805189,5.2,17782.8
805197,4.13,12589.3
805202,3.57,14125.4
805207,5.45,29903.3
805224,4.91,4466.8
805229,4.26,25118.9
805251,4.55,3162.3
805257,3.27,19952.6
805262,3.69,39810.7
805266,5.49,39810.7
805268,5.77,10000.0
805303,5.65,14125.4
805305,3.14,39810.7
805309,5.89,19952.6
805319,6.05,14125.4
805322,5.29,31622.8
805326,5.77,17782.8
805338,2.87,8912.5
805350,4.09,12589.3
805357,4.52,10000.0
805362,3.59,31622.8
805373,5.47,15848.9
805375,5.51,39810.7
805401,5.4,31622.8
805408,4.95,12589.3
805410,5.33,251.2
805412,5.87,15848.9
805415,4.49,18867.7
805419,5.61,6309.6
805425,5.39,15848.9
805431,4.65,3162.3
805432,5.46,18867.7
805437,6.27,25118.9
805443,4.83,28183.8
805449,2.16,19952.6
805455,5.88,19952.6
805460,6.13,14125.4
805469,3.3,14125.4
805478,6.99,39810.7
805485,5.41,35481.3
805489,5.32,14125.4
805490,5.79,15848.9
805496,6.16,8912.5
805497,4.15,8912.5
805516,5.05,28183.8
805521,5.18,35481.3
805523,5.88,14125.4
805535,4.64,12589.3
805542,4.45,44668.4
805560,6.51,11220.2
805568,5.79,35481.3
805574,4.83,19952.6
805589,4.72,22387.2
805595,5.56,1584.9
805601,4.89,44668.4
805636,5.66,2511.9
805638,4.95,7079.5
805640,4.53,31622.8
805644,4.08,19952.6
805650,4.57,35481.3
805663,4.99,15848.9
805685,4.56,17782.8
805692,5.6,39810.7
805698,5.01,12589.3
805700,3.63,11220.2
805721,5.52,5011.9
805726,4.4,17782.8
805733,4.43,7943.3
805742,4.62,19952.6
805743,5.15,44668.4
805746,3.65,39810.7
805755,5.4,3162.3
805757,4.3,12589.3
805785,5.29,44668.4
805786,4.68,31622.8
805788,5.62,28183.8
805802,4.23,14125.4
805809,5.2,4466.8
805822,3.99,28183.8
805847,4.85,7079.5
805851,5.85,42239.55
805862,4.89,3162.3
805863,5.13,29903.3
805866,3.55,1778.3
805868,4.79,15848.9
805876,4.25,39810.7
805881,5.16,1000.0
805903,3.75,14125.4
805910,5.03,5623.4
805928,5.62,39810.7
805938,3.33,15848.9
805946,4.04,8912.5
805959,4.7,22387.2
805985,5.58,14125.4
805994,4.11,25118.9
806004,6.38,12589.3
806008,5.23,17782.8
806026,4.26,31622.8
806029,4.74,25118.9
806037,5.18,19952.6
806038,4.02,14125.4
806043,4.27,22387.2
806051,5.27,28183.8
806058,4.22,28183.8
806065,5.36,15848.9
806082,3.84,15848.9
806086,2.83,17782.8
806116,5.65,17782.8
806117,5.94,14125.4
806131,3.71,22387.2
806135,4.94,1000.0
806140,6.5,3981.1
806146,2.96,11904.75
806148,4.7,14125.4
806152,6.53,15848.9
806156,3.54,5011.9
806163,4.66,15848.9
806165,5.92,17782.8
806174,3.73,15848.9
806175,5.09,29903.3
806180,4.84,17782.8
806183,5.55,14987.15
806184,5.05,19952.6
806186,4.24,14125.4
806188,5.04,10000.0
806190,5.51,39810.7
806197,5.35,17782.8
806201,4.41,15848.9
806221,4.77,17782.8
806222,2.77,7079.5
806235,6.24,14125.4
806256,4.12,39810.7
806268,5.48,8912.5
806269,4.91,17782.8
806273,6.12,7079.5
806274,5.12,35481.3
806294,3.25,3548.1
806303,4.69,39810.7
806311,6.08,3548.1
806317,5.07,13357.35
806327,4.62,11220.2
806336,4.18,7079.5
806343,5.5,25118.9
806345,4.52,2818.4
806346,3.9,26651.35
806354,4.95,794.3
806374,5.13,14125.4
806380,5.41,25118.9
806382,5.06,6309.6
806399,5.21,17782.8
806400,4.84,14125.4
806409,5.71,10000.0
806422,4.55,19952.6
806432,4.9,39810.7
806434,4.05,11220.2
806446,3.86,25118.9
806447,4.91,2818.4
806457,6.4,28183.8
806459,4.63,25118.9
806471,3.59,3162.3
806493,3.88,2511.9
806508,5.21,28183.8
806512,4.76,25118.9
806533,4.45,25118.9
806535,3.51,31622.8
806539,4.61,22387.2
806552,4.45,2818.4
806556,4.9,28183.8
806557,4.18,17782.8
806559,4.37,12589.3
806565,4.51,22387.2
806566,4.29,31622.8
806586,4.53,31622.8
806617,3.47,37646.0
806621,3.92,39810.7
806627,5.88,44668.4
806631,5.87,8912.5
806658,3.88,39810.7
806661,4.07,44668.4
806668,6.17,35481.3
806670,3.25,17782.8
806685,4.03,2818.4
806692,4.75,15848.9
806710,5.47,8912.5
806712,4.97,501.2
806718,5.17,15848.9
806731,5.63,3981.1
806740,5.14,25118.9
806749,3.82,10000.0
806754,4.93,22387.2
806755,3.04,1000.0
806760,2.64,28183.8
806781,5.81,14125.4
806786,5.37,25118.9
806804,4.39,3162.3
806805,3.09,25118.9
806828,5.39,14125.4
806833,4.01,25118.9
806834,5.16,1412.5
806838,3.42,44668.4
806861,4.93,22387.2
806877,4.82,12589.3
806905,4.11,11220.2
806929,2.77,1412.5
806948,1.78,8912.5
806950,2.38,28183.8
806951,5.81,39810.7
806974,4.89,25118.9
806978,5.26,3981.1
807006,5.53,28183.8
807021,5.34,14125.4
807024,6.1,8912.5
807025,4.1,17782.8
807028,4.89,31622.8
807033,4.17,1122.0
807043,5.3,19952.6
807047,4.07,39810.7
807049,4.82,39810.7
807052,3.83,25118.9
807053,3.76,39810.7
807058,4.88,39810.7
807061,5.68,8912.5
807065,4.75,19952.6
807078,5.1,11220.2
807097,5.57,1995.3
807103,4.93,19952.6
807108,5.44,891.3
807128,3.57,16815.85
807133,5.12,12589.3
807138,4.89,12589.3
807150,5.38,19952.6
807163,4.14,28183.8
807174,5.12,44668.4
807176,5.43,17782.8
807181,5.62,39810.7
807188,3.07,33552.05
807191,5.39,2818.4
807199,5.41,12589.3
807204,5.63,5623.4
807205,5.19,25118.9
807206,3.69,14125.4
807216,4.44,1995.3
807217,6.0,21169.9
807224,5.89,15848.9
807226,4.69,3981.1
807228,5.04,2511.9
807249,5.65,44668.4
807259,6.08,39810.7
807260,5.47,31622.8
807264,4.81,12589.3
807271,4.4,31622.8
807279,2.96,25118.9
807290,3.85,31622.8
807303,3.92,35481.3
807308,6.37,14125.4
807312,5.1,28183.8
807326,5.84,4466.8
807331,4.72,25118.9
807346,4.52,11220.2
807355,4.44,14125.4
807358,5.95,19952.6
807359,5.12,10000.0
807372,5.44,35481.3
807374,5.47,12589.3
807381,5.57,14125.4
807384,3.03,28183.8
807387,4.42,22387.2
807395,3.21,1995.3
807401,4.49,15848.9
807428,4.84,10000.0
807453,2.86,19952.6
807454,4.36,25118.9
807464,4.99,13357.35
807475,5.22,3162.3
807477,5.23,19952.6
807480,5.01,10000.0
807482,5.51,11220.2
807506,5.67,11220.2
807508,5.46,14125.4
807509,4.42,44668.4
807510,6.12,13357.35
807519,4.83,15848.9
807521,5.06,11220.2
807550,4.1,39810.7
807555,1.51,31622.8
807572,5.72,7943.3
807593,5.54,15848.9
807597,5.7,28183.8
807603,4.53,44668.4
807616,5.98,25118.9
807617,3.91,17782.8
807619,5.52,3548.1
807623,5.15,39810.7
807634,4.99,39810.7
807637,3.67,28183.8
807642,4.97,10000.0
807645,4.39,7943.3
807647,5.17,22387.2
807653,5.33,39810.7
807665,3.19,19952.6
807667,5.14,28183.8
807692,6.26,39810.7
807693,5.83,14125.4
807695,5.24,28183.8
807696,4.87,11220.2
807699,3.8,3162.3
807704,6.11,17782.8
807706,3.92,15848.9
807710,4.94,39810.7
807718,3.58,39810.7
807719,4.97,39810.7
807729,4.48,12589.3
807741,4.71,29903.3
807746,5.36,39810.7
807776,3.65,12589.3
807777,5.06,22387.2
807803,4.68,31622.8
807816,4.75,19952.6
807825,6.08,3764.6
807828,4.16,21169.9
807833,5.59,22387.2
807839,5.09,6309.6
807841,3.2,17782.8
807855,4.83,35481.3
807862,5.11,14987.15
807870,6.07,31622.8
807879,2.02,25118.9
807881,2.98,5011.9
807918,4.65,3548.1
807925,3.09,22387.2
807939,5.8,3981.1
807940,3.78,12589.3
807946,5.78,19952.6
807959,5.0,28183.8
807961,5.2,7943.3
807973,4.19,21169.9
807985,5.49,22387.2
807987,3.73,29903.3
807990,4.71,22387.2
807996,5.99,25118.9
808016,5.42,39810.7
808021,4.49,3981.1
808082,4.37,39810.7
808084,4.48,25118.9
808085,4.87,22387.2
808089,5.7,44668.4
808093,5.61,5317.65
808097,4.89,39810.7
808100,4.21,2511.9
808104,3.9,19952.6
808112,4.94,33552.05
808131,5.41,12589.3
808137,4.03,3548.1
808151,2.11,44668.4
808156,5.15,11220.2
808163,4.41,5623.4
808172,4.93,14125.4
808174,5.64,35481.3
808175,3.17,39810.7
808182,5.54,39810.7
808192,2.14,14987.15
808210,5.05,7943.3
808217,5.42,11904.75
808222,3.67,31622.8
808229,6.15,44668.4
808233,5.4,11904.75
808238,4.61,10000.0
808249,3.57,42239.55
808256,4.74,141.3
808260,4.9,22387.2
808267,3.94,3162.3
808270,5.28,3548.1
808273,2.76,8912.5
808281,3.46,2818.4
808282,3.46,29903.3
808294,3.53,35481.3
808301,3.17,17782.8
808340,5.22,11220.2
808341,5.86,14125.4
808349,4.78,25118.9
808353,4.79,15848.9
808367,4.28,28183.8
808368,5.84,18867.7
808372,5.16,22387.2
808378,3.73,11220.2
808389,5.06,3548.1
808392,3.76,28183.8
808393,5.34,28183.8
808395,4.65,100.0
808404,3.71,19952.6
808409,5.65,31622.8
808410,3.17,14125.4
808412,5.04,12589.3
808420,5.71,10610.1
808421,5.34,14125.4
808428,5.96,10000.0
808431,5.64,25118.9
808438,2.22,19952.6
808442,3.47,5011.9
808465,3.73,10000.0
808466,4.29,10000.0
808473,5.58,8912.5
808475,4.57,7079.5
808478,4.75,7943.3
808481,4.47,7079.5
808505,3.05,10000.0
808506,3.75,44668.4
808512,2.56,70.8
808515,4.8,7079.5
808519,5.27,39810.7
808549,4.43,44668.4
808556,6.07,891.3
808560,5.17,7943.3
808581,4.1,28183.8
808584,3.27,31622.8
808590,5.8,17782.8
808595,5.95,25118.9
808599,5.23,31622.8
808603,3.91,10000.0
808605,2.36,15848.9
808618,4.31,39810.7
808620,5.73,25118.9
808645,5.02,14125.4
808674,5.5,25118.9
808681,3.18,28183.8
808704,4.12,15848.9
808709,5.25,15848.9
808711,4.57,2238.7
808715,5.03,28183.8
808724,6.15,28183.8
808727,5.48,28183.8
808729,3.61,25118.9
808751,5.65,1000.0
808778,5.31,2238.7
808780,5.71,28183.8
808788,4.21,15848.9
808801,4.05,22387.2
808815,4.86,8912.5
808820,3.94,22387.2
808840,5.94,19952.6
808870,5.21,17782.8
808874,5.65,8912.5
808878,4.8,22387.2
808882,4.29,15848.9
808911,4.91,39810.7
808931,3.59,1778.3
808939,3.3,28183.8
808948,5.2,31622.8
808951,3.76,39810.7
808958,5.62,31622.8
808973,3.8,3162.3
808992,5.42,13357.35
808995,6.09,15848.9
808997,4.83,19952.6
809000,5.63,19952.6
809012,5.14,39810.7
809019,5.6,44668.4
809026,4.29,19952.6
809032,4.42,1122.0
809040,5.6,39810.7
809042,3.6,35481.3
809044,5.43,39810.7
809048,4.97,1778.3
809051,5.88,39810.7
809063,3.98,1122.0
809070,3.78,44668.4
809071,4.24,39810.7
809077,4.83,12589.3
809080,4.85,35481.3
809101,5.86,7079.5
809107,4.04,15848.9
809119,5.04,37646.0
809132,1.61,25118.9
809135,6.41,14125.4
809136,5.26,5011.9
809150,4.84,28183.8
809155,4.98,28183.8
809156,5.14,3548.1
809166,5.19,39810.7
809171,4.13,29903.3
809172,5.14,10000.0
809173,3.88,25118.9
809176,5.38,7943.3
809178,5.64,10000.0
809187,4.85,25118.9
809192,5.12,501.2
809198,3.98,2818.4
809202,5.65,35481.3
809206,5.71,12589.3
809213,5.46,8427.9
809218,3.02,22387.2
809224,4.62,3162.3
809241,4.63,12589.3
809257,5.87,15848.9
809269,3.36,17782.8
809271,5.62,35481.3
809278,5.49,3162.3
809281,4.83,9456.25
809295,5.27,10000.0
809296,4.16,28183.8
809307,5.97,1258.9
809311,6.05,12589.3
809312,3.86,5011.9
809313,5.32,35481.3
809317,5.7,15848.9
809321,5.89,28183.8
809327,5.12,12589.3
809331,4.13,251.2
809332,5.68,15848.9
809343,5.2,14125.4
809348,4.2,25118.9
809359,5.56,316.2
809361,5.19,25118.9
809365,2.91,2511.9
809367,5.01,21169.9
809373,5.54,14987.15
809403,4.4,1584.9
809412,4.76,14987.15
809414,3.6,31622.8
809415,5.23,223.9
809442,3.63,35481.3
809443,5.63,11220.2
809446,4.69,39810.7
809458,4.94,31622.8
809459,5.27,39810.7
809482,5.65,31622.8
809485,4.35,3548.1
809487,3.74,22387.2
809491,2.15,28183.8
809492,5.2,19952.6
809493,5.39,15848.9
809494,4.57,17782.8
809495,2.84,39810.7
809496,3.94,19952.6
809516,3.67,1122.0
809517,5.32,8912.5
809518,4.84,15848.9
809524,5.05,19952.6
809525,3.52,3981.1
809527,4.77,14125.4
809530,5.1,3981.1
809538,5.36,19952.6
809549,5.17,562.3
809560,5.36,19952.6
809563,5.73,14125.4
809579,5.15,100.0
809580,5.35,1778.3
809588,5.77,28183.8
809628,5.5,35481.3
809631,6.26,3981.1
809643,5.38,11220.2
809668,4.6,28183.8
809677,4.62,10000.0
809681,5.85,12589.3
809682,4.91,10000.0
809699,5.11,17782.8
809717,4.28,7079.5
809721,3.88,25118.9
809731,6.24,25118.9
809737,5.64,39810.7
809750,5.19,70.8
809759,4.94,25118.9
809771,5.43,39810.7
809785,3.9,22387.2
809789,3.15,17782.8
809796,3.69,15848.9
809807,5.71,794.3
809809,3.42,17782.8
809817,5.11,14125.4
809818,3.67,17782.8
809825,2.95,39810.7
809839,4.11,15848.9
809846,3.82,39810.7
809858,5.56,28183.8
809866,4.06,25118.9
809867,5.85,15848.9
809880,5.51,12589.3
809891,4.59,11220.2
809906,5.45,22387.2
809920,3.9,28183.8
809932,4.95,2818.4
809933,5.73,15848.9
809939,4.66,31622.8
809941,4.92,14125.4
809949,5.02,10610.1
809951,4.89,5011.9
809961,3.95,3162.3
809966,2.55,5011.9
809974,5.55,3981.1
809975,5.28,1778.3
809980,3.64,24208.333333333332
809983,4.33,12589.3
809995,5.41,3548.1
809996,4.62,7943.3
810002,4.97,15848.9
810022,2.11,39810.7
810033,3.25,8912.5
810036,4.11,35481.3
810041,4.22,31622.8
810045,5.75,17782.8
810047,2.97,17782.8
810055,5.9,39810.7
810070,6.18,11220.2
810079,5.68,17782.8
810088,4.68,6309.6
810094,4.56,28183.8
810095,5.71,19952.6
810104,4.09,17782.8
810110,4.7,141.3
810115,5.76,5011.9
810116,4.93,29903.3
810119,5.86,3764.6
810128,5.67,37646.0
810135,5.93,28183.8
810136,6.43,31622.8
810141,4.1,35481.3
810165,5.28,39810.7
810175,6.11,19952.6
810194,4.18,7079.5
810195,5.54,12589.3
810198,4.76,31622.8
810206,3.13,4466.8
810230,4.18,39810.7
810260,4.04,28183.8
810277,4.83,15848.9
810280,4.39,12589.3
810299,5.18,14125.4
810302,4.6,35481.3
810305,4.55,39810.7
810308,2.65,19952.6
810315,5.62,22387.2
810316,5.04,5011.9
810332,4.66,12589.3
810338,3.68,6309.6
810340,5.62,31622.8
810341,4.82,22387.2
810345,3.37,39810.7
810358,4.73,707.9
810367,5.42,10000.0
810368,2.96,12589.3
810377,5.76,10000.0
810387,4.12,5011.9
810405,4.5,22387.2
810420,5.42,39810.7
810440,5.72,14125.4
810445,6.31,35481.3
810449,2.66,19952.6
810460,5.44,39810.7
810471,3.6,25118.9
810487,3.74,11220.2
810493,5.66,15848.9
810494,4.6,15848.9
810507,4.14,31622.8
810511,5.8,31622.8
810516,5.71,15848.9
810520,4.1,39810.7
810552,5.52,14125.4
810568,4.99,10610.1
810582,5.65,14987.15
810595,5.18,15848.9
810603,4.41,28183.8
810607,5.43,19952.6
810609,5.44,316.2
810629,5.63,39810.7
810638,4.92,1778.3
810658,4.68,11220.2
810673,4.79,5011.9
810674,5.33,15848.9
810680,4.08,8912.5
810681,5.45,31622.8
810691,5.95,25118.9
810723,4.74,35481.3
810732,5.32,28183.8
810742,4.18,37646.0
810749,5.47,19952.6
810755,3.67,2238.7
810764,5.8,25118.9
810778,5.27,14125.4
810781,4.02,14125.4
810782,3.07,3162.3
810785,5.71,39810.7
810793,3.31,125.9
810798,5.84,39810.7
810799,5.91,7943.3
810800,3.94,31622.8
810812,5.53,19952.6
810828,3.88,14125.4
810840,4.75,19952.6
810843,5.52,10000.0
810851,3.19,22387.2
810853,5.47,35481.3
810862,5.4,3981.1
810873,3.31,2511.9
810887,4.85,1995.3
810898,6.07,17782.8
810918,4.78,28183.8
810939,5.25,1995.3
810940,5.95,22387.2
810942,5.84,35481.3
810952,4.5,22387.2
810959,5.06,7079.5
810963,5.61,31622.8
810980,4.83,11220.2
810988,6.13,25118.9
810992,4.76,25118.9
810999,5.57,25118.9
811001,4.12,2511.9
811002,4.68,39810.7
811004,4.37,14125.4
811008,5.25,39810.7
811011,5.92,25118.9
811017,5.57,25.1
811023,3.4,15848.9
811034,4.97,31622.8
811038,3.85,28183.8
811041,4.16,8912.5
811050,5.15,39810.7
811051,4.13,35481.3
811062,5.58,31622.8
811066,4.18,22387.2
811100,3.72,17782.8
811101,6.02,8912.5
811104,4.4,23753.05
811111,5.41,8912.5
811124,5.84,14125.4
811130,5.0,7079.5
811132,3.11,39810.7
811136,5.27,11220.2
811137,5.41,39810.7
811140,5.9,891.3
811164,3.51,1258.9
811166,4.84,10000.0
811171,2.95,15848.9
811176,5.84,13357.35
811177,4.72,12589.3
811181,4.73,17782.8
811182,4.37,7943.3
811193,4.62,3162.3
811197,5.21,15848.9
811203,4.37,14125.4
811212,5.13,25118.9
811227,6.27,11220.2
811239,5.5,19952.6
811244,5.44,25118.9
811251,5.33,31622.8
811252,3.85,25118.9
811269,3.61,39810.7
811276,5.8,2818.4
811277,6.13,44668.4
811279,3.51,17782.8
811288,4.22,7943.3
811294,5.18,11220.2
811296,5.15,14125.4
811299,5.52,44668.4
811305,5.82,15848.9
811309,5.09,446.7
811328,5.46,7079.5
811332,4.48,19952.6
811334,3.33,17782.8
811347,5.27,44668.4
811352,5.05,31622.8
811356,4.69,35481.3
811370,5.83,10000.0
811371,4.04,28183.8
811375,4.78,1584.9
811378,5.64,10000.0
811379,3.54,25118.9
811385,3.04,794.3
811413,2.83,5011.9
811424,5.11,19952.6
811439,5.85,14125.4
811440,3.93,25118.9
811447,5.29,16815.85
811463,4.62,33552.05
811482,4.83,12589.3
811494,4.28,25118.9
811499,5.32,28183.8
811512,3.19,33552.05
811513,5.05,22387.2
811563,5.9,631.0
811577,5.82,7943.3
811589,5.37,15848.9
811606,4.58,44668.4
811615,4.65,14125.4
811623,5.3,31622.8
811628,4.25,15848.9
811629,4.97,7943.3
811644,4.78,39810.7
811645,6.05,31622.8
811651,4.82,15848.9
811657,5.39,17782.8
811675,3.62,8912.5
811685,4.11,39810.7
811701,4.64,7943.3
811711,5.7,25118.9
811721,5.71,39810.7
811723,3.69,22.4
811727,2.6,9637.5
811728,3.24,25118.9
811753,4.7,17782.8
811755,4.48,39810.7
811763,5.54,177.8
811780,3.54,12589.3
811781,5.56,19952.6
811788,6.06,14125.4
811798,4.39,4466.8
811804,4.93,31622.8
811815,4.25,39810.7
811830,5.2,11220.2
811839,3.5,19952.6
811853,4.25,35481.3
811866,5.65,15848.9
811873,4.14,15848.9
811880,4.82,25118.9
811887,5.36,25118.9
811903,5.17,28183.8
811910,5.75,14125.4
811917,5.04,25118.9
811920,5.05,17782.8
811922,4.84,25118.9
811924,4.58,25118.9
811927,4.48,125.9
811935,4.87,39810.7
811941,3.97,7943.3
811945,2.99,17782.8
811948,4.94,31622.8
811964,3.34,25118.9
811968,6.04,10000.0
811970,5.27,10000.0
811972,5.1,15848.9
811976,5.71,10000.0
811978,6.71,19952.6
811983,4.87,31622.8
811990,5.57,14125.4
811993,6.06,15848.9
811994,3.85,28183.8
812005,3.96,25118.9
812007,4.1,15848.9
812021,4.39,8912.5
812022,5.86,10000.0
812024,2.88,22387.2
812025,5.38,19952.6
812048,5.24,44668.4
812055,4.59,7943.3
812058,5.36,7079.5
812062,6.0,5623.4
812096,4.65,12589.3
812115,3.61,14125.4
812117,3.92,3548.1
812126,5.26,446.7
812141,5.61,19952.6
812145,4.99,39810.7
812147,5.59,22387.2
812162,3.75,22387.2
812184,5.65,11904.75
812203,3.76,11220.2
812211,5.13,12589.3
812218,3.99,35481.3
812223,4.97,6309.6
812226,5.97,19952.6
812242,5.05,17782.8
812243,5.56,17782.8
812263,5.6,39810.7
812264,4.93,39810.7
812274,4.16,3981.1
812280,4.08,14125.4
812291,5.26,31622.8
812298,4.49,3981.1
812311,4.3,17782.8
812313,5.48,10000.0
812346,5.36,11904.75
812348,5.03,446.7
812363,3.16,2238.7
812366,5.25,12589.3
812369,5.72,35481.3
812378,5.47,25118.9
812385,4.89,6309.6
812403,5.05,7943.3
812413,4.73,1995.3
812423,6.02,15848.9
812427,6.03,39810.7
812428,4.97,14125.4
812434,3.56,1412.5
812467,5.28,8912.5
812468,4.35,28183.8
812474,4.66,44668.4
812483,6.0,19952.6
812499,5.9,15848.9
812500,5.61,14987.15
812505,6.21,12589.3
812543,5.84,28183.8
812552,3.96,17782.8
812554,4.33,14125.4
812564,5.45,44668.4
812575,2.99,12589.3
812578,5.54,5623.4
812585,3.81,8912.5
812587,4.25,794.3
812590,5.69,11220.2
812592,4.8,7079.5
812594,4.06,15848.9
812604,5.49,15848.9
812606,4.77,11904.75
812610,4.02,39810.7
812629,5.21,19952.6
812647,3.61,14125.4
812649,5.2,35481.3
812654,5.74,3548.1
812674,5.8,15848.9
812679,5.69,39810.7
812680,6.01,3548.1
812686,4.55,31622.8
812695,5.22,17782.8
812712,5.39,3162.3
812737,3.94,10000.0
812741,5.64,35481.3
812776,4.69,15848.9
812778,4.08,11220.2
812806,5.29,15848.9
812821,4.65,15848.9
812828,4.86,39810.7
812831,5.06,10000.0
812836,5.7,28183.8
812837,2.32,31622.8
812844,5.78,2818.4
812847,3.78,28183.8
812850,5.53,11220.2
812851,3.8,16815.85
812856,4.5,19952.6
812862,5.31,14125.4
812867,5.17,28183.8
812876,4.76,22387.2
812878,4.15,25118.9
812896,5.03,31622.8
812900,4.13,15848.9
812909,5.15,9456.25
812910,6.21,39810.7
812913,4.23,11220.2
812921,5.49,31622.8
812932,5.82,44668.4
812936,4.39,12589.3
812946,5.04,39810.7
812950,3.65,33552.05
812982,4.74,14125.4
812993,6.09,177.8
812999,5.44,44668.4
813008,5.15,44668.4
813011,3.6,14125.4
813041,5.79,10000.0
813045,5.77,35481.3
813047,5.59,1000.0
813075,5.06,1000.0
813087,5.6,2511.9
813092,4.79,8912.5
813094,5.22,631.0
813108,4.2,8912.5
813112,4.95,17782.8
813116,4.89,12589.3
813120,3.77,7943.3
813123,5.38,31622.8
813130,4.92,31622.8
813143,2.31,177.8
813156,3.32,29903.3
813157,4.97,39810.7
813159,3.33,18867.7
813168,4.44,39810.7
813181,4.4,25118.9
813183,5.52,7943.3
813188,4.96,17782.8
813206,3.7,21169.9
813221,3.93,31622.8
813236,4.53,7943.3
813237,5.0,11220.2
813238,5.39,19952.6
813244,5.41,11220.2
813256,4.73,3162.3
813257,5.49,39810.7
813261,3.58,12589.3
813282,4.81,11220.2
813284,3.9,25118.9
813290,4.12,25118.9
813322,5.51,19952.6
813333,5.35,17782.8
813348,4.54,1000.0
813354,4.21,39810.7
813356,4.12,15848.9
813357,3.82,3548.1
813365,4.15,12589.3
813367,5.55,44668.4
813380,5.48,31622.8
813381,4.47,15848.9
813383,3.58,31622.8
813384,5.65,7943.3
813386,4.9,14125.4
813389,4.64,31622.8
813390,4.41,5011.9
813392,4.56,17782.8
813402,6.36,15848.9
813405,5.54,14125.4
813412,3.78,25118.9
813414,4.64,11220.2
813417,5.24,7943.3
813420,5.75,31622.8
813421,4.69,19952.6
813424,3.79,39810.7
813429,4.54,31622.8
813439,4.55,1584.9
813449,4.65,17782.8
813486,5.91,39810.7
813492,5.56,39810.7
813497,3.73,8912.5
813500,4.98,14987.15
813503,5.56,23753.05
813511,5.57,31622.8
813517,5.23,2818.4
813569,4.63,19952.6
813572,4.94,39810.7
813579,3.56,2238.7
813585,4.66,1122.0
813586,5.25,11220.2
813590,5.12,10000.0
813597,5.35,13357.35
813602,4.87,39810.7
813604,3.78,39810.7
813612,5.33,15848.9
813618,5.41,28183.8
813638,4.36,2511.9
813645,5.85,39810.7
813654,5.87,4466.8
813658,4.6,12589.3
813661,3.17,12589.3
813663,4.16,2511.9
813669,6.39,3548.1
813676,5.31,1995.3
813681,5.27,1778.3
813697,5.11,19952.6
813703,4.53,14125.4
813713,5.41,22387.2
813731,3.96,7943.3
813735,3.79,15848.9
813741,4.88,3981.1
813760,5.77,28183.8
813775,5.42,31622.8
813779,3.43,3548.1
813781,5.83,11220.2
813801,4.02,12589.3
813806,4.22,11904.75
813822,4.91,39810.7
813827,5.45,35481.3
813834,4.47,35481.3
813843,4.94,19952.6
813847,5.71,15848.9
813850,5.0,707.9
813856,5.88,13357.35
813859,4.84,3162.3
813870,5.55,28183.8
813886,5.71,22387.2
813904,4.36,31622.8
813910,4.69,15848.9
813919,5.45,15848.9
813925,5.24,39810.7
813939,4.52,17782.8
813965,3.58,19952.6
813970,4.65,11220.2
813983,4.34,14125.4
814010,5.07,19952.6
814011,5.57,6309.6
814026,5.74,14125.4
814034,5.3,1122.0
814048,5.17,14125.4
814061,4.04,3162.3
814065,1.8,14125.4
814074,4.67,19952.6
814081,4.76,44668.4
814090,5.54,15848.9
814129,3.65,5011.9
814130,5.14,8912.5
814138,5.83,4466.8
814147,4.8,6309.6
814150,5.81,14125.4
814159,4.78,1584.9
814178,3.75,15848.9
814186,5.28,3548.1
814196,4.72,89.1
814199,4.72,39810.7
814207,5.48,35481.3
814221,5.01,17782.8
814224,3.75,22387.2
814227,4.06,31622.8
814230,5.53,19952.6
814234,4.2,1122.0
814250,4.59,1995.3
814251,2.4,11220.2
814253,3.52,10000.0
814257,4.34,28183.8
814258,4.86,12589.3
814272,3.72,3548.1
814273,3.49,11220.2
814284,5.44,2818.4
814293,5.01,8912.5
814309,1.77,28183.8
814311,5.34,8912.5
814334,4.44,14125.4
814336,4.67,17782.8
814345,4.69,14125.4
814360,3.74,28183.8
814372,4.95,251.2
814381,5.28,891.3
814386,4.76,39810.7
814393,6.07,141.3
814394,5.35,3162.3
814399,5.69,8912.5
814400,2.64,14125.4
814411,3.83,5011.9
814426,3.39,1995.3
814427,4.1,12589.3
814440,5.08,15848.9
814441,6.03,10000.0
814448,4.79,2818.4
814456,5.06,12589.3
814457,5.4,31622.8
814464,5.24,15848.9
814470,5.13,15848.9
814477,3.58,19952.6
814485,6.02,39810.7
814489,5.35,14125.4
814493,5.27,25118.9
814497,4.01,10000.0
814501,6.14,15848.9
814505,4.22,25118.9
814520,4.69,39810.7
814527,5.28,14125.4
814535,6.0,4466.8
814539,5.21,5623.4
814555,4.05,1995.3
814560,5.53,22387.2
814562,5.47,15848.9
814574,4.24,31622.8
814585,5.15,12589.3
814586,4.99,6309.6
814588,5.34,12589.3
814613,4.67,39810.7
814614,5.02,28183.8
814625,4.62,10000.0
814638,5.72,28183.8
814640,5.13,26651.35
814654,4.59,39810.7
814655,2.09,39810.7
814659,4.47,15848.9
814667,5.16,39810.7
814675,4.5,22387.2
814676,5.08,891.3
814677,4.76,28183.8
814711,5.77,3981.1
814715,4.19,11220.2
814720,4.02,28183.8
814735,4.73,31622.8
814736,6.08,7943.3
814737,4.03,25118.9
814738,5.88,14125.4
814739,2.77,17782.8
814752,3.56,2818.4
814755,2.54,31622.8
814758,5.66,15848.9
814761,4.24,3548.1
814762,3.86,4466.8
814765,5.58,15848.9
814770,3.64,6309.6
814784,4.1,31622.8
814796,5.23,35481.3
814802,4.37,44668.4
814812,4.99,11904.75
814820,5.33,10000.0
814839,3.75,14125.4
814847,5.12,12589.3
814855,4.9,22387.2
814865,4.85,10000.0
814868,5.35,17782.8
814870,5.41,22387.2
814879,3.69,19952.6
814888,5.49,19952.6
814903,4.05,31622.8
814906,5.3,12589.3
814912,5.54,14125.4
814925,4.79,17782.8
814946,5.61,25118.9
814947,7.55,15848.9
814949,4.51,14125.4
814956,3.96,8912.5
814961,4.8,15848.9
814982,4.2,19952.6
814983,4.95,12132.933333333332
814987,5.37,2818.4
815002,4.49,31622.8
815004,6.12,35481.3
815010,4.83,14125.4
815043,4.69,28183.8
815046,4.65,22387.2
815052,6.12,13357.35
815056,4.8,3548.1
815060,2.76,44668.4
815064,4.23,28183.8
815065,4.54,17782.8
815066,4.64,31622.8
815068,5.79,12589.3
815072,4.67,31622.8
815077,5.42,14125.4
815101,3.57,25118.9
815102,3.13,25.1
815136,4.07,31622.8
815164,5.74,3162.3
815165,4.12,10000.0
815171,5.29,19952.6
815175,5.29,25118.9
815177,4.78,12589.3
815193,4.31,39810.7
815196,3.03,14125.4
815208,5.65,19952.6
815216,2.85,35481.3
815231,4.68,28183.8
815246,5.44,22387.2
815261,4.87,28183.8
815264,4.23,1000.0
815298,4.34,17782.8
815308,4.68,28183.8
815311,4.57,1584.9
815329,3.89,1778.3
815333,4.06,316.2
815344,5.27,17782.8
815345,5.52,31622.8
815346,5.11,14987.15
815347,3.8,7079.5
815359,5.19,9275.0
815365,5.15,1412.5
815370,4.32,1995.3
815396,4.76,11220.2
815397,5.54,31622.8
815405,3.52,14125.4
815421,4.46,35481.3
815430,4.64,19952.6
815436,3.16,16815.85
815444,5.26,11904.75
815447,3.4,10000.0
815471,3.79,17782.8
815490,7.01,17782.8
815491,5.89,39810.7
815497,3.97,31622.8
815499,4.55,17782.8
815501,5.64,25118.9
815506,4.12,35481.3
815507,3.95,1258.9
815513,2.59,25118.9
815514,5.74,15848.9
815520,5.28,562.3
815522,4.91,22387.2
815524,5.13,3162.3
815533,4.36,7943.3
815548,3.84,19952.6
815558,5.18,3162.3
815564,4.25,3162.3
815573,5.43,3548.1
815595,4.99,39810.7
815608,5.44,15848.9
815610,6.19,25118.9
815611,5.54,25118.9
815618,4.73,4466.8
815624,4.7,17782.8
815630,4.32,17782.8
815648,4.1,31622.8
815672,5.26,10000.0
815674,4.65,28183.8
815682,5.57,23753.05
815691,4.48,39810.7
815693,5.47,28183.8
815704,4.88,11220.2
815720,3.55,15848.9
815732,4.88,39810.7
815735,4.41,10000.0
815766,5.35,14125.4
815782,3.98,28183.8
815796,4.1,44668.4
815800,5.61,29903.3
815807,6.01,223.9
815826,3.94,14125.4
815834,5.29,31622.8
815839,4.43,354.8
815858,5.09,41429.933333333334
815870,5.73,44668.4
815878,4.73,1258.9
815887,4.72,25118.9
815896,5.43,10000.0
815917,4.88,44668.4
815926,5.42,28183.8
815930,4.55,39810.7
815942,5.17,25118.9
815954,3.87,22387.2
815963,6.17,14125.4
815986,5.35,10000.0
815991,4.4,17782.8
815996,4.27,25118.9
816005,5.63,25118.9
816010,6.27,19952.6
816015,6.16,10000.0
816020,5.85,11220.2
816026,4.83,15848.9
816032,5.34,281.8
816035,5.14,15848.9
816039,5.39,19952.6
816042,4.42,19952.6
816044,6.13,2238.7
816051,5.86,8912.5
816069,5.68,25118.9
816084,4.98,12589.3
816097,4.71,3981.1
816108,5.63,44668.4
816112,4.79,31622.8
816115,5.86,31622.8
816119,5.68,28183.8
816121,4.86,14125.4
816122,3.93,22387.2
816123,4.74,17782.8
816132,4.4,25118.9
816136,5.72,39810.7
816142,4.81,39810.7
816149,4.32,25118.9
816150,6.04,8427.9
816156,4.05,25118.9
816165,4.61,15848.9
816182,4.5,22387.2
816190,3.5,39810.7
816194,2.11,31622.8
816200,4.68,39810.7
816211,3.82,10000.0
816212,3.47,35481.3
816219,3.69,14125.4
816222,5.26,22387.2
816242,4.68,6309.6
816243,4.99,22387.2
816250,5.55,39810.7
816251,3.64,25118.9
816252,4.77,31622.8
816253,5.78,15848.9
816261,5.53,6309.6
816265,5.6,891.3
816273,2.41,25118.9
816289,4.38,2818.4
816310,5.43,5623.4
816312,4.47,39810.7
816315,5.53,14125.4
816322,5.68,13357.35
816328,3.82,25118.9
816331,4.09,12589.3
816338,5.63,15848.9
816339,4.76,29903.3
816353,5.33,35481.3
816355,4.67,31622.8
816357,5.09,39810.7
816365,3.66,14125.4
816402,5.66,16815.85
816404,5.5,28183.8
816414,5.8,25118.9
816419,5.15,39810.7
816422,4.14,22387.2
816423,4.41,35481.3
816424,4.67,17782.8
816425,4.8,22387.2
816436,3.56,13357.35
816449,4.19,39810.7
816457,5.75,28183.8
816467,5.63,22387.2
816473,3.79,23753.05
816475,4.65,19952.6
816479,5.67,3981.1
816482,5.79,12589.3
816483,5.69,31622.8
816485,4.33,7079.5
816509,4.67,19952.6
816547,5.73,16815.85
816551,5.45,19952.6
816586,3.77,22387.2
816615,3.32,22387.2
816620,5.86,12589.3
816641,5.6,28183.8
816645,5.47,17782.8
816646,5.48,15848.9
816659,3.93,28183.8
816684,4.93,19952.6
816687,4.15,11220.2
816688,4.9,10000.0
816699,5.2,18867.7
816701,4.22,44668.4
816704,5.13,28183.8
816729,5.68,3981.1
816735,5.47,14125.4
816745,4.19,28183.8
816752,6.3,28183.8
816765,3.28,39810.7
816771,6.11,29903.3
816773,5.55,7943.3
816776,3.59,17782.8
816777,4.46,26651.35
816785,5.14,39810.7
816797,5.27,11220.2
816808,2.9,31622.8
816836,3.99,11220.2
816840,4.85,14125.4
816866,4.61,25118.9
816873,4.53,31622.8
816875,5.26,25118.9
816883,3.18,22387.2
816888,5.99,19952.6
816895,4.49,3548.1
816900,2.95,5011.9
816912,5.47,22387.2
816926,5.63,35481.3
816929,5.53,17782.8
816931,5.26,17782.8
816934,5.02,39810.7
816937,3.95,14125.4
816938,5.79,354.8
816940,3.36,3548.1
816942,5.52,8912.5
816943,5.84,28183.8
816961,4.89,15848.9
816971,5.13,14125.4
816980,5.35,15848.9
817008,5.92,25118.9
817018,6.02,28183.8
817026,4.83,79.4
817027,5.49,7079.5
817045,3.6,39810.7
817046,4.92,28183.8
817050,5.37,2511.9
817053,5.9,35481.3
817070,3.51,28183.8
817073,5.05,22387.2
817081,4.19,39810.7
817090,3.79,7079.5
817100,5.86,12589.3
817105,4.45,3548.1
817122,3.42,14125.4
817138,5.66,8912.5
817150,4.29,1995.3
817167,5.86,14125.4
817171,5.23,3548.1
817177,3.74,25118.9
817188,4.45,22387.2
817190,4.87,44668.4
817210,5.56,28183.8
817223,5.41,15848.9
817233,4.93,10000.0
817259,6.01,15848.9
817262,5.54,17782.8
817277,3.64,25118.9
817287,4.2,15848.9
817303,5.48,12589.3
817308,5.88,1778.3
817321,5.15,15848.9
817331,3.95,31622.8
817358,6.22,44668.4
817360,4.5,2818.4
817366,4.2,44668.4
817368,4.14,22387.2
817369,5.45,23753.05
817376,6.25,15848.9
817377,4.91,25.1
817388,5.71,1122.0
817396,3.93,44668.4
817402,5.7,22387.2
817404,4.34,2511.9
817414,3.4,25118.9
817422,5.5,31622.8
817425,5.88,15848.9
817427,5.16,25118.9
817440,4.65,3162.3
817448,6.09,14125.4
817453,3.67,28183.8
817454,3.31,1000.0
817465,5.52,25118.9
817470,5.46,17782.8
817477,5.59,17782.8
817479,4.68,11220.2
817480,3.0,14125.4
817485,3.97,22387.2
817488,5.19,39810.7
817489,5.58,39810.7
817495,4.19,25118.9
817501,4.99,31622.8
817506,3.48,28183.8
817509,5.39,25118.9
817511,5.17,11220.2
817516,3.37,15848.9
817548,4.96,15848.9
817550,4.68,19952.6
817558,4.28,15848.9
817574,5.71,14125.4
817583,4.86,17782.8
817598,4.05,7943.3
817600,3.78,28183.8
817603,5.21,8912.5
817608,4.61,39810.7
817612,4.56,7079.5
817615,5.82,15848.9
817634,3.63,39810.7
817638,6.05,15848.9
817643,4.13,25.1
817652,4.87,12589.3
817659,2.96,39810.7
817666,5.33,1995.3
817667,4.22,25118.9
817671,5.02,25118.9
817674,5.24,12589.3
817722,5.48,31622.8
817727,2.77,31622.8
817728,2.93,12589.3
817730,5.4,35481.3
817733,4.99,2238.7
817750,5.61,25118.9
817758,4.65,15848.9
817763,4.49,22387.2
817776,5.12,3162.3
817778,5.39,5011.9
817784,4.97,8912.5
817796,4.02,4466.8
817837,4.72,44668.4
817848,3.82,14125.4
817849,4.73,7943.3
817886,5.35,1995.3
817896,5.45,35481.3
817897,5.0,2238.7
817902,5.83,25118.9
817903,5.77,44668.4
817908,4.77,15848.9
817914,4.42,35481.3
817915,3.46,15848.9
817916,5.63,2818.4
817930,4.1,3419.5
817936,5.93,794.3
817939,5.91,10000.0
817949,5.79,7943.3
817960,5.71,11220.2
817963,5.41,5011.9
817977,4.83,31622.8
817987,5.54,8912.5
817992,5.39,19952.6
817995,6.49,25118.9
818000,5.66,15848.9
818001,5.8,14125.4
818003,5.42,17782.8
818006,6.12,39810.7
818007,4.99,1584.9
818014,5.77,891.3
818019,3.93,39810.7
818032,5.45,794.3
818033,5.84,9456.25
818035,5.79,7079.5
818040,5.16,44668.4
818044,5.67,11220.2
818050,5.04,31622.8
818052,5.33,10000.0
818055,5.27,28183.8
818058,5.36,14125.4
818068,5.89,19952.6
818071,3.03,25118.9
818072,5.86,14125.4
818079,4.24,35481.3
818081,4.31,28183.8
818099,5.71,3162.3
818101,4.92,8912.5
818124,5.12,2511.9
818128,5.01,17782.8
818133,5.96,22387.2
818136,5.77,10000.0
818140,5.28,31622.8
818152,5.83,25118.9
818156,6.0,5623.4
818160,4.73,4466.8
818161,5.55,6309.6
818169,6.62,31622.8
818170,5.92,4466.8
818174,6.07,23753.05
818186,4.74,35481.3
818196,4.83,19952.6
818199,5.53,22387.2
818214,5.41,223.9
818218,5.5,12589.3
818230,6.27,19952.6
818238,5.93,1000.0
818262,4.8,19952.6
818267,4.98,31622.8
818272,6.21,10000.0
818283,4.91,10000.0
818285,5.19,446.7
818289,5.05,1122.0
818290,5.71,7079.5
818295,4.59,19952.6
818298,4.58,31622.8
818313,5.56,17782.8
818314,5.01,14125.4
818317,3.61,15848.9
818352,5.03,11220.2
818355,5.49,2511.9
818357,5.89,3162.3
818358,5.4,31.6
818359,4.73,25118.9
818360,5.97,10000.0
818374,7.24,35481.3
818378,5.72,39810.7
818395,5.44,11220.2
818399,6.47,21169.9
818405,5.44,11904.75
818406,4.99,22387.2
818409,5.79,7079.5
818413,5.52,12589.3
818423,5.12,5011.9
818428,5.67,39810.7
818442,5.8,14125.4
818444,6.12,25118.9
818451,5.93,3981.1
818452,6.29,28183.8
818453,4.99,707.9
818454,5.04,10000.0
818457,5.23,891.3
818465,5.46,2818.4
818466,5.56,3548.1
818468,5.74,2818.4
818470,5.4,44668.4
818472,6.0,15848.9
818479,5.68,8912.5
818484,5.57,25118.9
818485,5.74,10000.0
818490,4.5,31622.8
818493,5.61,13357.35
818496,5.88,7079.5
818499,5.13,5011.9
818502,5.38,28183.8
818507,5.38,14125.4
818509,5.52,39810.7
818515,5.91,7943.3
818524,5.88,44668.4
818526,5.58,44668.4
818529,6.05,562.3
818539,5.15,22387.2
818540,5.82,15848.9
818541,4.78,2818.4
818550,5.73,22387.2
818559,5.47,707.9
818568,5.38,28183.8
818578,5.92,14125.4
818582,6.78,39810.7
818589,5.35,8912.5
818596,5.91,19952.6
818605,2.36,35481.3
818610,4.96,19952.6
818619,6.06,631.0
818624,5.42,25118.9
818626,5.59,11220.2
818629,6.16,15848.9
818630,5.33,891.3
818636,5.64,39810.7
818642,4.75,14125.4
818643,6.02,15848.9
818653,5.1,1412.5
818655,5.42,10000.0
818669,5.65,22387.2
818691,5.92,14125.4
818693,5.58,12589.3
818721,5.66,31622.8
818732,5.53,39810.7
818741,5.49,19952.6
818742,4.54,100.0
818743,6.07,707.9
818750,5.67,14125.4
818753,5.71,39810.7
818765,4.71,562.3
818769,5.34,11220.2
818784,5.88,39810.7
818794,5.53,12589.3
818804,5.99,7079.5
818805,5.63,7943.3
818808,4.56,3981.1
818813,6.47,1778.3
818829,5.69,25.1
818831,6.28,44668.4
818843,5.47,15848.9
818845,4.5,39810.7
818851,5.59,10000.0
818876,6.75,35481.3
818881,5.66,6309.6
818883,6.14,28183.8
818884,6.33,12589.3
818888,5.99,31622.8
818890,5.51,1778.3
818902,5.4,14125.4
818906,5.87,22387.2
818912,6.11,31622.8
818917,5.11,1122.0
818924,5.14,3981.1
818927,5.56,501.2
818931,5.63,19952.6
818936,4.99,23753.05
818941,3.72,1995.3
818945,5.64,19952.6
818947,5.79,15848.9
818971,5.03,39810.7
818974,5.5,15848.9
818976,5.79,15848.9
818980,4.41,10000.0
818982,5.04,37646.0
818995,5.9,5011.9
819006,4.94,19952.6
819014,5.49,7079.5
819015,6.17,39810.7
819040,5.7,10000.0
819044,5.91,39810.7
819060,5.39,31622.8
819061,5.06,11220.2
819068,5.41,35481.3
819072,5.43,11220.2
819076,5.11,25118.9
819082,5.36,22387.2
819096,4.4,1000.0
819098,5.64,39810.7
819101,6.04,17782.8
819107,5.89,14125.4
819118,5.93,19952.6
819122,5.44,15848.9
819129,6.06,5623.4
819130,5.49,8912.5
819135,5.11,10000.0
819143,5.83,8912.5
819146,5.62,3981.1
819151,5.69,39810.7
819157,5.99,13357.35
819158,6.06,25118.9
819159,3.72,25118.9
819171,5.26,44668.4
819172,4.33,19952.6
819173,6.42,28183.8
819184,5.67,44668.4
819193,5.03,15848.9
819206,5.85,14125.4
819208,5.25,3981.1
819209,2.98,31622.8
819234,5.41,25118.9
819240,6.22,7079.5
819255,5.73,31622.8
819258,5.46,19952.6
819261,5.59,19952.6
819266,5.7,7943.3
819272,4.4,1995.3
819273,6.09,10000.0
819274,5.02,22387.2
819276,5.93,19952.6
819285,5.67,15848.9
819290,5.31,19952.6
819310,5.88,15848.9
819317,6.19,3548.1
819324,6.07,12589.3
819330,5.33,6309.6
819344,5.67,8912.5
819350,5.7,11220.2
819354,4.45,39810.7
819369,3.14,8912.5
819373,6.35,22387.2
819378,4.6,28183.8
819380,5.64,39810.7
819384,5.92,11220.2
819391,5.46,8427.9
819392,5.82,12589.3
819405,5.05,7943.3
819406,5.29,25118.9
819408,5.32,44668.4
819409,5.1,14125.4
819410,5.12,28183.8
819413,5.43,17782.8
819422,6.1,31622.8
819431,5.37,14125.4
819432,4.91,3981.1
819443,5.89,14125.4
819445,6.0,17782.8
819446,4.7,2818.4
819449,3.99,12589.3
819450,3.73,35481.3
819456,5.71,44668.4
819457,4.37,31622.8
819458,6.34,1498.7
819470,5.18,13357.35
819478,5.81,35481.3
819483,6.11,3548.1
819488,5.73,3162.3
819495,5.31,22387.2
819498,3.86,17782.8
819508,5.03,17782.8
819516,5.7,15848.9
819518,5.74,5011.9
819521,4.87,3981.1
819525,5.9,19952.6
819530,5.12,10000.0
819535,5.51,4466.8
819536,4.73,3981.1
819544,5.44,10000.0
819548,5.48,8912.5
819549,5.92,7079.5
819551,6.08,14125.4
819553,6.0,14987.15
819558,5.14,25118.9
819560,5.32,11220.2
819562,5.87,12589.3
819572,5.29,29903.3
819582,7.21,35481.3
819591,5.02,199.5
819601,5.61,22387.2
819602,6.46,10000.0
819606,5.71,15848.9
819611,5.69,5623.4
819612,4.62,1412.5
819615,5.43,22387.2
819648,6.02,19952.6
819654,5.85,2238.7
819656,5.7,12589.3
819663,5.57,28183.8
819665,5.36,39810.7
819666,6.26,39810.7
819671,4.8,1122.0
819675,5.81,14125.4
819682,5.67,44.7
819691,5.85,15848.9
819706,5.58,35481.3
819719,4.78,15848.9
819721,5.19,2511.9
819722,4.96,707.9
819742,5.13,2511.9
819750,6.06,8912.5
819758,5.89,1258.9
819779,5.19,39810.7
819780,5.7,7943.3
819782,6.35,31622.8
819784,6.09,1995.3
819798,6.06,7943.3
819808,5.16,28183.8
819816,6.18,17782.8
819826,5.67,6309.6
819827,5.32,39810.7
819828,5.1,223.9
819840,6.16,15848.9
819847,5.89,10000.0
819850,4.37,12589.3
819852,5.05,8912.5
819854,5.85,3548.1
819877,5.03,3162.3
819878,5.14,15848.9
819883,4.95,35481.3
819889,5.08,562.3
819891,5.78,17782.8
819902,5.82,3548.1
819904,5.55,25118.9
819907,5.61,31622.8
819911,5.83,29903.3
819927,6.42,15848.9
819932,5.35,28183.8
819936,5.89,44668.4
819961,5.35,5011.9
819966,5.6,7079.5
819982,5.74,13357.35
820004,6.34,10000.0
820008,6.59,39810.7
820010,5.86,446.7
820015,5.37,15848.9
820017,5.73,25118.9
820020,4.89,12589.3
820028,5.05,12589.3
820037,6.71,1258.9
820051,6.02,39810.7
820052,5.88,28183.8
820053,5.7,28183.8
820054,2.54,39810.7
820057,5.63,39810.7
820064,5.12,14125.4
820068,5.93,22387.2
820070,5.22,15848.9
820073,5.48,28183.8
820083,4.94,35481.3
820089,5.91,35481.3
820103,4.66,12589.3
820104,5.45,9456.25
820106,5.02,28183.8
820111,5.29,19952.6
820124,5.21,14125.4
820126,5.87,3981.1
820143,5.72,31622.8
820148,5.36,25118.9
820151,3.0,39810.7
820152,5.46,31622.8
820155,5.46,15848.9
820169,6.21,39810.7
820172,6.03,19952.6
820181,6.52,14125.4
820184,5.08,14125.4
820187,5.85,11904.75
820188,4.63,5011.9
820189,5.9,15848.9
820205,4.91,5623.4
820208,5.5,28183.8
820217,6.21,15848.9
820241,5.2,37646.0
820243,5.8,28183.8
820249,5.51,3548.1
820257,5.04,25118.9
820269,5.71,19952.6
820272,5.24,17782.8
820273,5.06,8912.5
820280,5.01,12589.3
820284,5.79,10000.0
820290,6.06,31622.8
820308,3.6,31622.8
820310,4.61,7943.3
820318,5.55,22387.2
820321,5.69,16815.85
820331,5.37,10000.0
820337,5.24,1412.5
820339,5.92,35481.3
820354,4.88,28183.8
820359,4.0,16815.85
820371,5.44,22387.2
820378,4.85,7943.3
820387,3.17,354.8
820397,5.56,44668.4
820415,4.78,177.8
820420,5.87,7943.3
820424,4.67,19952.6
820426,5.35,1584.9
820428,4.61,17782.8
820431,4.46,10000.0
820441,4.99,19952.6
820446,6.25,25118.9
820450,5.48,17782.8
820453,5.52,28183.8
820463,5.82,14125.4
820468,5.42,2511.9
820474,5.36,17782.8
820496,5.55,14125.4
820500,6.0,44668.4
820502,5.69,14125.4
820515,5.79,25118.9
820530,6.08,28183.8
820535,5.13,8912.5
820546,6.01,28183.8
820554,5.09,7079.5
820557,5.63,2238.7
820565,5.85,3548.1
820570,5.44,39810.7
820575,4.81,35481.3
820579,5.66,39810.7
820585,5.88,39810.7
820591,5.58,3981.1
820594,5.63,25.1
820599,4.6,14125.4
820602,6.09,39810.7
820603,4.46,14125.4
820607,3.79,6309.6
820610,6.03,17782.8
820632,4.99,14125.4
820642,5.22,223.9
820660,6.12,22387.2
820669,3.11,39810.7
820672,5.71,17782.8
820677,5.18,199.5
820689,5.65,5011.9
820690,5.24,22387.2
820701,5.16,707.9
820710,5.93,11220.2
820711,5.75,39810.7
820713,5.44,7079.5
820715,4.75,31622.8
820720,5.27,3548.1
820721,5.73,28183.8
820749,5.7,35481.3
820768,5.97,22387.2
820778,5.77,35481.3
820783,5.95,15848.9
820787,5.4,39810.7
820793,4.49,11220.2
820803,5.8,223.9
820806,1.76,8912.5
820808,5.21,15848.9
820816,5.79,2818.4
820819,4.54,28183.8
820820,5.67,31622.8
820823,5.59,28183.8
820829,5.4,39810.7
820832,4.81,12589.3
820836,5.1,22387.2
820837,5.7,17782.8
820849,5.71,39810.7
820851,6.02,26651.35
820860,5.33,4466.8
820861,5.33,1584.9
820867,5.93,14125.4
820870,6.48,112.2
820874,5.08,10000.0
820878,5.4,19952.6
820887,6.22,7943.3
820888,5.06,562.3
820892,5.72,12589.3
820897,5.72,44668.4
820900,5.92,14125.4
820916,5.6,39810.7
820922,5.89,26651.35
820929,4.65,44668.4
820934,1.93,12589.3
820935,5.36,14125.4
820945,5.35,28183.8
820962,5.56,7943.3
820965,6.49,17782.8
820974,4.32,21169.9
820975,4.92,3162.3
820976,5.6,31622.8
820980,5.65,25118.9
820993,4.53,1995.3
820994,5.21,15848.9
820995,5.65,6309.6
820999,5.66,14125.4
821000,5.42,3355.2
821012,4.86,15848.9
821024,5.06,10000.0
821031,5.07,35481.3
821054,5.05,177.8
821058,6.26,3548.1
821059,6.65,891.3
821070,5.75,1000.0
821075,5.99,22387.2
821077,5.68,22387.2
821079,5.71,31622.8
821081,5.87,3981.1
821098,5.94,14125.4
821099,5.98,7511.4
821103,5.78,15848.9
821109,6.93,39810.7
821118,5.16,13357.35
821123,5.39,19952.6
821131,5.43,28183.8
821136,5.57,1995.3
821144,3.66,35481.3
821148,5.67,15848.9
821151,5.79,8912.5
821154,4.21,21169.9
821161,4.43,17782.8
821163,5.96,12589.3
821186,5.28,1995.3
821191,5.1,39810.7
821197,6.07,15848.9
821199,5.43,10000.0
821205,5.85,3162.3
821210,4.43,17782.8
821216,5.74,14125.4
821219,5.65,22387.2
821221,5.56,7943.3
821234,6.42,14125.4
821253,5.45,15848.9
821254,4.71,125.9
821255,5.92,14125.4
821280,4.51,22387.2
821284,5.2,23753.05
821297,5.12,11220.2
821298,5.66,14125.4
821316,5.79,35481.3
821326,5.56,4466.8
821355,3.75,2511.9
821356,5.44,1584.9
821359,5.36,11220.2
821362,4.99,3981.1
821363,4.98,5623.4
821364,3.48,25118.9
821380,5.48,39810.7
821385,5.57,7943.3
821387,6.61,70.8
821401,4.26,14125.4
821409,5.78,44668.4
821417,5.57,15848.9
821422,5.74,15848.9
821425,4.18,12589.3
821427,5.79,44668.4
821428,4.36,25118.9
821432,5.36,19952.6
821434,5.57,19952.6
821439,4.6,14125.4
821453,5.72,19952.6
821455,4.42,18867.7
821460,4.89,28183.8
821461,5.91,35481.3
821462,6.01,11220.2
821470,4.78,12589.3
821473,5.42,4466.8
821482,6.19,31622.8
821493,4.1,15848.9
821495,5.55,3548.1
821511,5.38,22387.2
821517,5.49,31622.8
821518,6.67,1584.9
821521,5.21,28183.8
821529,4.94,25118.9
821537,2.26,22387.2
821540,5.73,2511.9
821551,5.7,17782.8
821553,5.3,17782.8
821556,5.64,25118.9
821557,5.32,17782.8
821559,5.07,8912.5
821567,5.63,19952.6
821574,5.46,14125.4
821575,5.84,8912.5
821579,6.09,17782.8
821580,5.7,631.0
821582,4.51,22387.2
821598,4.76,22387.2
821606,6.23,39810.7
821609,4.4,15848.9
821610,5.83,17782.8
821611,5.35,39810.7
821614,5.61,11904.75
821617,5.4,2511.9
821628,5.18,14987.15
821630,4.52,19952.6
821633,6.27,12589.3
821635,3.84,39810.7
821643,5.45,25118.9
821644,5.69,35481.3
821645,4.88,199.5
821654,4.83,707.9
821659,5.8,2238.7
821663,5.15,25118.9
821666,4.86,25118.9
821670,5.62,10610.1
821672,5.44,8912.5
821673,4.93,35481.3
821675,5.23,25.1
821678,4.08,16815.85
821679,5.63,11220.2
821699,5.66,5011.9
821702,5.72,31622.8
821711,6.0,12589.3
821715,5.13,12589.3
821729,5.1,39810.7
821731,6.17,22387.2
821741,5.8,17782.8
821754,5.69,501.2
821756,5.56,15848.9
821757,5.65,1258.9
821760,4.17,8912.5
821770,2.97,44668.4
821771,5.36,11220.2
821772,5.03,19952.6
821773,5.35,44668.4
821774,5.82,12589.3
821777,5.86,14125.4
821781,5.15,8912.5
821785,4.78,39810.7
821793,5.36,3162.3
821795,5.51,39810.7
821805,5.15,9456.25
821807,5.75,17782.8
821814,5.39,7079.5
821828,5.45,15848.9
821831,5.52,11220.2
821836,5.48,11220.2
821841,5.31,15848.9
821843,4.3,13357.35
821844,4.98,28183.8
821845,5.66,14125.4
821846,5.51,1584.9
821847,5.99,18867.7
821848,4.8,28183.8
821850,5.06,7943.3
821852,5.43,11220.2
821855,5.41,39810.7
821857,5.62,631.0
821859,5.72,1258.9
821877,5.87,10000.0
821880,5.39,11220.2
821886,4.76,17782.8
821890,5.54,37646.0
821892,5.48,12589.3
821903,4.06,35481.3
821907,5.04,25118.9
821928,4.34,11220.2
821939,4.02,28183.8
821956,5.55,5011.9
821983,4.56,2818.4
821989,5.2,17782.8
821991,5.86,31622.8
822004,5.83,10610.1
822005,5.87,11220.2
822008,5.19,14125.4
822014,5.31,29903.3
822015,5.13,125.9
822024,6.39,4466.8
822029,6.45,39810.7
822033,5.75,17782.8
822056,5.87,15848.9
822073,5.36,11220.2
822086,5.58,28183.8
822102,4.99,2511.9
822106,5.69,35481.3
822122,5.59,1000.0
822125,5.77,125.9
822132,5.58,1995.3
822143,6.22,15848.9
822146,3.84,1412.5
822158,5.68,28.2
822165,5.07,28183.8
822169,5.56,891.3
822171,5.32,17782.8
822182,4.8,11220.2
822197,6.24,10000.0
822209,5.86,8912.5
822214,5.77,3548.1
822222,5.04,281.8
822223,5.65,44.7
822228,4.31,19952.6
822230,5.62,17782.8
822233,5.67,562.3
822234,3.75,10000.0
822244,6.2,8912.5
822250,5.64,177.8
822256,5.49,25118.9
822258,5.09,12589.3
822259,6.04,17782.8
822267,3.63,39810.7
822275,5.78,8912.5
822278,5.1,28183.8
822281,4.64,35481.3
822282,5.73,7079.5
822286,5.88,12589.3
822299,5.49,35481.3
822302,5.32,707.9
822308,6.09,12589.3
822318,4.9,31622.8
822319,5.14,25118.9
822332,5.91,28183.8
822339,5.59,14125.4
822340,3.12,316.2
822359,4.58,17782.8
822365,6.2,39810.7
822368,5.5,15848.9
822377,5.87,2511.9
822381,5.09,28183.8
822382,5.75,19952.6
822388,5.38,44668.4
822390,5.54,177.8
822399,4.72,28183.8
822406,5.8,14125.4
822411,5.22,7943.3
822414,6.13,707.9
822417,5.76,17782.8
822426,5.82,14125.4
822433,4.87,2238.7
822434,6.03,10000.0
822436,5.72,10000.0
822439,5.46,25118.9
822443,4.78,17782.8
822458,4.51,44668.4
822460,5.08,125.9
822466,4.93,19952.6
822471,4.59,35481.3
822477,6.07,39810.7
822479,6.03,22387.2
822480,6.21,10000.0
822489,4.29,14125.4
822497,3.64,8912.5
822504,5.4,17782.8
822510,6.1,794.3
822525,4.97,4466.8
822528,5.61,42239.55
822544,4.91,29903.3
822552,6.99,4466.8
822553,3.97,31622.8
822559,5.6,7943.3
822562,6.34,2100.0
822567,4.2,39810.7
822575,4.13,19952.6
822577,5.41,17138.166666666668
822579,5.78,19952.6
822584,3.84,11220.2
822590,4.74,15848.9
822593,2.08,28183.8
822615,4.59,11220.2
822641,6.21,15848.9
822647,4.32,15848.9
822649,5.49,15848.9
822651,5.55,17782.8
822677,5.1,10000.0
822682,5.29,22387.2
822689,5.17,3981.1
822700,4.91,28183.8
822708,4.06,19952.6
822710,4.47,14125.4
822715,4.97,35481.3
822716,4.28,2818.4
822725,4.71,12589.3
822729,3.6,7943.3
822738,5.54,15848.9
822739,3.55,35481.3
822741,5.58,10000.0
822785,5.43,25118.9
822793,4.34,3981.1
822794,5.19,10000.0
822809,4.41,17782.8
822811,5.73,12589.3
822815,4.33,8912.5
822816,5.27,11220.2
822817,4.53,18867.7
822820,4.42,31622.8
822821,5.28,22387.2
822823,3.67,10000.0
822827,4.22,39810.7
822834,3.51,28183.8
822841,3.9,15848.9
822867,2.85,17782.8
822874,4.12,5623.4
822880,6.14,8912.5
822894,2.36,28183.8
822895,4.28,12589.3
822906,5.14,2511.9
822909,5.48,35481.3
822910,5.48,2238.7
822924,4.94,14125.4
822929,4.64,22387.2
822930,6.27,891.3
822932,5.08,29903.3
822954,6.19,15848.9
822958,1.83,28183.8
822960,4.3,3548.1
822961,2.51,25118.9
822994,5.53,22387.2
823005,3.86,13357.35
823018,3.36,12589.3
823021,4.45,15848.9
823027,4.64,25118.9
823050,4.95,35481.3
823052,5.73,13357.35
823054,4.78,35481.3
823058,4.66,11220.2
823066,4.61,28183.8
823073,4.18,14125.4
823075,3.83,26651.35
823077,3.64,11220.2
823094,5.84,39810.7
823095,5.83,25118.9
823098,4.61,39810.7
823117,5.8,23753.05
823123,4.15,35481.3
823124,4.0,3981.1
823125,4.71,39810.7
823128,5.3,11220.2
823131,5.23,25118.9
823133,5.19,19952.6
823155,5.29,6309.6
823159,6.01,22387.2
823166,5.74,17782.8
823167,5.77,7511.4
823168,5.86,39810.7
823173,4.86,5011.9
823174,5.0,11220.2
823179,3.48,39810.7
823183,4.71,18867.7
823200,4.87,1778.3
823202,5.44,14125.4
823217,4.64,1122.0
823222,6.43,28183.8
823227,3.63,10000.0
823229,4.84,25118.9
823246,3.66,14987.15
823256,4.8,14125.4
823270,4.0,1000.0
823285,5.8,25118.9
823307,4.33,22387.2
823316,4.74,14125.4
823322,4.53,31622.8
823336,5.11,12589.3
823340,5.88,1778.3
823343,5.54,3162.3
823344,5.38,7943.3
823347,6.08,31622.8
823362,5.3,5623.4
823365,7.06,22387.2
823370,5.25,26651.35
823376,4.01,15848.9
823381,1.72,7943.3
823382,3.85,28183.8
823385,5.41,35481.3
823389,4.37,31622.8
823397,3.71,17782.8
823400,3.91,17782.8
823401,4.7,28183.8
823408,5.72,22387.2
823416,5.39,19952.6
823426,5.25,22387.2
823427,2.81,19952.6
823439,5.64,44668.4
823440,3.09,100.0
823479,4.3,10000.0
823482,5.36,11220.2
823490,4.9,21169.9
823496,5.44,15848.9
823497,5.92,25118.9
823515,4.97,11220.2
823519,4.93,2238.7
823525,5.86,3981.1
823528,4.02,15848.9
823534,5.39,631.0
823538,5.23,6309.6
823548,5.55,39810.7
823551,3.86,35481.3
823567,2.37,28183.8
823577,5.79,31622.8
823578,5.6,28183.8
823585,4.45,10000.0
823601,4.07,1584.9
823609,2.6,5011.9
823614,4.14,37646.0
823620,4.78,6309.6
823622,4.98,11220.2
823628,5.97,31622.8
823629,4.59,4466.8
823635,4.48,10000.0
823636,2.89,39810.7
823637,4.15,1258.9
823639,4.4,22387.2
823649,5.66,3162.3
823657,5.98,39810.7
823658,3.72,14987.15
823664,5.58,31622.8
823678,5.0,12589.3
823698,4.09,12589.3
823703,5.44,14125.4
823710,5.01,39810.7
823726,4.48,22387.2
823728,4.76,18867.7
823746,4.84,5011.9
823756,5.37,501.2
823757,3.2,21575.666666666668
823763,5.87,8912.5
823768,5.12,13357.35
823782,4.45,28183.8
823788,5.63,21169.9
823793,3.1,14125.4
823795,4.31,562.3
823797,4.96,28183.8
823813,5.49,3981.1
823814,5.07,31622.8
823819,3.48,12589.3
823823,2.82,22387.2
823828,5.78,7943.3
823843,4.67,25.1
823846,4.59,44668.4
823848,5.3,17782.8
823852,4.53,11220.2
823863,5.84,15848.9
823869,3.66,7079.5
823888,5.96,23753.05
823895,5.53,19952.6
823896,6.38,25118.9
823924,5.33,12589.3
823929,5.58,3548.1
823934,5.38,2511.9
823939,6.04,10000.0
823940,5.16,13357.35
823941,4.59,28183.8
823942,4.65,7943.3
823949,4.7,3981.1
823956,5.13,22387.2
823977,3.54,25118.9
823979,5.28,31622.8
823994,5.63,39810.7
824001,5.31,8912.5
824002,5.52,44668.4
824007,2.89,10000.0
824012,4.24,562.3
824013,4.47,44668.4
824015,4.41,25118.9
824016,2.93,15848.9
824020,5.51,35481.3
824021,5.03,7943.3
824027,3.78,10000.0
824032,5.06,19952.6
824036,3.6,39810.7
824044,4.93,39810.7
824051,5.57,12589.3
824063,4.39,1584.9
824069,5.12,19952.6
824075,5.89,11220.2
824080,3.48,31622.8
824091,5.59,12589.3
824098,5.83,11220.2
824102,5.07,28183.8
824104,5.19,10000.0
824109,5.8,17782.8
824110,4.48,1258.9
824112,5.38,44668.4
824120,4.93,39810.7
824126,5.13,10610.1
824138,3.88,3981.1
824140,5.13,12589.3
824143,5.66,14125.4
824149,5.96,7511.4
824150,4.47,28183.8
824152,4.73,35481.3
824154,4.28,25118.9
824168,4.78,19952.6
824171,5.8,631.0
824187,4.42,17782.8
824188,5.72,28183.8
824196,4.59,4466.8
824202,4.42,631.0
824215,4.43,5011.9
824219,3.68,2511.9
824239,5.17,18867.7
824242,4.01,39810.7
824245,5.46,6309.6
824259,3.96,28183.8
824260,4.09,17782.8
824263,3.94,10000.0
824283,6.28,39810.7
824295,6.63,6309.6
824306,6.08,39810.7
824316,2.83,35481.3
824325,3.9,44668.4
824328,4.25,11220.2
824342,5.87,12589.3
824353,5.43,8912.5
824367,5.42,14125.4
824371,5.33,1778.3
824375,5.27,44668.4
824385,4.7,15848.9
824396,5.77,17782.8
824414,5.54,10000.0
824433,4.08,28183.8
824435,4.92,12589.3
824440,5.67,16815.85
824441,5.22,7943.3
824442,4.66,31622.8
824452,4.86,17782.8
824454,5.14,12589.3
824458,5.99,25.1
824463,6.03,22387.2
824473,4.38,1122.0
824484,5.64,39810.7
824490,3.87,13357.35
824496,3.24,8912.5
824508,6.03,21169.9
824512,6.23,25118.9
824520,5.43,25118.9
824527,3.96,25118.9
824535,5.25,17782.8
824546,4.96,5623.4
824548,3.86,4466.8
824550,3.51,39810.7
824551,3.95,2511.9
824552,5.95,31622.8
824557,4.04,25118.9
824563,5.49,7943.3
824567,5.47,22387.2
824593,4.21,31622.8
824607,5.42,26651.35
824615,4.36,223.9
824626,4.29,14125.4
824627,5.63,35481.3
824632,5.07,17782.8
824662,4.97,19952.6
824671,5.3,3548.1
824673,4.35,89.1
824679,4.04,19952.6
824689,3.52,25118.9
824691,3.97,17782.8
824697,5.94,6309.6
824699,5.83,10000.0
824705,5.97,17782.8
824715,4.96,17782.8
824724,4.19,23753.05
824736,4.05,21169.9
824750,5.47,14125.4
824754,4.89,8912.5
824760,5.75,22387.2
824765,3.35,39810.7
824766,5.59,891.3
824772,5.15,15848.9
824776,4.68,16815.85
824793,6.23,1778.3
824801,6.26,11220.2
824805,5.83,25118.9
824812,3.97,17782.8
824842,1.77,35481.3
824844,5.7,22387.2
824847,5.97,10000.0
824850,4.91,23753.05
824858,3.73,15848.9
824871,5.44,14125.4
824886,4.15,12589.3
824894,6.38,3981.1
824908,4.32,31622.8
824922,3.62,4466.8
824932,6.15,2511.9
824934,4.32,28183.8
824937,6.63,35481.3
824948,5.79,11220.2
824949,5.65,7079.5
824960,5.33,22387.2
824963,5.44,31622.8
824964,5.49,44668.4
824972,5.58,707.9
824975,3.86,15848.9
824983,5.33,25118.9
824984,4.99,17782.8
825013,5.24,2818.4
825014,5.32,11220.2
825018,5.15,28183.8
825026,5.4,39810.7
825029,5.88,11220.2
825040,3.91,3162.3
825045,5.05,22387.2
825055,5.2,39810.7
825063,6.07,446.7
825067,3.95,794.3
825080,3.69,15848.9
825082,4.36,25118.9
825096,5.85,39810.7
825108,4.92,19952.6
825110,3.96,11904.75
825128,5.71,28183.8
825135,4.83,19952.6
825149,4.54,39810.7
825165,5.53,891.3
825172,5.39,17782.8
825173,6.16,31622.8
825187,2.91,7943.3
825188,3.44,12589.3
825199,4.25,15848.9
825201,4.2,28183.8
825212,4.5,25118.9
825223,4.05,446.7
825230,4.16,23753.05
825233,5.96,39810.7
825243,5.27,7943.3
825245,2.43,28183.8
825250,4.04,28183.8
825253,5.32,17782.8
825254,4.46,14987.15
825259,4.53,70.8
825260,4.22,15848.9
825262,4.87,25118.9
825269,5.29,4466.8
825277,5.85,39810.7
825281,4.73,1778.3
825290,4.89,10000.0
825293,5.77,12589.3
825299,4.93,12589.3
825301,3.2,19952.6
825305,5.88,22387.2
825308,4.04,14987.15
825309,4.98,15848.9
825335,5.24,35481.3
825340,4.92,125.9
825342,5.63,31622.8
825343,4.3,28183.8
825353,3.97,31622.8
825354,5.46,10000.0
825356,5.35,31622.8
825378,4.61,15848.9
825382,5.37,5623.4
825398,5.03,17782.8
825410,4.44,5011.9
825431,5.59,39810.7
825440,4.07,35481.3
825444,4.02,19952.6
825455,5.13,21169.9
825461,5.04,29903.3
825467,4.19,15848.9
825468,4.1,35481.3
825469,4.71,15848.9
825483,5.23,35481.3
825485,4.17,14125.4
825494,5.78,14125.4
825497,5.13,19952.6
825511,3.55,33.55
825520,5.24,3981.1
825523,5.13,3981.1
825524,5.3,14125.4
825527,3.56,15848.9
825529,4.93,13357.35
825530,4.52,1995.3
825532,3.75,14125.4
825533,4.73,15848.9
825536,2.85,17782.8
825544,5.21,39810.7
825547,5.2,25118.9
825551,4.13,10000.0
825552,5.75,39810.7
825554,5.64,31622.8
825559,5.7,15848.9
825560,4.55,15848.9
825563,5.27,1258.9
825567,3.53,10000.0
825573,4.7,11220.2
825580,4.68,15848.9
825584,4.3,12589.3
825601,4.22,3162.3
825602,5.21,1778.3
825606,4.76,17782.8
825607,5.18,25118.9
825609,5.06,1000.0
825621,5.47,11220.2
825627,5.6,39810.7
825628,5.61,17782.8
825636,6.03,8912.5
825638,3.04,17782.8
825640,5.7,15848.9
825641,5.15,15848.9
825648,5.04,22387.2
825651,5.9,29903.3
825658,4.15,19952.6
825680,5.3,11220.2
825682,4.46,23753.05
825684,4.59,25118.9
825686,5.68,17782.8
825693,4.64,19952.6
825697,4.65,1122.0
825699,5.27,707.9
825702,4.49,17782.8
825703,4.66,56234.1
825704,5.11,14125.4
825722,4.02,4466.8
825731,2.9,12589.3
825739,4.36,3162.3
825758,4.15,15848.9
825760,5.0,39810.7
825764,4.77,22387.2
825772,5.49,17782.8
825773,5.54,7943.3
825774,6.36,7079.5
825777,5.55,14125.4
825779,3.25,17782.8
825781,5.57,15848.9
825784,5.02,19952.6
825786,5.68,14125.4
825790,5.16,12589.3
825796,4.6,14125.4
825797,5.79,17782.8
825798,3.15,11220.2
825802,5.54,39810.7
825817,4.16,2511.9
825822,5.63,28183.8
825825,5.78,10000.0
825827,4.18,17782.8
825834,5.21,12589.3
825837,4.72,31622.8
825839,4.17,22387.2
825841,5.75,25118.9
825871,6.02,15848.9
825873,4.83,3548.1
825888,3.42,39810.7
825894,4.16,15848.9
825902,6.06,25118.9
825905,3.98,44668.4
825943,5.83,28183.8
825955,5.22,19952.6
825968,2.44,22387.2
825975,5.34,5623.4
825982,5.6,25118.9
825987,4.25,3162.3
825989,4.53,14125.4
825991,5.17,17782.8
825999,4.24,39810.7
826003,3.47,39810.7
826008,5.35,891.3
826017,5.42,15848.9
826033,5.18,2818.4
826036,4.71,14987.15
826043,5.03,26651.35
826047,5.43,28183.8
826052,4.08,7943.3
826054,4.95,19952.6
826058,3.12,22387.2
826066,5.49,17782.8
826068,5.6,19952.6
826069,5.21,2238.7
826077,3.9,28183.8
826085,5.76,2818.4
826090,5.54,446.7
826094,6.32,31622.8
826099,6.08,39810.7
826109,4.37,562.3
826117,4.74,15848.9
826118,5.95,5623.4
826121,5.4,11904.75
826140,4.76,8912.5
826142,5.27,3981.1
826146,6.31,14125.4
826160,5.72,39810.7
826169,3.09,19952.6
826170,6.14,4223.95
826178,5.87,2818.4
826203,4.75,25118.9
826220,4.99,4466.8
826226,4.92,8912.5
826235,5.41,28183.8
826241,6.02,39810.7
826242,5.21,3548.1
826249,5.49,5623.4
826256,5.0,5623.4
826259,4.68,8912.5
826280,4.88,28183.8
826284,5.36,15848.9
826286,5.69,22387.2
826292,4.94,4466.8
826294,4.83,17782.8
826305,4.91,31622.8
826310,5.65,3548.1
826320,4.48,28183.8
826326,4.8,39810.7
826331,4.94,25118.9
826334,5.56,5623.4
826340,3.34,6309.6
826354,5.49,25118.9
826359,5.67,7079.5
826373,5.5,44668.4
826374,5.72,10000.0
826381,5.46,8912.5
826385,5.42,39810.7
826406,5.62,10000.0
826410,3.78,19952.6
826413,6.0,354.8
826422,5.11,7943.3
826425,4.84,7943.3
826430,5.26,8912.5
826432,3.98,6309.6
826447,5.46,35481.3
826466,6.03,11220.2
826487,5.98,10000.0
826488,2.59,19952.6
826495,4.59,17782.8
826499,5.4,11904.75
826513,3.45,26651.35
826514,5.19,25118.9
826524,4.73,19952.6
826535,6.42,35481.3
826540,4.68,31622.8
826546,5.3,14125.4
826548,4.17,1584.9
826567,4.42,5011.9
826574,4.89,10000.0
826588,4.03,31622.8
826595,5.43,19952.6
826614,3.1,22387.2
826616,3.58,5623.4
826620,5.96,12589.3
826640,5.66,17782.8
826643,5.3,5623.4
826656,4.4,17782.8
826660,5.81,3162.3
826676,5.68,8912.5
826677,6.09,12589.3
826678,2.34,19952.6
826687,5.83,8912.5
826688,4.71,18867.7
826690,5.59,44668.4
826691,6.0,8912.5
826705,5.93,23753.05
826714,4.72,31622.8
826716,5.66,11220.2
826722,4.88,39810.7
826725,5.24,22387.2
826729,5.57,14125.4
826730,5.2,3162.3
826736,5.55,12589.3
826739,5.52,35481.3
826763,2.03,8912.5
826766,3.46,39810.7
826767,5.7,17782.8
826774,5.44,10610.1
826783,6.09,25118.9
826786,4.98,28183.8
826791,4.75,19952.6
826798,3.16,39810.7
826802,3.75,14125.4
826810,5.92,14125.4
826813,5.9,17782.8
826817,5.71,11904.75
826818,4.28,14125.4
826824,5.15,17782.8
826825,5.68,16815.85
826827,5.9,22387.2
826859,4.22,15848.9
826879,4.62,39810.7
826898,4.12,7079.5
826900,5.91,19952.6
826905,5.06,39810.7
826910,5.03,8912.5
826912,5.8,3162.3
826914,5.71,25118.9
826925,5.46,4466.8
826942,5.75,39810.7
826943,5.77,31622.8
826951,4.77,25118.9
826952,4.73,25118.9
826961,4.81,17782.8
826963,3.52,14125.4
826966,5.76,15848.9
826969,4.47,12589.3
826975,4.96,1122.0
826978,5.62,17782.8
826979,4.68,2818.4
826982,5.63,39810.7
826991,5.94,14125.4
827006,5.38,17782.8
827009,5.11,5011.9
827012,3.24,19952.6
827020,4.41,22387.2
827025,4.07,28183.8
827032,5.04,22387.2
827034,5.93,14125.4
827037,4.66,281.8
827038,3.55,39810.7
827049,5.83,28183.8
827064,4.74,18867.7
827092,5.98,28183.8
827107,4.76,7079.5
827127,5.35,7079.5
827129,4.91,35481.3
827151,1.93,25118.9
827152,5.16,15848.9
827154,3.8,14125.4
827159,5.14,31622.8
827160,4.1,1584.9
827168,5.72,14125.4
827174,4.67,31622.8
827178,4.46,23753.05
827188,5.16,15848.9
827201,4.33,39810.7
827204,5.28,3162.3
827205,4.58,31622.8
827208,4.81,1122.0
827229,5.56,10610.1
827232,4.8,31622.8
827245,5.75,15848.9
827253,5.86,7079.5
827254,3.47,22387.2
827257,3.96,251.2
827263,4.45,28183.8
827276,5.97,8912.5
827279,5.81,19952.6
827301,4.2,11220.2
827309,4.3,31622.8
827332,5.39,8912.5
827342,6.13,12589.3
827347,5.57,39810.7
827360,4.22,11220.2
827366,5.44,25118.9
827367,3.17,22387.2
827382,6.24,31622.8
827383,5.73,354.8
827385,5.96,28183.8
827396,2.61,79.4
827403,6.16,22387.2
827404,4.0,8912.5
827419,4.46,11220.2
827422,5.96,14125.4
827425,4.8,15848.9
827438,4.84,4466.8
827439,5.46,17782.8
827447,5.2,8912.5
827449,4.87,3981.1
827452,4.81,15848.9
827456,4.26,11220.2
827477,3.98,28183.8
827478,4.84,39810.7
827482,3.55,11220.2
827487,5.8,14125.4
827497,5.39,10610.1
827500,5.64,19952.6
827501,4.89,2238.7
827510,4.74,5011.9
827518,4.02,19952.6
827528,6.04,14125.4
827529,5.83,39810.7
827535,4.56,15848.9
827540,4.32,35481.3
827547,5.76,28183.8
827550,5.52,28183.8
827553,5.36,6309.6
827558,4.62,15848.9
827560,4.34,39810.7
827569,3.08,14125.4
827575,4.7,11220.2
827581,5.51,17782.8
827587,4.81,44668.4
827597,5.16,6309.6
827605,5.63,3162.3
827626,5.2,15848.9
827658,4.81,22387.2
827665,3.34,7943.3
827679,5.8,39810.7
827684,5.4,891.3
827691,3.02,7943.3
827697,4.7,29903.3
827698,6.01,7943.3
827704,5.56,17782.8
827706,6.05,10000.0
827719,5.59,44668.4
827738,4.56,12589.3
827751,2.68,44668.4
827753,3.26,39810.7
827755,3.96,10000.0
827766,4.54,19952.6
827767,4.27,4466.8
827768,4.63,44668.4
827772,3.55,10000.0
827775,5.18,354.8
827780,5.63,39810.7
827786,5.41,7943.3
827795,5.26,31622.8
827803,4.38,17782.8
827804,4.61,25118.9
827834,5.64,14125.4
827839,6.15,16815.85
827840,5.51,25118.9
827853,4.65,15848.9
827854,3.31,3162.3
827860,5.15,15848.9
827862,5.14,35481.3
827865,3.56,39810.7
827867,4.87,10000.0
827891,5.62,17782.8
827892,5.47,17782.8
827910,3.36,354.8
827911,4.99,19952.6
827913,5.38,14987.15
827915,5.67,39810.7
827921,3.95,25118.9
827922,4.71,22387.2
827939,5.22,23753.05
827944,4.43,26651.35
827951,5.1,15848.9
827964,3.67,25118.9
827982,5.65,22387.2
827988,4.15,10000.0
827990,5.21,15848.9
827991,4.25,15848.9
827997,3.66,8912.5
828004,5.33,35481.3
828012,4.03,19952.6
828014,5.56,11220.2
828023,4.96,25118.9
828033,5.9,19952.6
828037,4.69,11220.2
828038,5.95,12589.3
828046,4.86,199.5
828062,3.66,44668.4
828063,3.37,3548.1
828070,4.72,22387.2
828074,4.63,12589.3
828084,4.69,3548.1
828089,4.87,12589.3
828092,4.39,39810.7
828112,4.93,14125.4
828115,5.03,15848.9
828116,4.5,199.5
828122,5.01,16493.533333333333
828128,4.86,14125.4
828138,3.99,12589.3
828156,5.57,14125.4
828160,5.16,11220.2
828171,5.12,10000.0
828196,4.59,16815.85
828214,5.68,17782.8
828215,5.63,7079.5
828220,5.37,31622.8
828224,5.78,6309.6
828247,5.22,7079.5
828282,6.04,17782.8
828286,4.11,44668.4
828307,5.76,11220.2
828310,4.1,3981.1
828318,5.44,39810.7
828340,5.62,2818.4
828341,5.02,4466.8
828342,4.27,17782.8
828348,4.37,44668.4
828353,5.61,11220.2
828357,5.93,11220.2
828372,6.04,7079.5
828381,4.81,35481.3
828388,5.24,28183.8
828410,5.25,794.3
828413,4.59,19952.6
828431,2.91,11220.2
828438,4.75,2818.4
828449,5.27,15848.9
828456,6.42,19952.6
828459,5.07,891.3
828483,4.24,28183.8
828485,5.35,12589.3
828498,5.29,39810.7
828504,5.02,17782.8
828512,4.34,39810.7
828513,5.56,12589.3
828530,4.69,28183.8
828532,5.44,15848.9
828537,4.09,12589.3
828539,5.53,15848.9
828542,5.92,17782.8
828552,5.19,1258.9
828576,4.73,11220.2
828604,4.28,8912.5
828619,5.5,7943.3
828625,3.63,562.3
828628,4.62,2238.7
828634,5.56,25118.9
828642,5.44,22387.2
828645,5.81,25118.9
828659,5.97,10000.0
828670,5.8,17782.8
828671,4.94,1122.0
828672,4.57,3981.1
828690,4.94,11220.2
828699,5.45,25118.9
828700,5.73,28183.8
828722,5.19,13357.35
828742,5.16,10000.0
828745,4.34,31622.8
828764,4.47,19952.6
828792,4.52,22387.2
828810,5.02,2511.9
828816,4.09,11220.2
828844,5.75,5623.4
828849,4.78,12589.3
828856,4.87,19952.6
828860,3.41,2511.9
828888,5.99,4739.35
828893,3.65,8912.5
828903,3.99,4466.8
828905,4.58,28183.8
828927,5.03,22387.2
828944,5.97,39810.7
828948,4.72,15848.9
828962,4.92,25118.9
828964,4.89,39810.7
828966,3.83,8912.5
828970,4.73,1995.3
828986,4.4,15848.9
828988,5.97,37646.0
829003,4.36,1778.3
829004,5.7,22387.2
829005,3.87,17782.8
829013,5.92,22387.2
829014,5.69,891.3
829018,3.64,251.2
829047,5.53,2511.9
829049,4.18,14125.4
829071,5.79,39810.7
829080,5.39,1778.3
829081,4.17,14125.4
829090,5.98,10000.0
829092,5.21,15848.9
829094,5.35,7943.3
829095,5.19,13357.35
829096,5.31,44668.4
829099,5.22,446.7
829133,4.85,12589.3
829144,5.68,39810.7
829146,5.12,15848.9
829148,3.62,14125.4
829151,5.64,14125.4
829154,5.77,12589.3
829162,4.53,3162.3
829165,5.6,35481.3
829190,5.25,631.0
829200,5.33,39810.7
829218,5.76,35481.3
829225,4.52,8912.5
829231,5.43,7943.3
829246,5.14,14125.4
829258,4.52,28183.8
829262,5.03,15848.9
829266,5.41,11220.2
829277,5.05,17782.8
829278,5.92,1412.5
829282,5.9,2818.4
829318,3.04,39810.7
829321,5.45,1122.0
829326,5.58,25118.9
829355,3.15,44668.4
829356,4.8,8912.5
829357,5.05,22387.2
829360,4.48,14125.4
829361,5.18,17782.8
829362,3.71,6309.6
829367,4.29,19952.6
829403,4.15,22387.2
829406,6.22,11220.2
829432,6.0,12589.3
829433,4.53,14125.4
829434,4.56,15848.9
829435,5.11,35481.3
829464,4.5,39810.7
829467,5.81,23753.05
829487,5.44,11220.2
829490,5.31,1778.3
829492,5.28,17782.8
829494,5.77,14125.4
829522,4.88,11220.2
829525,4.87,5011.9
829536,3.8,12589.3
829544,5.21,5623.4
829545,5.84,39810.7
829572,5.13,31622.8
829574,5.56,28183.8
829579,5.24,6309.6
829584,6.04,10000.0
829585,5.34,28183.8
829588,5.41,8912.5
829589,4.59,4466.8
829634,3.15,22387.2
829644,5.28,39810.7
829647,5.19,10000.0
829649,5.0,1995.3
829661,5.88,14987.15
829665,4.1,16815.85
829668,4.85,11220.2
829679,5.67,15848.9
829690,4.51,12589.3
829696,4.89,12589.3
829697,4.13,12589.3
829721,5.36,35481.3
829724,4.73,15848.9
829740,5.64,28183.8
829742,5.45,31622.8
829746,2.98,12589.3
829774,5.76,2818.4
829775,5.57,14125.4
829782,5.35,1995.3
829792,3.39,35481.3
829794,5.88,39810.7
829800,5.35,44668.4
829815,3.39,31622.8
829818,4.94,35481.3
829819,3.89,17782.8
829822,4.38,15848.9
829823,5.38,12589.3
829836,4.23,14125.4
829848,6.31,12589.3
829852,5.06,1995.3
829857,2.13,39810.7
829860,3.96,35481.3
829867,5.7,22387.2
829873,4.24,8912.5
829881,5.99,177.8
829885,5.44,39810.7
829889,4.65,3162.3
829891,3.16,19952.6
829910,5.0,3162.3
829916,4.22,10000.0
829923,4.4,39810.7
829933,4.96,7943.3
829937,4.09,158.5
829959,4.36,10000.0
829961,5.61,3162.3
829964,4.15,28183.8
829976,5.77,15848.9
829978,5.19,25118.9
829986,5.86,39810.7
829992,4.75,1584.9
829998,5.3,794.3
830009,5.54,7943.3
830015,4.74,12589.3
830017,5.3,19952.6
830039,5.48,19952.6
830041,5.81,15848.9
830042,5.29,15848.9
830045,5.91,39810.7
830048,5.16,11220.2
830049,5.01,44668.4
830051,5.74,14125.4
830061,5.36,10000.0
830063,4.19,44668.4
830075,4.1,39810.7
830077,4.15,21169.9
830079,5.41,23753.05
830087,5.57,19952.6
830088,5.33,8912.5
830095,5.79,15848.9
830096,5.36,28183.8
830109,3.75,12589.3
830132,6.02,14125.4
830133,4.48,4466.8
830138,3.67,22387.2
830139,5.84,14125.4
830172,4.9,14125.4
830179,5.86,3162.3
830180,5.08,8912.5
830184,3.86,11220.2
830206,5.41,15848.9
830207,1.69,15848.9
830216,4.72,5011.9
830218,4.87,15848.9
830222,4.9,19952.6
830226,3.75,1000.0
830241,6.09,17782.8
830243,4.29,25118.9
830247,5.62,31622.8
830248,3.55,1778.3
830252,3.8,22387.2
830253,4.28,35481.3
830258,5.26,8912.5
830265,4.9,8912.5
830272,4.23,3162.3
830273,5.05,794.3
830288,3.6,14125.4
830293,4.96,12589.3
830313,4.25,29903.3
830320,5.87,3162.3
830322,5.48,22387.2
830324,4.42,14125.4
830325,4.21,19952.6
830329,2.83,19952.6
830342,5.46,31622.8
830344,4.34,125.9
830354,4.42,1122.0
830359,5.5,11220.2
830364,4.8,15848.9
830367,5.07,707.9
830368,5.95,17782.8
830372,5.54,25118.9
830382,5.1,9456.25
830384,4.18,15848.9
830386,4.87,28183.8
830387,4.5,3548.1
830388,5.01,3162.3
830402,5.49,17782.8
830407,4.42,6309.6
830420,4.87,31622.8
830422,5.69,10000.0
830427,5.18,7079.5
830430,5.1,44668.4
830437,5.41,39810.7
830438,4.83,22387.2
830451,4.94,28183.8
830452,5.45,12589.3
830455,4.28,3162.3
830456,5.37,15848.9
830467,5.87,56.2
830468,4.87,14125.4
830478,5.01,22387.2
830484,5.78,13357.35
830490,5.8,31622.8
830492,5.95,14125.4
830497,5.89,1778.3
830502,5.66,28183.8
830504,4.74,19952.6
830520,3.53,19952.6
830526,5.07,15848.9
830527,4.77,19952.6
830544,5.39,19952.6
830547,5.51,125.9
830556,4.8,14125.4
830559,5.58,3162.3
830566,3.67,19952.6
830583,5.19,13357.35
830602,5.86,31622.8
830631,3.96,17782.8
830641,6.06,2818.4
830642,5.7,10610.1
830657,2.77,21169.9
830658,3.23,7079.5
830664,4.82,28183.8
830667,4.74,11220.2
830672,5.46,7079.5
830673,4.15,17782.8
830682,4.92,14125.4
830685,5.55,14125.4
830686,6.07,12589.3
830687,5.4,17782.8
830698,6.48,15848.9
830700,5.59,5011.9
830701,3.64,19952.6
830711,4.58,25118.9
830726,3.87,39810.7
830741,4.63,15848.9
830779,5.2,19952.6
830781,5.26,22387.2
830791,4.98,23753.05
830804,5.33,3162.3
830831,4.88,17782.8
830842,5.46,3981.1
830855,4.44,26651.35
830857,5.28,44668.4
830862,5.42,14125.4
830871,5.53,31622.8
830873,2.89,15848.9
830882,6.06,28183.8
830899,6.01,10000.0
830900,5.48,12589.3
830903,5.8,14125.4
830912,5.89,31622.8
830918,4.93,25118.9
830920,5.21,31622.8
830921,5.82,28183.8
830922,5.04,10000.0
830926,5.25,14125.4
830935,3.65,28183.8
830948,4.76,10000.0
830950,4.78,44668.4
830952,4.77,5623.4
830977,4.38,1995.3
830978,4.36,11220.2
830998,5.85,21169.9
831000,5.79,17782.8
831006,5.82,39810.7
831010,4.55,25118.9
831022,5.0,2511.9
831029,4.95,19952.6
831036,6.16,39810.7
831049,4.61,19952.6
831057,4.01,28183.8
831065,3.29,28183.8
831080,5.57,28183.8
831081,5.78,13357.35
831084,4.79,14125.4
831085,5.62,4466.8
831106,5.27,4466.8
831110,4.23,39810.7
831121,6.19,11220.2
831122,4.71,8912.5
831130,3.02,15848.9
831131,5.07,25118.9
831138,5.59,11220.2
831140,5.16,3981.1
831149,5.09,10000.0
831151,5.92,19952.6
831157,5.22,25118.9
831158,4.21,2818.4
831161,6.19,251.2
831165,2.6,19952.6
831170,3.77,39810.7
831178,4.82,14125.4
831179,5.25,17782.8
831184,3.01,28183.8
831219,5.8,12589.3
831224,5.86,28183.8
831225,5.38,1584.9
831236,4.62,39810.7
831261,6.02,39810.7
831274,3.88,19952.6
831285,3.86,19952.6
831293,3.26,15848.9
831306,4.9,3162.3
831318,4.96,631.0
831341,4.68,39810.7
831347,4.92,7943.3
831349,5.65,28183.8
831354,3.62,7943.3
831358,5.06,26651.35
831362,6.26,39810.7
831369,5.23,19952.6
831373,4.12,1258.9
831379,5.73,19952.6
831391,5.2,1258.9
831396,3.45,7079.5
831399,5.08,14125.4
831400,5.55,28183.8
831413,5.51,8912.5
831414,3.14,19952.6
831416,5.44,39810.7
831422,3.92,44668.4
831426,3.66,31622.8
831436,4.34,28183.8
831437,5.27,316.2
831458,5.78,31622.8
831459,4.4,39810.7
831461,4.03,31622.8
831467,4.89,12589.3
831471,3.84,19952.6
831474,5.13,25118.9
831482,4.81,7943.3
831486,5.11,44668.4
831490,3.8,12589.3
831494,4.78,26140.533333333333
831498,5.61,1000.0
831510,5.46,14125.4
831511,4.02,8912.5
831514,5.26,39810.7
831518,5.32,19952.6
831519,5.55,17782.8
831523,4.84,12589.3
831525,5.66,25118.9
831527,4.61,2238.7
831537,5.94,177.8
831538,5.75,44668.4
831543,5.42,3162.3
831551,5.28,3162.3
831555,4.9,39810.7
831559,5.38,44668.4
831563,5.2,28183.8
831564,5.66,12589.3
831565,5.07,12589.3
831567,4.86,17782.8
831569,5.15,28183.8
831572,3.56,14125.4
831574,5.46,10000.0
831575,5.25,22387.2
831585,5.11,28183.8
831592,3.63,39810.7
831613,4.47,17782.8
831623,5.72,14125.4
831625,4.17,39810.7
831637,5.52,1000.0
831644,4.52,44668.4
831651,4.11,354.8
831679,5.09,7943.3
831697,4.78,12589.3
831703,5.68,17782.8
831712,5.92,15848.9
831730,3.91,14125.4
831737,6.11,39810.7
831740,5.07,19952.6
831744,5.11,39810.7
831748,5.46,7943.3
831752,5.22,28183.8
831754,6.06,11220.2
831755,5.71,17782.8
831756,5.37,39810.7
831767,5.07,15848.9
831773,4.0,1778.3
831774,3.77,17782.8
831779,4.76,39810.7
831790,3.2,14125.4
831794,4.8,10000.0
831812,3.57,13357.35
831816,5.01,17782.8
831828,5.59,31622.8
831829,3.66,12589.3
831834,4.16,2511.9
831850,5.2,5011.9
831875,5.21,15848.9
831879,5.64,15848.9
831885,4.38,1584.9
831886,3.85,28183.8
831888,5.57,3981.1
831897,5.98,3162.3
831900,5.0,26651.35
831904,5.0,19952.6
831910,4.27,23753.05
831913,5.53,31622.8
831916,5.76,17782.8
831917,4.25,12589.3
831936,6.64,25118.9
831944,4.79,22387.2
831945,6.1,14125.4
831958,5.38,26651.35
831962,2.78,28183.8
831964,4.21,12589.3
831972,5.87,44668.4
831974,5.65,31622.8
831980,5.49,2818.4
831981,5.21,5011.9
831984,6.02,14125.4
831986,3.62,12589.3
831990,5.23,28183.8
831995,5.02,22387.2
831999,4.77,7079.5
832031,3.75,15848.9
832033,2.7,19952.6
832038,5.33,3162.3
832040,5.88,39810.7
832046,5.88,35481.3
832048,3.81,17782.8
832052,4.26,17782.8
832059,3.91,158.5
832065,4.66,44668.4
832066,6.14,39810.7
832067,5.17,31622.8
832069,2.6,17782.8
832074,5.21,28183.8
832076,5.59,35481.3
832082,5.57,10610.1
832100,5.46,25118.9
832102,5.33,39810.7
832106,5.17,5623.4
832121,6.46,3355.2
832131,5.57,31622.8
832134,5.59,631.0
832147,4.97,6309.6
832167,5.11,31622.8
832176,5.66,14125.4
832189,4.2,8912.5
832198,4.24,23753.05
832205,5.24,15848.9
832207,3.57,10610.1
832208,2.66,199.5
832210,2.94,14125.4
832215,5.76,35481.3
832225,6.23,1412.5
832251,3.39,17782.8
832270,5.61,14125.4
832276,5.71,35481.3
832284,5.11,1258.9
832286,4.73,44668.4
832310,4.03,39810.7
832313,3.18,19952.6
832314,4.07,25118.9
832320,5.69,31622.8
832322,3.75,19952.6
832325,3.98,14125.4
832326,5.86,15848.9
832347,5.79,12589.3
832348,5.43,223.9
832354,5.4,19952.6
832360,3.65,28183.8
832364,4.7,25118.9
832366,3.55,10000.0
832371,5.77,15848.9
832378,6.25,25118.9
832409,5.56,25.1
832414,5.69,12589.3
832418,4.88,14125.4
832421,6.0,17782.8
832432,5.54,11220.2
832453,5.5,28183.8
832461,4.95,3548.1
832467,3.69,39810.7
832472,3.74,35481.3
832476,4.2,28183.8
832482,3.13,22387.2
832493,2.77,12589.3
832501,5.68,3162.3
832502,5.18,14125.4
832503,5.59,31622.8
832509,4.11,3548.1
832510,4.55,28183.8
832518,5.86,2511.9
832521,5.94,15848.9
832534,4.06,17782.8
832539,6.47,3162.3
832543,5.51,17782.8
832560,3.97,17782.8
832561,4.43,22387.2
832562,4.76,35481.3
832566,6.02,35481.3
832571,5.09,891.3
832573,5.36,25118.9
832581,4.65,25118.9
832589,4.29,14125.4
832602,5.24,3981.1
832609,5.55,31622.8
832620,4.43,15848.9
832621,2.98,14987.15
832625,4.21,2511.9
832629,4.11,17782.8
832632,4.72,28183.8
832636,4.38,17782.8
832651,3.65,31622.8
832665,5.82,19952.6
832669,4.47,31622.8
832670,5.44,11220.2
832671,5.85,17782.8
832672,5.68,39810.7
832673,4.76,7943.3
832674,3.45,10000.0
832676,2.85,39810.7
832688,6.09,10000.0
832695,4.31,14125.4
832700,5.84,8912.5
832702,3.79,25118.9
832705,5.97,31622.8
832707,5.21,2511.9
832711,4.36,8912.5
832717,5.47,3548.1
832741,5.56,15848.9
832754,4.61,17782.8
832758,4.16,25118.9
832760,5.36,17782.8
832767,4.6,14125.4
832770,4.98,22387.2
832773,4.89,39810.7
832787,5.07,14125.4
832791,5.64,12589.3
832793,4.92,17782.8
832801,5.83,15848.9
832802,4.91,14125.4
832807,3.95,63095.7
832819,5.61,15848.9
832822,2.81,44668.4
832831,3.57,22387.2
832832,5.68,39810.7
832833,4.9,3548.1
832834,5.34,39810.7
832839,5.18,28183.8
832840,5.17,3548.1
832870,3.54,1995.3
832876,5.5,22387.2
832878,4.12,7943.3
832880,5.57,25118.9
832896,5.13,3162.3
832902,4.72,22387.2
832906,4.5,37646.0
832932,5.43,31622.8
832948,5.14,22387.2
832954,6.01,10000.0
832961,4.05,12589.3
832971,5.62,44668.4
832980,5.35,12589.3
832989,4.21,35481.3
833004,5.77,10000.0
833008,4.45,8912.5
833010,5.63,19952.6
833021,3.95,2511.9
833022,5.33,22387.2
833047,5.52,25118.9
833055,4.21,631.0
833057,4.52,14125.4
833068,3.67,25118.9
833079,5.26,15848.9
833087,3.6,25118.9
833088,3.63,7943.3
833096,4.37,2511.9
833102,5.55,177.8
833108,5.88,12589.3
833113,3.28,39810.7
833140,5.45,14125.4
833145,5.84,35481.3
833152,4.43,19952.6
833156,4.96,12589.3
833157,5.36,3162.3
833159,4.9,4466.8
833163,4.42,10000.0
833171,5.79,17782.8
833173,4.58,10000.0
833175,5.87,39810.7
833179,5.31,35481.3
833188,6.0,35481.3
833192,3.96,14987.15
833194,5.69,11220.2
833204,6.82,11220.2
833207,4.51,19952.6
833218,3.75,28183.8
833236,4.15,3981.1
833239,3.96,11220.2
833240,5.34,251.2
833263,5.13,25118.9
833265,5.55,10000.0
833267,5.16,14125.4
833285,5.18,22387.2
833286,5.28,17782.8
833302,5.01,17782.8
833304,5.51,11220.2
833305,5.48,39810.7
833306,5.47,39810.7
833316,4.83,25118.9
833327,6.39,14125.4
833328,5.43,39810.7
833331,4.97,18867.7
833344,6.78,35481.3
833357,5.72,39810.7
833369,5.28,17782.8
833374,5.74,199.5
833401,5.35,39810.7
833438,5.23,15848.9
833445,4.72,10000.0
833448,5.17,31622.8
833452,4.09,22387.2
833486,6.11,15848.9
833495,4.05,15848.9
833497,5.0,31622.8
833501,4.63,8912.5
833507,3.72,31622.8
833527,2.68,22387.2
833531,5.98,17782.8
833537,4.8,2511.9
833545,5.77,19952.6
833547,5.97,6309.6
833553,3.91,12589.3
833599,4.46,22387.2
833619,3.18,22387.2
833621,5.74,8912.5
833630,4.9,707.9
833634,4.52,5011.9
833635,2.39,3162.3
833641,5.57,25118.9
833646,4.69,35481.3
833658,4.73,11220.2
833669,5.64,1412.5
833673,4.86,5011.9
833683,5.79,1258.9
833685,5.05,11220.2
833703,4.52,10000.0
833712,4.62,17782.8
833718,4.3,17782.8
833719,4.45,14125.4
833720,4.24,25118.9
833731,5.83,39810.7
833737,5.55,19952.6
833747,6.14,28183.8
833767,4.17,1258.9
833781,5.68,14125.4
833828,4.4,22387.2
833837,5.34,28183.8
833838,5.84,17782.8
833841,3.91,39810.7
833854,4.68,17782.8
833867,5.96,19952.6
833874,5.54,10000.0
833878,5.41,1258.9
833880,6.49,17782.8
833886,3.15,28183.8
833890,4.06,2665.15
833892,5.96,3981.1
833895,4.29,28183.8
833903,5.72,31622.8
833925,3.18,25118.9
833929,2.73,12589.3
833932,5.62,223.9
833954,4.03,31622.8
833969,4.32,19952.6
833972,5.88,39810.7
833974,6.11,5623.4
833975,5.18,17782.8
833977,4.81,2511.9
833995,4.55,39810.7
834003,4.45,11220.2
834008,5.65,251.2
834014,4.11,12589.3
834018,5.88,22387.2
834020,4.04,35481.3
834021,4.4,11220.2
834030,5.39,39810.7
834031,4.98,11220.2
834032,4.95,10000.0
834045,4.96,22387.2
834061,5.19,3548.1
834063,4.36,17782.8
834064,5.19,39810.7
834070,2.6,44668.4
834075,5.08,6309.6
834076,4.7,354.8
834079,4.96,19952.6
834080,5.48,11904.75
834084,6.24,8912.5
834097,4.16,12589.3
834100,5.48,28183.8
834113,5.5,7943.3
834116,4.74,22387.2
834123,4.83,251.2
834128,2.79,33552.05
834133,6.09,1995.3
834140,5.67,17782.8
834144,4.32,25118.9
834150,5.32,39810.7
834153,5.77,6309.6
834158,5.07,1000.0
834159,6.01,19952.6
834164,6.1,15848.9
834166,4.67,4739.35
834170,5.47,25118.9
834174,5.03,28183.8
834193,5.81,8912.5
834198,5.06,15848.9
834204,4.58,2238.7
834232,5.73,31622.8
834236,5.22,15848.9
834241,3.48,12589.3
834248,5.58,1778.3
834250,5.34,2818.4
834251,3.31,35481.3
834252,6.58,3548.1
834253,3.79,25118.9
834258,5.31,28183.8
834265,4.12,15848.9
834267,5.88,8912.5
834275,4.27,39810.7
834296,4.81,14987.15
834299,6.27,1412.5
834307,5.45,12589.3
834318,4.82,19952.6
834321,3.63,14125.4
834325,5.47,11904.75
834333,3.0,14125.4
834343,5.59,14125.4
834349,5.86,19952.6
834350,2.37,14125.4
834351,1.59,2511.9
834353,3.58,35481.3
834366,3.08,44668.4
834373,5.68,14125.4
834387,4.13,25118.9
834398,4.29,707.9
834416,5.09,3548.1
834420,2.72,16815.85
834437,5.74,1778.3
834452,5.82,39810.7
834459,3.29,22387.2
834467,3.64,39810.7
834476,4.47,22387.2
834481,5.21,8912.5
834492,5.05,11220.2
834494,5.12,14125.4
834499,2.76,35481.3
834515,5.21,28183.8
834519,6.77,39810.7
834522,5.48,28183.8
834525,5.72,25118.9
834536,5.42,35481.3
834545,4.47,2818.4
834570,5.45,10000.0
834579,4.19,39810.7
834580,5.8,39810.7
834585,5.52,12589.3
834596,6.01,39810.7
834602,4.42,12589.3
834609,3.68,31622.8
834613,4.45,16815.85
834622,5.48,5011.9
834628,5.9,14125.4
834630,5.35,1258.9
834633,3.9,11220.2
834637,6.07,12589.3
834649,4.68,6309.6
834666,3.7,22387.2
834677,1.75,28.2
834680,4.83,28183.8
834688,3.0,19952.6
834693,4.99,25118.9
834702,2.69,7079.5
834703,5.26,31622.8
834706,4.42,2818.4
834717,5.89,12589.3
834719,5.92,4466.8
834722,5.12,8427.9
834726,6.07,39810.7
834738,5.28,28183.8
834740,4.98,25118.9
834745,5.84,10000.0
834753,3.6,15848.9
834754,6.14,3981.1
834769,5.58,2238.7
834772,4.71,10000.0
834776,6.17,25118.9
834779,2.23,31622.8
834783,4.22,14987.15
834790,4.71,31622.8
834797,2.64,17782.8
834831,4.95,19952.6
834836,4.82,35481.3
834849,4.59,11904.75
834853,5.34,14125.4
834859,5.14,3548.1
834862,5.47,15848.9
834863,5.31,14987.15
834870,4.11,6309.6
834876,5.6,3162.3
834885,5.23,12589.3
834891,5.7,1122.0
834896,4.02,17782.8
834897,6.04,14125.4
834901,4.86,3162.3
834906,3.73,15848.9
834923,4.53,17782.8
834935,4.24,31622.8
834980,4.3,37646.0
834990,5.92,14125.4
834992,3.38,31622.8
834995,3.9,10000.0
835001,5.25,22387.2
835007,4.29,22387.2
835013,4.96,25118.9
835014,5.23,44668.4
835018,4.5,1584.9
835024,3.98,33552.05
835028,5.58,3548.1
835031,5.82,17782.8
835039,5.48,5011.9
835040,5.26,10000.0
835045,5.55,31622.8
835051,5.4,31622.8
835063,4.89,1995.3
835070,5.15,25118.9
835074,4.88,7511.4
835075,4.97,12589.3
835082,5.34,100.0
835095,4.66,28183.8
835099,5.41,11220.2
835101,5.29,31622.8
835118,4.81,39810.7
835120,2.65,10000.0
835121,4.28,6694.55
835125,4.39,10000.0
835127,4.73,1584.9
835132,5.58,14125.4
835136,4.66,19952.6
835176,5.53,891.3
835189,5.63,28183.8
835192,6.19,316.2
835201,4.45,1122.0
835208,6.18,39810.7
835210,5.16,39810.7
835221,6.3,31622.8
835233,5.53,28183.8
835235,4.94,44668.4
835241,5.83,35481.3
835251,5.88,39810.7
835266,5.42,25118.9
835267,6.24,22387.2
835272,4.67,15848.9
835275,3.55,14125.4
835280,5.69,7943.3
835285,4.03,3548.1
835314,5.8,7943.3
835320,4.51,31622.8
835327,5.02,100.0
835340,4.47,25118.9
835341,4.03,17782.8
835344,5.65,6309.6
835345,5.04,25118.9
835350,5.96,7943.3
835356,5.01,3981.1
835357,4.13,12589.3
835365,5.23,4466.8
835370,5.79,2818.4
835378,4.36,16815.85
835380,4.74,35481.3
835413,5.46,12589.3
835420,5.55,8912.5
835434,5.02,17782.8
835438,6.04,7079.5
835439,4.97,7079.5
835440,6.13,6309.6
835443,5.75,14125.4
835450,4.38,35481.3
835455,5.51,14125.4
835467,4.98,19952.6
835478,5.94,17782.8
835490,4.31,39810.7
835495,5.64,14125.4
835496,4.15,891.3
835500,3.99,39810.7
835505,5.62,19952.6
835538,4.72,19952.6
835550,5.98,14125.4
835560,4.21,11220.2
835562,3.28,22387.2
835571,5.34,707.9
835572,3.82,10000.0
835575,5.26,28183.8
835580,4.11,22387.2
835586,4.63,7079.5
835588,5.0,19952.6
835609,5.66,125.9
835611,6.1,2511.9
835622,5.46,14125.4
835645,2.3,10000.0
835648,3.96,14125.4
835652,5.05,5011.9
835659,5.71,17782.8
835661,4.87,28183.8
835668,3.56,3162.3
835671,5.94,22387.2
835672,5.58,25118.9
835674,3.66,8912.5
835681,3.92,39810.7
835684,4.31,28183.8
835693,5.24,70.8
835696,4.21,100.0
835697,5.05,39810.7
835699,5.0,25118.9
835714,5.4,12589.3
835720,5.13,19952.6
835730,5.02,25118.9
835735,5.21,44668.4
835737,5.83,17782.8
835744,4.41,39810.7
835750,5.36,15848.9
835752,4.37,44668.4
835753,3.85,17782.8
835761,5.31,39810.7
835762,4.98,22387.2
835780,4.83,26651.35
835781,2.15,14699.9
835782,5.85,28183.8
835786,2.25,3981.1
835792,5.17,562.3
835796,5.9,17782.8
835800,4.78,14125.4
835820,4.91,14125.4
835841,5.84,10000.0
835846,5.33,7079.5
835854,5.24,14987.15
835867,4.22,31622.8
835880,5.2,2511.9
835885,5.74,15848.9
835888,5.13,5623.4
835897,3.72,12589.3
835912,5.82,10000.0
835918,5.58,14125.4
835936,3.91,14125.4
835950,4.02,31622.8
835964,3.85,35481.3
835974,5.54,12589.3
835977,3.87,39810.7
835978,4.31,22387.2
835985,4.71,17782.8
835990,3.82,5623.4
835994,5.33,11220.2
836007,3.8,15848.9
836013,4.74,19952.6
836021,4.28,3981.1
836029,4.98,14125.4
836042,5.62,28183.8
836051,5.84,10000.0
836052,6.0,28183.8
836056,3.34,7943.3
836064,5.29,17782.8
836072,4.7,1995.3
836074,4.31,22387.2
836076,4.3,31622.8
836080,4.33,12589.3
836084,4.15,17782.8
836090,4.87,15848.9
836100,4.11,15848.9
836107,5.35,1995.3
836121,3.63,3981.1
836123,5.82,14987.15
836125,4.42,17782.8
836128,2.41,15848.9
836130,6.35,22387.2
836138,5.99,6309.6
836139,5.35,25.1
836144,5.71,12589.3
836150,5.01,891.3
836156,5.84,44668.4
836157,5.72,8912.5
836163,4.99,28183.8
836175,5.86,11220.2
836182,5.28,10000.0
836184,5.2,28183.8
836185,5.63,39810.7
836187,3.94,7943.3
836200,4.61,17782.8
836202,5.56,28183.8
836203,4.09,7079.5
836212,4.56,794.3
836217,3.85,31622.8
836220,4.83,2818.4
836245,5.7,2511.9
836246,5.15,17782.8
836249,4.27,3981.1
836251,5.92,39810.7
836272,5.09,39810.7
836277,3.56,1258.9
836279,5.72,19952.6
836287,5.99,22387.2
836296,4.33,28183.8
836299,5.78,28183.8
836302,5.08,10000.0
836313,4.2,25118.9
836332,5.06,4466.8
836333,4.8,11220.2
836366,5.43,1412.5
836372,3.85,29903.3
836376,3.83,16815.85
836380,4.95,44668.4
836384,5.62,44668.4
836387,4.81,11220.2
836388,4.75,19952.6
836397,3.67,10000.0
836403,5.06,28183.8
836404,6.12,14125.4
836405,5.27,11220.2
836407,4.73,28183.8
836415,4.68,19952.6
836417,4.53,1122.0
836421,3.05,28183.8
836429,3.87,17782.8
836437,3.77,17782.8
836438,5.29,50.1
836444,3.68,28183.8
836453,5.39,35481.3
836456,5.81,22387.2
836461,4.07,25118.9
836462,5.79,15848.9
836465,3.62,44668.4
836467,6.0,28183.8
836469,4.25,7079.5
836474,5.4,1995.3
836485,5.7,1258.9
836501,5.42,17782.8
836505,5.01,3290.9
836515,5.81,25118.9
836521,5.72,891.3
836537,5.56,35481.3
836549,4.08,10000.0
836556,5.61,15848.9
836572,5.32,10000.0
836580,5.79,2818.4
836605,5.18,35481.3
836607,5.4,31622.8
836610,6.15,7943.3
836615,4.49,27162.166666666668
836616,4.12,11220.2
836654,4.64,19952.6
836658,5.74,9456.25
836662,3.93,2818.4
836668,4.4,3981.1
836669,4.79,5011.9
836676,5.58,14125.4
836701,5.3,19952.6
836702,4.27,12589.3
836709,3.33,8912.5
836710,5.54,15848.9
836712,3.15,7943.3
836723,3.74,141.3
836771,5.7,3981.1
836775,5.7,28183.8
836784,6.3,39810.7
836795,4.03,28183.8
836798,5.79,15848.9
836799,5.86,7943.3
836802,5.81,25118.9
836805,4.73,3548.1
836809,3.34,12589.3
836821,3.85,1584.9
836824,4.41,28183.8
836849,5.11,22387.2
836852,4.75,14125.4
836854,5.39,44668.4
836871,3.63,3162.3
836872,4.9,14125.4
836874,3.94,15848.9
836878,4.33,19952.6
836880,3.74,19952.6
836887,5.66,22387.2
836911,5.01,4466.8
836917,4.61,25118.9
836929,4.95,39810.7
836938,4.32,19952.6
836940,6.02,25118.9
836952,5.41,7943.3
836956,5.0,22387.2
836959,3.8,12589.3
836974,5.0,12589.3
836989,4.3,19952.6
836992,4.11,15848.9
836999,5.59,7943.3
837014,4.5,28183.8
837017,3.53,11220.2
837027,3.64,19952.6
837047,4.77,17782.8
837062,3.59,28183.8
837071,5.63,39810.7
837092,3.95,12589.3
837103,5.68,21169.9
837115,5.21,25118.9
837127,5.75,17782.8
837128,5.77,35481.3
837130,5.11,15848.9
837131,5.04,44668.4
837135,3.92,44668.4
837139,5.15,31622.8
837141,4.71,251.2
837142,4.2,39810.7
837149,5.86,28183.8
837152,2.33,39810.7
837155,4.88,31622.8
837160,4.88,39810.7
837161,5.49,28183.8
837166,6.03,1258.9
837167,4.11,1778.3
837170,3.74,19952.6
837172,4.18,19952.6
837183,3.83,25118.9
837189,5.02,10000.0
837194,6.24,1258.9
837196,2.88,22387.2
837206,3.86,12589.3
837210,4.48,39810.7
837221,4.51,5011.9
837251,5.1,22387.2
837258,4.51,12589.3
837268,4.77,39810.7
837282,4.03,15848.9
837284,5.02,1258.9
837293,5.61,4466.8
837302,6.03,17782.8
837305,5.5,1258.9
837310,5.63,25118.9
837328,4.34,12589.3
837333,5.27,2818.4
837337,5.69,10000.0
837394,4.48,44668.4
837396,5.31,10000.0
837403,5.08,10000.0
837405,5.02,31622.8
837410,4.72,35481.3
837414,3.9,3548.1
837427,3.55,3162.3
837428,4.82,25118.9
837441,4.94,31622.8
837456,5.28,17782.8
837460,5.0,7079.5
837462,5.22,10000.0
837465,5.22,4466.8
837469,4.42,15848.9
837470,7.18,25118.9
837471,4.32,15848.9
837472,5.93,25118.9
837473,3.2,19952.6
837495,5.31,891.3
837499,3.89,35481.3
837501,5.7,35481.3
837504,3.76,14125.4
837506,4.39,12589.3
837508,3.72,8912.5
837536,4.79,3981.1
837549,6.0,17782.8
837553,5.91,7943.3
837554,4.5,39810.7
837555,3.56,15848.9
837556,6.11,3548.1
837560,5.61,39810.7
837576,2.75,22387.2
837577,5.34,22387.2
837580,6.1,28183.8
837585,5.67,22387.2
837588,3.96,6309.6
837590,5.46,12589.3
837596,6.22,39810.7
837605,4.68,15848.9
837608,5.81,12589.3
837617,5.05,112.2
837619,2.64,35481.3
837620,5.76,11220.2
837636,6.12,15848.9
837639,4.68,25118.9
837642,5.29,28183.8
837661,4.72,31622.8
837672,4.8,25118.9
837679,5.48,25118.9
837689,4.25,39810.7
837690,3.93,14125.4
837692,3.52,22387.2
837714,4.47,28183.8
837724,5.67,19952.6
837739,3.64,19952.6
837742,3.46,39810.7
837746,5.06,3162.3
837754,3.33,12589.3
837768,6.07,44668.4
837772,4.81,14125.4
837774,5.84,28183.8
837802,5.24,11220.2
837804,5.67,3548.1
837813,4.52,35481.3
837815,5.57,11220.2
837841,5.28,12589.3
837853,4.88,22387.2
837857,5.77,12589.3
837871,5.32,1000.0
837877,4.83,31622.8
837893,4.11,15848.9
837896,5.31,17782.8
837897,3.53,446.7
837914,3.75,28183.8
837920,4.07,17782.8
837925,4.65,39810.7
837937,5.82,10000.0
837963,4.81,17782.8
837964,4.74,10000.0
837974,4.41,17782.8
837976,4.52,17782.8
837983,2.54,12589.3
837994,4.86,15848.9
838035,4.74,3162.3
838050,4.33,28183.8
838072,4.94,19952.6
838079,5.13,39810.7
838097,5.91,14125.4
838102,3.86,12589.3
838110,3.58,35.5
838116,6.31,15848.9
838117,4.88,17782.8
838133,5.17,10000.0
838136,5.51,15848.9
838138,4.43,3162.3
838145,4.42,6309.6
838161,5.43,10000.0
838175,3.53,19952.6
838211,6.04,8912.5
838212,5.25,3548.1
838240,5.05,15848.9
838256,4.28,316.2
838266,4.68,28183.8
838271,4.0,4466.8
838275,5.64,35481.3
838282,3.71,4466.8
838290,4.84,19952.6
838301,5.2,14125.4
838310,4.4,14125.4
838332,4.64,25118.9
838335,5.23,10610.1
838345,4.79,19952.6
838348,3.0,28183.8
838349,5.87,11220.2
838370,3.81,26651.35
838386,4.27,31622.8
838400,5.6,2375.3
838406,3.3,44668.4
838407,5.93,39810.7
838423,6.09,8912.5
838427,4.4,35481.3
838430,5.26,39810.7
838447,5.48,26651.35
838458,5.62,3548.1
838459,4.99,11220.2
838468,4.75,12589.3
838479,5.59,35481.3
838483,4.98,5011.9
838508,3.93,11220.2
838512,3.21,39810.7
838517,5.5,12589.3
838529,5.23,4466.8
838568,4.83,12589.3
838570,4.72,2818.4
838573,5.72,21169.9
838575,4.45,1122.0
838591,5.61,17782.8
838603,5.33,707.9
838607,4.35,10000.0
838613,3.4,14125.4
838617,4.94,19952.6
838627,5.59,22387.2
838635,4.66,28183.8
838644,6.03,25118.9
838650,4.05,17782.8
838651,4.2,4466.8
838654,5.86,28183.8
838665,5.99,8912.5
838673,6.01,28183.8
838689,5.66,39810.7
838700,3.48,39810.7
838702,3.63,31622.8
838705,5.3,17782.8
838710,3.27,28183.8
838714,5.41,12589.3
838719,3.98,2511.9
838753,6.12,10000.0
838757,4.95,4466.8
838779,5.3,28183.8
838787,5.22,44668.4
838793,5.22,17782.8
838823,2.71,4466.8
838831,6.16,15848.9
838850,5.72,19952.6
838879,6.48,39810.7
838895,3.59,31622.8
838908,4.39,26651.35
838912,5.18,15848.9
838932,4.75,4466.8
838940,6.08,29903.3
838950,5.09,7079.5
838968,4.63,398.1
838972,5.28,15848.9
838997,5.86,17782.8
839002,5.94,3162.3
839010,4.41,14125.4
839017,4.78,22387.2
839020,5.0,25118.9
839021,5.35,3981.1
839024,4.9,35481.3
839031,5.62,6309.6
839038,5.52,14987.15
839040,6.0,25118.9
839042,5.94,10000.0
839049,2.88,158.5
839050,3.53,6309.6
839053,4.13,25118.9
839055,5.05,15848.9
839086,5.36,8912.5
839092,5.02,10000.0
839114,5.52,10000.0
839127,5.55,4466.8
839137,4.03,19952.6
839142,3.77,35481.3
839154,4.16,35481.3
839155,4.91,7079.5
839157,5.35,15848.9
839166,4.4,11220.2
839170,3.94,398.1
839177,6.2,2238.7
839189,4.14,31622.8
839192,5.63,9456.25
839197,4.2,39810.7
839198,4.24,15848.9
839229,5.75,35481.3
839230,5.59,17782.8
839235,4.91,39810.7
839238,3.89,28183.8
839245,5.03,39810.7
839255,5.84,3981.1
839269,5.7,19952.6
839274,5.55,5011.9
839282,4.88,25118.9
839283,5.88,19952.6
839293,4.78,3162.3
839319,5.12,39810.7
839334,4.51,14125.4
839337,5.19,15848.9
839348,5.57,14125.4
839351,5.13,10000.0
839357,3.73,3162.3
839362,4.87,28183.8
839363,3.65,35481.3
839366,4.43,12589.3
839376,5.08,12589.3
839381,4.7,24208.333333333332
839388,5.27,15848.9
839394,5.61,31622.8
839395,4.93,44668.4
839402,5.37,14125.4
839406,6.08,31622.8
839411,5.23,3548.1
839412,4.69,4466.8
839436,5.69,21169.9
839443,5.33,15848.9
839461,4.92,22387.2
839464,5.14,7079.5
839482,4.04,6309.6
839492,5.16,25118.9
839496,4.06,25118.9
839497,4.04,17138.166666666668
839498,4.75,15848.9
839508,3.47,14987.15
839522,3.78,8912.5
839524,5.72,35481.3
839526,4.71,22387.2
839536,2.74,10000.0
839538,5.08,15848.9
839544,5.45,25118.9
839553,5.23,5011.9
839564,4.88,10000.0
839569,2.71,10000.0
839584,5.18,12589.3
839586,4.61,177.8
839589,3.17,15848.9
839593,6.03,25118.9
839603,5.65,7943.3
839610,5.9,25118.9
839614,5.89,8912.5
839624,5.25,8912.5
839640,3.3,12589.3
839644,5.78,707.9
839646,5.09,11220.2
839649,3.62,14125.4
839656,5.16,28183.8
839668,5.65,25118.9
839669,5.46,7079.5
839672,5.48,2990.35
839675,5.88,33552.05
839677,5.95,631.0
839687,5.0,8912.5
839690,5.68,28183.8
839692,5.83,35481.3
839697,3.76,25118.9
839700,6.2,22387.2
839702,4.63,794.3
839713,5.45,5011.9
839718,5.44,35481.3
839730,4.98,14125.4
839731,6.36,10610.1
839735,2.64,3162.3
839736,3.26,25118.9
839737,3.91,44668.4
839748,4.4,17782.8
839759,4.45,8912.5
839764,4.95,8912.5
839765,5.79,15848.9
839766,5.83,44668.4
839767,5.49,25118.9
839770,6.23,31622.8
839776,6.01,12589.3
839778,3.69,15848.9
839790,5.19,7943.3
839810,4.76,25118.9
839812,3.83,14125.4
839828,5.98,44668.4
839839,5.41,15848.9
839842,5.61,19952.6
839845,3.52,10000.0
839846,6.03,28183.8
839849,4.45,28183.8
839854,4.04,7079.5
839876,3.91,19952.6
839881,5.02,22387.2
839884,4.44,35481.3
839911,5.76,17782.8
839917,5.56,17782.8
839929,3.0,15848.9
839930,4.66,16493.533333333333
839946,5.29,35481.3
839958,4.74,891.3
839963,5.96,19952.6
839980,4.45,31622.8
839987,4.66,39810.7
839988,5.96,17782.8
839991,6.04,31622.8
839997,5.24,14125.4
839999,5.26,14125.4
840002,5.6,17782.8
840005,4.52,17782.8
840006,5.59,11220.2
840011,5.42,39810.7
840013,5.66,28183.8
840014,6.09,14125.4
840015,4.77,11220.2
840024,5.02,19952.6
840033,5.65,22387.2
840039,5.2,28183.8
840044,4.41,12589.3
840049,5.59,2511.9
840053,6.23,25118.9
840057,5.5,28.2
840065,4.51,12589.3
840067,5.5,12589.3
840069,2.88,3162.3
840071,5.01,39810.7
840089,6.54,2238.7
840098,4.68,44668.4
840119,5.17,6309.6
840136,4.96,19952.6
840137,4.92,28183.8
840138,4.85,28183.8
840150,4.43,19952.6
840160,3.53,29903.3
840167,4.28,2818.4
840201,5.69,28183.8
840225,6.05,23753.05
840232,5.25,1122.0
840242,3.83,10000.0
840250,5.57,44668.4
840252,4.77,15848.9
840266,4.45,9637.5
840276,5.05,2818.4
840283,5.81,31622.8
840287,3.86,25118.9
840289,4.78,39810.7
840294,5.63,17782.8
840311,5.56,6309.6
840324,6.01,22387.2
840340,4.67,12589.3
840351,2.77,28183.8
840357,5.69,17782.8
840359,2.28,15848.9
840367,5.42,28183.8
840371,4.88,28183.8
840377,5.54,14987.15
840378,5.07,15848.9
840379,4.68,28183.8
840382,5.46,31622.8
840387,5.91,22387.2
840399,5.96,12589.3
840400,4.26,17782.8
840401,4.69,44668.4
840411,4.44,10000.0
840424,5.47,125.9
840427,3.6,25118.9
840434,5.22,15848.9
840440,4.41,39810.7
840443,4.73,4466.8
840445,5.62,11220.2
840454,6.17,1995.3
840468,4.38,44668.4
840475,5.4,28183.8
840486,5.84,17782.8
840488,5.46,39810.7
840497,6.02,23753.05
840498,5.88,19952.6
840511,5.76,13357.35
840516,5.35,11220.2
840528,4.07,2818.4
840538,5.63,3162.3
840548,3.96,19952.6
840553,5.38,15848.9
840563,4.14,17782.8
840568,5.42,19952.6
840576,5.67,39810.7
840584,5.2,19952.6
840594,4.66,7943.3
840601,5.5,8912.5
840625,4.81,7079.5
840637,5.18,17782.8
840645,5.3,28183.8
840646,5.5,25118.9
840668,5.19,22387.2
840679,5.3,17782.8
840688,5.32,22387.2
840693,5.3,11220.2
840699,4.98,12589.3
840708,4.11,12589.3
840721,5.3,35481.3
840722,4.88,14125.4
840746,6.03,31622.8
840757,4.27,28183.8
840758,5.37,19952.6
840771,3.86,28183.8
840782,5.75,39810.7
840788,3.73,8912.5
840805,4.48,39810.7
840808,4.34,28183.8
840828,6.1,25118.9
840830,4.57,1122.0
840833,4.74,28183.8
840858,5.62,22387.2
840861,5.56,3162.3
840877,6.51,31622.8
840900,5.38,11220.2
840911,5.88,8912.5
840914,4.83,39810.7
840923,4.4,28183.8
840940,5.55,8912.5
840941,4.67,44668.4
840948,5.61,39810.7
840957,4.78,11220.2
840959,5.69,5011.9
840961,3.72,1995.3
840981,5.25,28183.8
840984,5.98,14125.4
840990,5.26,1000.0
840992,3.57,44668.4
840996,4.57,10000.0
841000,2.84,14125.4
841016,5.95,12589.3
841023,6.76,39810.7
841028,5.92,11220.2
841072,4.21,25118.9
841075,5.17,31622.8
841080,3.18,8912.5
841081,4.48,16815.85
841088,3.05,14125.4
841096,4.44,11220.2
841100,5.4,28183.8
841104,3.42,10000.0
841108,5.6,37646.0
841115,5.42,707.9
841116,5.12,25118.9
841118,4.16,28183.8
841127,5.48,17782.8
841134,5.91,8912.5
841155,4.31,10000.0
841169,5.08,39810.7
841189,5.6,29903.3
841193,5.02,25118.9
841206,4.22,22387.2
841208,5.35,14125.4
841209,6.46,39810.7
841210,4.12,5011.9
841214,4.7,22387.2
841223,5.43,15848.9
841226,4.33,19952.6
841231,4.31,19952.6
841237,5.96,5623.4
841247,4.82,25118.9
841260,5.01,19952.6
841265,5.32,39810.7
841268,4.53,2238.7
841269,4.97,19952.6
841290,5.7,28.2
841297,6.34,562.3
841299,5.45,39810.7
841301,2.95,7943.3
841320,5.3,15848.9
841326,5.46,35481.3
841329,6.68,1820.0
841338,1.46,35481.3
841339,5.86,31622.8
841354,3.26,3548.1
841367,5.33,5011.9
841369,6.01,7079.5
841372,6.43,5011.9
841385,5.34,22387.2
841387,6.47,35481.3
841389,5.53,28183.8
841399,2.97,31622.8
841405,5.47,10000.0
841413,5.19,39810.7
841420,4.44,31622.8
841437,5.02,31622.8
841440,5.54,29903.3
841443,4.97,1258.9
841444,4.53,22387.2
841455,5.45,25118.9
841461,5.39,16815.85
841462,5.74,5623.4
841477,5.63,14125.4
841480,5.4,112.2
841491,5.65,281.8
841495,5.38,631.0
841498,4.58,14125.4
841504,4.19,39810.7
841512,3.79,39810.7
841521,5.78,446.7
841522,5.79,25118.9
841537,6.1,25118.9
841547,5.31,7079.5
841552,5.83,28183.8
841553,5.6,11220.2
841556,4.01,31622.8
841567,4.66,31622.8
841568,5.47,2818.4
841570,5.3,12589.3
841582,5.63,9456.25
841586,5.33,9456.25
841591,5.0,44668.4
841595,5.99,31622.8
841603,4.62,19952.6
841605,5.49,100.0
841615,4.63,10000.0
841617,4.8,28183.8
841628,4.54,31622.8
841629,5.69,31622.8
841632,4.56,10000.0
841634,3.97,7943.3
841643,5.41,39810.7
841646,5.89,25118.9
841671,4.19,794.3
841672,5.59,25118.9
841678,6.14,15848.9
841680,5.18,28183.8
841682,5.97,7079.5
841684,4.36,39810.7
841710,4.07,11220.2
841715,5.87,14125.4
841720,4.83,2238.7
841728,5.44,223.9
841734,6.14,14987.15
841743,3.33,22387.2
841744,5.42,7943.3
841748,5.59,7943.3
841759,5.44,13357.35
841763,3.69,11220.2
841773,3.17,11220.2
841776,5.51,12589.3
841777,4.31,14125.4
841778,5.42,15848.9
841783,5.01,28183.8
841789,5.05,39810.7
841792,5.36,19952.6
841795,4.74,44668.4
841806,4.76,22387.2
841810,5.36,19229.333333333332
841823,6.22,5623.4
841831,5.08,35481.3
841833,4.99,5011.9
841851,4.84,15848.9
841852,4.81,28183.8
841857,5.72,7943.3
841858,3.5,14125.4
841869,5.24,35481.3
841883,3.69,19952.6
841888,4.84,13357.35
841897,4.92,8912.5
841898,4.04,10000.0
841900,4.84,1258.9
841902,3.5,31622.8
841916,4.01,1412.5
841919,4.27,7079.5
841924,6.12,25118.9
841934,5.5,17782.8
841945,4.59,10000.0
841950,4.32,12589.3
841951,5.97,28183.8
841956,5.48,11220.2
841957,6.2,7943.3
841959,6.2,17782.8
841963,4.51,7079.5
841964,5.57,19952.6
841966,4.74,25118.9
841984,5.25,39810.7
841989,5.15,29903.3
842011,5.84,28183.8
842027,5.73,10000.0
842029,4.7,31622.8
842031,5.39,25118.9
842058,4.68,2818.4
842062,4.67,15848.9
842069,5.14,6309.6
842070,3.72,15848.9
842075,5.44,31622.8
842076,5.86,12589.3
842084,5.62,22387.2
842091,5.49,11220.2
842100,3.93,14125.4
842104,5.4,22387.2
842105,6.36,25118.9
842119,5.94,39810.7
842121,5.94,112.2
842124,4.55,17782.8
842130,5.6,15848.9
842137,5.23,3548.1
842146,5.91,11220.2
842157,5.22,18867.7
842160,5.5,22387.2
842161,5.47,5623.4
842163,5.52,1122.0
842165,4.83,10000.0
842183,4.4,8912.5
842193,3.98,22387.2
842195,5.53,17782.8
842198,4.77,19952.6
842203,5.4,39810.7
842204,2.9,35481.3
842209,5.2,562.3
842214,4.05,35481.3
842242,3.91,19952.6
842244,3.99,15848.9
842255,5.66,28183.8
842264,4.68,17782.8
842268,4.88,22387.2
842273,5.84,39810.7
842284,6.01,33552.05
842294,5.43,39810.7
842307,4.9,28183.8
842310,6.06,10000.0
842323,4.67,5011.9
842324,5.48,354.8
842326,6.01,28183.8
842340,5.46,31622.8
842341,4.59,2818.4
842347,5.82,2818.4
842367,3.71,29903.3
842379,5.64,177.8
842381,5.39,8912.5
842387,4.38,14125.4
842397,5.56,14987.15
842400,5.52,39810.7
842406,4.75,19952.6
842425,5.39,28183.8
842432,3.98,13357.35
842433,2.98,12589.3
842446,4.45,22387.2
842447,3.86,28183.8
842457,4.24,3981.1
842475,5.46,10610.1
842480,2.85,6309.6
842481,4.17,3548.1
842482,4.01,17782.8
842495,5.54,14125.4
842501,5.73,14125.4
842505,5.89,12589.3
842532,6.05,39810.7
842546,4.8,10000.0
842554,4.84,39810.7
842558,3.51,28183.8
842560,4.22,25118.9
842561,3.86,17782.8
842587,5.49,14125.4
842591,5.8,22387.2
842597,5.19,39810.7
842598,5.57,44668.4
842604,5.66,125.9
842612,3.87,12589.3
842620,6.01,39810.7
842629,6.04,7079.5
842638,4.61,5623.4
842644,3.8,8912.5
842647,2.5,5623.4
842666,4.0,14125.4
842670,4.47,2818.4
842684,4.72,7943.3
842687,3.96,35481.3
842696,4.4,35481.3
842698,3.74,39810.7
842702,5.61,12589.3
842707,6.12,4466.8
842711,5.29,29903.3
842714,5.3,13357.35
842715,5.33,3981.1
842741,4.76,39810.7
842759,5.19,31622.8
842760,3.1,31622.8
842775,6.02,25118.9
842776,4.15,25118.9
842779,3.19,44668.4
842786,6.37,11220.2
842791,5.61,39810.7
842800,5.96,10000.0
842812,5.22,11220.2
842813,5.18,8912.5
842819,3.44,3162.3
842853,4.77,22387.2
842855,5.4,3548.1
842874,5.13,7943.3
842881,4.6,10000.0
842928,4.61,141.3
842938,5.22,28183.8
842945,2.72,15848.9
842951,4.31,12589.3
842962,2.81,5011.9
842966,4.83,7943.3
842987,5.62,14125.4
842996,5.1,19952.6
843021,5.44,25118.9
843032,5.25,35481.3
843041,5.8,14987.15
843043,4.55,19952.6
843053,2.9,15848.9
843057,6.15,17782.8
843060,5.81,31622.8
843068,4.63,3548.1
843069,4.87,28183.8
843070,6.06,39810.7
843089,4.28,4466.8
843096,5.12,31622.8
843114,5.55,8912.5
843116,4.11,22387.2
843117,4.7,8912.5
843119,5.02,28183.8
843124,4.99,15848.9
843129,3.9,44668.4
843136,3.05,17782.8
843140,3.98,17782.8
843141,4.99,63.1
843160,5.2,25118.9
843161,5.57,15848.9
843185,5.34,17782.8
843208,5.83,10000.0
843210,5.75,25118.9
843212,2.89,17782.8
843226,3.65,446.7
843233,5.13,22387.2
843240,5.84,501.2
843250,4.72,25118.9
843255,6.11,35481.3
843258,4.06,25118.9
843267,4.7,5623.4
843282,5.82,12589.3
843291,4.23,5011.9
843294,5.95,28183.8
843300,6.13,16815.85
843319,3.87,39810.7
843327,4.7,28183.8
843332,4.09,17782.8
843356,4.1,22387.2
843368,5.55,22387.2
843372,5.87,19952.6
843406,5.41,15848.9
843407,5.42,3162.3
843410,5.52,31622.8
843420,4.24,14125.4
843432,5.15,31622.8
843433,5.77,25118.9
843444,3.31,25118.9
843455,4.86,17782.8
843457,3.77,11220.2
843465,2.88,15848.9
843481,5.55,25118.9
843485,6.12,22387.2
843489,4.91,17782.8
843501,5.51,39810.7
843505,4.55,3548.1
843508,3.67,15848.9
843509,5.79,12589.3
843521,3.86,19952.6
843524,3.94,22387.2
843525,4.69,5011.9
843527,5.67,12589.3
843534,5.73,31622.8
843538,5.56,14125.4
843547,4.26,19952.6
843561,6.09,22387.2
843563,6.07,39810.7
843564,3.43,3548.1
843568,6.04,44668.4
843569,5.81,1995.3
843575,4.84,8912.5
843587,5.95,39810.7
843592,5.72,37646.0
843594,4.9,794.3
843595,5.35,562.3
843596,4.93,13357.35
843597,4.93,12589.3
843614,4.26,8912.5
843619,3.45,10000.0
843646,4.7,11220.2
843672,4.3,17782.8
843682,4.08,22387.2
843688,5.63,14125.4
843699,4.35,10000.0
843706,4.9,25118.9
843710,5.78,28183.8
843731,3.51,3981.1
843732,4.42,398.1
843735,3.62,12589.3
843739,3.33,12589.3
843750,4.61,7079.5
843754,3.06,31622.8
843774,4.81,10000.0
843775,3.2,39810.7
843784,5.58,19952.6
843789,4.88,28183.8
843798,5.74,10000.0
843809,3.62,39810.7
843813,3.91,17782.8
843823,5.21,14125.4
843830,3.89,39810.7
843834,5.61,501.2
843836,5.74,14987.15
843848,6.16,22387.2
843851,5.99,28183.8
843859,4.16,14125.4
843871,5.84,17782.8
843881,3.81,39810.7
843907,4.19,8912.5
843911,4.91,3981.1
843915,5.12,14125.4
843917,5.21,17782.8
843925,4.04,17782.8
843931,4.35,14125.4
843937,5.33,39810.7
843945,5.14,14125.4
843948,4.01,17782.8
843958,6.23,10000.0
843965,5.16,14125.4
843984,3.86,17782.8
843987,4.83,2818.4
843990,5.28,28183.8
843991,5.62,3548.1
843999,5.27,28183.8
844003,5.24,25118.9
844006,4.81,3981.1
844017,4.73,11220.2
844023,5.16,15848.9
844029,5.73,28183.8
844043,5.41,9456.25
844057,5.54,15848.9
844058,5.57,1000.0
844063,4.59,35481.3
844078,4.8,25118.9
844081,5.23,2238.7
844104,4.26,4466.8
844113,5.48,19952.6
844115,3.41,39810.7
844125,4.44,17782.8
844127,4.82,3981.1
844135,4.46,22387.2
844136,5.08,2238.7
844141,5.02,27162.166666666668
844152,4.7,25118.9
844162,4.76,3764.6
844186,5.41,3162.3
844199,4.91,17782.8
844200,3.76,23753.05
844202,5.9,19952.6
844204,4.73,17782.8
844217,5.24,3981.1
844223,5.01,3548.1
844224,4.57,39810.7
844227,4.09,5011.9
844238,5.4,22387.2
844243,4.95,39810.7
844263,5.58,15848.9
844266,4.63,25118.9
844271,4.91,35481.3
844279,4.97,3981.1
844290,6.02,39810.7
844295,6.21,28183.8
844299,5.69,17782.8
844300,5.4,17782.8
844301,5.02,31622.8
844302,3.36,35481.3
844314,5.44,11220.2
844316,5.24,8912.5
844338,5.47,14125.4
844340,4.81,14987.15
844344,5.31,39810.7
844346,3.31,19952.6
844351,5.19,28183.8
844396,3.67,19952.6
844402,6.21,8912.5
844403,5.28,12589.3
844410,4.84,17782.8
844411,5.82,891.3
844413,5.31,17782.8
844415,5.86,31622.8
844426,4.77,22.4
844432,5.62,3981.1
844446,5.58,17782.8
844448,4.62,31622.8
844450,5.14,35481.3
844453,5.76,31622.8
844489,5.53,4466.8
844490,4.87,31622.8
844494,3.34,3162.3
844514,5.43,13357.35
844522,4.7,15848.9
844523,4.37,15848.9
844533,5.48,19952.6
844547,5.64,39810.7
844561,4.59,1412.5
844562,3.62,10000.0
844578,5.52,17782.8
844583,4.53,2511.9
844585,4.34,39810.7
844611,4.38,19952.6
844616,5.48,31622.8
844623,5.69,10000.0
844630,4.66,12589.3
844652,4.34,14125.4
844662,5.36,19952.6
844669,6.01,3981.1
844678,3.6,11220.2
844682,5.72,19952.6
844694,3.62,22387.2
844695,5.66,39810.7
844699,4.73,3981.1
844701,4.87,14125.4
844709,3.83,11220.2
844711,5.09,19952.6
844722,3.33,12589.3
844727,3.79,37646.0
844779,3.92,14125.4
844781,5.87,39810.7
844784,3.42,10000.0
844787,5.67,7943.3
844796,4.44,14125.4
844805,3.75,39810.7
844807,4.62,15848.9
844812,3.43,2818.4
844826,5.42,39810.7
844827,3.4,14125.4
844829,5.53,14987.15
844862,4.79,22387.2
844890,4.95,14125.4
844900,4.64,35481.3
844903,4.83,25118.9
844909,3.82,22387.2
844917,4.34,14125.4
844944,4.74,100.0
844954,4.1,5623.4
844955,4.58,12589.3
844965,4.3,63.1
844967,4.23,5623.4
844968,3.08,22387.2
844974,4.63,17782.8
844976,3.43,15848.9
844985,3.83,5011.9
844986,4.85,28183.8
844987,5.56,31622.8
844988,4.71,14125.4
844996,5.15,35481.3
845000,5.38,39810.7
845001,4.93,125.9
845008,4.49,35481.3
845025,3.51,28183.8
845030,4.18,22387.2
845034,5.94,5011.9
845044,5.37,17782.8
845048,5.99,5011.9
845050,5.49,2818.4
845055,5.87,28183.8
845065,4.48,25118.9
845066,5.33,10000.0
845068,4.04,19952.6
845071,4.43,15848.9
845077,5.27,22387.2
845079,2.41,22387.2
845080,3.65,11220.2
845087,4.78,11220.2
845095,4.64,22387.2
845104,5.07,2511.9
845111,5.43,28183.8
845112,4.29,17782.8
845120,3.43,19952.6
845121,5.53,31622.8
845126,5.91,31622.8
845131,3.12,26651.35
845147,3.64,5623.4
845154,5.25,15848.9
845162,3.81,15848.9
845199,3.86,17782.8
845211,4.14,44668.4
845228,6.26,25118.9
845230,5.9,28183.8
845239,5.55,31622.8
845242,5.13,31622.8
845276,5.86,4466.8
845279,5.88,22387.2
845289,5.86,14987.15
845291,5.19,44668.4
845296,2.93,3981.1
845298,2.56,31622.8
845308,5.94,28183.8
845311,4.48,17782.8
845320,4.85,44668.4
845328,4.02,11220.2
845341,3.02,1122.0
845347,4.73,22387.2
845350,5.76,10610.1
845352,6.23,19952.6
845354,6.16,14125.4
845369,5.12,19952.6
845384,4.85,5011.9
845389,4.65,12589.3
845392,4.4,14987.15
845393,5.7,15848.9
845404,5.44,1258.9
845407,4.37,39810.7
845412,5.8,8912.5
845414,5.93,12589.3
845417,5.27,28183.8
845422,2.97,28183.8
845426,6.3,15848.9
845428,4.16,13357.35
845437,3.12,891.3
845439,5.59,8912.5
845451,5.38,28183.8
845456,3.99,44668.4
845458,3.94,17782.8
845459,5.5,35481.3
845488,4.3,26651.35
845538,4.69,39810.7
845539,5.42,39810.7
845555,4.88,8912.5
845561,3.58,1122.0
845581,4.78,39810.7
845583,5.4,12589.3
845589,5.13,31622.8
845591,4.35,22387.2
845599,4.37,35481.3
845615,5.65,31622.8
845623,4.11,17782.8
845629,5.2,35481.3
845638,5.55,19952.6
845657,5.05,22387.2
845658,5.23,19952.6
845665,4.63,22387.2
845667,5.54,39810.7
845690,4.68,35481.3
845695,4.19,7943.3
845705,4.23,28183.8
845715,6.2,31622.8
845723,4.0,39810.7
845734,5.68,25118.9
845755,4.11,19952.6
845760,5.55,398.1
845771,5.57,28183.8
845778,4.22,39810.7
845780,3.45,11220.2
845782,5.27,10000.0
845794,4.06,44668.4
845796,5.23,11220.2
845808,5.59,17782.8
845821,4.95,33552.05
845825,4.59,7079.5
845836,4.16,8912.5
845837,5.61,1412.5
845854,3.51,15848.9
845879,5.41,10000.0
845882,5.56,39810.7
845892,2.34,10000.0
845894,5.55,25118.9
845912,4.55,8912.5
845914,5.05,8912.5
845918,3.8,3548.1
845920,2.91,14125.4
845922,5.73,31622.8
845932,3.65,11220.2
845937,5.18,3162.3
845947,4.84,28183.8
845952,5.63,25118.9
845954,5.72,1995.3
845962,3.93,3548.1
845964,5.3,25118.9
845971,4.11,5623.4
845976,5.1,7079.5
845980,5.18,17782.8
845996,5.62,19952.6
846000,4.76,17782.8
846009,5.79,11220.2
846022,5.97,15848.9
846030,5.73,17782.8
846047,3.88,3162.3
846057,5.85,25118.9
846060,4.36,11220.2
846062,5.69,28183.8
846064,5.09,39810.7
846066,5.86,3162.3
846074,4.79,15848.9
846075,4.15,15848.9
846087,2.95,6309.6
846100,5.45,794.3
846118,6.61,25118.9
846134,3.62,12589.3
846137,6.04,31622.8
846144,3.99,7943.3
846153,5.36,17782.8
846160,4.43,39810.7
846164,2.41,25118.9
846186,3.61,39810.7
846188,5.87,25118.9
846190,3.45,14125.4
846195,4.75,17782.8
846196,5.53,25118.9
846207,5.42,17782.8
846210,6.13,15848.9
846219,5.06,12589.3
846225,5.58,22387.2
846236,3.22,17782.8
846239,5.24,11220.2
846245,5.27,10000.0
846246,5.72,12589.3
846250,5.06,15848.9
846252,4.49,5623.4
846263,3.92,12589.3
846268,1.35,31622.8
846273,5.29,22387.2
846285,5.01,17782.8
846286,4.42,14125.4
846298,5.29,14987.15
846301,2.75,15848.9
846309,4.49,15848.9
846330,6.18,44668.4
846351,3.73,35481.3
846352,6.24,5011.9
846354,5.71,25118.9
846360,3.18,16815.85
846362,4.05,31622.8
846365,4.52,14987.15
846397,5.38,15848.9
846400,5.26,891.3
846413,4.38,12589.3
846423,5.79,6309.6
846427,4.11,3548.1
846431,6.03,17782.8
846440,5.74,11220.2
846441,4.56,158.5
846448,5.43,39810.7
846457,4.86,11220.2
846464,4.79,15848.9
846478,3.91,17782.8
846485,6.2,22387.2
846486,6.27,39810.7
846494,4.81,17782.8
846496,5.27,15848.9
846507,4.34,15848.9
846512,5.26,39810.7
846514,4.53,22387.2
846554,2.35,21169.9
846564,5.6,14125.4
846574,4.46,11220.2
846579,5.0,25118.9
846580,5.79,15848.9
846583,5.26,199.5
846585,3.83,3981.1
846588,5.47,31622.8
846602,4.39,1412.5
846604,4.92,22387.2
846612,2.75,8912.5
846621,4.48,7943.3
846623,2.74,25118.9
846624,4.15,14987.15
846626,4.31,3162.3
846631,4.53,5011.9
846632,4.19,1122.0
846636,2.21,25118.9
846638,3.55,25118.9
846647,5.55,3162.3
846650,4.11,16815.85
846651,5.3,35481.3
846660,5.29,44668.4
846666,3.32,5623.4
846698,4.25,28183.8
846731,5.74,17782.8
846735,5.36,14125.4
846736,5.87,28183.8
846742,3.29,14125.4
846750,5.56,562.3
846759,5.4,11220.2
846770,5.45,39810.7
846772,5.24,11904.75
846773,4.64,28183.8
846780,5.4,10000.0
846787,5.22,25118.9
846788,5.32,39810.7
846800,3.64,28183.8
846802,4.5,1258.9
846820,4.73,28183.8
846831,4.7,14987.15
846832,3.71,15848.9
846851,4.57,19952.6
846916,5.73,12589.3
846922,5.87,14125.4
846938,2.86,39810.7
846946,4.62,28183.8
846948,5.85,2818.4
846957,5.13,25.1
846964,5.48,19952.6
846969,4.86,12589.3
846980,3.86,8427.9
847009,4.9,14125.4
847011,4.91,22387.2
847013,5.12,17782.8
847019,5.62,21169.9
847022,5.22,15848.9
847024,4.92,12589.3
847042,5.82,19952.6
847057,3.32,31622.8
847075,3.53,15848.9
847076,4.48,3548.1
847078,5.27,22387.2
847082,5.63,11220.2
847087,4.1,3548.1
847103,4.11,44.7
847104,4.97,39810.7
847113,5.51,3162.3
847125,4.92,12589.3
847127,5.33,8912.5
847155,5.6,15848.9
847158,4.63,11220.2
847161,5.96,4466.8
847169,5.58,15848.9
847174,5.65,39810.7
847175,4.82,19952.6
847202,5.15,39810.7
847218,5.86,19952.6
847229,4.56,2238.7
847230,5.94,1995.3
847236,4.32,794.3
847245,5.58,7079.5
847255,6.3,39810.7
847263,5.11,39810.7
847266,5.58,35481.3
847276,3.43,1122.0
847284,5.94,2818.4
847285,2.46,39810.7
847298,5.8,3548.1
847305,3.66,7079.5
847307,4.82,31622.8
847318,4.92,14125.4
847326,4.98,12589.3
847332,5.02,19952.6
847341,5.53,31622.8
847345,5.74,3162.3
847357,4.18,1584.9
847376,5.9,22387.2
847385,4.31,17782.8
847386,4.66,11220.2
847390,5.71,31622.8
847400,5.34,17782.8
847407,2.81,39810.7
847408,5.13,10610.1
847413,4.18,19952.6
847416,5.15,14125.4
847421,5.07,8912.5
847446,5.06,562.3
847452,4.79,11220.2
847459,5.04,6309.6
847480,3.8,13357.35
847481,3.54,7943.3
847483,4.93,31622.8
847491,5.5,28183.8
847512,4.0,446.7
847513,5.8,26651.35
847519,4.81,17782.8
847563,5.29,4466.8
847575,5.6,8912.5
847579,5.76,17782.8
847589,4.94,15848.9
847591,6.06,17782.8
847611,5.08,39810.7
847613,4.67,12589.3
847615,4.28,5623.4
847625,3.57,10000.0
847627,5.28,1000.0
847635,4.57,19952.6
847642,5.06,19952.6
847645,5.75,5011.9
847647,4.18,31622.8
847657,5.79,14125.4
847668,5.8,12589.3
847683,4.63,31622.8
847686,4.53,14125.4
847687,5.08,19952.6
847694,2.94,17782.8
847695,4.28,3162.3
847715,5.93,19952.6
847716,6.14,28183.8
847720,2.59,10000.0
847726,3.93,28183.8
847733,5.55,25118.9
847735,3.74,5011.9
847736,3.94,22387.2
847738,4.7,22387.2
847769,5.24,56.2
847774,4.15,15848.9
847776,4.85,2818.4
847784,5.69,31622.8
847789,5.15,14125.4
847793,5.09,15848.9
847796,5.85,4466.8
847808,4.99,891.3
847816,4.93,10000.0
847817,4.92,6309.6
847824,5.17,12589.3
847833,5.56,14125.4
847835,3.83,26651.35
847838,5.52,446.7
847847,4.11,19952.6
847865,3.91,39810.7
847869,4.77,4466.8
847878,4.57,12589.3
847889,6.15,3162.3
847895,4.33,14125.4
847906,5.76,6309.6
847932,3.91,8912.5
847960,6.69,28183.8
847968,5.27,15848.9
847983,3.97,28183.8
847989,3.93,25118.9
847993,3.96,28183.8
848001,5.17,17782.8
848009,5.16,23753.05
848043,4.47,316.2
848054,3.64,3548.1
848062,4.82,7943.3
848065,4.94,28183.8
848069,6.26,5011.9
848072,5.75,22387.2
848075,4.02,17782.8
848083,5.7,23753.05
848086,5.79,25118.9
848090,2.89,17782.8
848092,5.39,19952.6
848115,5.56,22387.2
848119,5.83,25118.9
848120,4.62,28183.8
848134,6.05,35481.3
848141,5.31,9456.25
848150,5.17,6309.6
848169,5.92,3981.1
848173,5.85,28183.8
848205,5.42,7079.5
848207,5.48,562.3
848224,5.61,25118.9
848227,3.14,22387.2
848228,5.52,31622.8
848230,4.4,15848.9
848240,5.49,44668.4
848246,5.44,3981.1
848247,4.85,17782.8
848251,4.99,22387.2
848254,4.13,15848.9
848265,4.51,28183.8
848281,4.79,6309.6
848283,3.36,14987.15
848289,4.08,28183.8
848298,3.56,17782.8
848302,5.72,28183.8
848311,2.83,25118.9
848315,4.86,44668.4
848318,3.39,14125.4
848319,4.77,3162.3
848327,5.28,19952.6
848338,6.01,19952.6
848344,5.58,14125.4
848347,3.5,17782.8
848348,4.71,35481.3
848354,3.15,17782.8
848356,4.29,31622.8
848357,4.88,17782.8
848361,4.31,12589.3
848370,3.32,26651.35
848379,3.83,15848.9
848392,4.1,10000.0
848396,4.13,14125.4
848421,5.49,3162.3
848437,4.34,15848.9
848439,4.14,25118.9
848449,4.46,18867.7
848476,5.39,14125.4
848480,5.28,17782.8
848485,4.65,25118.9
848499,3.31,39810.7
848503,5.79,31622.8
848507,4.87,1000.0
848521,5.7,7943.3
848538,4.37,11220.2
848548,4.26,11220.2
848549,5.24,10000.0
848553,4.5,35481.3
848557,3.7,39810.7
848561,5.39,158.5
848569,4.58,35481.3
848574,5.83,14125.4
848581,5.15,11220.2
848585,3.63,19952.6
848587,4.46,7079.5
848613,5.1,2818.4
848620,3.65,1122.0
848627,4.63,10000.0
848646,5.06,22387.2
848648,4.17,2511.9
848655,4.85,3981.1
848658,6.06,31622.8
848685,5.36,15848.9
848689,4.83,17782.8
848699,4.87,12589.3
848702,5.79,891.3
848703,5.7,19952.6
848716,5.55,28183.8
848734,5.61,8427.9
848740,5.22,7079.5
848751,5.03,8427.9
848753,4.29,22387.2
848765,2.84,10000.0
848771,5.45,31622.8
848779,5.08,10000.0
848784,5.28,2818.4
848785,5.33,17782.8
848786,5.4,25118.9
848795,3.67,17782.8
848801,5.93,35481.3
848802,4.83,7943.3
848813,5.4,1000.0
848823,3.13,14125.4
848825,4.09,25118.9
848826,4.89,7079.5
848830,5.49,2238.7
848832,5.85,35481.3
848841,5.41,28183.8
848854,3.58,14125.4
848862,3.26,14125.4
848866,4.5,31622.8
848884,6.05,15848.9
848888,5.8,14125.4
848892,4.38,17782.8
848904,5.77,11220.2
848918,4.25,14125.4
848920,3.39,22387.2
848924,1.37,39810.7
848942,5.17,19952.6
848953,5.69,3981.1
848957,6.09,22387.2
848980,3.97,10000.0
848981,5.59,631.0
848987,4.34,25118.9
848992,5.66,23753.05
849008,4.08,2818.4
849013,4.51,31622.8
849014,4.89,22387.2
849015,3.24,7943.3
849021,2.59,7511.4
849044,4.39,25118.9
849045,4.52,11220.2
849057,5.83,11220.2
849068,5.74,17782.8
849111,4.3,2818.4
849125,5.19,12589.3
849146,5.97,11220.2
849147,6.11,44668.4
849178,3.83,11220.2
849181,3.78,1778.3
849186,5.82,15848.9
849188,3.35,3162.3
849193,4.16,15848.9
849196,4.39,4466.8
849198,4.41,19952.6
849201,5.52,14125.4
849205,4.01,39810.7
849218,5.9,8912.5
849221,5.28,15848.9
849228,5.68,11220.2
849234,5.54,5011.9
849251,5.31,6309.6
849290,5.06,44668.4
849291,4.54,31622.8
849292,5.65,16815.85
849296,4.2,17782.8
849303,4.16,22387.2
849313,4.9,31622.8
849320,5.56,15848.9
849325,5.78,10000.0
849335,4.59,7079.5
849338,4.65,28183.8
849351,4.69,25118.9
849360,3.63,39810.7
849361,5.0,31622.8
849370,5.93,19952.6
849373,3.89,37646.0
849382,5.47,25118.9
849384,5.76,501.2
849388,6.49,15848.9
849400,4.98,17782.8
849402,3.53,28183.8
849409,5.04,28183.8
849411,5.89,1000.0
849414,4.47,15848.9
849421,5.25,28183.8
849426,3.66,28183.8
849429,3.77,7943.3
849430,4.93,14125.4
849431,6.07,44668.4
849436,5.27,1584.9
849437,3.81,15848.9
849438,5.07,17782.8
849439,4.69,3548.1
849440,6.21,25118.9
849449,6.24,14125.4
849467,4.53,22387.2
849490,6.42,31622.8
849501,5.84,12589.3
849543,5.6,29903.3
849554,4.32,3548.1
849556,2.6,22387.2
849562,2.82,19952.6
849566,4.45,29903.3
849585,5.23,12589.3
849589,4.54,28183.8
849594,6.05,3548.1
849605,5.82,31622.8
849607,5.91,7943.3
849615,4.97,19952.6
849622,5.51,14125.4
849639,5.38,22387.2
849640,3.29,39810.7
849651,5.63,35481.3
849662,4.59,10000.0
849671,4.87,25118.9
849702,5.47,39810.7
849707,4.27,1778.3
849710,3.75,25118.9
849723,4.52,15848.9
849727,4.07,28183.8
849733,4.48,14125.4
849736,3.36,44668.4
849752,4.03,25118.9
849761,6.19,11220.2
849763,5.66,22387.2
849773,5.07,14125.4
849788,2.63,25118.9
849790,5.41,15848.9
849814,5.98,14125.4
849815,4.92,7943.3
849817,4.38,3548.1
849828,5.36,177.8
849840,5.07,10000.0
849841,3.14,31622.8
849850,5.1,14125.4
849854,4.99,12589.3
849859,5.0,25118.9
849864,4.39,8912.5
849871,4.69,1122.0
849876,3.67,5011.9
849882,4.95,22387.2
849888,5.44,12589.3
849893,3.78,14125.4
849897,5.4,3548.1
849905,4.37,39810.7
849912,6.12,28183.8
849920,2.62,14125.4
849924,5.15,15848.9
849939,3.74,2511.9
849951,5.31,31622.8
849955,4.2,17782.8
849957,5.17,28183.8
849960,4.43,23753.05
849982,3.3,7079.5
850005,5.79,17782.8
850014,4.97,11220.2
850015,5.05,31622.8
850016,5.44,12589.3
850018,4.98,28183.8
850025,5.08,39810.7
850036,4.61,11220.2
850037,5.88,44668.4
850042,5.73,12589.3
850059,4.96,14987.15
850071,5.67,23753.05
850072,5.83,3981.1
850110,5.47,3548.1
850117,4.49,12589.3
850118,5.12,25118.9
850119,6.0,12589.3
850124,4.59,12589.3
850132,5.63,15848.9
850139,5.14,25118.9
850159,3.82,25118.9
850161,5.97,5623.4
850163,6.19,15848.9
850182,5.92,39810.7
850185,5.14,25118.9
850192,5.76,22387.2
850205,4.74,15848.9
850216,5.47,19952.6
850235,3.84,22387.2
850254,5.65,17782.8
850255,4.81,25118.9
850267,4.73,15848.9
850286,6.18,17782.8
850293,3.65,14125.4
850295,4.24,39810.7
850312,4.22,28183.8
850316,5.69,39810.7
850325,5.82,2238.7
850330,5.04,17782.8
850332,4.43,2818.4
850336,4.76,39810.7
850341,5.68,14125.4
850352,3.53,8912.5
850363,6.03,25118.9
850365,4.06,4466.8
850370,2.9,25118.9
850382,5.81,14125.4
850390,4.53,39810.7
850413,5.44,1000.0
850423,3.99,14125.4
850430,3.38,3162.3
850434,4.69,15848.9
850440,4.82,5011.9
850442,4.23,17782.8
850445,5.48,14125.4
850446,3.89,1412.5
850462,5.23,25118.9
850463,5.42,19952.6
850487,5.69,28183.8
850488,4.54,15848.9
850494,5.96,35481.3
850499,4.2,25118.9
850513,4.44,35481.3
850522,4.69,28183.8
850531,5.34,2238.7
850535,3.46,14125.4
850544,5.11,31622.8
850563,5.1,10000.0
850565,4.45,398.1
850576,5.01,17782.8
850595,4.28,28183.8
850606,5.39,31622.8
850613,5.83,31622.8
850618,5.58,14125.4
850627,4.91,28183.8
850638,2.78,10000.0
850657,5.69,44668.4
850659,2.6,31622.8
850665,4.42,14125.4
850676,4.8,13101.333333333334
850686,5.63,35481.3
850701,5.77,19952.6
850708,4.84,28183.8
850719,5.41,39810.7
850721,5.34,14125.4
850724,4.0,19952.6
850739,5.86,7943.3
850748,4.01,25118.9
850749,4.11,19952.6
850759,5.58,35481.3
850780,5.41,28183.8
850782,5.22,39810.7
850795,3.25,15848.9
850809,5.23,1778.3
850813,3.61,14125.4
850833,5.24,21169.9
850845,5.0,2511.9
850863,5.56,2238.7
850869,5.52,28183.8
850874,4.43,17782.8
850885,5.92,23753.05
850888,4.0,14125.4
850898,4.16,1258.9
850900,4.73,44668.4
850910,4.87,10610.1
850928,3.73,2238.7
850934,5.52,44668.4
850941,3.78,15848.9
850944,4.93,14125.4
850953,3.45,39810.7
850964,5.1,22387.2
850970,4.12,39810.7
850975,5.59,25118.9
850978,5.72,3548.1
850984,3.3,35481.3
851001,4.28,10000.0
851007,3.85,19952.6
851026,5.79,39810.7
851031,4.87,3548.1
851034,4.67,2511.9
851036,4.71,23753.05
851038,3.34,14125.4
851059,3.96,17782.8
851062,4.16,8912.5
851075,6.45,31622.8
851085,5.86,31622.8
851089,4.83,5011.9
851092,4.63,26651.35
851096,2.99,25118.9
851097,3.13,7079.5
851103,4.51,12589.3
851105,4.39,22387.2
851111,4.3,22387.2
851119,3.52,17782.8
851124,5.61,22387.2
851125,5.71,19952.6
851126,4.56,17782.8
851130,4.76,158.5
851135,5.7,10000.0
851142,4.33,22387.2
851155,4.65,15848.9
851157,4.62,125.9
851166,2.49,25118.9
851183,5.48,14125.4
851200,4.89,10000.0
851202,3.71,17782.8
851209,4.59,12589.3
851213,4.76,25118.9
851214,2.75,15848.9
851224,4.77,15848.9
851225,5.36,39810.7
851232,3.91,5623.4
851241,4.76,15848.9
851263,6.01,19952.6
851275,4.73,891.3
851278,3.97,15848.9
851283,5.33,12589.3
851286,5.22,10000.0
851287,6.03,3981.1
851289,4.73,112.2
851303,4.55,2818.4
851305,3.99,3162.3
851315,5.03,5011.9
851320,5.35,25118.9
851392,5.32,11220.2
851411,5.88,3548.1
851413,4.4,22387.2
851422,5.64,11220.2
851423,4.8,17782.8
851447,4.84,11904.75
851452,6.07,17782.8
851457,5.44,10000.0
851458,4.96,35481.3
851461,5.72,25118.9
851462,5.4,3355.2
851467,4.65,39810.7
851483,4.41,2238.7
851490,5.31,19952.6
851499,3.86,5011.9
851513,5.62,28183.8
851530,4.34,25118.9
851537,5.87,14125.4
851539,5.56,8912.5
851563,5.76,19952.6
851565,4.73,2818.4
851569,4.1,28183.8
851571,4.64,15848.9
851575,5.55,15848.9
851603,5.54,5011.9
851610,4.21,7943.3
851631,4.19,17782.8
851636,5.05,22387.2
851649,6.15,10000.0
851653,5.3,39810.7
851655,5.03,44668.4
851657,5.34,17782.8
851658,4.33,7079.5
851662,4.75,11220.2
851674,5.45,25118.9
851677,5.37,1584.9
851685,4.14,1778.3
851699,6.59,39810.7
851707,3.81,11220.2
851709,4.82,37646.0
851716,3.94,177.8
851718,6.12,13357.35
851732,4.34,39810.7
851742,4.61,10000.0
851748,3.89,17782.8
851754,4.3,17782.8
851761,2.89,14125.4
851763,4.4,12589.3
851777,5.05,25118.9
851780,3.45,39810.7
851781,5.56,14125.4
851787,5.07,39810.7
851791,5.64,1584.9
851792,3.87,2818.4
851793,5.91,5623.4
851794,4.41,12589.3
851817,5.63,3981.1
851824,5.81,14125.4
851827,4.43,28183.8
851833,5.45,28183.8
851840,4.73,1778.3
851849,5.55,21169.9
851850,4.31,35481.3
851865,4.15,15848.9
851871,5.75,33552.05
851885,5.75,14125.4
851887,4.43,3162.3
851890,5.92,12589.3
851898,6.0,12589.3
851899,5.36,15848.9
851907,4.76,3548.1
851916,5.4,17782.8
851933,5.72,39810.7
851959,3.9,35481.3
851981,4.88,19952.6
851988,4.92,14125.4
851990,5.3,19952.6
852002,4.34,3162.3
852005,3.56,35481.3
852008,4.86,28183.8
852009,5.47,31622.8
852031,3.35,14125.4
852032,5.56,316.2
852036,2.22,39810.7
852037,6.43,11220.2
852046,3.8,14125.4
852048,5.8,1412.5
852057,5.7,19952.6
852065,4.77,13357.35
852077,4.9,17782.8
852080,4.0,15848.9
852081,4.02,14125.4
852083,5.54,39810.7
852095,4.84,14987.15
852101,4.79,19952.6
852102,4.23,28183.8
852105,3.19,28183.8
852112,5.48,39810.7
852116,2.7,35481.3
852118,4.91,28183.8
852120,4.99,25118.9
852138,5.5,8912.5
852155,5.66,1122.0
852162,4.74,15848.9
852168,5.59,6309.6
852178,4.58,3981.1
852180,5.87,26651.35
852182,2.42,39810.7
852196,5.06,22387.2
852207,5.66,15848.9
852209,3.98,15848.9
852217,5.43,25118.9
852224,3.09,39810.7
852227,5.27,28183.8
852241,4.88,11220.2
852247,6.35,9456.25
852282,2.94,31622.8
852283,4.83,44668.4
852289,3.61,44668.4
852303,5.34,15848.9
852329,5.06,2511.9
852338,5.08,11220.2
852344,5.26,44668.4
852346,6.49,14125.4
852349,5.28,17782.8
852366,5.39,3981.1
852374,5.46,12589.3
852380,5.37,10000.0
852385,4.88,25118.9
852389,5.52,1412.5
852392,4.38,35481.3
852395,6.05,3162.3
852398,6.06,22387.2
852412,4.26,19952.6
852425,4.08,1995.3
852437,4.2,17782.8
852442,3.58,11220.2
852458,5.51,398.1
852459,5.75,4466.8
852462,3.55,22387.2
852464,4.86,14987.15
852466,4.51,2818.4
852473,5.7,10000.0
852474,3.44,19952.6
852504,4.11,39810.7
852507,4.58,11904.75
852513,4.23,3548.1
852527,4.38,17782.8
852536,5.0,10000.0
852550,4.66,5011.9
852561,4.53,15848.9
852565,4.62,12589.3
852567,4.03,15848.9
852572,4.94,17782.8
852581,5.8,15848.9
852594,5.44,3162.3
852598,3.98,8912.5
852612,5.67,14125.4
852622,4.58,35481.3
852634,3.77,5623.4
852644,4.89,14125.4
852648,3.6,31622.8
852655,5.69,3548.1
852658,5.69,1000.0
852659,4.19,28183.8
852660,5.19,31622.8
852672,4.46,28183.8
852673,4.79,31622.8
852694,6.16,15848.9
852696,5.47,25118.9
852706,5.43,12589.3
852710,5.51,5011.9
852730,3.7,8912.5
852732,4.61,17782.8
852733,5.78,398.1
852734,4.16,15848.9
852741,3.98,15848.9
852746,5.29,19952.6
852748,5.52,35481.3
852749,3.37,28183.8
852768,5.12,19952.6
852769,5.66,112.2
852773,5.32,39810.7
852775,4.58,17782.8
852789,5.46,8912.5
852794,3.43,16815.85
852812,6.14,12589.3
852853,5.45,19952.6
852861,5.28,23753.05
852872,4.07,3548.1
852881,5.38,7079.5
852888,5.55,39810.7
852894,4.12,22387.2
852903,4.0,15848.9
852914,5.3,15848.9
852919,4.41,15848.9
852921,4.08,7511.4
852922,5.63,25118.9
852928,4.08,19952.6
852932,5.23,25118.9
852941,5.64,25118.9
852948,6.23,15848.9
852949,4.06,17782.8
852988,4.79,13357.35
852991,3.42,22387.2
852992,5.66,23753.05
852996,4.88,19952.6
853005,4.23,4466.8
853015,4.56,31622.8
853018,4.52,22387.2
853031,4.42,44668.4
853034,5.87,19952.6
853035,4.31,31622.8
853038,3.7,14125.4
853065,4.68,11220.2
853081,5.86,15848.9
853086,4.78,28183.8
853089,4.09,25118.9
853107,5.11,3548.1
853117,4.37,10000.0
853120,4.67,3548.1
853129,5.36,25.1
853130,4.61,21169.9
853150,4.98,10000.0
853151,5.79,19952.6
853156,4.8,44668.4
853158,3.79,22387.2
853162,5.48,562.3
853176,4.18,3981.1
853182,5.06,3162.3
853196,5.94,11220.2
853229,4.83,2511.9
853251,3.4,1122.0
853262,5.05,316.2
853263,5.85,39810.7
853272,5.73,19952.6
853281,4.88,398.1
853306,4.83,31622.8
853312,5.25,28183.8
853313,4.58,16815.85
853322,5.94,15848.9
853344,4.78,2238.7
853354,5.77,25118.9
853372,5.71,13357.35
853392,5.13,11220.2
853397,5.55,37646.0
853405,6.45,11220.2
853433,4.11,17782.8
853435,5.03,19952.6
853440,4.17,35481.3
853442,3.95,31622.8
853443,2.52,25118.9
853450,4.21,10000.0
853459,4.9,14125.4
853474,5.92,19952.6
853475,5.44,25.1
853480,4.63,891.3
853488,5.56,4466.8
853496,4.41,501.2
853499,5.77,3981.1
853516,5.54,31622.8
853519,4.46,19952.6
853532,5.22,19952.6
853538,5.6,31622.8
853540,5.4,25118.9
853567,3.18,8427.9
853579,3.44,15848.9
853619,5.64,6309.6
853625,5.7,39810.7
853628,4.89,12589.3
853647,4.4,29903.3
853657,6.08,14125.4
853669,5.45,3548.1
853671,4.95,31622.8
853672,4.75,39810.7
853674,5.91,31622.8
853681,2.52,15848.9
853683,5.45,25118.9
853707,5.77,7943.3
853714,4.24,10000.0
853716,2.9,2818.4
853719,6.0,39810.7
853726,5.86,17782.8
853733,5.57,19952.6
853740,5.5,14125.4
853745,4.72,31622.8
853748,5.42,112.2
853755,5.69,28183.8
853767,4.85,14125.4
853770,3.33,11220.2
853771,5.32,15848.9
853779,5.85,19952.6
853785,5.76,31622.8
853786,5.51,39810.7
853788,3.87,22387.2
853803,5.94,35481.3
853806,4.64,11220.2
853809,5.74,10610.1
853814,5.2,8912.5
853832,4.76,2818.4
853835,5.36,28183.8
853837,5.52,199.5
853839,3.57,3162.3
853842,3.44,15848.9
853845,5.03,31622.8
853860,6.43,31622.8
853861,4.73,19952.6
853863,3.15,39810.7
853890,5.19,15848.9
853900,5.15,44668.4
853903,4.7,28183.8
853921,3.09,7943.3
853925,6.04,35481.3
853942,5.5,15848.9
853949,4.67,22387.2
853956,4.48,17782.8
853958,4.63,22387.2
853960,3.92,44668.4
853961,5.84,25118.9
853969,4.32,35481.3
853984,2.05,39810.7
853986,5.54,22387.2
853996,5.13,1995.3
854000,3.93,15848.9
854011,5.75,28183.8
854012,4.23,7943.3
854016,4.22,3548.1
854045,4.77,8912.5
854059,5.33,15848.9
854061,4.4,22387.2
854069,5.24,22387.2
854099,5.57,14125.4
854101,5.36,28183.8
854136,5.59,35481.3
854142,5.17,14125.4
854162,5.15,8912.5
854168,5.89,35481.3
854177,5.64,12589.3
854179,5.75,28183.8
854188,3.98,22387.2
854193,5.9,31622.8
854197,5.09,12589.3
854203,4.48,15848.9
854205,3.76,12589.3
854221,5.2,14125.4
854237,5.2,19952.6
854240,6.01,17782.8
854242,2.38,28183.8
854244,5.17,10000.0
854254,4.47,12589.3
854261,3.68,44668.4
854267,5.95,25118.9
854270,4.29,21169.9
854274,5.29,7943.3
854298,1.98,2238.7
854307,5.89,31622.8
854312,5.43,25118.9
854321,5.9,39810.7
854340,5.32,25118.9
854351,5.69,19952.6
854370,5.9,14125.4
854398,4.64,31622.8
854415,5.07,26651.35
854432,3.7,7943.3
854441,4.63,12589.3
854458,4.32,17782.8
854460,4.62,3981.1
854469,5.98,28183.8
854470,4.33,14125.4
854474,5.76,25118.9
854481,2.73,8912.5
854485,3.61,39810.7
854489,5.79,39810.7
854497,4.54,1122.0
854505,4.83,22387.2
854511,5.1,31622.8
854521,5.12,17782.8
854528,5.31,31622.8
854530,4.57,15848.9
854535,4.84,8912.5
854550,4.52,15848.9
854562,5.35,2511.9
854570,4.8,15848.9
854584,4.49,14125.4
854586,5.85,22387.2
854590,3.12,8912.5
854602,5.51,17782.8
854603,4.13,8912.5
854604,4.61,12589.3
854621,4.22,14125.4
854649,3.93,12589.3
854665,5.54,39810.7
854674,2.96,15848.9
854679,3.46,15848.9
854680,5.67,29903.3
854683,5.43,8912.5
854688,5.18,6309.6
854696,4.97,14125.4
854699,5.72,1122.0
854707,5.26,28183.8
854717,5.39,12589.3
854726,4.05,25118.9
854754,3.62,17782.8
854767,4.33,30476.466666666667
854770,5.26,31622.8
854777,4.17,14125.4
854783,4.21,891.3
854785,5.36,14125.4
854789,5.63,14125.4
854795,3.71,26651.35
854803,5.73,17782.8
854805,5.64,11220.2
854834,6.01,35481.3
854840,3.53,25118.9
854849,5.45,16815.85
854850,4.62,15848.9
854851,4.88,15848.9
854866,3.65,19952.6
854867,5.49,12589.3
854880,5.25,19952.6
854886,5.81,44668.4
854889,6.36,19952.6
854893,5.07,14125.4
854906,6.21,22387.2
854907,3.08,35481.3
854911,5.7,25118.9
854926,5.6,14125.4
854942,5.66,17782.8
854957,4.45,22387.2
854965,5.76,16815.85
854979,4.13,39810.7
854980,3.93,14125.4
854988,4.82,10000.0
854992,4.32,35481.3
855000,5.81,39810.7
855001,2.45,35481.3
855016,2.93,15848.9
855025,4.62,3548.1
855030,4.91,1995.3
855035,5.67,562.3
855038,4.48,15848.9
855047,6.22,19952.6
855050,5.63,35481.3
855056,5.09,17782.8
855058,5.52,29903.3
855073,3.31,11220.2
855075,4.39,39810.7
855090,5.75,17782.8
855093,3.54,28183.8
855116,4.37,5011.9
855135,5.36,14125.4
855140,3.22,28183.8
855152,5.27,44668.4
855170,4.5,28183.8
855172,5.83,25118.9
855179,5.81,25118.9
855187,4.94,19952.6
855194,5.73,11220.2
855196,4.67,15848.9
855212,3.9,31622.8
855216,5.57,11220.2
855220,4.41,7079.5
855222,3.44,11220.2
855223,4.2,13357.35
855224,5.84,1778.3
855227,6.02,25118.9
855230,6.61,14125.4
855234,5.31,44668.4
855253,5.95,12589.3
855285,5.74,19952.6
855289,4.12,1995.3
855317,5.67,12589.3
855320,4.71,12589.3
855329,2.32,35481.3
855341,5.52,5623.4
855342,5.28,281.8
855367,2.49,19952.6
855380,5.44,15848.9
855396,5.19,31622.8
855399,5.03,14125.4
855406,4.38,10000.0
855420,4.52,22387.2
855428,4.69,17782.8
855429,5.24,35481.3
855430,5.21,12589.3
855432,5.62,31622.8
855439,4.38,11220.2
855441,5.34,25118.9
855442,2.77,44668.4
855448,5.81,1584.9
855454,4.48,316.2
855455,5.21,15848.9
855461,4.13,39810.7
855471,4.3,37646.0
855475,5.74,22387.2
855488,4.39,28183.8
855489,3.86,22387.2
855491,4.58,12589.3
855498,5.39,2511.9
855499,4.6,22387.2
855500,5.31,8912.5
855502,3.2,35481.3
855507,5.39,446.7
855521,5.27,19952.6
855525,5.64,14125.4
855526,2.58,1258.9
855527,3.76,31622.8
855528,5.75,22387.2
855535,5.66,16815.85
855539,3.36,39810.7
855541,5.05,28183.8
855568,4.77,18867.7
855576,5.31,14987.15
855578,5.76,9456.25
855585,3.34,7079.5
855587,4.15,14125.4
855589,6.23,14987.15
855614,3.23,22387.2
855641,3.56,19952.6
855642,2.8,10000.0
855650,3.26,2238.7
855655,4.03,31622.8
855667,5.7,35481.3
855670,5.64,19952.6
855679,3.46,2238.7
855684,3.44,19952.6
855690,5.96,15848.9
855699,5.63,5011.9
855708,5.88,25118.9
855711,5.82,19952.6
855718,3.98,31622.8
855722,5.73,39810.7
855731,3.81,15848.9
855734,4.89,42239.55
855735,5.94,22387.2
855753,4.45,39810.7
855759,6.62,17782.8
855772,4.56,25118.9
855787,4.91,39810.7
855789,4.28,15848.9
855799,4.96,6309.6
855812,5.69,15848.9
855814,3.63,12589.3
855819,5.0,10000.0
855833,4.32,11220.2
855835,3.12,19952.6
855852,4.96,501.2
855860,3.76,44668.4
855864,4.62,3981.1
855867,4.45,39810.7
855872,5.54,7943.3
855877,5.25,14125.4
855880,5.15,17782.8
855886,4.27,31622.8
855895,5.75,8912.5
855900,5.77,14125.4
855901,5.42,707.9
855902,4.28,25118.9
855903,5.05,15848.9
855912,4.91,19952.6
855915,4.34,8912.5
855926,5.28,31622.8
855928,5.74,12589.3
855956,3.97,35481.3
855957,6.0,17782.8
855967,5.69,25118.9
855972,5.85,11220.2
855983,3.85,3981.1
855988,4.58,1584.9
855992,4.12,3162.3
855995,5.6,25118.9
856018,5.76,9456.25
856033,4.82,21169.9
856034,5.29,35481.3
856035,4.52,19952.6
856037,5.73,25118.9
856038,3.68,15848.9
856046,4.02,14125.4
856055,4.53,44668.4
856067,4.68,19952.6
856072,4.51,12589.3
856076,4.74,2511.9
856077,4.24,28183.8
856096,3.13,19952.6
856097,4.39,7943.3
856115,2.23,35481.3
856122,4.85,12589.3
856137,5.64,35481.3
856139,5.84,29903.3
856153,5.75,12589.3
856158,4.21,31622.8
856163,5.68,31622.8
856174,5.34,12589.3
856180,4.77,28183.8
856206,5.08,35481.3
856211,5.1,11220.2
856217,6.32,10000.0
856223,4.6,17782.8
856224,5.63,14125.4
856240,4.94,28183.8
856241,3.88,22387.2
856252,5.88,31622.8
856261,5.13,28183.8
856262,5.56,5623.4
856276,4.17,39810.7
856288,5.43,14125.4
856320,4.34,19952.6
856327,4.57,15848.9
856329,5.36,25118.9
856330,5.91,12589.3
856332,3.89,6309.6
856335,5.28,15848.9
856336,5.93,631.0
856357,5.48,3162.3
856360,3.15,28183.8
856379,4.3,10000.0
856391,5.39,10000.0
856402,4.47,1258.9
856407,3.48,15848.9
856410,3.4,28183.8
856429,4.91,28183.8
856434,5.66,3981.1
856439,5.21,12589.3
856442,5.6,39810.7
856447,6.17,22387.2
856454,4.43,39810.7
856457,3.48,17782.8
856473,3.44,25118.9
856477,5.53,15848.9
856478,5.27,14125.4
856495,4.92,22387.2
856499,5.07,19952.6
856502,6.07,9456.25
856504,5.67,19952.6
856511,6.09,12589.3
856523,5.86,12589.3
856528,3.5,25118.9
856532,5.78,3981.1
856533,3.11,19952.6
856541,3.69,31622.8
856547,5.0,31622.8
856552,4.89,25118.9
856554,5.49,7511.4
856571,5.11,17782.8
856578,5.67,31622.8
856580,4.15,1584.9
856581,4.94,44668.4
856584,4.78,19952.6
856589,3.88,2511.9
856594,5.06,15848.9
856626,4.24,28183.8
856644,4.85,35481.3
856646,3.29,14987.15
856662,5.99,39810.7
856671,4.05,15848.9
856674,3.97,8912.5
856687,5.3,39810.7
856703,5.63,28183.8
856714,5.43,22387.2
856716,5.06,10000.0
856732,5.78,15848.9
856733,4.89,316.2
856745,5.97,28183.8
856752,4.18,44668.4
856754,5.63,15848.9
856764,4.52,19952.6
856769,5.49,35481.3
856774,5.22,1584.9
856782,5.46,39810.7
856786,4.71,15848.9
856804,5.47,14125.4
856808,5.39,15848.9
856811,5.35,39810.7
856820,4.02,14125.4
856836,3.82,25118.9
856848,3.52,14125.4
856873,4.47,35481.3
856886,5.38,31622.8
856890,5.14,15848.9
856896,5.5,28183.8
856897,4.79,1122.0
856902,4.08,31622.8
856909,6.27,22387.2
856911,5.83,44668.4
856925,4.16,14125.4
856933,3.8,22387.2
856936,4.82,14987.15
856946,5.25,12589.3
856947,5.19,5011.9
856953,5.08,31622.8
856963,4.81,14125.4
856966,5.59,35481.3
856971,5.67,28183.8
856984,3.95,22387.2
856988,2.65,8912.5
856989,4.43,39810.7
856991,4.47,2818.4
856993,4.93,14125.4
857003,5.27,14987.15
857011,5.12,17782.8
857012,5.27,3548.1
857019,5.71,22387.2
857022,5.45,4223.95
857024,4.52,44668.4
857036,5.05,19952.6
857066,3.55,7079.5
857067,5.69,14125.4
857071,5.34,39810.7
857079,5.61,39810.7
857080,4.2,5011.9
857099,5.77,25.1
857111,5.23,3162.3
857113,4.84,25118.9
857115,5.09,25118.9
857119,5.02,5011.9
857120,4.36,19952.6
857133,4.62,44668.4
857134,4.72,25118.9
857144,5.7,707.9
857166,5.73,19952.6
857170,3.74,10813.466666666667
857187,5.57,18867.7
857196,5.69,7943.3
857217,4.87,15848.9
857220,5.08,25118.9
857225,4.58,28183.8
857239,5.94,17782.8
857266,5.93,39810.7
857268,6.05,12589.3
857270,5.61,7943.3
857272,5.91,1995.3
857287,6.08,25118.9
857307,5.7,10000.0
857311,5.09,17782.8
857319,5.11,28183.8
857323,5.46,7079.5
857337,5.69,19952.6
857341,5.14,2238.7
857347,5.98,39810.7
857348,4.85,14125.4
857360,4.91,50.1
857379,5.65,35481.3
857382,5.25,14125.4
857384,5.3,28183.8
857390,4.68,15848.9
857397,5.79,10000.0
857402,5.85,10000.0
857406,4.47,14125.4
857413,5.57,794.3
857414,5.48,44668.4
857419,5.42,14125.4
857422,4.66,11220.2
857423,5.19,1258.9
857439,4.37,21169.9
857445,4.0,14125.4
857450,5.41,3981.1
857455,4.94,15848.9
857460,4.71,5623.4
857471,5.6,8912.5
857472,5.48,7079.5
857474,5.68,10000.0
857482,4.99,2818.4
857483,5.63,19952.6
857490,5.51,8912.5
857499,5.46,1258.9
857502,5.92,19952.6
857503,4.69,28183.8
857504,5.91,39810.7
857505,4.79,10000.0
857519,5.28,354.8
857533,5.91,1584.9
857536,5.71,17782.8
857542,7.03,21169.9
857559,5.15,37646.0
857564,7.09,28183.8
857576,4.0,39810.7
857584,4.24,44668.4
857585,5.35,14699.9
857597,5.46,28183.8
857602,5.84,39810.7
857610,6.35,17782.8
857618,6.05,707.9
857619,6.03,10000.0
857622,5.49,22387.2
857623,5.49,39810.7
857625,4.84,18867.7
857632,5.88,31622.8
857634,5.72,10000.0
857637,5.41,10000.0
857649,5.77,8912.5
857652,3.93,794.3
857680,5.28,10000.0
857706,5.53,3981.1
857707,6.05,39810.7
857713,5.73,11220.2
857723,5.77,2238.7
857726,5.05,2818.4
857734,5.56,10000.0
857737,5.53,2818.4
857753,5.05,14125.4
857755,5.66,19952.6
857760,5.1,12589.3
857764,4.28,3290.9
857769,4.98,3162.3
857771,5.57,6309.6
857774,4.62,1995.3
857775,5.78,2818.4
857779,5.16,25.1
857784,5.82,2238.7
857805,5.69,39810.7
857806,5.15,7079.5
857811,5.39,3981.1
857812,5.52,3548.1
857820,5.21,17782.8
857821,6.12,1000.0
857827,5.3,562.3
857828,5.67,22387.2
857832,5.13,11220.2
857838,5.43,25118.9
857847,5.73,6309.6
857848,4.73,28183.8
857850,5.58,28183.8
857854,5.54,10000.0
857858,5.7,15848.9
857860,4.96,1584.9
857862,5.4,28183.8
857870,5.24,891.3
857871,6.04,35481.3
857872,5.01,17782.8
857878,5.91,22.4
857885,5.16,19952.6
857889,5.7,35481.3
857896,5.12,31622.8
857903,5.05,5623.4
857911,5.43,7943.3
857916,5.81,44668.4
857920,5.88,44668.4
857930,5.86,19952.6
857933,4.97,1000.0
857944,5.74,18867.7
857963,5.67,14125.4
857972,5.6,28183.8
857973,5.51,7943.3
857975,4.14,17782.8
857977,5.19,2511.9
857979,5.65,28183.8
857991,5.98,35481.3
857994,5.56,19952.6
857999,6.39,10000.0
858008,4.35,25118.9
858016,5.78,22387.2
858017,6.07,3981.1
858018,5.17,28183.8
858024,5.92,10000.0
858049,5.44,17782.8
858050,4.86,17782.8
858068,6.06,14125.4
858069,5.07,11220.2
858071,5.62,2818.4
858082,5.09,1122.0
858084,6.01,10000.0
858096,5.14,35481.3
858103,4.92,22387.2
858116,5.64,39810.7
858118,5.75,8912.5
858130,5.67,501.2
858142,4.93,39810.7
858149,5.73,10000.0
858160,5.07,44668.4
858161,5.73,10000.0
858165,5.82,29903.3
858178,4.99,3981.1
858185,5.65,10000.0
858193,3.87,177.8
858194,5.61,35481.3
858196,3.89,25118.9
858201,5.89,12589.3
858202,4.11,26651.35
858203,4.74,25118.9
858205,5.06,8912.5
858222,4.86,11220.2
858223,5.86,39810.7
858224,5.72,19952.6
858232,5.31,3981.1
858234,5.84,1000.0
858235,5.51,15848.9
858241,5.96,19952.6
858245,5.69,39810.7
858249,5.78,5011.9
858251,6.15,39810.7
858260,5.49,1995.3
858276,5.53,3981.1
858279,5.93,3162.3
858280,5.14,39810.7
858281,5.52,39810.7
858284,5.87,15848.9
858289,5.83,1995.3
858292,5.11,11220.2
858294,5.2,17782.8
858296,6.16,17782.8
858303,5.32,10000.0
858325,5.03,19952.6
858328,5.44,11220.2
858343,5.59,31622.8
858353,6.1,31622.8
858359,4.77,39810.7
858370,5.09,19952.6
858372,5.64,25118.9
858381,5.19,3548.1
858382,5.27,19952.6
858385,5.21,33552.05
858388,5.87,39810.7
858395,5.64,2238.7
858398,5.69,3548.1
858402,4.89,10000.0
858414,4.92,398.1
858421,5.87,22387.2
858429,5.96,31622.8
858433,5.47,6309.6
858457,6.03,17782.8
858484,5.91,501.2
858489,5.89,707.9
858490,5.75,31622.8
858499,5.92,39810.7
858502,5.91,44.7
858508,4.75,17782.8
858521,5.51,9456.25
858526,5.82,25118.9
858528,6.04,44668.4
858532,6.21,1584.9
858538,5.85,14125.4
858543,5.03,28183.8
858550,4.43,15848.9
858558,5.45,17782.8
858578,4.64,7943.3
858579,5.53,1995.3
858584,4.72,15848.9
858593,5.61,35481.3
858597,5.81,29903.3
858601,5.98,12589.3
858602,5.61,10000.0
858605,5.77,19952.6
858609,6.09,10000.0
858612,5.23,11220.2
858616,5.92,2990.35
858633,5.77,10000.0
858636,6.75,11220.2
858642,5.48,15848.9
858643,4.38,2511.9
858662,5.6,7943.3
858664,5.24,25118.9
858666,5.02,44668.4
858679,5.79,12589.3
858681,5.5,39810.7
858692,5.53,22387.2
858707,5.43,5011.9
858711,5.4,19952.6
858718,5.71,1584.9
858738,5.51,10000.0
858747,5.65,31622.8
858750,5.44,14125.4
858753,5.35,26651.35
858757,5.53,15848.9
858766,4.93,14125.4
858770,5.28,44668.4
858771,5.46,7079.5
858773,5.34,19952.6
858786,5.63,28183.8
858792,5.68,9456.25
858793,5.53,10000.0
858806,4.36,28183.8
858809,5.69,1995.3
858812,5.41,17782.8
858823,5.5,39810.7
858833,3.57,12589.3
858846,5.69,15848.9
858853,5.7,21169.9
858863,5.38,35481.3
858876,6.12,10000.0
858886,5.24,6309.6
858897,5.9,22387.2
858904,5.28,501.2
858927,5.85,39810.7
858933,5.47,17782.8
858936,5.42,11904.75
858937,3.19,12589.3
858939,5.41,10000.0
858941,5.68,31622.8
858965,5.41,8912.5
858980,6.0,3548.1
858983,4.38,446.7
858984,5.26,1258.9
858991,5.9,31622.8
859008,6.13,12589.3
859009,4.44,5623.4
859011,5.14,39810.7
859012,5.41,25118.9
859015,5.28,11220.2
859018,5.58,15848.9
859019,5.63,31622.8
859026,5.25,70.8
859033,4.3,17782.8
859041,5.44,39810.7
859050,5.44,11220.2
859057,5.94,35481.3
859062,5.9,31622.8
859065,5.54,19952.6
859073,5.66,8912.5
859077,5.91,15848.9
859079,4.81,8912.5
859081,6.37,14125.4
859086,5.13,10000.0
859089,5.9,17782.8
859090,5.7,3981.1
859096,5.49,1000.0
859105,4.66,18867.7
859111,4.65,12589.3
859117,5.78,22387.2
859133,5.45,28183.8
859147,6.0,44668.4
859153,5.38,3548.1
859157,5.7,17782.8
859164,5.32,11220.2
859167,5.93,14125.4
859168,5.9,8912.5
859177,6.42,562.3
859191,5.75,19952.6
859196,5.85,19952.6
859197,6.17,39810.7
859198,6.04,10000.0
859199,5.59,15848.9
859202,5.67,7943.3
859208,5.43,3162.3
859213,5.73,35481.3
859222,5.65,39810.7
859229,5.46,10000.0
859234,6.16,8912.5
859235,6.03,39810.7
859240,4.74,3162.3
859246,5.04,15848.9
859257,6.82,39810.7
859263,5.33,17782.8
859273,4.77,19952.6
859298,5.74,15848.9
859305,5.31,28183.8
859317,5.41,3548.1
859326,5.33,9456.25
859330,4.49,794.3
859339,5.16,158.5
859342,5.56,10000.0
859343,5.71,31622.8
859346,5.53,25.1
859355,5.7,22387.2
859356,5.82,28183.8
859372,5.52,5011.9
859379,5.4,3162.3
859395,5.51,8912.5
859396,4.25,31622.8
859397,5.34,25118.9
859409,5.63,35481.3
859410,5.57,14125.4
859419,5.51,35481.3
859421,4.84,8912.5
859427,4.62,19952.6
859436,4.75,17782.8
859440,5.15,12589.3
859444,4.76,8912.5
859453,5.88,39810.7
859458,4.76,1995.3
859461,5.95,14125.4
859464,4.82,25118.9
859473,5.5,1995.3
859475,4.9,15848.9
859477,5.38,3981.1
859479,3.86,28183.8
859481,4.63,16493.533333333333
859495,5.95,19952.6
859496,4.99,10000.0
859498,5.43,3981.1
859502,5.9,11220.2
859507,5.17,14987.15
859511,5.88,35481.3
859526,5.68,3981.1
859528,5.34,19952.6
859534,5.63,1995.3
859551,3.19,11220.2
859556,5.44,18867.7
859559,5.1,2238.7
859584,4.32,37646.0
859626,5.42,4466.8
859634,4.2,14125.4
859636,6.03,7943.3
859641,5.55,11220.2
859652,5.74,22387.2
859654,5.2,19952.6
859655,5.61,22387.2
859658,5.44,16815.85
859661,4.29,14125.4
859666,5.57,35481.3
859680,5.78,14125.4
859681,5.64,14125.4
859689,6.25,17782.8
859692,5.15,39810.7
859698,5.65,10000.0
859700,5.8,10000.0
859701,5.54,1412.5
859703,5.61,15848.9
859725,5.7,25118.9
859734,5.99,2818.4
859742,6.2,12589.3
859747,5.82,5623.4
859753,6.29,25118.9
859759,6.14,13357.35
859765,5.86,44668.4
859771,6.13,37646.0
859775,5.08,25118.9
859778,4.15,22387.2
859785,5.62,2511.9
859787,5.34,17782.8
859788,4.76,17782.8
859808,5.2,7943.3
859829,5.49,19952.6
859833,5.32,7079.5
859845,4.22,17782.8
859862,5.92,44668.4
859864,4.56,25118.9
859869,5.46,28183.8
859879,4.57,39810.7
859890,6.03,10000.0
859896,5.8,1122.0
859897,5.72,17782.8
859911,3.94,4466.8
859918,5.69,1000.0
859922,5.21,17782.8
859931,5.7,5623.4
859934,5.45,25118.9
859936,4.43,15848.9
859948,5.74,1995.3
859989,5.82,3548.1
859995,5.17,12589.3
859996,5.65,10000.0
859997,6.05,25118.9
859999,5.59,12589.3
860017,5.91,8912.5
860028,5.69,14125.4
860029,5.24,17782.8
860033,5.11,6309.6
860042,5.94,22387.2
860054,5.7,28183.8
860056,5.25,3981.1
860057,5.25,31622.8
860062,5.37,12589.3
860065,5.18,15848.9
860080,5.98,15848.9
860094,5.66,28183.8
860105,5.65,15848.9
860109,6.08,22387.2
860118,5.16,39810.7
860119,5.28,14125.4
860123,5.83,1584.9
860125,5.57,1122.0
860128,6.02,15848.9
860129,4.35,28183.8
860132,5.58,1258.9
860136,4.15,22387.2
860145,5.76,22387.2
860157,5.5,14125.4
860162,5.38,14125.4
860164,5.54,39810.7
860165,5.89,35481.3
860166,4.61,37646.0
860177,5.77,562.3
860191,4.95,39810.7
860196,5.46,14125.4
860201,5.27,3162.3
860203,5.78,223.9
860216,6.02,44668.4
860218,6.14,17782.8
860222,5.51,12589.3
860230,5.13,3981.1
860240,5.44,10000.0
860247,5.57,398.1
860252,5.82,28183.8
860253,5.61,11220.2
860261,6.15,37646.0
860266,5.59,44668.4
860268,5.74,3548.1
860283,5.21,707.9
860287,4.73,5011.9
860291,4.37,10610.1
860306,4.83,39810.7
860307,5.51,22387.2
860308,5.5,11220.2
860310,5.67,15848.9
860317,5.58,10000.0
860351,5.21,810.0
860377,4.85,1412.5
860379,4.58,8912.5
860381,6.32,25118.9
860385,4.71,10000.0
860394,5.49,6309.6
860396,5.44,17782.8
860400,6.22,17782.8
860404,6.81,1584.9
860406,4.71,14125.4
860412,5.67,22387.2
860416,4.6,35.5
860417,5.53,15848.9
860422,5.4,3162.3
860462,4.5,1584.9
860465,5.52,8912.5
860467,5.14,44668.4
860472,5.25,31622.8
860482,5.75,8912.5
860484,5.85,11220.2
860485,5.31,31622.8
860486,5.12,15848.9
860494,5.68,17782.8
860496,5.19,631.0
860497,6.03,9456.25
860503,5.9,22387.2
860507,5.44,7943.3
860511,5.49,8912.5
860515,5.93,15848.9
860526,6.06,23753.05
860535,4.34,100.0
860537,5.53,10000.0
860540,4.54,39810.7
860574,5.83,12589.3
860578,6.18,13357.35
860588,5.7,2818.4
860591,5.33,8912.5
860598,5.66,11904.75
860602,5.45,3548.1
860606,5.87,10000.0
860615,5.08,25118.9
860618,5.57,22387.2
860621,5.77,28183.8
860628,5.71,19952.6
860637,5.71,22387.2
860640,5.26,23753.05
860649,5.61,562.3
860650,6.9,891.3
860667,5.38,25118.9
860668,5.72,11220.2
860672,5.43,100.0
860680,5.34,14125.4
860688,5.51,7943.3
860689,5.42,9456.25
860699,5.48,15848.9
860700,5.71,707.9
860704,5.57,11220.2
860706,5.51,11220.2
860708,5.35,12589.3
860709,6.27,39810.7
860715,6.02,19952.6
860720,6.05,12589.3
860724,5.92,39810.7
860733,5.84,3548.1
860744,7.05,29903.3
860751,5.34,22387.2
860758,5.7,11220.2
860760,4.99,354.8
860786,4.84,17782.8
860787,5.65,39810.7
860788,5.74,15848.9
860796,4.87,16815.85
860814,5.02,11220.2
860832,5.38,3548.1
860850,5.21,8427.9
860856,5.48,3548.1
860868,4.79,15848.9
860870,5.79,10000.0
860876,4.04,8912.5
860879,6.23,39810.7
860884,3.85,15848.9
860885,5.31,22387.2
860886,6.6,17782.8
860888,5.92,6309.6
860906,4.9,14125.4
860915,5.84,15848.9
860920,5.49,5011.9
860921,5.12,19952.6
860926,5.51,1584.9
860932,5.53,1412.5
860933,6.05,14125.4
860944,5.95,28183.8
860958,5.83,31622.8
860961,4.78,10000.0
860965,6.02,39810.7
860968,5.77,11220.2
860971,6.13,6309.6
860983,5.74,25118.9
860986,5.21,7943.3
861001,5.75,39810.7
861002,6.01,14125.4
861011,5.61,2238.7
861019,5.12,2238.7
861022,5.95,562.3
861035,5.42,22387.2
861044,6.14,44668.4
861046,5.35,19952.6
861057,5.03,25118.9
861064,5.32,398.1
861067,5.8,3981.1
861068,6.59,19952.6
861073,5.96,22387.2
861079,5.37,7943.3
861080,5.45,14125.4
861092,5.82,19952.6
861098,5.94,1995.3
861100,5.13,22387.2
861103,4.74,25118.9
861104,6.19,8912.5
861111,5.16,8912.5
861127,5.71,8912.5
861136,5.13,19952.6
861140,5.36,7943.3
861142,5.94,28183.8
861149,5.92,7079.5
861156,5.24,1778.3
861168,5.73,1258.9
861189,5.87,39810.7
861197,5.58,10610.1
861201,5.79,12589.3
861204,5.55,39810.7
861212,4.58,31622.8
861216,5.83,19952.6
861223,5.31,17782.8
861225,5.31,39810.7
861235,5.52,3548.1
861236,5.71,14125.4
861246,4.89,7079.5
861249,5.97,39810.7
861251,6.01,39810.7
861253,5.4,8912.5
861257,5.19,39810.7
861264,5.24,3548.1
861266,5.4,5623.4
861269,5.79,12589.3
861273,5.02,11220.2
861280,5.62,11220.2
861288,5.9,1122.0
861292,5.81,17782.8
861298,5.71,89.1
861308,5.99,562.3
861317,5.64,28183.8
861320,4.63,15848.9
861323,6.18,19952.6
861334,6.08,25118.9
861336,5.49,10000.0
861351,5.91,3548.1
861354,6.02,15848.9
861355,4.55,9456.25
861364,4.46,28183.8
861366,5.67,22387.2
861368,5.5,1584.9
861369,6.14,17782.8
861371,5.77,13357.35
861379,5.34,35481.3
861386,5.3,17782.8
861390,6.36,15848.9
861392,4.85,14125.4
861402,5.11,15848.9
861405,4.37,4466.8
861411,6.67,7943.3
861421,4.38,17782.8
861427,5.35,4466.8
861437,5.89,11220.2
861441,4.79,11220.2
861442,5.43,4466.8
861447,5.13,17782.8
861452,5.02,28183.8
861454,5.62,35481.3
861459,4.91,17782.8
861460,5.33,10000.0
861461,6.24,25118.9
861464,5.14,22387.2
861477,5.23,3162.3
861486,5.58,39810.7
861494,5.71,2818.4
861505,5.37,28183.8
861508,5.79,28183.8
861509,5.38,25118.9
861515,5.82,316.2
861517,6.0,3764.6
861526,5.7,8912.5
861529,5.21,44.7
861536,5.61,7943.3
861537,5.85,1000.0
861550,4.39,14125.4
861564,5.35,7943.3
861565,6.07,1258.9
861569,5.01,11220.2
861573,5.29,37646.0
861577,5.38,8912.5
861594,5.29,4466.8
861612,5.59,25118.9
861623,5.19,28.2
861624,5.68,17782.8
861625,4.93,12589.3
861628,6.15,7943.3
861632,5.07,39810.7
861634,5.35,10000.0
861636,5.71,19952.6
861649,4.33,2511.9
861653,2.83,199.5
861673,5.45,3162.3
861682,5.34,39810.7
861690,5.67,11220.2
861701,3.47,15848.9
861702,5.85,14125.4
861709,4.93,7079.5
861720,4.85,10000.0
861722,1.99,31622.8
861734,4.41,10000.0
861738,5.35,39810.7
861740,3.47,11220.2
861756,5.55,17782.8
861758,6.05,8912.5
861801,4.21,19952.6
861802,2.93,19952.6
861806,5.82,22387.2
861807,4.82,12589.3
861812,4.98,37646.0
861817,4.89,22387.2
861819,5.99,25118.9
861831,3.21,17782.8
861834,5.21,17782.8
861835,5.8,12589.3
861842,5.85,22387.2
861850,4.66,35481.3
861851,4.41,11220.2
861861,3.26,35481.3
861863,5.64,17782.8
861865,5.59,794.3
861875,4.19,39810.7
861883,4.71,2818.4
861890,4.78,4466.8
861904,4.73,22387.2
861906,3.21,39810.7
861914,5.36,39810.7
861917,5.68,891.3
861922,5.55,39810.7
861926,3.52,25118.9
861942,5.4,14125.4
861948,4.44,14125.4
861954,4.47,22387.2
861955,5.45,14125.4
861957,4.48,10000.0
861961,5.67,1122.0
861968,5.18,13357.35
861976,5.12,35481.3
861981,4.56,12589.3
861982,5.86,39810.7
861995,5.95,14125.4
861998,6.11,28183.8
862001,3.71,35481.3
862002,4.17,9456.25
862003,5.58,8912.5
862009,6.23,7943.3
862015,4.66,39810.7
862017,4.49,35481.3
862051,6.02,5623.4
862070,5.34,891.3
862088,5.33,3355.2
862089,5.71,8912.5
862116,5.42,11220.2
862123,4.54,8912.5
862129,4.96,1000.0
862151,4.83,14987.15
862174,5.67,28183.8
862176,3.94,8912.5
862178,3.68,1995.3
862179,4.41,28183.8
862184,6.14,3548.1
862208,4.52,14125.4
862212,4.68,3981.1
862225,3.78,19952.6
862231,5.8,22387.2
862232,5.63,15848.9
862238,5.33,22387.2
862239,5.97,2818.4
862243,5.08,17782.8
862269,4.94,25118.9
862278,5.47,316.2
862280,5.05,31622.8
862283,6.08,25118.9
862285,4.39,15848.9
862290,4.39,28183.8
862307,4.51,15848.9
862310,4.93,2238.7
862321,5.71,44668.4
862326,4.23,26651.35
862336,5.87,39810.7
862341,5.84,4466.8
862347,5.39,39810.7
862354,4.29,15848.9
862362,4.01,25118.9
862375,5.65,22387.2
862382,4.09,13357.35
862387,4.07,11220.2
862391,3.73,17782.8
862394,4.12,39810.7
862398,5.72,28183.8
862401,4.63,44668.4
862404,5.05,7943.3
862425,6.0,14125.4
862442,5.65,446.7
862456,6.4,2238.7
862467,4.19,22387.2
862480,2.62,25118.9
862487,5.41,35481.3
862489,5.0,15848.9
862497,5.09,14125.4
862498,3.62,3162.3
862510,3.82,11220.2
862511,4.83,26651.35
862537,4.84,19952.6
862545,4.18,22387.2
862547,5.63,28183.8
862551,4.57,25118.9
862554,5.58,31622.8
862568,4.07,25118.9
862583,5.87,3162.3
862591,3.65,19952.6
862605,4.77,22387.2
862609,5.15,14987.15
862611,4.6,22387.2
862624,3.77,17782.8
862625,5.73,19952.6
862631,5.77,10000.0
862632,5.26,39810.7
862645,5.97,22387.2
862652,5.36,15848.9
862655,3.69,12589.3
862658,6.0,14125.4
862672,4.95,28183.8
862674,5.41,3548.1
862708,5.14,17782.8
862713,5.45,2818.4
862720,5.4,28183.8
862725,3.91,44668.4
862728,5.78,3162.3
862744,4.24,3548.1
862756,5.84,15848.9
862764,5.1,15848.9
862769,2.51,7943.3
862780,5.56,2818.4
862802,5.61,22387.2
862803,3.26,141.3
862807,4.24,15848.9
862815,5.48,10000.0
862824,5.82,15848.9
862832,5.22,12589.3
862837,4.83,26651.35
862854,4.18,39810.7
862873,6.07,1412.5
862885,5.72,1122.0
862889,3.79,11220.2
862900,1.95,28183.8
862904,4.35,18867.7
862907,5.79,28183.8
862917,5.79,31622.8
862920,3.92,2818.4
862925,5.2,631.0
862928,5.95,794.3
862938,5.01,14125.4
862942,6.47,6309.6
862945,5.7,17782.8
862952,4.37,25118.9
862956,4.48,22387.2
862966,5.46,14125.4
862967,6.31,44668.4
862994,5.8,10000.0
863006,5.68,22387.2
863018,5.43,28183.8
863021,3.77,39810.7
863023,5.4,10000.0
863027,5.19,15848.9
863028,5.57,19952.6
863053,4.52,25118.9
863056,4.81,3548.1
863057,4.27,3548.1
863061,5.63,8912.5
863062,5.09,14125.4
863065,5.36,15848.9
863066,5.51,2238.7
863068,5.78,39810.7
863073,4.98,25118.9
863082,5.76,11220.2
863092,5.46,16815.85
863094,4.67,33552.05
863105,3.79,28183.8
863109,3.68,15848.9
863113,5.75,15848.9
863116,2.88,28183.8
863119,5.24,11904.75
863120,5.02,25118.9
863152,6.42,39810.7
863155,5.22,22387.2
863156,5.94,17782.8
863159,4.98,19952.6
863166,4.0,17782.8
863169,6.07,22387.2
863171,5.28,12589.3
863178,5.81,7943.3
863180,6.27,3981.1
863191,6.29,25118.9
863198,5.18,23753.05
863201,4.81,35481.3
863208,4.67,12589.3
863209,5.23,25118.9
863214,5.52,2511.9
863217,5.16,8912.5
863230,6.09,15848.9
863238,4.35,2511.9
863246,4.52,10000.0
863247,4.87,12589.3
863252,6.9,35481.3
863269,5.21,8912.5
863270,4.47,17782.8
863280,3.72,15848.9
863287,4.96,10610.1
863290,4.51,7943.3
863293,5.98,1000.0
863297,5.63,7943.3
863307,4.9,14125.4
863314,3.82,15848.9
863321,5.76,14125.4
863343,5.0,28183.8
863361,4.55,39810.7
863364,5.4,12589.3
863367,5.14,35481.3
863376,4.85,39810.7
863382,4.24,28183.8
863386,5.97,15848.9
863387,3.93,15848.9
863388,5.77,31622.8
863397,3.72,25118.9
863406,5.24,3162.3
863419,5.46,17782.8
863435,5.73,14125.4
863436,5.61,8912.5
863440,5.89,3162.3
863446,5.94,39810.7
863457,4.51,39810.7
863474,5.53,31622.8
863475,5.75,44668.4
863477,5.13,44668.4
863483,6.04,31622.8
863484,4.23,35481.3
863487,5.73,4466.8
863501,5.66,7079.5
863503,5.44,14125.4
863512,4.17,11220.2
863526,3.91,28183.8
863531,3.98,31622.8
863539,3.33,39810.7
863543,5.57,39810.7
863550,4.22,3548.1
863553,5.1,6309.6
863556,4.38,10000.0
863563,4.97,1000.0
863565,5.51,39810.7
863570,5.47,14699.9
863572,4.95,22387.2
863586,4.32,35481.3
863591,4.52,28183.8
863595,3.23,25118.9
863607,4.39,25118.9
863608,2.94,19952.6
863628,5.37,15848.9
863635,3.91,2238.7
863639,4.52,1995.3
863640,5.22,12589.3
863653,4.49,14125.4
863654,5.68,2511.9
863656,4.36,2238.7
863657,5.64,7079.5
863664,3.7,2511.9
863665,3.72,223.9
863667,4.75,19952.6
863677,5.97,3981.1
863678,4.78,15848.9
863680,5.28,28183.8
863691,5.05,19952.6
863700,5.49,751.1
863701,4.08,3548.1
863705,5.05,31622.8
863720,6.07,2818.4
863721,5.63,3162.3
863744,5.74,35481.3
863751,5.31,8912.5
863756,5.03,14125.4
863779,4.78,11904.75
863781,5.79,7079.5
863795,4.46,12589.3
863797,5.03,44668.4
863809,3.57,31622.8
863820,5.92,44668.4
863824,5.07,14125.4
863831,5.39,10000.0
863832,5.5,19952.6
863838,4.35,17782.8
863841,4.87,3548.1
863845,5.67,6309.6
863848,5.21,12589.3
863865,4.83,19952.6
863866,5.36,12589.3
863867,5.53,11220.2
863870,5.57,35481.3
863883,5.72,12589.3
863885,6.25,6309.6
863888,5.59,44668.4
863892,5.5,15848.9
863895,3.82,14125.4
863899,6.04,12589.3
863901,5.58,891.3
863904,4.33,11220.2
863916,5.71,22387.2
863919,3.94,25118.9
863922,5.65,37646.0
863924,5.83,8912.5
863934,5.03,8912.5
863977,4.8,14125.4
863980,5.92,12589.3
863984,5.16,28183.8
863987,4.67,28183.8
863989,5.13,19952.6
864000,4.97,7943.3
864002,5.61,7079.5
864007,5.59,2818.4
864016,5.8,7943.3
864019,5.18,14125.4
864020,5.98,15848.9
864021,5.54,39810.7
864028,5.69,14125.4
864029,5.93,5.0
864031,4.75,15848.9
864032,5.32,3162.3
864042,6.21,31622.8
864046,4.25,25118.9
864052,5.58,17782.8
864063,4.64,14125.4
864064,3.22,39810.7
864065,4.4,1995.3
864072,4.43,12589.3
864076,5.35,631.0
864100,4.94,39810.7
864118,4.83,22387.2
864121,4.71,22387.2
864122,4.69,14125.4
864124,4.36,13357.35
864158,5.61,22387.2
864159,5.8,1000.0
864168,4.07,44668.4
864175,6.06,8912.5
864182,5.24,11220.2
864185,4.28,3548.1
864198,5.19,11904.75
864200,6.03,10610.1
864207,5.5,39810.7
864210,3.9,25118.9
864213,4.8,28183.8
864214,5.5,3162.3
864261,5.61,8912.5
864276,4.6,31622.8
864278,5.43,25118.9
864291,3.99,15848.9
864293,4.47,14125.4
864296,5.24,25118.9
864300,4.24,7943.3
864325,6.03,4466.8
864329,4.85,25118.9
864336,5.85,7943.3
864345,5.56,44668.4
864356,3.05,14125.4
864358,5.03,4223.95
864359,5.68,44668.4
864360,4.09,17782.8
864368,4.68,39810.7
864371,4.17,3162.3
864400,5.98,3162.3
864405,5.34,1258.9
864423,5.89,5623.4
864424,6.02,26651.35
864428,4.17,17782.8
864436,3.43,39810.7
864438,5.27,125.9
864441,4.19,39.8
864455,4.4,39810.7
864469,4.99,177.8
864477,3.72,22387.2
864480,6.53,19952.6
864491,5.84,17782.8
864492,6.43,25118.9
864498,3.96,21169.9
864520,4.1,25118.9
864525,4.34,31622.8
864538,4.49,79.4
864542,5.21,15848.9
864550,6.0,44668.4
864551,3.05,14125.4
864558,5.41,5011.9
864561,2.49,44668.4
864570,6.04,19952.6
864571,4.12,14125.4
864579,5.07,19952.6
864584,4.33,26651.35
864596,5.68,14125.4
864600,4.44,15848.9
864615,5.65,11220.2
864617,5.2,12589.3
864619,5.5,14125.4
864624,5.18,12589.3
864634,6.23,25118.9
864637,3.79,28183.8
864640,2.84,18867.7
864655,5.42,4466.8
864661,5.53,562.3
864666,5.17,1778.3
864674,5.74,5011.9
864675,4.8,14987.15
864679,5.63,28183.8
864682,4.46,25.1
864702,5.16,31622.8
864711,4.0,6309.6
864713,4.3,7079.5
864733,5.16,29903.3
864740,5.5,3981.1
864750,5.46,1584.9
864771,5.63,3981.1
864782,5.43,17782.8
864791,5.44,10000.0
864800,4.25,39810.7
864801,5.57,14987.15
864823,5.65,19952.6
864824,6.16,31622.8
864838,3.68,31622.8
864839,5.74,35481.3
864849,5.32,25118.9
864893,5.57,8912.5
864900,4.66,19952.6
864904,5.22,8912.5
864912,1.91,28183.8
864925,3.57,17782.8
864936,4.81,22387.2
864946,6.18,5623.4
864950,4.81,10000.0
864951,5.28,11220.2
864969,2.79,11904.75
864970,5.33,28183.8
864980,5.14,10000.0
864983,4.59,11220.2
864987,5.32,22387.2
865000,3.46,10000.0
865003,5.76,13357.35
865022,5.88,1258.9
865026,4.93,12589.3
865030,4.74,10000.0
865033,5.89,2818.4
865042,3.3,28183.8
865065,4.8,15848.9
865068,5.04,2238.7
865077,5.61,28183.8
865078,4.91,5011.9
865087,5.72,251.2
865092,3.09,44668.4
865100,4.81,6309.6
865105,5.51,3981.1
865109,5.15,23753.05
865114,3.68,3548.1
865115,5.66,22387.2
865120,4.16,11220.2
865124,4.36,25118.9
865128,4.75,19952.6
865135,6.14,31622.8
865168,6.06,22387.2
865170,4.25,17782.8
865172,4.66,31622.8
865175,5.29,35481.3
865179,5.63,10000.0
865188,4.33,4223.95
865193,5.57,1258.9
865197,4.77,14125.4
865201,4.71,25118.9
865203,3.42,39810.7
865207,4.85,35481.3
865208,4.55,25118.9
865241,5.71,22387.2
865247,5.17,12589.3
865251,5.16,12589.3
865260,5.74,28183.8
865261,4.51,12589.3
865266,5.07,19952.6
865270,4.91,44668.4
865279,5.26,8912.5
865285,4.33,25118.9
865296,5.49,23753.05
865302,4.83,35481.3
865305,5.46,19952.6
865309,6.03,39810.7
865317,6.14,14125.4
865338,3.7,17782.8
865342,6.62,3548.1
865348,5.35,14125.4
865357,5.71,39810.7
865360,5.81,891.3
865365,4.44,15848.9
865400,4.84,28183.8
865408,2.98,35481.3
865409,4.71,15848.9
865416,5.12,31622.8
865417,5.09,31622.8
865420,4.6,5011.9
865422,3.9,35481.3
865427,5.06,25118.9
865447,4.59,19952.6
865450,4.54,19952.6
865457,5.17,11220.2
865467,4.76,22387.2
865473,4.43,1995.3
865476,5.32,28183.8
865496,5.94,29903.3
865507,5.44,25118.9
865513,4.46,2818.4
865518,3.9,14125.4
865532,4.49,5623.4
865537,5.84,14987.15
865541,4.08,15848.9
865554,5.06,7079.5
865559,3.69,22387.2
865573,3.69,17782.8
865574,4.59,25118.9
865575,4.54,12589.3
865598,4.73,28183.8
865609,5.66,39810.7
865613,5.34,3981.1
865619,4.66,28183.8
865623,4.06,3981.1
865629,4.24,7943.3
865637,5.56,7943.3
865645,4.82,56.2
865649,3.26,28183.8
865654,4.92,5623.4
865660,4.67,39810.7
865664,5.67,7943.3
865683,4.56,10000.0
865688,5.37,17782.8
865694,5.52,1778.3
865697,5.51,39810.7
865698,3.45,7943.3
865699,6.4,7079.5
865711,4.41,22387.2
865724,6.04,14125.4
865754,5.31,10000.0
865757,5.73,17782.8
865758,5.62,28183.8
865760,3.69,39810.7
865763,4.0,11220.2
865767,5.51,1778.3
865770,4.21,25118.9
865774,5.26,7943.3
865790,5.3,44668.4
865806,4.84,25.1
865825,4.9,28183.8
865841,6.48,6309.6
865842,3.17,2511.9
865845,4.98,7079.5
865854,3.99,8912.5
865863,4.34,35481.3
865868,3.91,28183.8
865872,5.26,17782.8
865874,5.88,3162.3
865875,5.11,1778.3
865876,5.85,19952.6
865893,4.41,12589.3
865894,5.64,25118.9
865906,5.36,14125.4
865907,5.42,158.5
865923,4.81,7079.5
865932,4.68,14125.4
865949,4.4,31622.8
865950,5.8,14125.4
865958,5.18,15848.9
865966,4.72,15848.9
865968,3.34,11220.2
865969,3.16,22387.2
865979,3.97,8912.5
865983,5.43,5011.9
865987,4.67,22387.2
865991,4.36,17782.8
865993,5.33,10000.0
866004,3.82,3162.3
866007,3.75,2511.9
866035,4.53,7943.3
866040,5.59,5011.9
866048,5.66,10000.0
866053,5.39,2990.35
866056,3.27,35481.3
866078,4.91,177.8
866085,4.23,28183.8
866086,5.01,25118.9
866091,5.21,15848.9
866104,5.11,44668.4
866108,4.97,39810.7
866114,3.61,12589.3
866118,4.81,31622.8
866119,5.63,3548.1
866126,6.05,19952.6
866128,6.34,14125.4
866139,5.79,39810.7
866142,4.84,39810.7
866152,4.18,12589.3
866156,5.68,8912.5
866165,4.52,28183.8
866167,5.68,19952.6
866184,5.96,19952.6
866196,5.55,15848.9
866201,6.13,11220.2
866205,3.69,25118.9
866218,3.45,14125.4
866240,4.55,31622.8
866241,5.45,10000.0
866254,4.87,15848.9
866266,6.67,22387.2
866267,4.83,25118.9
866275,6.09,17782.8
866276,4.04,28183.8
866288,5.24,19952.6
866289,5.8,22387.2
866306,3.86,158.5
866318,4.95,31622.8
866321,5.65,5623.4
866326,4.38,28183.8
866332,4.61,25118.9
866334,5.75,39810.7
866337,5.62,22387.2
866349,5.93,6309.6
866362,6.11,19952.6
866366,4.89,22387.2
866376,4.99,21169.9
866379,4.84,11220.2
866380,5.75,19952.6
866385,5.51,18867.7
866390,4.24,39810.7
866395,5.33,17782.8
866404,4.58,28183.8
866421,5.68,12589.3
866438,4.63,17782.8
866442,4.22,10000.0
866461,5.44,35481.3
866464,5.45,3548.1
866469,4.25,25.1
866470,5.21,10610.1
866479,5.45,28183.8
866485,3.07,8912.5
866498,5.34,1412.5
866505,4.09,37646.0
866516,3.8,15848.9
866519,5.22,562.3
866530,5.43,3162.3
866549,4.38,14125.4
866567,4.94,7079.5
866579,4.02,14125.4
866601,4.28,5011.9
866606,5.18,22387.2
866613,4.38,3981.1
866614,5.71,19952.6
866621,5.59,1412.5
866625,5.65,4466.8
866629,5.28,31622.8
866631,5.83,10000.0
866634,4.21,19952.6
866646,5.01,17782.8
866648,4.3,28183.8
866651,3.69,2238.7
866660,5.75,28183.8
866679,5.08,39810.7
866700,4.03,31622.8
866701,4.77,10000.0
866705,5.88,42239.55
866707,4.72,19952.6
866714,5.93,8912.5
866717,5.02,25118.9
866747,2.86,15848.9
866757,4.92,22387.2
866759,5.4,631.0
866765,5.04,28183.8
866766,5.38,35481.3
866768,5.05,1995.3
866769,5.15,8912.5
866770,4.23,31622.8
866771,4.74,3548.1
866780,5.54,44668.4
866786,5.58,10000.0
866789,3.82,6309.6
866803,4.99,19952.6
866828,4.75,31622.8
866831,5.1,14125.4
866839,5.55,12589.3
866845,5.24,794.3
866849,2.81,1778.3
866853,3.54,14125.4
866868,4.0,14125.4
866885,3.97,22387.2
866893,3.88,39810.7
866927,4.0,19952.6
866936,5.07,25118.9
866939,4.12,39810.7
866944,5.13,11220.2
866958,5.93,316.2
866966,4.82,25118.9
866971,5.6,15848.9
866997,3.53,19952.6
867004,3.9,14125.4
867005,4.87,6309.6
867009,5.01,2990.35
867037,4.87,12589.3
867050,4.53,19952.6
867063,5.69,12589.3
867075,4.89,11220.2
867079,3.2,15848.9
867080,4.86,25118.9
867091,1.57,3355.2
867093,4.93,10610.1
867094,1.77,23753.05
867099,5.12,11220.2
867104,5.52,3764.6
867110,5.58,29903.3
867124,4.51,4466.8
867130,5.43,28183.8
867133,5.19,35481.3
867149,4.75,25118.9
867152,5.29,1122.0
867172,4.49,19952.6
867187,4.9,8912.5
867188,5.19,2665.15
867191,4.0,11904.75
867195,4.11,37646.0
867202,4.72,25118.9
867203,5.04,12589.3
867210,4.29,8912.5
867212,4.6,37646.0
867220,4.37,31622.8
867238,4.3,25118.9
867246,6.03,8912.5
867252,5.93,17782.8
867265,5.51,5011.9
867269,5.14,19952.6
867273,5.5,1412.5
867297,2.54,35481.3
867301,2.7,28183.8
867315,6.14,35481.3
867319,4.5,15848.9
867324,5.53,39810.7
867326,3.78,15848.9
867332,4.2,199.5
867350,3.77,31622.8
867357,5.96,28183.8
867372,5.43,31622.8
867382,6.08,316.2
867392,6.25,25118.9
867398,4.58,31622.8
867400,5.97,7943.3
867410,5.31,5011.9
867417,5.51,5623.4
867430,4.57,25118.9
867441,5.4,35481.3
867443,3.39,31622.8
867453,4.89,29903.3
867457,4.45,19952.6
867463,5.83,19952.6
867478,5.7,3162.3
867487,5.37,11220.2
867491,4.86,15848.9
867493,5.7,31622.8
867509,4.68,25118.9
867527,3.49,11220.2
867533,4.23,8912.5
867541,5.64,11220.2
867543,5.59,1584.9
867544,4.52,39810.7
867546,5.97,16815.85
867553,4.24,22387.2
867563,4.82,28183.8
867572,5.85,7943.3
867598,4.5,5011.9
867600,4.81,1000.0
867610,5.55,19952.6
867613,4.03,31622.8
867636,3.17,31622.8
867643,3.59,1584.9
867647,5.87,25118.9
867650,3.78,1412.5
867655,5.55,44668.4
867657,3.9,39810.7
867660,6.0,31622.8
867662,4.51,7943.3
867663,5.69,4466.8
867667,4.17,14125.4
867674,5.75,22387.2
867676,5.53,2818.4
867682,4.35,19952.6
867690,4.99,35481.3
867703,5.56,891.3
867706,5.84,19952.6
867708,5.52,8427.9
867711,5.78,12589.3
867715,5.69,17782.8
867717,5.77,12589.3
867724,4.43,39810.7
867737,5.62,7943.3
867739,4.99,19952.6
867743,4.74,5011.9
867749,4.58,15848.9
867754,3.81,44668.4
867757,4.21,891.3
867759,3.72,25118.9
867766,4.83,14125.4
867777,5.47,39810.7
867779,3.64,3981.1
867782,5.12,14125.4
867784,4.74,14125.4
867786,5.33,10000.0
867787,4.29,15848.9
867789,5.37,7079.5
867796,5.54,9456.25
867805,4.0,35481.3
867808,3.52,17782.8
867820,4.68,12589.3
867822,5.33,3162.3
867830,4.26,15848.9
867832,4.24,22387.2
867836,5.3,22387.2
867847,4.89,8912.5
867849,4.38,35481.3
867855,5.49,8912.5
867859,5.45,39810.7
867863,4.43,35481.3
867874,5.08,12589.3
867890,6.13,28183.8
867900,5.65,9456.25
867906,4.28,12589.3
867908,5.75,39810.7
867918,3.98,8912.5
867919,5.14,3548.1
867926,4.95,14125.4
867929,4.84,2238.7
867930,4.79,2818.4
867943,4.98,17782.8
867948,3.98,28183.8
867955,4.77,141.3
867966,3.07,17782.8
867989,3.92,39810.7
867993,6.11,14987.15
867997,5.61,1258.9
868003,5.7,17782.8
868010,2.66,22387.2
868012,5.58,28183.8
868016,5.54,21169.9
868034,4.02,15848.9
868041,4.28,1000.0
868048,5.04,11904.75
868049,3.23,8912.5
868075,2.82,19952.6
868096,5.28,44668.4
868111,5.76,39810.7
868115,5.78,15848.9
868121,4.49,8912.5
868132,6.46,15848.9
868172,4.34,22387.2
868174,5.42,17782.8
868178,5.39,14125.4
868185,5.2,3162.3
868188,3.8,17782.8
868189,4.1,28183.8
868193,5.87,31622.8
868201,4.69,28183.8
868215,5.16,15848.9
868225,3.87,35481.3
868228,5.78,39810.7
868236,3.94,2238.7
868239,5.68,10000.0
868242,3.88,1412.5
868244,5.35,31622.8
868259,5.86,18867.7
868261,4.67,11220.2
868263,4.85,19952.6
868265,5.12,14125.4
868276,5.89,28183.8
868281,5.51,3548.1
868301,2.38,10000.0
868304,5.67,15848.9
868312,2.57,1258.9
868315,5.01,16815.85
868330,5.3,25118.9
868343,4.11,12589.3
868356,6.02,14125.4
868390,5.35,5623.4
868401,5.12,11220.2
868417,3.98,7943.3
868421,5.29,39810.7
868423,5.99,16815.85
868429,5.21,25118.9
868435,5.54,2238.7
868474,4.94,11220.2
868480,4.8,3548.1
868489,3.7,11904.75
868490,4.09,25118.9
868509,5.23,1584.9
868522,4.8,7943.3
868525,4.56,10000.0
868528,5.09,44668.4
868532,5.31,3162.3
868546,5.41,31622.8
868550,4.3,8912.5
868551,4.84,19952.6
868565,5.16,28183.8
868574,4.42,17782.8
868578,5.77,35481.3
868586,1.94,31622.8
868588,5.53,2511.9
868608,5.33,7943.3
868614,4.93,29903.3
868626,5.48,707.9
868637,5.38,28183.8
868654,5.12,25118.9
868659,5.3,2238.7
868664,5.58,1122.0
868665,5.63,8912.5
868667,5.79,7943.3
868668,3.81,31622.8
868675,3.81,10000.0
868677,3.31,28183.8
868708,4.96,15848.9
868712,5.54,19952.6
868718,4.88,17782.8
868730,4.02,15848.9
868736,5.24,1122.0
868743,3.86,2818.4
868747,3.6,31622.8
868767,5.35,7079.5
868769,5.89,223.9
868783,3.85,26651.35
868784,4.84,5011.9
868796,5.56,3981.1
868801,4.31,19952.6
868812,4.81,44668.4
868818,3.3,39810.7
868821,3.19,15848.9
868822,4.29,3981.1
868824,5.69,28183.8
868833,3.98,1778.3
868834,5.55,25118.9
868853,5.63,10000.0
868854,4.67,1412.5
868860,5.43,12589.3
868861,3.63,14125.4
868863,5.92,11220.2
868864,5.2,3162.3
868866,6.27,39810.7
868875,4.19,28183.8
868888,5.6,14125.4
868898,5.51,12589.3
868923,4.33,1122.0
868939,4.12,100.0
868950,5.21,25118.9
868951,4.84,35481.3
868965,5.16,28183.8
868969,3.95,25118.9
868970,4.61,14125.4
868972,2.15,17782.8
868978,5.17,23753.05
868983,2.34,794.3
868989,6.53,8912.5
868993,1.77,22387.2
868999,5.37,14125.4
869013,6.0,4466.8
869016,5.51,4466.8
869019,5.28,31622.8
869035,5.24,22387.2
869036,5.44,31622.8
869048,5.82,3162.3
869051,4.23,28183.8
869052,5.73,15848.9
869055,5.54,125.9
869079,4.26,25118.9
869080,5.76,31622.8
869084,3.47,14125.4
869099,4.33,8912.5
869113,5.16,15848.9
869144,5.66,15848.9
869174,5.73,31622.8
869238,5.94,10000.0
869250,4.9,35481.3
869260,5.72,17782.8
869273,4.01,31622.8
869275,5.12,31622.8
869294,5.77,14125.4
869298,3.38,25118.9
869311,4.37,11904.75
869320,4.41,19952.6
869328,4.27,891.3
869329,5.68,177.8
869342,5.05,11904.75
869354,5.82,12589.3
869358,5.58,31622.8
869362,5.92,14125.4
869368,3.44,39810.7
869369,5.26,2238.7
869370,4.31,25118.9
869372,6.2,11220.2
869373,5.64,17782.8
869375,6.07,15848.9
869381,3.48,14125.4
869400,5.02,707.9
869403,5.59,5623.4
869407,5.23,3162.3
869429,6.11,39810.7
869441,4.24,8912.5
869447,5.71,15848.9
869464,5.39,7943.3
869467,4.34,17782.8
869480,5.1,25118.9
869481,4.88,12589.3
869484,5.49,22387.2
869486,6.03,7943.3
869501,5.88,10610.1
869504,5.2,28183.8
869505,4.89,14125.4
869523,4.05,3162.3
869529,4.73,6309.6
869530,4.66,14125.4
869534,4.43,31622.8
869536,3.42,22387.2
869542,3.45,29330.13333333333
869543,5.03,11220.2
869547,4.12,11904.75
869559,4.4,22387.2
869567,6.05,25118.9
869568,5.34,22387.2
869571,5.43,11220.2
869578,5.58,2238.7
869582,3.89,14125.4
869590,4.34,7079.5
869592,5.72,26651.35
869593,1.52,70.8
869595,5.56,25118.9
869596,5.58,19952.6
869607,5.12,35481.3
869628,3.63,3548.1
869648,4.88,2818.4
869656,6.28,25118.9
869677,5.75,39810.7
869679,4.7,28183.8
869680,4.53,44668.4
869693,4.33,39810.7
869700,2.22,125.9
869710,4.42,16815.85
869730,5.17,39810.7
869735,5.08,25118.9
869736,4.17,28183.8
869751,1.08,44668.4
869752,5.0,35481.3
869755,3.66,11220.2
869763,5.39,12589.3
869769,5.53,26651.35
869770,4.93,28183.8
869774,3.96,28183.8
869781,4.66,44668.4
869784,5.81,22387.2
869791,5.15,8912.5
869797,2.09,44668.4
869800,3.85,25118.9
869824,5.42,12589.3
869830,6.51,1995.3
869842,4.57,3548.1
869846,4.11,17782.8
869855,4.58,31622.8
869856,5.78,39810.7
869857,5.57,14125.4
869879,4.94,1258.9
869883,3.75,19952.6
869891,4.87,1778.3
869904,6.06,12589.3
869920,3.66,14125.4
869928,5.43,15848.9
869932,5.28,1778.3
869956,4.61,21169.9
869963,5.59,10000.0
869968,5.47,11220.2
869969,5.18,14987.15
869977,5.23,3162.3
869980,5.57,2238.7
869982,5.39,39810.7
869989,6.19,1258.9
870002,4.25,28183.8
870019,5.2,33552.05
870027,4.52,56.2
870043,5.22,22387.2
870045,3.18,28183.8
870048,4.95,1258.9
870061,5.26,11220.2
870064,3.25,31622.8
870067,5.8,25118.9
870070,3.23,15848.9
870074,5.27,19952.6
870076,5.66,39810.7
870079,5.99,17782.8
870095,4.5,28183.8
870108,4.82,15848.9
870123,5.88,8912.5
870127,5.52,12589.3
870142,5.42,7943.3
870143,4.02,25118.9
870145,4.68,19952.6
870151,5.66,11220.2
870170,5.63,22387.2
870183,5.31,15848.9
870206,5.06,3548.1
870212,5.16,28183.8
870217,5.27,14125.4
870221,3.74,1000.0
870222,4.86,44668.4
870225,6.05,11220.2
870232,5.36,15848.9
870246,5.93,18867.7
870261,5.59,28183.8
870269,2.84,35481.3
870271,6.2,14125.4
870274,4.51,17782.8
870294,5.3,3548.1
870295,4.16,23753.05
870314,5.3,12589.3
870329,4.53,39810.7
870334,5.47,39810.7
870338,3.36,11220.2
870347,5.21,25118.9
870361,5.38,11220.2
870372,5.75,3162.3
870375,5.34,13357.35
870381,5.53,17782.8
870383,2.03,25118.9
870386,5.22,31622.8
870402,4.34,17782.8
870403,5.43,35481.3
870411,3.83,12589.3
870416,4.75,25118.9
870418,3.83,39810.7
870420,5.27,1995.3
870421,5.79,14125.4
870422,4.95,28183.8
870424,5.09,14125.4
870426,4.97,35481.3
870428,4.15,22387.2
870436,6.09,5011.9
870437,4.62,25118.9
870443,5.41,19952.6
870447,5.05,39810.7
870450,5.62,3981.1
870469,5.76,10000.0
870475,6.16,12589.3
870480,5.33,1000.0
870484,4.72,35481.3
870494,5.99,11220.2
870508,5.39,14125.4
870510,5.57,39810.7
870524,3.28,3548.1
870526,4.34,17782.8
870529,6.18,1584.9
870532,5.6,11904.75
870543,3.33,22387.2
870546,5.0,6309.6
870551,5.55,19952.6
870562,5.04,13357.35
870565,3.95,6309.6
870572,5.57,19952.6
870580,5.09,7079.5
870589,4.16,39810.7
870590,6.29,39810.7
870599,4.82,15848.9
870618,5.13,28183.8
870623,5.86,14125.4
870626,3.0,14125.4
870633,5.81,35481.3
870650,4.93,12589.3
870657,5.43,5011.9
870660,5.21,11220.2
870663,4.2,11220.2
870667,4.62,28183.8
870675,5.26,11904.75
870690,4.69,11904.75
870692,4.31,25118.9
870709,5.31,25118.9
870724,5.41,12589.3
870733,5.83,17782.8
870740,4.92,11220.2
870744,5.76,1778.3
870745,4.36,28183.8
870752,4.96,11220.2
870768,4.98,15848.9
870785,5.69,28183.8
870790,5.7,19952.6
870797,5.88,7943.3
870798,5.95,8912.5
870799,5.72,562.3
870811,5.54,25118.9
870819,5.23,7079.5
870827,6.11,15848.9
870846,4.71,25118.9
870852,5.2,15848.9
870854,3.08,15848.9
870860,2.31,28183.8
870868,5.61,39810.7
870885,5.1,28183.8
870886,6.1,8912.5
870889,5.98,39810.7
870904,5.06,35481.3
870914,4.81,11220.2
870915,5.88,39810.7
870925,2.7,50.1
870935,4.51,39810.7
870943,6.03,28183.8
870946,6.14,5623.4
870950,3.38,28183.8
870954,5.17,17782.8
870961,4.29,7079.5
870964,5.5,10000.0
870979,5.45,1995.3
871002,3.87,28183.8
871008,4.57,19952.6
871028,5.56,25118.9
871042,5.88,5011.9
871052,5.98,17782.8
871054,5.59,28183.8
871067,4.41,19952.6
871069,4.52,25118.9
871087,4.8,15848.9
871094,4.55,11220.2
871100,5.56,17782.8
871117,4.0,39810.7
871144,4.84,14125.4
871145,3.98,28183.8
871147,6.18,28183.8
871149,4.81,15848.9
871150,5.72,23753.05
871151,5.96,15848.9
871159,4.89,11220.2
871168,4.15,1412.5
871173,1.63,1122.0
871185,6.23,15848.9
871188,4.89,141.3
871189,5.68,15848.9
871193,4.74,31622.8
871202,6.75,28183.8
871211,4.77,12589.3
871225,4.11,31622.8
871228,4.88,25118.9
871229,5.67,39810.7
871250,5.63,7943.3
871257,5.22,44668.4
871270,5.76,1778.3
871273,4.59,25118.9
871275,4.64,44668.4
871302,5.65,31622.8
871316,4.59,2511.9
871325,4.37,11220.2
871329,4.9,1122.0
871337,5.38,39810.7
871352,5.8,15848.9
871354,2.71,199.5
871355,4.61,17782.8
871356,3.47,15848.9
871369,5.37,14125.4
871371,4.93,22387.2
871377,6.12,25118.9
871379,4.96,19952.6
871380,5.67,8912.5
871384,4.61,15848.9
871385,3.52,15848.9
871390,6.14,22387.2
871392,5.95,3548.1
871396,5.56,39810.7
871426,4.94,14125.4
871443,5.61,17782.8
871461,5.16,7079.5
871476,5.49,2511.9
871492,5.38,2818.4
871499,5.18,28183.8
871501,5.52,17782.8
871517,5.65,12589.3
871520,5.25,5011.9
871522,5.82,8427.9
871530,4.59,8912.5
871537,5.57,31622.8
871548,4.62,14125.4
871549,4.36,631.0
871552,5.35,17782.8
871554,5.3,39810.7
871562,5.41,22387.2
871566,4.59,14987.15
871568,2.67,15848.9
871584,4.95,17782.8
871585,4.13,14125.4
871586,4.77,2818.4
871588,3.93,25118.9
871599,5.36,35481.3
871603,4.48,35481.3
871612,6.07,42239.55
871613,5.41,15848.9
871614,5.36,25118.9
871616,4.99,14125.4
871623,5.38,501.2
871637,4.83,28183.8
871641,5.98,12589.3
871648,4.98,44668.4
871664,6.02,35481.3
871670,5.71,5623.4
871673,4.71,10000.0
871676,3.87,25118.9
871688,5.44,10000.0
871700,5.37,12589.3
871713,5.65,25118.9
871715,5.07,1258.9
871717,5.14,2238.7
871728,4.02,25118.9
871731,5.65,17782.8
871733,5.79,8427.9
871736,5.52,12589.3
871742,5.47,28183.8
871744,4.72,12589.3
871749,4.41,35481.3
871754,5.51,44668.4
871766,4.32,25118.9
871770,5.67,15848.9
871787,5.33,89.1
871791,5.61,2238.7
871800,5.17,7079.5
871802,5.27,8912.5
871814,4.46,7079.5
871816,5.11,23753.05
871826,5.33,11220.2
871835,4.96,7079.5
871855,5.1,251.2
871857,5.32,31622.8
871860,5.48,14125.4
871866,4.9,39810.7
871868,5.39,14125.4
871876,4.33,2818.4
871887,5.51,39810.7
871892,4.46,37646.0
871897,4.66,8912.5
871907,5.26,3548.1
871911,5.95,39810.7
871915,5.14,12589.3
871916,5.52,17782.8
871931,3.79,12589.3
871935,5.44,19952.6
871951,6.06,14125.4
871952,4.89,44668.4
871953,5.55,17782.8
871954,5.6,8427.9
871970,5.37,1122.0
871978,5.82,10000.0
871984,2.41,39810.7
871988,5.37,37646.0
871991,5.95,19952.6
872002,1.91,12589.3
872019,5.97,12589.3
872021,1.8,14987.15
872023,4.73,28183.8
872024,4.55,22387.2
872035,4.74,17782.8
872037,3.9,12589.3
872044,5.26,25118.9
872057,5.32,31622.8
872077,5.55,39810.7
872078,5.36,19952.6
872079,5.79,14125.4
872080,4.72,19952.6
872090,6.0,7943.3
872092,5.13,25118.9
872097,3.94,8912.5
872103,5.02,26651.35
872110,5.43,14125.4
872116,5.06,28183.8
872118,4.54,562.3
872122,6.24,10000.0
872123,5.05,12589.3
872126,5.38,2818.4
872140,4.72,25.1
872149,5.99,14125.4
872150,5.18,17782.8
872156,5.59,1122.0
872173,4.01,794.3
872180,5.0,14987.15
872187,5.95,1122.0
872197,5.82,25118.9
872223,4.07,19952.6
872224,3.84,22387.2
872228,4.87,22387.2
872240,4.69,12589.3
872256,5.65,12589.3
872257,3.5,15848.9
872259,2.75,22387.2
872261,3.73,28183.8
872262,3.68,12589.3
872287,5.66,10000.0
872290,5.17,28183.8
872294,5.73,28183.8
872305,4.33,28183.8
872316,5.4,19952.6
872325,5.04,8912.5
872330,5.94,19952.6
872331,4.33,398.1
872337,3.63,2818.4
872350,3.67,11220.2
872356,3.37,39810.7
872373,5.89,10000.0
872384,5.64,28183.8
872417,2.57,17782.8
872429,4.46,12589.3
872440,3.96,25118.9
872452,5.89,12589.3
872461,4.94,14125.4
872462,5.43,31622.8
872463,5.37,28183.8
872468,6.01,31622.8
872482,4.67,15848.9
872494,4.36,199.5
872499,4.45,12589.3
872501,5.75,31622.8
872508,4.67,22387.2
872511,7.36,3764.6
872516,5.69,354.8
872521,5.05,4223.95
872530,5.04,14987.15
872539,5.73,17782.8
872549,3.5,12589.3
872554,3.84,28183.8
872555,3.57,44668.4
872558,4.08,3162.3
872567,5.4,39810.7
872573,4.6,19952.6
872574,5.47,2818.4
872593,4.17,22387.2
872597,4.54,31622.8
872625,4.23,2238.7
872646,5.83,21169.9
872655,4.02,22387.2
872672,5.45,112.2
872675,4.0,31622.8
872679,5.61,8912.5
872687,4.9,15848.9
872692,4.76,25118.9
872707,5.79,19952.6
872714,5.44,112.2
872740,4.79,11220.2
872746,4.78,39810.7
872760,2.69,14125.4
872763,5.68,39810.7
872765,5.21,35481.3
872769,4.62,25118.9
872774,4.28,19952.6
872776,4.62,14125.4
872784,5.4,4466.8
872795,4.84,3162.3
872797,2.24,44668.4
872798,4.3,22387.2
872810,5.47,15848.9
872815,5.12,22387.2
872821,4.84,794.3
872823,5.67,19952.6
872825,5.84,1412.5
872830,5.31,39810.7
872840,6.13,10000.0
872842,2.68,31622.8
872847,5.22,39810.7
872849,3.68,31622.8
872853,5.91,11220.2
872863,3.41,39810.7
872865,6.13,17782.8
872873,5.38,562.3
872895,4.78,19952.6
872899,3.94,8912.5
872916,4.42,1584.9
872921,5.4,12589.3
872928,4.67,5011.9
872932,4.86,28183.8
872953,5.97,39810.7
872954,5.89,8912.5
872985,5.12,44668.4
872987,5.89,8912.5
872993,6.23,44668.4
872996,5.43,15848.9
873000,5.3,12589.3
873004,3.59,31622.8
873011,4.32,17782.8
873019,4.16,28183.8
873024,4.23,7943.3
873044,5.1,6309.6
873046,4.49,17782.8
873056,4.16,8912.5
873057,3.99,11220.2
873062,5.26,2511.9
873076,5.01,44668.4
873078,5.55,12589.3
873092,3.53,15274.4
873096,6.01,28183.8
873104,4.95,35481.3
873106,5.11,25118.9
873108,4.23,8912.5
873113,4.76,3548.1
873121,5.75,1995.3
873126,5.55,22387.2
873137,4.98,39810.7
873144,5.76,14125.4
873145,4.3,22387.2
873150,5.76,3981.1
873157,6.0,14125.4
873163,5.39,11220.2
873173,4.76,19952.6
873185,5.43,39810.7
873200,4.87,28183.8
873204,5.19,11220.2
873208,5.38,44668.4
873210,5.34,22387.2
873213,5.04,5011.9
873232,5.87,17782.8
873238,4.0,14125.4
873261,5.21,1584.9
873271,4.43,3548.1
873282,4.28,25118.9
873293,5.7,14125.4
873302,5.53,7943.3
873308,4.43,14125.4
873310,5.71,10000.0
873314,4.83,19952.6
873321,3.98,891.3
873345,5.4,44668.4
873352,4.41,8912.5
873357,3.57,15848.9
873368,5.72,22387.2
873417,5.55,31622.8
873424,5.86,25118.9
873425,4.67,3548.1
873427,5.41,8912.5
873433,2.82,19952.6
873435,2.83,7943.3
873439,4.68,14125.4
873442,5.64,31622.8
873443,4.3,25118.9
873446,3.98,11220.2
873453,4.51,3548.1
873457,4.39,37646.0
873464,5.12,14125.4
873469,4.12,14125.4
873484,5.07,15848.9
873494,6.36,35481.3
873500,5.52,316.2
873522,5.29,8912.5
873525,5.8,39810.7
873528,5.95,11220.2
873565,5.3,31622.8
873566,5.69,8427.9
873595,5.57,8912.5
873601,6.07,17782.8
873602,4.56,14125.4
873614,2.99,56.2
873615,5.41,15848.9
873620,5.16,22387.2
873628,3.6,19952.6
873633,5.64,19952.6
873650,4.64,25118.9
873663,5.28,39810.7
873669,6.0,3981.1
873693,4.16,15848.9
873699,4.06,19952.6
873700,5.31,14125.4
873707,5.81,17782.8
873709,3.98,12589.3
873725,5.22,14125.4
873733,3.51,28183.8
873746,5.37,8912.5
873758,4.26,5011.9
873762,5.75,7079.5
873764,5.19,31622.8
873765,5.69,8912.5
873769,5.68,28183.8
873774,6.08,23753.05
873800,3.74,4466.8
873801,6.19,25118.9
873811,5.34,17782.8
873830,5.17,10000.0
873836,3.8,354.8
873838,4.12,6309.6
873848,5.91,12589.3
873850,3.57,21575.666666666668
873851,4.36,22387.2
873852,4.41,1258.9
873854,5.08,19952.6
873862,4.63,14125.4
873879,4.98,14125.4
873883,5.1,39810.7
873907,5.86,11220.2
873909,5.5,15848.9
873913,4.54,7079.5
873916,4.62,5623.4
873923,4.58,14125.4
873927,5.67,794.3
873929,5.21,15848.9
873933,4.78,10000.0
873936,4.4,35481.3
873962,5.47,25118.9
873963,6.7,39810.7
873966,5.59,39810.7
873971,4.6,11220.2
873977,5.78,35481.3
873980,4.96,15848.9
873982,6.1,14987.15
873986,2.71,8912.5
873987,6.01,22387.2
873988,3.59,15848.9
874016,4.91,19952.6
874018,4.14,17782.8
874020,4.71,11220.2
874029,5.64,13357.35
874043,6.0,25118.9
874055,5.64,17782.8
874062,4.79,31622.8
874066,5.76,12589.3
874075,4.99,11220.2
874076,5.62,19952.6
874080,6.03,39810.7
874082,5.44,22387.2
874086,2.95,15848.9
874099,4.74,17782.8
874113,4.48,17782.8
874119,5.86,19952.6
874122,4.82,44668.4
874135,4.12,1778.3
874137,5.09,19952.6
874141,3.67,39810.7
874144,5.75,14125.4
874150,3.67,25118.9
874159,5.58,31622.8
874161,5.88,14125.4
874164,5.71,14125.4
874170,4.95,2238.7
874172,4.43,15848.9
874177,3.55,3548.1
874178,5.38,707.9
874188,4.1,28183.8
874195,5.88,15848.9
874198,3.51,19952.6
874199,6.08,15848.9
874202,5.22,10000.0
874216,3.05,31622.8
874225,6.65,14125.4
874248,4.22,25118.9
874254,5.51,1412.5
874263,3.52,25118.9
874265,5.78,12589.3
874266,5.02,15848.9
874267,4.81,25.1
874290,5.21,15848.9
874292,5.51,35481.3
874293,4.71,1995.3
874298,4.97,14125.4
874319,5.88,2238.7
874342,5.79,15848.9
874354,5.21,25118.9
874364,5.56,22387.2
874368,5.92,14125.4
874370,3.48,39810.7
874372,5.61,17782.8
874379,4.51,11220.2
874381,5.55,2238.7
874403,5.53,25118.9
874404,4.31,15848.9
874406,3.22,25.1
874407,5.61,14125.4
874418,3.84,17782.8
874421,5.74,17782.8
874435,3.97,14987.15
874444,5.15,7079.5
874448,2.81,14987.15
874460,5.34,19952.6
874470,3.86,19952.6
874479,5.11,7943.3
874484,5.29,22387.2
874486,5.4,39810.7
874500,5.28,28183.8
874501,4.36,11904.75
874511,5.43,39810.7
874512,5.17,10000.0
874528,4.78,31622.8
874529,5.68,22387.2
874558,4.99,7943.3
874568,5.93,3981.1
874570,5.17,15848.9
874576,6.01,1000.0
874580,4.81,22387.2
874585,5.31,7079.5
874586,6.21,10000.0
874589,3.97,44668.4
874592,3.41,10000.0
874594,3.93,11220.2
874603,4.82,398.1
874616,3.88,7079.5
874632,3.83,10000.0
874635,4.78,11220.2
874644,4.27,39810.7
874647,5.93,39810.7
874649,4.69,28183.8
874650,4.16,17782.8
874651,4.4,14125.4
874656,4.13,15848.9
874661,4.42,28183.8
874666,3.8,15848.9
874668,3.52,22387.2
874686,5.11,14125.4
874691,5.93,3162.3
874698,4.81,5011.9
874709,5.67,14125.4
874711,4.33,8912.5
874722,4.04,28183.8
874737,4.92,12589.3
874740,5.0,22387.2
874753,4.81,44668.4
874763,5.54,39810.7
874769,5.7,19952.6
874773,5.5,8912.5
874776,2.68,3548.1
874787,6.79,44668.4
874789,5.54,14125.4
874795,3.47,39.8
874796,5.42,14125.4
874812,3.57,14987.15
874822,5.53,28183.8
874827,4.09,12589.3
874836,3.97,25118.9
874857,4.88,19952.6
874863,5.55,28183.8
874870,4.12,44668.4
874872,2.69,44668.4
874875,3.93,35481.3
874887,5.82,5011.9
874901,4.3,19952.6
874910,5.48,17782.8
874914,4.6,12589.3
874919,5.52,3981.1
874921,2.77,28183.8
874925,2.47,251.2
874963,3.97,14125.4
874988,5.88,10000.0
874989,4.49,2375.3
874992,2.68,891.3
874994,4.86,21169.9
874997,5.59,22387.2
875002,4.76,891.3
875010,5.1,3548.1
875016,5.31,25118.9
875028,6.08,6309.6
875031,5.28,1000.0
875040,3.86,12589.3
875046,5.87,707.9
875048,5.47,3981.1
875056,5.96,15848.9
875058,4.49,19952.6
875071,4.68,15848.9
875078,5.57,17782.8
875090,5.44,14987.15
875093,5.92,25118.9
875128,5.97,10000.0
875144,3.38,31622.8
875153,4.37,2238.7
875167,4.54,14125.4
875174,3.03,15848.9
875176,5.43,398.1
875177,4.45,1778.3
875191,5.64,10000.0
875199,4.65,19952.6
875210,4.96,31622.8
875214,4.53,10000.0
875227,5.61,35481.3
875233,5.5,25118.9
875241,5.66,31622.8
875265,6.21,17782.8
875280,3.88,17782.8
875291,3.02,5011.9
875300,6.18,31622.8
875307,4.03,25118.9
875313,6.05,31622.8
875317,2.84,39810.7
875318,3.09,1584.9
875332,3.9,22387.2
875342,5.08,39810.7
875348,5.24,6309.6
875356,4.74,5623.4
875362,5.39,8912.5
875363,4.65,12589.3
875364,5.24,14125.4
875386,6.02,44668.4
875409,4.61,17782.8
875411,4.5,223.9
875415,5.97,15848.9
875419,5.36,44668.4
875422,5.68,13357.35
875424,4.51,7943.3
875428,3.23,15848.9
875454,4.02,35481.3
875483,5.07,2818.4
875488,5.76,17782.8
875489,5.78,22387.2
875497,5.54,14125.4
875506,5.75,12589.3
875510,5.16,17782.8
875540,5.34,35481.3
875559,5.24,28183.8
875569,4.02,11220.2
875580,5.75,28183.8
875585,4.89,22387.2
875590,5.53,1412.5
875601,5.04,14125.4
875603,4.63,15848.9
875604,5.18,28183.8
875605,5.56,28183.8
875611,3.45,14125.4
875612,3.36,14125.4
875621,5.5,3162.3
875622,5.4,31622.8
875627,2.27,17782.8
875631,5.08,15848.9
875635,5.65,3548.1
875636,4.89,7079.5
875655,4.73,15848.9
875661,5.65,631.0
875662,4.94,14125.4
875663,4.39,12589.3
875671,5.71,8912.5
875674,5.11,12589.3
875680,5.93,35481.3
875681,5.49,7079.5
875686,3.98,8912.5
875719,5.43,5011.9
875721,4.55,31622.8
875727,5.12,70.8
875729,6.08,15848.9
875741,4.57,6309.6
875744,6.04,39810.7
875747,4.5,7943.3
875749,4.15,1584.9
875753,5.3,17782.8
875759,5.46,14125.4
875761,6.15,31622.8
875762,4.68,28183.8
875771,5.08,35481.3
875772,4.41,12589.3
875781,3.99,17782.8
875791,3.94,3548.1
875797,5.25,22387.2
875804,5.99,25118.9
875811,5.82,31622.8
875815,3.49,14125.4
875818,5.17,8912.5
875819,4.16,891.3
875826,4.53,7079.5
875828,5.87,2818.4
875838,4.67,19952.6
875843,5.75,22387.2
875851,4.79,14125.4
875859,4.33,199.5
875864,5.73,39810.7
875865,2.37,22387.2
875890,4.86,31622.8
875909,5.66,44668.4
875910,5.62,15848.9
875912,4.1,14987.15
875913,3.33,17782.8
875928,4.93,39810.7
875929,5.21,14125.4
875954,5.24,35481.3
875959,4.21,35481.3
875972,4.82,19952.6
875974,5.19,17782.8
875976,4.81,39810.7
875983,5.81,28183.8
875987,5.08,3548.1
875995,4.21,19952.6
876002,4.5,31622.8
876003,5.03,22387.2
876012,3.46,17782.8
876013,2.58,28183.8
876021,3.65,35481.3
876026,4.66,31622.8
876028,3.59,17782.8
876038,5.68,13357.35
876041,5.23,251.2
876043,5.01,14125.4
876045,5.56,14125.4
876048,4.73,10000.0
876055,4.13,14125.4
876061,4.81,7943.3
876068,5.5,28183.8
876069,3.43,15848.9
876070,4.56,14125.4
876077,5.34,25118.9
876081,5.79,39810.7
876085,5.87,3981.1
876087,5.61,281.8
876101,5.85,17782.8
876109,5.27,14125.4
876116,3.47,19952.6
876140,5.13,18867.7
876142,3.65,14125.4
876148,3.88,10000.0
876156,3.19,891.3
876169,5.19,3981.1
876171,3.88,10000.0
876176,5.08,12589.3
876184,4.91,39810.7
876185,4.91,14125.4
876186,5.53,15848.9
876189,3.95,19952.6
876198,5.11,33552.05
876199,4.57,31622.8
876210,6.13,3548.1
876214,5.7,12589.3
876221,5.76,12589.3
876242,4.19,15848.9
876245,3.95,1584.9
876248,3.71,11220.2
876251,6.15,12589.3
876263,5.1,28183.8
876265,5.31,12589.3
876275,4.91,11904.75
876280,4.23,39810.7
876281,5.93,8912.5
876282,5.0,15848.9
876291,5.38,31622.8
876307,1.23,8912.5
876310,5.03,28183.8
876316,4.67,7079.5
876330,6.44,11220.2
876333,5.69,12589.3
876345,3.38,7079.5
876364,5.01,2818.4
876369,4.94,17782.8
876370,2.32,37646.0
876383,5.14,28183.8
876384,4.99,10000.0
876396,3.83,17782.8
876399,4.84,14125.4
876407,5.46,11904.75
876409,6.03,25118.9
876421,5.16,13357.35
876425,2.08,39810.7
876430,5.32,1778.3
876452,5.11,14987.15
876458,5.01,11220.2
876461,4.43,1886.8
876463,5.27,707.9
876484,6.12,39810.7
876487,3.91,2238.7
876491,6.18,14987.15
876495,4.26,39810.7
876501,4.61,1000.0
876530,5.87,28183.8
876539,5.49,28183.8
876550,5.91,29903.3
876551,5.84,14125.4
876552,4.37,10000.0
876553,4.59,39810.7
876554,5.94,22387.2
876562,6.27,39810.7
876566,5.09,562.3
876568,5.57,15848.9
876573,6.22,35481.3
876576,5.28,7943.3
876577,4.94,5623.4
876583,4.13,35481.3
876590,4.36,15848.9
876604,5.52,17782.8
876607,5.33,39810.7
876625,5.67,17782.8
876631,6.04,35481.3
876634,5.57,22387.2
876651,3.94,44668.4
876658,2.86,10000.0
876660,4.5,11220.2
876669,5.8,39810.7
876678,4.95,39810.7
876681,4.93,3548.1
876682,5.5,28183.8
876689,4.53,5623.4
876690,5.68,2818.4
876692,4.17,28183.8
876699,5.56,1000.0
876701,5.24,15848.9
876704,5.2,4466.8
876712,5.69,7943.3
876719,4.58,7655.366666666667
876722,2.6,17782.8
876724,5.63,5011.9
876730,6.24,15848.9
876748,5.85,15848.9
876764,5.94,25118.9
876775,6.01,35481.3
876776,6.05,26651.35
876777,5.87,22387.2
876778,7.0,35481.3
876784,4.38,19952.6
876801,4.52,25118.9
876804,5.91,10610.1
876805,4.36,12589.3
876809,5.23,17782.8
876814,5.53,22387.2
876820,6.03,11220.2
876822,4.46,19952.6
876823,4.54,10000.0
876827,3.8,28183.8
876830,6.99,37646.0
876832,4.39,28183.8
876848,4.94,10000.0
876862,4.77,15848.9
876870,4.35,19952.6
876890,4.22,17782.8
876891,5.18,10000.0
876893,5.44,17782.8
876907,5.86,1584.9
876914,4.98,19952.6
876931,4.68,3981.1
876934,3.56,3548.1
876936,5.14,14125.4
876939,5.11,39810.7
876944,4.3,8912.5
876955,5.85,31622.8
876957,4.81,5011.9
876984,5.31,14987.15
876986,5.33,1000.0
876992,4.87,7943.3
876994,3.6,28183.8
876996,2.92,44668.4
877010,3.67,12589.3
877018,5.91,14125.4
877020,4.78,14125.4
877031,5.27,12589.3
877044,5.62,19952.6
877064,6.15,31622.8
877072,3.99,7079.5
877078,4.79,3548.1
877079,4.69,1000.0
877088,5.53,11220.2
877092,2.28,28183.8
877100,6.13,39810.7
877103,5.8,39810.7
877114,6.11,7079.5
877115,4.6,19952.6
877119,4.31,1778.3
877120,5.49,2511.9
877122,4.88,39810.7
877128,6.06,28183.8
877134,4.19,14125.4
877140,5.14,5011.9
877146,5.28,7511.4
877148,5.39,25118.9
877153,2.87,22387.2
877180,4.21,31622.8
877193,3.4,37646.0
877195,4.23,28183.8
877202,5.52,39810.7
877204,5.55,18867.7
877205,5.02,22387.2
877209,5.44,28183.8
877220,5.02,39810.7
877225,6.02,19952.6
877252,3.01,5623.4
877255,4.11,1584.9
877259,4.33,14987.15
877271,3.79,11220.2
877272,5.24,19952.6
877273,5.09,25118.9
877276,4.11,7943.3
877291,5.5,39810.7
877299,5.77,14125.4
877305,5.52,15848.9
877318,5.19,1122.0
877320,5.3,16815.85
877321,4.34,35481.3
877323,3.27,13101.333333333334
877327,5.34,794.3
877329,3.76,39810.7
877344,5.16,3981.1
877367,3.82,19952.6
877372,5.64,31622.8
877375,5.23,12589.3
877385,4.99,1122.0
877398,5.44,28183.8
877400,2.59,39810.7
877403,4.65,28183.8
877405,5.59,3162.3
877430,4.7,10000.0
877453,5.02,19952.6
877458,4.01,17782.8
877461,5.93,12589.3
877463,4.36,25118.9
877464,4.93,3548.1
877465,5.15,8912.5
877471,5.49,17782.8
877476,4.96,8912.5
877490,4.9,6309.6
877494,6.07,39810.7
877498,4.88,17782.8
877502,4.28,1584.9
877510,5.41,28183.8
877537,5.29,7943.3
877538,4.82,7079.5
877543,5.89,10000.0
877557,5.49,15848.9
877564,4.61,17782.8
877565,3.79,44668.4
877571,5.39,35481.3
877575,4.71,39810.7
877589,5.11,19952.6
877606,3.73,9456.25
877614,5.7,17782.8
877615,3.85,15848.9
877649,5.28,11220.2
877660,5.17,6309.6
877665,4.66,39810.7
877677,5.91,17782.8
877680,4.99,12589.3
877682,3.79,31622.8
877685,4.39,3162.3
877689,4.55,8912.5
877692,5.82,12589.3
877694,5.61,17782.8
877696,4.8,1584.9
877697,5.67,11220.2
877706,4.35,13357.35
877709,5.05,11220.2
877710,5.23,19952.6
877717,3.84,707.9
877730,4.89,22387.2
877743,5.75,14125.4
877746,6.45,28183.8
877753,5.69,28183.8
877754,4.31,39810.7
877760,4.65,31622.8
877761,5.75,28183.8
877764,5.23,15848.9
877768,5.81,25118.9
877787,3.62,28183.8
877800,5.96,8912.5
877805,5.43,19952.6
877808,5.78,19952.6
877815,5.5,31622.8
877822,5.19,1412.5
877824,5.42,2818.4
877825,5.16,28183.8
877830,5.98,25118.9
877836,5.4,28183.8
877837,3.13,25118.9
877844,3.34,10000.0
877859,4.43,15848.9
877866,5.43,10000.0
877869,5.23,10000.0
877872,3.19,12589.3
877879,4.08,28183.8
877880,4.23,15848.9
877906,3.78,39810.7
877913,5.08,12589.3
877917,5.23,7079.5
877921,4.92,15848.9
877943,5.38,11220.2
877948,4.62,44668.4
877950,5.76,7079.5
877958,5.71,25118.9
877963,4.31,28183.8
877967,5.71,12589.3
877970,4.84,25118.9
877975,5.5,7943.3
877980,5.11,3548.1
877984,6.12,35481.3
877986,3.33,15848.9
878002,3.24,28183.8
878005,4.9,17782.8
878022,3.64,39810.7
878025,5.01,281.8
878028,5.37,10000.0
878032,4.71,25118.9
878039,4.75,7943.3
878046,4.55,37646.0
878050,4.03,17782.8
878065,4.19,14125.4
878070,4.84,10000.0
878079,5.23,6309.6
878080,5.37,22387.2
878082,3.55,28183.8
878086,5.21,15848.9
878100,4.89,7943.3
878130,5.3,10000.0
878131,4.57,15848.9
878142,4.01,17782.8
878162,3.74,3162.3
878171,4.29,15848.9
878174,2.59,28183.8
878177,5.72,12589.3
878180,4.62,31622.8
878190,4.43,39810.7
878197,5.71,3162.3
878206,5.25,12589.3
878207,4.89,19952.6
878216,5.91,7943.3
878224,4.37,31622.8
878228,4.53,44668.4
878232,4.52,14125.4
878242,4.0,14125.4
878247,4.95,44668.4
878249,5.11,14125.4
878281,3.97,794.3
878306,5.25,28183.8
878309,4.26,39810.7
878316,6.14,15848.9
878317,5.27,8912.5
878329,3.6,1778.3
878345,5.31,14125.4
878348,4.44,35481.3
878350,4.03,17782.8
878354,5.19,22387.2
878355,4.74,35481.3
878359,3.67,19952.6
878371,3.04,35481.3
878378,4.82,8912.5
878384,5.53,10000.0
878387,5.34,28183.8
878388,5.45,39810.7
878391,5.17,15848.9
878411,5.38,12589.3
878413,4.92,7943.3
878423,5.72,35481.3
878426,5.46,39810.7
878444,5.08,19952.6
878456,5.25,12589.3
878472,4.45,5011.9
878488,2.94,39810.7
878492,4.31,13357.35
878495,6.1,4466.8
878510,4.84,15848.9
878524,3.61,22387.2
878545,5.45,39810.7
878546,5.11,22387.2
878561,5.54,7079.5
878574,5.77,17782.8
878584,5.27,39810.7
878592,4.75,5011.9
878597,5.04,39810.7
878602,5.92,5011.9
878606,4.95,39810.7
878608,5.25,15848.9
878615,6.25,44668.4
878631,3.61,2818.4
878632,5.15,33552.05
878633,6.3,19952.6
878639,5.49,14125.4
878645,4.04,25118.9
878648,5.93,2511.9
878651,5.68,19952.6
878654,4.2,11220.2
878660,5.36,22387.2
878668,3.13,13357.35
878671,3.62,19952.6
878679,4.85,25118.9
878684,4.89,28183.8
878690,5.98,39810.7
878694,5.78,15848.9
878698,5.2,22387.2
878717,6.04,39810.7
878724,3.53,5623.4
878726,3.4,22387.2
878728,5.84,14125.4
878732,5.5,8427.9
878733,5.88,16815.85
878737,4.56,25118.9
878763,4.86,10000.0
878770,2.67,25118.9
878771,5.1,14125.4
878775,5.73,10610.1
878783,4.67,11220.2
878794,2.41,8912.5
878825,5.31,35481.3
878826,4.24,891.3
878832,5.9,3981.1
878840,4.45,17782.8
878852,4.69,562.3
878855,5.78,501.2
878862,4.35,5623.4
878870,4.92,4466.8
878872,5.28,1000.0
878881,3.36,25118.9
878883,5.69,14125.4
878888,5.34,3162.3
878896,2.5,8912.5
878898,5.02,14125.4
878907,5.61,14125.4
878909,4.49,44668.4
878914,4.75,446.7
878920,4.87,15848.9
878925,3.67,17782.8
878926,5.64,3162.3
878941,4.93,14125.4
878942,5.79,7079.5
878969,5.56,17782.8
878972,5.54,35481.3
879033,5.84,28183.8
879054,5.59,39810.7
879065,5.0,31622.8
879071,5.84,31622.8
879072,4.37,12589.3
879073,4.27,8912.5
879093,4.59,35481.3
879096,4.92,11220.2
879108,5.88,39810.7
879114,3.95,5011.9
879132,4.01,44668.4
879142,4.94,28183.8
879144,4.35,35481.3
879147,4.52,17782.8
879165,3.58,28183.8
879170,5.14,1122.0
879176,4.83,12589.3
879194,5.28,12589.3
879208,6.07,5623.4
879216,4.76,12589.3
879217,4.58,3548.1
879252,5.83,21169.9
879256,5.71,7943.3
879259,5.68,3981.1
879264,3.36,31622.8
879273,4.91,14125.4
879274,4.13,8912.5
879280,3.23,39810.7
879286,2.54,28183.8
879287,5.22,15848.9
879310,5.43,12589.3
879349,5.44,794.3
879352,5.46,22387.2
879353,5.39,3548.1
879360,4.05,22387.2
879365,4.7,15848.9
879379,5.04,14987.15
879386,5.39,28183.8
879389,4.07,15848.9
879391,4.44,29903.3
879392,5.13,12589.3
879416,5.71,14125.4
879421,5.12,12589.3
879424,5.68,15848.9
879431,5.15,15848.9
879435,4.02,281.8
879439,3.8,22387.2
879440,4.19,25118.9
879441,3.67,17782.8
879455,4.85,25118.9
879494,4.2,10000.0
879496,5.51,1778.3
879503,5.45,31622.8
879510,5.72,11220.2
879518,5.84,11220.2
879520,5.78,15848.9
879522,5.66,1000.0
879523,3.78,25118.9
879537,5.03,3162.3
879541,4.56,15848.9
879544,2.11,8912.5
879547,4.89,2818.4
879567,4.33,2511.9
879568,4.63,8912.5
879571,5.15,11220.2
879572,5.12,17782.8
879581,3.63,19952.6
879594,5.32,28183.8
879595,5.35,25118.9
879598,5.88,22387.2
879606,4.08,19952.6
879608,3.6,11220.2
879629,5.44,25118.9
879631,5.21,31622.8
879640,6.08,15848.9
879650,5.46,19952.6
879656,4.47,7079.5
879674,5.25,14125.4
879680,4.14,15848.9
879702,3.44,199.5
879706,0.94,39810.7
879721,4.99,28183.8
879729,5.82,7079.5
879766,4.3,39810.7
879768,4.8,44668.4
879774,3.99,14125.4
879781,5.92,44668.4
879782,4.58,15848.9
879784,5.87,5623.4
879787,6.0,39810.7
879802,6.28,19952.6
879811,5.52,10000.0
879815,4.96,22387.2
879818,6.03,25118.9
879827,4.44,33552.05
879828,4.66,44668.4
879836,3.28,35481.3
879837,4.86,39810.7
879840,5.91,17782.8
879841,4.86,25118.9
879844,5.28,316.2
879850,5.54,8912.5
879854,4.48,223.9
879858,5.86,21169.9
879862,5.7,14125.4
879864,5.83,14125.4
879880,3.85,12589.3
879885,5.37,12589.3
879893,5.91,14125.4
879896,5.41,1258.9
879926,4.46,398.1
879936,6.22,28183.8
879943,4.83,22387.2
879948,5.31,31622.8
879958,4.88,19952.6
879959,5.5,26651.35
879976,4.66,44668.4
879978,4.72,11220.2
879995,5.15,8912.5
880000,5.78,8912.5
880016,5.68,251.2
880024,5.87,14987.15
880027,5.23,17782.8
880047,4.72,14125.4
880063,4.25,223.9
880078,5.64,22387.2
880083,4.83,15848.9
880088,5.05,1995.3
880106,5.67,14125.4
880114,5.7,14125.4
880116,4.15,281.8
880128,3.11,39810.7
880137,6.15,19952.6
880138,6.0,28183.8
880150,3.51,17782.8
880160,4.89,7943.3
880161,4.82,39810.7
880165,5.61,28183.8
880168,3.57,39810.7
880179,5.64,31622.8
880181,6.16,15848.9
880183,5.35,22387.2
880197,3.65,37646.0
880212,4.65,28183.8
880227,4.74,14125.4
880237,4.57,891.3
880244,5.92,10000.0
880254,6.06,12589.3
880270,5.75,39810.7
880278,4.63,63.1
880284,4.34,19952.6
880292,5.3,44668.4
880294,5.82,31622.8
880296,4.42,8912.5
880303,4.96,28183.8
880307,4.75,8912.5
880322,6.15,6309.6
880326,5.08,19952.6
880337,4.47,11220.2
880349,5.43,2238.7
880363,5.6,5623.4
880380,3.73,39810.7
880387,5.08,26651.35
880407,4.82,7943.3
880408,5.37,16815.85
880410,6.03,15848.9
880412,5.09,39810.7
880416,4.67,35481.3
880431,5.33,12589.3
880450,5.71,7079.5
880460,4.13,15848.9
880496,5.45,2818.4
880502,3.77,11220.2
880505,5.39,1258.9
880507,3.29,11220.2
880509,5.41,19952.6
880512,5.55,39810.7
880518,5.83,5011.9
880525,4.99,15848.9
880529,4.32,39810.7
880537,3.53,41429.933333333334
880547,3.74,25118.9
880551,4.76,11220.2
880557,6.08,17782.8
880558,5.58,31622.8
880560,5.39,19952.6
880566,5.64,17782.8
880567,3.51,12589.3
880576,5.13,12589.3
880589,5.55,11220.2
880596,4.82,19952.6
880605,4.18,7079.5
880608,5.74,12589.3
880612,4.07,39810.7
880620,2.16,15848.9
880625,5.1,7943.3
880641,5.73,10000.0
880651,4.14,1778.3
880670,4.41,5966.5
880692,3.31,19952.6
880699,5.34,22387.2
880701,5.0,39810.7
880709,5.02,19952.6
880710,5.03,10000.0
880712,4.67,14125.4
880716,3.78,11220.2
880720,4.11,31622.8
880726,4.25,17782.8
880739,5.4,44668.4
880741,4.49,631.0
880758,5.38,28183.8
880760,5.42,39810.7
880779,5.03,26651.35
880780,4.54,33552.05
880784,2.47,26651.35
880790,7.4,25118.9
880794,4.0,22387.2
880805,5.43,22387.2
880808,5.89,100.0
880826,3.21,7079.5
880830,4.61,25118.9
880840,4.98,31622.8
880863,3.98,8912.5
880883,5.45,22387.2
880892,3.72,12589.3
880895,5.24,1412.5
880918,5.53,14125.4
880920,3.1,8912.5
880926,5.25,35481.3
880929,5.33,25118.9
880931,6.11,3981.1
880934,4.83,22387.2
880936,4.56,35481.3
880942,3.97,794.3
880952,5.78,10610.1
880959,5.39,1000.0
880969,5.83,3981.1
880978,4.31,17782.8
880992,3.98,21169.9
880996,5.91,2818.4
881002,5.56,28183.8
881010,6.15,44668.4
881013,1.75,446.7
881023,5.14,19952.6
881025,5.05,25118.9
881031,5.08,28183.8
881033,5.35,17782.8
881034,4.03,15848.9
881038,5.83,19952.6
881040,5.02,2818.4
881043,5.82,35481.3
881049,3.87,7943.3
881058,5.08,31622.8
881062,5.13,25118.9
881084,5.14,11220.2
881087,4.84,3548.1
881103,5.04,19952.6
881114,5.35,28183.8
881118,4.89,15848.9
881123,4.12,22387.2
881154,5.85,1258.9
881162,5.7,28183.8
881163,5.18,28183.8
881167,5.36,1000.0
881185,4.17,15848.9
881221,1.97,25118.9
881222,4.59,14125.4
881229,5.92,19952.6
881246,5.9,28183.8
881255,4.88,3162.3
881269,4.34,10000.0
881277,4.78,22387.2
881280,5.37,13357.35
881285,4.96,15848.9
881286,3.55,10000.0
881291,3.34,2818.4
881294,5.28,12589.3
881304,4.84,10610.1
881311,5.5,14987.15
881325,3.98,2818.4
881329,4.95,28183.8
881332,5.17,14125.4
881334,4.9,6309.6
881346,5.42,19952.6
881351,5.18,10000.0
881356,5.08,25118.9
881362,5.1,15848.9
881374,3.36,44668.4
881398,4.99,14125.4
881414,5.52,28183.8
881415,5.52,8912.5
881427,6.57,31622.8
881433,4.78,28183.8
881445,4.81,31622.8
881450,6.09,6309.6
881453,5.22,44668.4
881472,6.0,2238.7
881475,6.02,28183.8
881478,5.32,39810.7
881483,5.27,3162.3
881485,5.4,25118.9
881492,4.12,28183.8
881493,3.93,44668.4
881496,5.83,35481.3
881501,5.25,7079.5
881507,5.7,15848.9
881508,5.75,6309.6
881514,5.9,281.8
881528,4.63,6309.6
881529,5.62,28183.8
881534,5.48,22387.2
881537,4.48,39810.7
881579,5.75,28183.8
881587,3.0,7079.5
881602,5.86,15848.9
881607,3.05,10000.0
881631,5.57,2818.4
881634,3.12,11220.2
881639,5.01,26651.35
881648,4.39,39810.7
881652,4.73,10000.0
881658,4.7,31622.8
881667,3.9,11220.2
881671,3.51,13357.35
881687,5.25,12589.3
881691,4.71,19952.6
881699,4.08,177.8
881755,5.38,15848.9
881778,2.78,18867.7
881786,5.86,15848.9
881791,4.33,5011.9
881792,5.97,17782.8
881799,4.89,31622.8
881802,5.28,10000.0
881808,3.21,44668.4
881813,5.82,19952.6
881819,4.18,37646.0
881836,4.66,28183.8
881858,5.82,39810.7
881866,5.29,19952.6
881880,4.38,31622.8
881901,4.52,501.2
881903,4.5,8912.5
881907,4.45,14125.4
881908,5.89,17782.8
881909,5.51,31622.8
881925,3.66,11220.2
881931,2.77,31622.8
881938,3.6,10000.0
881940,3.81,14125.4
881943,4.85,12589.3
881948,5.7,19952.6
881955,5.36,17782.8
881963,3.41,15848.9
881967,5.01,39810.7
881973,4.95,7079.5
881997,5.55,28183.8
882007,5.23,15848.9
882014,5.69,10000.0
882019,3.78,28183.8
882031,3.8,25118.9
882034,4.13,12589.3
882049,5.96,39810.7
882062,3.97,3548.1
882063,6.01,35481.3
882064,5.6,2511.9
882070,4.94,25118.9
882071,5.34,14125.4
882087,4.97,17782.8
882092,3.94,3981.1
882093,6.08,19952.6
882094,5.71,17782.8
882102,5.23,39810.7
882133,5.99,39810.7
882137,6.12,12589.3
882140,5.51,5011.9
882152,5.17,19952.6
882168,4.11,14125.4
882205,4.37,3981.1
882211,5.63,35481.3
882244,5.0,19952.6
882264,5.02,17782.8
882273,6.1,10000.0
882274,5.92,5623.4
882280,3.48,25118.9
882282,3.91,39810.7
882291,2.88,10000.0
882293,4.71,44668.4
882319,4.16,10000.0
882326,4.83,39810.7
882328,4.9,25118.9
882332,2.49,14125.4
882362,3.52,44668.4
882374,5.96,11904.75
882395,3.66,28183.8
882396,4.67,63.1
882399,4.88,3162.3
882402,4.24,14125.4
882408,5.1,13357.35
882420,4.77,12589.3
882432,4.37,39810.7
882434,5.19,12589.3
882477,2.74,12589.3
882487,5.8,39810.7
882493,4.99,15848.9
882506,3.41,1000.0
882510,4.3,19952.6
882522,6.26,19952.6
882523,5.14,18867.7
882543,4.99,891.3
882544,5.5,25.1
882545,5.97,14125.4
882546,5.45,19952.6
882558,4.74,14125.4
882563,4.37,17782.8
882575,4.81,17782.8
882579,3.29,35481.3
882598,5.61,17782.8
882604,3.3,44668.4
882607,5.45,15848.9
882614,5.61,398.1
882619,3.61,39810.7
882630,3.92,25118.9
882633,2.63,3981.1
882641,5.1,14125.4
882645,5.78,19952.6
882653,4.22,28183.8
882655,5.21,31622.8
882656,4.88,14125.4
882660,5.96,8912.5
882685,5.2,39810.7
882689,5.89,12589.3
882691,5.76,5011.9
882703,2.56,19952.6
882706,5.28,19952.6
882715,4.27,28183.8
882717,4.54,10000.0
882742,4.53,19952.6
882744,5.3,19952.6
882748,3.54,4466.8
882753,4.99,25118.9
882762,6.16,14125.4
882765,4.76,35481.3
882777,6.58,2818.4
882780,4.34,28183.8
882783,5.84,39810.7
882784,3.74,22387.2
882810,4.42,42239.55
882813,5.58,14125.4
882819,4.79,39810.7
882824,5.54,19952.6
882826,4.38,10000.0
882829,5.81,31622.8
882856,3.86,17782.8
882859,5.2,44668.4
882879,5.94,22387.2
882889,6.07,25118.9
882925,3.74,16815.85
882928,4.63,39810.7
882947,4.37,22387.2
882970,6.12,14125.4
882978,3.1,14125.4
882980,4.5,11220.2
882986,3.51,8912.5
882992,5.39,281.8
882995,4.85,14125.4
883000,6.11,17782.8
883024,4.19,3162.3
883046,5.41,15848.9
883049,5.33,25118.9
883068,5.97,5011.9
883071,5.57,10000.0
883081,5.77,6309.6
883091,5.69,25118.9
883098,5.48,25118.9
883116,3.15,501.2
883123,6.11,11220.2
883142,4.77,35481.3
883143,3.74,22387.2
883147,5.5,15848.9
883149,3.97,14125.4
883150,5.31,31622.8
883151,5.78,25118.9
883158,5.73,12589.3
883174,4.88,44668.4
883178,3.92,17782.8
883185,5.71,44668.4
883190,3.16,35481.3
883216,4.68,10000.0
883244,4.38,26651.35
883246,3.35,28183.8
883252,4.66,12589.3
883264,5.87,12589.3
883269,5.24,7079.5
883274,5.4,39810.7
883277,3.73,17782.8
883282,5.54,31622.8
883284,4.88,39810.7
883290,5.52,3981.1
883297,4.57,11220.2
883298,5.39,28183.8
883311,4.86,15848.9
883314,5.39,22387.2
883317,4.48,31622.8
883318,5.74,25118.9
883335,5.02,17782.8
883364,5.81,3548.1
883368,4.09,28183.8
883369,5.21,14125.4
883375,5.65,10000.0
883398,5.46,17782.8
883407,2.45,17782.8
883413,4.17,13357.35
883416,6.11,7079.5
883417,4.82,17782.8
883421,4.6,28183.8
883431,3.85,7943.3
883437,2.21,12589.3
883447,5.04,25118.9
883458,4.55,15848.9
883462,2.85,12589.3
883495,4.58,17782.8
883496,2.47,35481.3
883518,4.85,44668.4
883539,5.22,39810.7
883541,4.61,8912.5
883545,4.16,19952.6
883553,5.1,14125.4
883558,5.24,2238.7
883570,4.31,14125.4
883573,4.74,28183.8
883574,4.47,3162.3
883586,5.4,12589.3
883592,5.69,1000.0
883601,5.56,12589.3
883609,6.13,22387.2
883620,5.92,25118.9
883626,3.52,19952.6
883630,5.09,14987.15
883638,3.48,10000.0
883639,5.87,25118.9
883641,5.84,31622.8
883650,4.75,398.1
883652,5.38,25118.9
883664,4.83,15848.9
883679,5.2,6309.6
883680,5.24,12589.3
883703,4.6,3981.1
883714,3.19,44668.4
883720,4.66,14125.4
883724,5.78,1995.3
883733,4.69,35481.3
883740,4.07,19952.6
883741,6.01,22387.2
883743,4.53,1412.5
883744,4.35,22387.2
883752,5.53,39810.7
883783,5.32,10000.0
883800,5.04,19952.6
883806,4.04,19952.6
883813,3.8,25118.9
883814,3.62,14125.4
883826,6.3,14125.4
883833,5.37,14125.4
883835,5.57,4466.8
883840,4.52,10610.1
883845,4.29,5011.9
883864,4.95,39810.7
883867,5.31,25.1
883877,5.17,39810.7
883891,4.27,44668.4
883893,2.46,4466.8
883896,3.81,17782.8
883899,5.52,39810.7
883913,3.59,22387.2
883916,5.22,12589.3
883920,5.13,19952.6
883923,4.83,11220.2
883940,6.44,19952.6
883947,4.42,17782.8
883958,4.96,17782.8
883966,5.37,251.2
883984,5.74,44668.4
884010,4.88,794.3
884015,3.56,3981.1
884019,5.83,14125.4
884024,5.47,31622.8
884025,4.95,7079.5
884029,5.14,39810.7
884031,5.32,5011.9
884042,5.37,3162.3
884046,5.78,25118.9
884050,5.59,12589.3
884057,5.33,11220.2
884070,2.37,28183.8
884119,4.72,22387.2
884128,4.34,1778.3
884131,5.84,2818.4
884134,3.66,25118.9
884136,5.04,35481.3
884149,4.7,25118.9
884160,4.54,15848.9
884186,4.5,39810.7
884218,5.96,5011.9
884220,4.88,39810.7
884232,4.84,17782.8
884261,4.75,5011.9
884262,5.42,14125.4
884264,5.23,2818.4
884290,5.68,25118.9
884291,4.04,6309.6
884307,4.5,15848.9
884312,5.43,17782.8
884321,4.26,22387.2
884324,5.73,12589.3
884328,3.46,6309.6
884333,3.3,39810.7
884336,4.51,14125.4
884345,6.01,14125.4
884381,5.46,17782.8
884384,5.09,15848.9
884408,4.75,31622.8
884409,5.51,28183.8
884410,4.98,39810.7
884412,4.87,39810.7
884413,5.72,12589.3
884433,5.69,39810.7
884439,5.7,17782.8
884443,4.62,8912.5
884454,4.59,39810.7
884461,5.47,14987.15
884474,4.7,17782.8
884487,4.46,5011.9
884490,5.04,3548.1
884497,5.37,8912.5
884500,4.25,35481.3
884502,5.79,39810.7
884514,3.83,44668.4
884517,5.3,19952.6
884522,4.55,17782.8
884534,5.48,14125.4
884545,6.18,3162.3
884554,5.29,15848.9
884556,5.13,4466.8
884579,3.7,28183.8
884580,4.81,19952.6
884582,5.46,446.7
884585,3.8,39810.7
884589,4.59,14125.4
884591,4.27,22387.2
884599,5.85,39810.7
884603,6.12,44668.4
884606,4.26,22387.2
884607,6.12,39810.7
884610,3.12,44668.4
884613,3.44,17782.8
884615,5.68,39810.7
884616,5.39,17782.8
884621,5.68,17782.8
884634,4.59,28183.8
884635,5.36,12589.3
884645,4.74,15848.9
884663,5.49,8912.5
884666,4.19,22387.2
884676,4.46,17782.8
884694,4.43,5623.4
884698,5.4,11220.2
884709,5.2,44668.4
884716,4.21,25118.9
884717,3.1,17782.8
884722,3.96,19952.6
884725,6.0,25118.9
884736,5.38,22387.2
884746,4.4,891.3
884755,5.34,39810.7
884761,3.8,22387.2
884764,4.47,14125.4
884770,5.1,7079.5
884780,4.8,10000.0
884788,5.77,19952.6
884797,4.24,19952.6
884802,5.6,8912.5
884806,4.62,14125.4
884818,4.91,1412.5
884856,3.69,31622.8
884859,3.18,39810.7
884866,5.01,25118.9
884870,6.01,31622.8
884885,3.74,12589.3
884906,5.69,7943.3
884911,5.19,10000.0
884914,3.39,39810.7
884922,4.68,17782.8
884930,3.72,12589.3
884935,4.85,14125.4
884939,6.14,11220.2
884964,3.55,13357.35
884972,5.54,8912.5
884976,3.98,11220.2
884982,5.53,10000.0
884986,3.3,28183.8
884989,5.38,12589.3
885000,5.83,8912.5
885015,3.34,12589.3
885028,5.06,19952.6
885044,4.36,1995.3
885055,5.44,7511.4
885059,5.93,10000.0
885060,3.52,11220.2
885071,2.97,15848.9
885077,4.51,39810.7
885080,4.96,12589.3
885097,5.05,28183.8
885098,6.2,5011.9
885109,5.78,10000.0
885116,5.39,35481.3
885147,4.65,19952.6
885156,5.54,12589.3
885157,4.27,28183.8
885163,3.98,12589.3
885171,3.55,2818.4
885203,6.14,39810.7
885205,5.31,8912.5
885221,5.23,44668.4
885223,5.18,39810.7
885231,4.62,15848.9
885240,4.67,707.9
885273,3.88,39810.7
885278,3.94,794.3
885298,4.53,1258.9
885311,4.75,39810.7
885317,5.22,28183.8
885319,5.01,44668.4
885336,3.42,28183.8
885362,4.8,17782.8
885369,4.43,28183.8
885370,3.97,31622.8
885379,5.25,28183.8
885388,5.55,25118.9
885392,6.67,14125.4
885396,1.72,7079.5
885402,5.2,28183.8
885406,5.01,9456.25
885408,4.74,631.0
885409,2.9,15848.9
885413,3.91,11220.2
885419,5.85,25118.9
885422,4.65,12589.3
885431,5.23,11220.2
885434,5.05,11220.2
885435,5.53,25118.9
885447,3.81,8912.5
885469,5.9,11220.2
885489,3.08,39810.7
885493,3.84,7943.3
885503,6.08,3981.1
885507,5.69,14125.4
885513,2.27,17782.8
885517,5.3,2238.7
885526,5.23,1122.0
885527,4.33,15848.9
885533,4.62,22387.2
885544,5.46,3162.3
885559,4.84,28183.8
885562,5.29,25118.9
885564,5.93,11220.2
885582,5.01,5011.9
885591,5.4,31622.8
885616,5.41,1258.9
885618,4.61,17782.8
885625,4.07,19952.6
885629,3.11,19952.6
885630,4.33,17782.8
885632,5.51,11220.2
885634,5.44,17782.8
885640,4.73,17782.8
885646,4.64,11220.2
885680,5.45,1412.5
885684,3.66,28183.8
885701,4.69,14125.4
885715,5.42,19952.6
885719,4.7,14125.4
885734,5.91,19952.6
885737,4.02,10000.0
885741,3.24,12589.3
885748,6.1,31622.8
885762,3.8,15848.9
885775,3.68,39810.7
885781,4.42,4466.8
885801,5.38,2238.7
885819,5.69,12589.3
885821,3.97,31622.8
885823,5.85,19952.6
885829,5.4,35481.3
885837,5.25,3162.3
885842,5.71,12589.3
885844,5.4,17782.8
885846,4.91,31622.8
885875,3.88,28183.8
885876,4.7,14987.15
885879,4.4,7079.5
885892,4.42,14125.4
885900,2.13,39810.7
885922,4.74,562.3
885925,4.03,28183.8
885927,3.82,19952.6
885928,3.4,29903.3
885936,5.47,5623.4
885950,5.76,11220.2
885967,6.18,28183.8
885981,5.31,3548.1
885990,4.28,25118.9
885992,4.64,7079.5
886002,3.86,2511.9
886007,5.53,37646.0
886030,4.97,199.5
886032,5.42,39810.7
886036,4.45,25.1
886037,5.96,794.3
886059,5.63,10000.0
886063,4.25,35481.3
886069,4.95,11904.75
886091,5.66,39810.7
886093,4.82,1258.9
886097,6.04,11220.2
886101,6.25,12589.3
886102,5.42,35481.3
886108,4.86,12589.3
886117,3.04,4466.8
886119,5.54,39810.7
886126,4.46,22387.2
886128,2.85,28183.8
886136,5.47,28183.8
886155,5.89,12589.3
886158,5.62,14125.4
886160,4.92,11220.2
886163,5.78,8912.5
886186,3.02,15848.9
886190,4.79,28183.8
886191,5.54,1122.0
886208,4.67,28183.8
886216,4.97,17782.8
886217,5.2,15848.9
886219,3.56,22387.2
886221,3.69,19952.6
886230,2.31,25118.9
886236,3.74,141.3
886242,4.84,22387.2
886244,4.97,1412.5
886252,4.91,28183.8
886256,4.63,17782.8
886262,5.26,2238.7
886269,4.25,28183.8
886271,4.43,25118.9
886279,4.86,4466.8
886288,3.02,3548.1
886302,3.46,25118.9
886312,4.61,12589.3
886313,5.47,44668.4
886332,4.82,28183.8
886335,5.33,11220.2
886351,4.91,10000.0
886353,6.2,39810.7
886358,4.87,11220.2
886362,5.16,1258.9
886366,5.8,14125.4
886371,5.1,10000.0
886375,4.52,28183.8
886379,3.06,28183.8
886384,5.04,15848.9
886393,6.09,12589.3
886402,4.57,8912.5
886410,5.24,7943.3
886425,3.9,15848.9
886434,4.77,19952.6
886484,5.09,31622.8
886491,6.23,25118.9
886497,5.4,5623.4
886500,5.13,28183.8
886512,4.72,23753.05
886520,5.05,2818.4
886521,5.67,39810.7
886529,4.63,15848.9
886540,4.64,23753.05
886547,4.21,39810.7
886554,3.09,39810.7
886555,6.11,28183.8
886567,6.1,44668.4
886568,5.86,22387.2
886570,3.65,31622.8
886575,3.34,10000.0
886578,5.48,17782.8
886579,5.69,17782.8
886591,5.3,39810.7
886597,4.34,3162.3
886601,4.52,31622.8
886605,4.66,28183.8
886607,5.93,12589.3
886608,4.81,25118.9
886609,5.69,2818.4
886619,4.77,25118.9
886643,4.29,14125.4
886648,3.99,12589.3
886653,4.21,3162.3
886654,5.51,15848.9
886671,4.51,28183.8
886675,5.0,39810.7
886676,4.94,17782.8
886687,3.64,3548.1
886693,4.94,39810.7
886699,5.91,177.8
886701,5.95,35481.3
886709,4.63,3548.1
886738,5.01,31622.8
886755,5.18,31622.8
886756,5.84,39810.7
886782,4.9,15848.9
886783,2.01,31622.8
886784,5.06,19952.6
886803,5.99,12589.3
886809,4.16,39810.7
886816,5.4,19952.6
886830,4.17,39810.7
886834,5.53,25118.9
886836,5.37,31622.8
886852,4.28,28183.8
886886,5.69,39810.7
886900,5.95,39810.7
886916,4.78,19952.6
886921,5.68,28183.8
886923,5.22,17782.8
886932,5.4,12589.3
886941,5.22,7943.3
886965,4.48,11220.2
886968,4.48,35481.3
886971,4.94,17782.8
886972,3.85,1584.9
886975,3.67,28183.8
886984,5.52,8912.5
886990,4.61,25118.9
886998,5.75,31622.8
887003,6.01,3764.6
887005,3.39,7943.3
887016,5.15,26651.35
887018,5.98,28183.8
887025,5.82,35481.3
887033,4.84,17782.8
887056,6.77,7079.5
887057,3.75,15848.9
887061,5.88,28183.8
887062,5.62,7943.3
887069,6.05,5011.9
887071,5.49,1995.3
887074,4.72,19952.6
887087,2.37,29903.3
887131,4.71,794.3
887132,5.73,19952.6
887145,5.32,15848.9
887147,5.84,25118.9
887156,4.45,13357.35
887167,5.28,10000.0
887182,5.58,12589.3
887185,5.27,19952.6
887190,5.3,14125.4
887196,4.89,22387.2
887219,5.56,35481.3
887221,4.25,19952.6
887233,4.59,5011.9
887235,5.8,11904.75
887247,4.44,2511.9
887248,4.96,28183.8
887249,4.16,17782.8
887252,5.14,3548.1
887265,4.33,19952.6
887267,5.25,14125.4
887294,6.17,28183.8
887303,5.38,11220.2
887304,5.88,14125.4
887311,4.76,12589.3
887312,3.77,25118.9
887315,3.98,14987.15
887317,3.91,17782.8
887330,5.25,11220.2
887331,3.52,10000.0
887342,5.92,39810.7
887345,5.51,28183.8
887347,5.84,25118.9
887365,5.1,22387.2
887366,4.83,15848.9
887372,5.26,39810.7
887382,5.06,2818.4
887412,5.3,891.3
887421,3.8,794.3
887437,4.55,17782.8
887439,4.96,3548.1
887440,5.79,31622.8
887443,5.79,7943.3
887448,3.78,7943.3
887458,5.83,6309.6
887459,4.61,28183.8
887460,5.77,12589.3
887466,5.54,14125.4
887481,5.56,39810.7
887485,5.54,10000.0
887487,5.32,19952.6
887509,5.74,3981.1
887510,3.55,7511.4
887515,5.19,3548.1
887543,4.25,5317.65
887555,4.02,22387.2
887575,3.18,17782.8
887583,4.92,22387.2
887587,5.81,8912.5
887597,4.87,10610.1
887598,5.96,19952.6
887599,5.77,26651.35
887600,4.51,1412.5
887608,4.21,10000.0
887609,5.35,15848.9
887627,4.31,354.8
887641,5.28,39810.7
887651,4.63,17782.8
887658,3.14,22387.2
887672,3.04,35481.3
887673,4.83,23753.05
887679,3.61,14125.4
887685,4.39,12589.3
887704,5.06,22387.2
887707,4.55,28183.8
887734,5.56,1995.3
887744,5.23,28183.8
887753,4.99,2238.7
887755,2.86,19952.6
887761,3.4,17782.8
887776,4.51,19952.6
887781,4.72,3162.3
887786,4.63,23753.05
887797,6.39,19952.6
887804,4.86,8912.5
887815,3.67,44668.4
887829,4.97,14125.4
887830,5.71,5011.9
887835,5.8,28183.8
887837,4.74,39810.7
887840,5.58,14125.4
887846,4.79,19952.6
887852,5.66,3981.1
887855,4.55,35481.3
887859,4.79,11220.2
887863,5.73,39810.7
887866,6.11,17782.8
887881,2.84,1000.0
887887,5.73,28183.8
887893,4.67,15848.9
887894,4.88,28183.8
887898,4.41,39810.7
887903,3.67,12589.3
887905,3.86,56.2
887907,5.47,14125.4
887909,4.52,28183.8
887943,5.41,28183.8
887944,5.84,39810.7
887954,6.0,39810.7
887971,5.77,16815.85
887983,5.59,31622.8
887986,5.58,11220.2
887991,5.09,22387.2
888007,5.47,28183.8
888011,3.11,15848.9
888016,5.04,15848.9
888017,5.28,15848.9
888028,4.71,631.0
888036,3.87,11220.2
888044,4.37,501.2
888052,5.55,10000.0
888053,4.32,2375.3
888054,2.12,7943.3
888068,4.96,31622.8
888083,5.38,31622.8
888087,4.89,25118.9
888092,5.44,19952.6
888119,4.75,7079.5
888121,4.18,44668.4
888144,4.83,28183.8
888145,5.68,39810.7
888153,4.56,11220.2
888156,4.97,19952.6
888160,3.47,28183.8
888165,1.5,13357.35
888171,2.46,35481.3
888177,5.41,1258.9
888178,4.75,5011.9
888182,4.44,25118.9
888188,5.74,11220.2
888194,5.86,14125.4
888196,4.01,28183.8
888202,2.85,25118.9
888205,5.65,10000.0
888231,5.64,19952.6
888233,4.31,3162.3
888240,4.06,22387.2
888262,5.46,10000.0
888267,4.84,15848.9
888269,4.6,19952.6
888271,5.84,33552.05
888274,5.15,707.9
888302,4.15,28183.8
888316,4.15,794.3
888323,5.09,1584.9
888334,5.55,11220.2
888350,4.67,19952.6
888352,4.4,7943.3
888362,4.46,3548.1
888368,4.17,15848.9
888369,5.78,25118.9
888376,3.59,39810.7
888382,6.18,28183.8
888387,3.64,11220.2
888398,3.32,22387.2
888401,5.37,15848.9
888406,5.28,7079.5
888414,5.3,35481.3
888431,3.4,19952.6
888432,3.78,15848.9
888433,5.63,35481.3
888439,3.61,1122.0
888445,4.82,4223.95
888450,4.71,31622.8
888479,5.95,22387.2
888481,6.02,19952.6
888482,5.04,5623.4
888492,4.89,891.3
888498,4.24,8912.5
888503,3.36,28183.8
888506,6.02,44668.4
888508,5.34,2511.9
888509,5.59,14125.4
888523,4.9,7943.3
888527,6.49,28183.8
888541,4.41,3162.3
888551,5.86,17782.8
888557,4.41,25118.9
888560,5.45,3548.1
888571,4.79,25118.9
888586,4.21,28183.8
888594,5.5,7943.3
888595,5.01,28183.8
888602,4.52,22387.2
888607,3.32,14125.4
888611,2.72,14125.4
888618,3.7,11220.2
888621,4.06,12589.3
888622,5.84,14125.4
888659,5.37,44668.4
888669,5.36,1258.9
888670,4.43,21169.9
888711,4.62,14125.4
888713,4.86,12589.3
888721,5.6,7079.5
888738,4.3,707.9
888742,5.04,25118.9
888748,4.74,28183.8
888750,4.99,28183.8
888763,5.55,22387.2
888766,4.09,28183.8
888768,5.23,14125.4
888769,3.88,3162.3
888773,4.01,8912.5
888787,5.02,707.9
888793,4.72,25118.9
888796,5.8,5623.4
888800,5.33,19952.6
888806,5.24,3162.3
888833,4.45,12589.3
888858,3.13,15848.9
888860,4.29,12589.3
888862,5.36,10000.0
888864,4.33,707.9
888869,5.82,31622.8
888881,4.01,21169.9
888882,4.26,17782.8
888885,3.18,3162.3
888890,3.99,35481.3
888893,4.86,8912.5
888898,5.53,3162.3
888901,5.56,10000.0
888910,3.98,14125.4
888916,4.63,42239.55
888951,4.21,44668.4
888960,5.07,2818.4
888966,4.76,28183.8
888975,4.91,14125.4
888978,3.39,14125.4
888998,5.34,1412.5
889006,5.56,15848.9
889019,4.9,28183.8
889021,4.65,14125.4
889032,5.64,39810.7
889043,5.89,39810.7
889054,3.05,16815.85
889056,5.59,1995.3
889057,5.48,35481.3
889059,5.77,17782.8
889061,4.28,19952.6
889063,3.41,25118.9
889070,5.26,50118.7
889073,4.74,16815.85
889087,5.02,39810.7
889094,5.25,7079.5
889104,4.42,25118.9
889111,3.52,17782.8
889114,3.32,35481.3
889124,4.25,17782.8
889126,5.9,3162.3
889130,5.93,17782.8
889134,6.23,25118.9
889140,4.93,39810.7
889153,4.55,14125.4
889154,3.71,39810.7
889172,4.85,4466.8
889174,5.72,39810.7
889193,5.67,28183.8
889196,4.52,3981.1
889198,5.5,17782.8
889209,5.45,15848.9
889224,5.75,22387.2
889236,4.72,3162.3
889265,5.08,18867.7
889277,4.39,7079.5
889294,5.6,10000.0
889296,4.81,28183.8
889299,5.72,21169.9
889300,5.12,31622.8
889306,5.69,3981.1
889307,4.58,35481.3
889334,5.87,5011.9
889337,4.97,10000.0
889340,5.66,44668.4
889343,5.14,23753.05
889349,5.07,23753.05
889352,5.42,37646.0
889374,5.57,2990.35
889380,5.28,2818.4
889381,5.09,22387.2
889384,4.42,15848.9
889390,6.22,26651.35
889391,5.41,562.3
889392,2.12,19952.6
889404,4.27,39810.7
889411,4.27,3548.1
889416,4.23,31622.8
889439,5.34,15848.9
889449,4.76,3162.3
889452,5.07,31622.8
889468,5.44,3981.1
889479,4.31,3162.3
889499,4.04,28183.8
889501,5.72,26651.35
889504,4.65,3548.1
889514,3.2,8912.5
889518,5.3,28183.8
889527,4.11,25118.9
889535,5.04,31622.8
889543,5.17,2818.4
889566,3.93,39810.7
889568,5.08,15848.9
889570,5.22,2511.9
889579,5.67,29903.3
889589,3.56,22387.2
889591,5.05,15848.9
889609,4.61,17782.8
889619,4.96,4466.8
889622,5.04,562.3
889649,5.06,19952.6
889653,4.42,19952.6
889654,5.77,28183.8
889673,5.73,39810.7
889694,5.26,125.9
889696,5.7,11220.2
889715,5.35,25118.9
889716,5.67,15848.9
889745,4.67,562.3
889753,6.0,12589.3
889774,5.14,12589.3
889790,4.29,6309.6
889797,5.21,6309.6
889811,5.76,100.0
889812,3.63,39810.7
889826,5.43,15848.9
889829,5.06,11220.2
889847,4.79,1258.9
889848,4.79,14125.4
889850,3.02,22387.2
889853,4.61,25118.9
889861,4.49,12589.3
889863,3.69,12589.3
889867,4.47,1584.9
889873,5.01,15848.9
889882,4.01,11220.2
889888,5.49,19952.6
889896,5.2,12589.3
889903,5.34,39810.7
889907,3.85,17782.8
889929,4.75,44668.4
889940,5.54,10000.0
889943,4.46,8912.5
889944,3.93,14125.4
889980,5.9,19952.6
889986,3.51,16815.85
889990,3.25,22387.2
890010,4.33,6309.6
890016,4.49,8427.9
890047,5.6,14125.4
890048,4.01,12589.3
890058,5.7,2818.4
890064,3.79,5623.4
890076,4.87,19952.6
890080,4.95,39810.7
890084,5.12,17782.8
890115,5.33,39810.7
890116,5.59,15848.9
890120,5.79,31622.8
890132,5.1,17782.8
890134,3.16,26651.35
890146,5.47,17782.8
890172,4.02,8912.5
890181,4.85,28183.8
890194,4.7,25118.9
890223,4.23,112.2
890250,1.55,12589.3
890258,5.93,18867.7
890275,4.07,15848.9
890280,3.35,79.4
890283,5.77,14125.4
890301,5.72,17782.8
890305,4.19,28183.8
890319,5.48,17782.8
890325,4.68,22387.2
890326,5.49,15848.9
890327,5.91,14125.4
890330,5.74,35481.3
890333,5.69,25118.9
890344,3.43,25118.9
890355,5.75,15848.9
890363,2.18,8912.5
890365,5.81,19952.6
890374,3.26,15848.9
890378,3.65,12589.3
890384,3.89,7943.3
890390,5.55,31622.8
890394,4.99,31622.8
890400,3.35,8912.5
890402,3.77,28183.8
890410,6.02,17782.8
890417,4.79,5623.4
890424,5.97,10610.1
890438,3.88,15848.9
890442,5.77,29903.3
890446,3.32,14987.15
890447,4.58,31622.8
890453,5.3,2818.4
890466,5.08,31622.8
890468,5.66,22387.2
890493,4.3,35481.3
890498,5.96,19952.6
890500,2.56,19952.6
890516,4.64,44668.4
890522,5.38,35481.3
890525,5.5,35481.3
890540,5.39,2818.4
890542,2.83,17782.8
890561,5.25,14125.4
890583,4.47,11904.75
890591,5.82,35481.3
890597,5.86,15848.9
890598,4.82,19952.6
890619,5.8,15848.9
890621,5.04,3548.1
890627,5.06,25118.9
890640,3.21,2818.4
890650,5.75,3548.1
890651,3.71,6309.6
890665,5.47,28183.8
890672,5.92,28183.8
890680,5.58,11220.2
890682,3.85,35481.3
890685,4.8,11220.2
890688,4.26,39810.7
890694,4.35,39810.7
890704,4.78,22387.2
890708,4.89,15848.9
890717,4.01,28183.8
890724,4.53,7079.5
890727,5.68,11220.2
890728,4.93,25118.9
890740,5.51,14125.4
890744,3.8,2818.4
890753,5.39,14125.4
890758,3.82,12589.3
890771,5.24,25118.9
890778,5.65,12589.3
890783,4.35,39810.7
890784,4.76,17782.8
890785,4.64,28183.8
890796,5.1,14125.4
890811,4.71,35481.3
890816,6.13,7943.3
890820,3.38,31622.8
890830,4.53,14125.4
890832,3.68,14125.4
890849,3.16,31622.8
890863,3.1,9456.25
890865,5.3,1995.3
890867,5.75,11220.2
890868,5.88,17782.8
890875,5.82,39810.7
890881,3.96,3981.1
890895,5.45,44668.4
890902,5.63,11220.2
890922,5.9,25118.9
890929,5.38,22387.2
890942,7.71,25118.9
890945,4.91,141.3
890948,4.92,28183.8
890949,5.35,1122.0
890973,5.28,707.9
890978,4.54,25118.9
890998,3.4,28183.8
891002,5.07,3548.1
891017,5.89,14125.4
891020,4.0,17782.8
891024,4.89,12589.3
891032,5.48,794.3
891041,4.05,17782.8
891042,5.63,11220.2
891043,4.17,25118.9
891050,5.21,35481.3
891056,6.12,10000.0
891078,6.13,10000.0
891079,5.72,19952.6
891086,4.57,28183.8
891093,4.52,177.8
891100,4.57,8912.5
891106,5.55,14125.4
891118,5.4,39810.7
891120,6.15,12589.3
891127,6.13,15848.9
891128,3.95,21169.9
891134,5.24,22387.2
891159,5.47,10610.1
891170,4.34,21169.9
891171,6.67,17782.8
891185,4.11,25118.9
891195,5.09,7943.3
891200,5.74,16493.533333333333
891201,5.89,2818.4
891202,3.91,15848.9
891208,4.09,8912.5
891213,5.64,3162.3
891221,4.05,19952.6
891226,5.31,19952.6
891234,3.39,11220.2
891244,5.89,22387.2
891253,5.87,12589.3
891258,5.61,1995.3
891262,3.62,158.5
891279,4.36,31622.8
891280,3.43,10000.0
891282,4.64,3548.1
891289,4.14,1258.9
891301,5.29,177.8
891305,5.78,14987.15
891328,5.0,3162.3
891329,5.01,1778.3
891339,3.92,15848.9
891340,5.81,31622.8
891341,5.79,28183.8
891344,4.31,14125.4
891350,5.75,39810.7
891365,5.29,631.0
891367,5.71,39810.7
891368,3.35,19952.6
891375,2.83,16815.85
891389,3.98,8912.5
891393,5.67,25118.9
891413,5.42,1122.0
891422,4.51,12589.3
891433,5.97,15848.9
891435,5.87,35481.3
891437,5.33,19952.6
891447,3.3,17782.8
891465,3.89,2238.7
891493,5.4,5011.9
891507,5.54,39810.7
891513,5.02,31622.8
891530,5.91,12589.3
891532,5.93,31622.8
891551,6.85,39810.7
891554,5.2,22387.2
891564,5.58,22387.2
891575,5.0,8912.5
891587,4.97,2511.9
891596,1.8,10000.0
891603,5.42,5011.9
891605,5.31,15848.9
891612,5.9,44668.4
891614,4.39,35481.3
891616,5.5,35481.3
891623,5.03,35481.3
891630,3.56,28183.8
891644,3.43,25118.9
891650,5.47,26651.35
891660,5.62,31622.8
891669,5.85,8912.5
891672,5.3,39810.7
891675,5.49,17782.8
891677,5.04,14125.4
891681,4.5,19952.6
891683,5.8,28183.8
891696,5.51,17782.8
891697,5.7,31622.8
891698,4.29,2511.9
891704,4.1,1778.3
891708,5.21,3548.1
891720,4.38,19952.6
891724,5.71,12589.3
891752,3.12,39810.7
891754,2.96,33552.05
891770,3.57,31622.8
891777,5.53,17782.8
891788,5.16,28183.8
891790,4.81,707.9
891798,5.26,14125.4
891800,5.63,22387.2
891805,2.87,12589.3
891823,3.49,31622.8
891826,5.49,44668.4
891830,3.94,22387.2
891836,6.46,35481.3
891840,3.64,28183.8
891845,6.43,10000.0
891846,5.78,14125.4
891859,4.94,39810.7
891860,5.6,14987.15
891861,5.77,39810.7
891868,4.47,10000.0
891869,5.29,39810.7
891872,5.36,11220.2
891878,5.53,39810.7
891879,5.89,12132.933333333332
891883,5.59,17782.8
891895,4.21,6309.6
891896,4.33,63.1
891904,5.12,12589.3
891908,5.55,7511.4
891972,4.16,15848.9
891973,4.75,15848.9
891980,4.44,15848.9
891983,2.67,44668.4
891984,4.95,10000.0
891988,4.26,14125.4
891996,4.9,28183.8
892003,5.39,22387.2
892010,4.61,39810.7
892014,4.19,9456.25
892055,4.48,39810.7
892063,5.24,19952.6
892067,4.18,14125.4
892076,6.06,15848.9
892084,4.91,9456.25
892086,5.22,22387.2
892090,5.61,31622.8
892131,2.38,44668.4
892142,5.3,39810.7
892151,5.12,31622.8
892152,5.14,10000.0
892156,5.24,7943.3
892168,4.65,19952.6
892169,4.3,112.2
892177,5.42,28183.8
892178,4.45,15848.9
892181,5.51,25118.9
892182,4.89,2511.9
892199,4.07,15848.9
892203,5.68,28183.8
892204,5.57,1258.9
892211,3.45,44668.4
892212,5.83,19952.6
892217,4.75,4466.8
892219,5.83,17782.8
892220,4.48,44668.4
892222,5.63,14125.4
892228,5.59,31622.8
892229,4.69,12589.3
892235,5.96,25118.9
892239,4.2,17782.8
892251,4.2,12589.3
892252,5.81,2818.4
892255,5.2,7079.5
892256,5.56,15848.9
892267,4.64,15848.9
892272,6.19,39810.7
892273,5.21,19952.6
892287,5.7,8427.9
892289,4.71,35481.3
892292,5.43,39810.7
892295,4.72,3162.3
892301,4.8,14125.4
892311,4.96,1778.3
892312,4.02,39810.7
892316,5.39,7079.5
892330,5.21,1000.0
892342,5.61,28183.8
892348,5.55,11220.2
892356,3.5,8912.5
892357,3.74,25118.9
892363,4.16,31622.8
892367,5.14,15848.9
892370,6.26,19952.6
892372,6.16,19952.6
892374,4.57,19952.6
892381,4.08,15848.9
892384,4.75,14987.15
892404,4.22,22387.2
892406,4.81,15848.9
892414,3.97,22387.2
892447,5.65,17782.8
892463,4.64,12589.3
892467,4.64,16815.85
892477,4.86,28183.8
892478,5.79,44668.4
892484,5.33,11220.2
892485,4.95,17782.8
892493,5.32,1584.9
892496,6.09,39810.7
892515,5.82,31622.8
892532,4.24,13357.35
892540,4.11,22387.2
892542,5.57,28183.8
892548,6.36,17782.8
892556,4.51,50.1
892572,2.32,28183.8
892574,4.78,2511.9
892581,5.44,35481.3
892582,6.44,35481.3
892590,4.91,39810.7
892598,5.38,501.2
892601,4.4,19952.6
892602,3.15,4466.8
892605,4.89,31622.8
892614,5.41,14125.4
892615,5.2,15848.9
892618,4.78,14125.4
892624,5.78,15848.9
892629,4.77,39810.7
892630,4.59,35481.3
892634,5.93,22387.2
892641,3.8,31622.8
892642,5.2,14125.4
892643,4.87,14125.4
892649,5.61,3162.3
892668,5.8,3548.1
892671,4.47,44668.4
892680,5.92,22387.2
892697,3.57,31622.8
892708,4.96,15848.9
892711,3.25,28183.8
892719,4.39,14125.4
892730,4.81,15848.9
892731,3.68,17782.8
892740,4.93,35481.3
892742,5.04,31622.8
892745,3.19,31622.8
892746,4.92,1778.3
892774,5.66,31622.8
892789,5.43,44668.4
892792,4.4,31622.8
892803,5.19,28183.8
892815,4.6,3548.1
892829,3.59,31622.8
892831,5.56,39810.7
892837,4.62,15848.9
892838,2.37,14125.4
892853,5.76,14125.4
892858,4.96,4466.8
892876,5.26,17782.8
892889,4.19,5011.9
892897,6.07,35481.3
892912,4.73,14987.15
892922,4.82,25118.9
892927,5.1,8912.5
892931,4.31,39810.7
892932,4.21,39810.7
892933,4.22,15848.9
892938,2.79,22387.2
892940,5.29,14125.4
892952,3.76,15848.9
892971,5.27,11220.2
892977,5.09,1412.5
892987,5.37,8912.5
893001,6.05,31622.8
893012,5.01,15848.9
893013,5.31,39810.7
893017,5.56,44668.4
893028,3.59,25118.9
893037,5.08,35481.3
893049,5.44,17782.8
893053,5.32,6309.6
893055,4.01,19952.6
893105,4.52,17782.8
893111,4.88,15848.9
893137,4.51,44668.4
893141,5.5,19952.6
893143,3.9,17782.8
893164,3.81,8912.5
893170,5.68,10000.0
893183,5.53,14125.4
893198,4.81,11904.75
893201,5.96,3548.1
893210,3.87,10000.0
893219,5.65,31622.8
893236,4.57,7079.5
893239,4.62,14987.15
893241,4.55,8912.5
893258,5.18,6309.6
893291,3.81,10000.0
893295,4.54,1995.3
893296,5.05,12589.3
893298,5.68,14125.4
893301,4.8,14125.4
893317,5.58,28183.8
893320,5.15,17782.8
893348,4.89,19952.6
893355,4.61,25118.9
893360,4.86,25118.9
893373,5.65,12589.3
893377,3.87,28183.8
893387,6.17,39810.7
893395,5.43,22387.2
893412,5.42,14125.4
893413,5.8,10000.0
893418,4.36,44668.4
893438,3.94,31622.8
893445,4.64,17782.8
893451,5.52,31622.8
893452,3.23,22387.2
893463,3.52,13357.35
893469,3.66,17782.8
893476,3.22,14125.4
893478,5.35,9456.25
893479,5.16,15848.9
893487,6.0,28183.8
893492,3.7,19952.6
893499,5.14,562.3
893504,6.0,37646.0
893510,4.79,39810.7
893511,2.74,7943.3
893515,4.93,13357.35
893517,6.04,17782.8
893520,4.14,28183.8
893527,5.48,7079.5
893531,4.8,31622.8
893544,5.63,9456.25
893552,3.9,12589.3
893561,4.64,7943.3
893570,5.3,44668.4
893584,4.43,1584.9
893595,5.86,31622.8
893610,5.02,35481.3
893617,4.59,562.3
893619,5.04,3548.1
893620,5.87,19952.6
893626,5.46,8912.5
893638,5.35,281.8
893642,4.37,28183.8
893643,5.48,7943.3
893660,4.3,7079.5
893669,4.84,39810.7
893674,3.44,17782.8
893675,5.0,354.8
893684,5.13,25118.9
893688,3.91,14125.4
893711,4.23,707.9
893718,3.61,44668.4
893730,5.37,35481.3
893739,5.38,10000.0
893742,4.79,15848.9
893746,5.34,10000.0
893747,3.68,25118.9
893748,5.33,39810.7
893750,5.14,19952.6
893752,3.28,2818.4
893755,4.53,31622.8
893756,5.59,39810.7
893758,5.4,3162.3
893760,5.13,8912.5
893769,4.6,28183.8
893774,3.93,22387.2
893775,4.88,28183.8
893777,4.78,22387.2
893779,5.54,11220.2
893799,5.1,15848.9
893800,2.84,6309.6
893821,6.01,14125.4
893824,5.49,1778.3
893825,4.44,13357.35
893829,5.5,35481.3
893842,3.82,8912.5
893848,4.82,10000.0
893868,5.34,22387.2
893870,4.95,7079.5
893893,4.83,11220.2
893901,4.49,7079.5
893923,3.8,18867.7
893935,4.52,44668.4
893943,3.07,11220.2
893944,4.81,12589.3
893946,2.74,39810.7
893947,5.66,35481.3
893960,6.18,6309.6
893961,3.74,17782.8
893965,4.88,25118.9
893989,3.76,39810.7
894004,5.78,1000.0
894019,4.62,7943.3
894020,5.65,35481.3
894028,5.78,44668.4
894032,5.33,10000.0
894038,3.76,35481.3
894047,5.78,6309.6
894066,5.72,12589.3
894069,5.01,17782.8
894073,4.0,7943.3
894078,5.38,17782.8
894080,5.45,7943.3
894082,5.71,22387.2
894083,4.48,22387.2
894089,6.05,35481.3
894091,4.37,39810.7
894092,6.09,39810.7
894097,6.1,28183.8
894103,4.33,100.0
894107,5.31,25.1
894113,4.9,17782.8
894115,3.87,14125.4
894125,6.11,14125.4
894152,3.92,3981.1
894153,4.95,35481.3
894162,5.31,15848.9
894164,5.29,17782.8
894168,5.05,10000.0
894178,4.83,31622.8
894199,5.05,44668.4
894202,5.16,14125.4
894203,5.66,12589.3
894220,5.52,39810.7
894222,4.11,14125.4
894226,5.76,33552.05
894230,4.72,1122.0
894235,4.96,2511.9
894247,5.7,39810.7
894251,3.65,29330.13333333333
894256,4.38,17782.8
894257,5.27,11220.2
894271,3.12,25118.9
894279,3.09,21169.9
894292,5.62,4466.8
894296,4.19,25118.9
894299,4.03,19952.6
894301,5.55,31622.8
894304,5.56,11220.2
894314,4.68,22387.2
894330,5.16,17782.8
894343,5.16,25118.9
894347,5.51,19952.6
894354,5.38,12589.3
894357,4.9,39810.7
894364,6.17,44668.4
894369,5.28,12589.3
894372,4.64,35481.3
894380,4.25,63.1
894382,5.46,31622.8
894386,5.5,11220.2
894405,5.7,15848.9
894410,4.46,11220.2
894411,5.55,15848.9
894416,4.96,7079.5
894417,5.16,22387.2
894421,6.09,39810.7
894423,6.16,39810.7
894426,5.63,3548.1
894430,5.12,25118.9
894432,5.54,31622.8
894433,5.34,15848.9
894450,5.48,1412.5
894457,4.89,4223.95
894461,4.39,2818.4
894467,5.01,8912.5
894469,4.95,21575.666666666668
894470,3.55,22.4
894474,5.93,11220.2
894498,5.2,39810.7
894503,5.44,35481.3
894513,2.82,25118.9
894514,4.08,39810.7
894518,3.27,10000.0
894523,6.07,35481.3
894536,4.88,125.9
894550,5.16,562.3
894558,4.9,25118.9
894574,5.43,12589.3
894585,6.3,19952.6
894586,4.25,17782.8
894590,4.23,354.8
894598,4.96,22387.2
894600,5.23,12589.3
894605,3.69,23753.05
894613,4.44,19952.6
894616,5.51,8912.5
894628,4.79,39810.7
894632,4.39,17782.8
894633,4.97,12589.3
894639,6.04,19952.6
894641,4.64,2511.9
894680,5.61,39810.7
894684,3.78,12589.3
894686,5.98,10000.0
894704,5.12,19952.6
894715,5.64,8912.5
894739,4.51,28183.8
894742,5.81,8912.5
894757,5.57,25118.9
894766,5.08,10000.0
894767,4.6,44668.4
894772,2.88,28183.8
894780,5.66,5011.9
894783,4.95,31622.8
894787,5.53,39810.7
894788,4.39,15848.9
894792,4.08,5011.9
894803,5.87,28183.8
894804,5.19,562.3
894805,4.76,10000.0
894818,5.13,15848.9
894830,4.99,17782.8
894834,5.27,891.3
894850,5.15,14125.4
894851,4.71,31622.8
894863,5.98,2511.9
894881,4.42,10000.0
894891,4.25,31622.8
894894,4.45,7079.5
894895,4.86,25118.9
894896,3.48,2818.4
894897,4.33,25118.9
894900,4.73,17782.8
894918,4.42,31622.8
894923,5.61,4466.8
894927,3.99,15848.9
894971,5.64,31622.8
894972,3.87,29903.3
894976,5.44,2238.7
894977,5.36,39810.7
894980,4.55,15848.9
894983,5.79,8912.5
894996,3.78,14125.4
895003,4.83,5623.4
895005,3.55,25118.9
895010,5.58,12589.3
895017,4.45,12589.3
895021,4.82,28183.8
895053,3.43,17782.8
895054,4.47,14125.4
895064,6.13,28183.8
895074,4.9,12589.3
895077,5.06,31622.8
895082,4.2,12589.3
895086,4.65,5011.9
895088,5.53,125.9
895089,4.71,28183.8
895090,4.4,12589.3
895099,5.4,14125.4
895123,6.05,15848.9
895138,4.52,31622.8
895147,3.79,39810.7
895170,6.0,2511.9
895180,5.13,3162.3
895192,5.75,31622.8
895212,4.52,39810.7
895231,3.01,7943.3
895234,3.5,25118.9
895236,4.05,35481.3
895237,3.74,39810.7
895242,4.86,14125.4
895245,3.94,31622.8
895253,5.42,11904.75
895256,5.9,1584.9
895257,5.97,11220.2
895258,5.93,12589.3
895261,5.52,1995.3
895265,3.93,31622.8
895267,3.5,631.0
895269,4.39,2818.4
895290,3.16,141.3
895291,5.2,39810.7
895302,5.94,10000.0
895306,5.22,28183.8
895319,4.6,14125.4
895320,4.97,28183.8
895334,5.41,11904.75
895341,4.05,11220.2
895363,5.92,7943.3
895373,5.55,2238.7
895400,5.56,11220.2
895401,3.79,14987.15
895404,3.93,39810.7
895408,4.87,15848.9
895428,5.75,25118.9
895430,5.36,26651.35
895445,3.8,1258.9
895462,4.04,11220.2
895475,4.99,31622.8
895476,4.66,2818.4
895478,5.77,44668.4
895479,4.42,11904.75
895496,4.09,25118.9
895497,3.16,8912.5
895506,5.47,28183.8
895510,5.65,25118.9
895512,5.88,19952.6
895513,5.03,17782.8
895525,3.89,22387.2
895529,5.08,11904.75
895532,4.92,28183.8
895553,3.75,31622.8
895554,4.7,39810.7
895555,3.67,35481.3
895559,5.91,2511.9
895562,5.1,8912.5
895577,4.6,15848.9
895598,4.37,22387.2
895600,4.25,31622.8
895612,3.19,17782.8
895614,2.95,10000.0
895620,5.59,39810.7
895621,5.43,14125.4
895636,5.36,25118.9
895645,4.68,28183.8
895662,4.93,17782.8
895667,4.21,2818.4
895673,4.8,3981.1
895674,5.34,14125.4
895682,5.78,13613.366666666667
895707,5.27,1258.9
895725,5.14,26140.533333333333
895729,5.14,15848.9
895730,5.36,15848.9
895742,4.28,31622.8
895745,5.04,12589.3
895749,6.16,8912.5
895750,2.46,15848.9
895760,5.1,7079.5
895762,4.88,31622.8
895804,5.56,12589.3
895812,5.3,446.7
895816,6.24,12589.3
895825,5.24,56234.1
895827,4.84,39810.7
895833,5.75,44668.4
895843,5.88,35481.3
895853,6.06,3981.1
895860,6.53,15848.9
895862,2.59,28183.8
895868,3.84,25118.9
895891,5.25,3162.3
895906,4.55,11220.2
895929,4.02,15848.9
895944,4.07,12589.3
895950,6.18,3162.3
895951,4.49,22387.2
895956,3.71,28183.8
895960,5.37,15848.9
895963,3.0,44668.4
895964,5.25,794.3
895967,4.15,12589.3
895969,4.29,14125.4
895975,4.43,3548.1
895992,5.01,15848.9
895995,3.21,8912.5
896019,4.57,2511.9
896021,4.47,199.5
896026,5.71,22387.2
896027,4.98,39810.7
896050,4.36,2238.7
896052,5.71,15848.9
896077,4.73,20764.13333333333
896081,4.31,22387.2
896085,5.82,4739.35
896090,5.39,7943.3
896097,3.48,10000.0
896101,5.47,10000.0
896133,5.25,16815.85
896139,4.33,223.9
896166,4.84,39810.7
896175,5.8,10000.0
896177,5.79,39810.7
896186,4.34,39810.7
896190,5.87,4466.8
896246,3.56,4466.8
896250,5.37,28183.8
896255,4.5,35481.3
896256,5.65,35481.3
896262,4.09,28183.8
896264,3.74,15848.9
896265,5.46,35481.3
896267,5.21,39810.7
896270,4.4,14125.4
896271,3.24,5011.9
896278,5.59,28183.8
896290,4.79,31622.8
896291,4.04,15848.9
896293,5.17,10000.0
896295,5.11,22387.2
896298,4.07,22387.2
896321,4.76,12589.3
896328,5.18,28183.8
896330,6.12,28183.8
896348,5.41,25118.9
896350,4.32,25118.9
896386,4.5,12589.3
896389,5.6,11220.2
896391,4.25,17782.8
896404,6.47,1000.0
896430,5.91,15848.9
896444,4.63,25118.9
896454,4.39,12589.3
896459,4.77,11220.2
896460,4.59,8912.5
896477,4.55,35481.3
896482,5.3,18867.7
896485,5.21,7079.5
896490,5.96,12589.3
896493,5.83,12589.3
896497,5.34,3162.3
896507,4.6,33552.05
896517,6.1,3548.1
896518,5.38,7079.5
896521,6.21,11220.2
896531,5.83,17782.8
896536,5.65,12589.3
896546,5.22,44668.4
896549,5.47,3548.1
896551,6.18,17782.8
896552,5.5,12589.3
896555,5.71,31622.8
896557,5.76,501.2
896562,5.66,12589.3
896564,5.25,10000.0
896577,5.65,2818.4
896580,5.76,6309.6
896595,5.67,5011.9
896619,5.24,17782.8
896621,5.67,44668.4
896625,5.44,22387.2
896628,5.85,39810.7
896630,4.91,25118.9
896631,5.37,35481.3
896634,5.58,15848.9
896642,5.87,2238.7
896643,5.71,7943.3
896646,5.85,31622.8
896647,3.93,11904.75
896650,4.77,17782.8
896651,5.03,56.2
896652,5.1,5011.9
896659,5.44,12589.3
896662,5.82,10000.0
896667,5.73,1995.3
896672,6.55,28183.8
896675,4.64,39810.7
896682,5.23,501.2
896688,5.73,39810.7
896705,5.08,8427.9
896710,4.49,11904.75
896717,5.57,11220.2
896725,5.74,22387.2
896730,5.5,12589.3
896731,4.83,15848.9
896739,4.6,39810.7
896745,4.93,35481.3
896748,5.51,31622.8
896751,6.14,177.8
896754,5.66,794.3
896755,5.77,31622.8
896757,5.59,11904.75
896759,5.92,25118.9
896760,5.08,19952.6
896766,5.51,12589.3
896769,5.45,1258.9
896781,5.62,35481.3
896800,5.64,2238.7
896811,5.01,398.1
896814,5.12,1122.0
896816,5.87,15848.9
896831,4.6,631.0
896832,5.79,15848.9
896833,5.18,25118.9
896834,6.11,7943.3
896837,5.16,15848.9
896840,6.08,8427.9
896843,6.15,707.9
896858,4.34,25118.9
896872,5.77,10000.0
896882,4.53,5011.9
896883,5.41,39810.7
896888,5.89,39810.7
896916,5.2,1778.3
896917,5.06,12589.3
896928,5.19,28183.8
896930,5.8,22387.2
896932,5.29,12589.3
896950,5.06,39810.7
896954,5.43,39810.7
896958,5.72,12589.3
896967,5.37,19952.6
896979,4.79,11220.2
896987,5.53,5623.4
896988,5.6,5623.4
896990,5.66,7943.3
896995,5.65,31622.8
897006,5.72,10000.0
897017,4.84,35481.3
897018,5.98,14125.4
897019,5.7,31622.8
897021,5.07,11220.2
897025,5.64,631.0
897029,7.45,22387.2
897030,5.15,15848.9
897031,5.68,10000.0
897036,5.49,14125.4
897037,6.01,35481.3
897043,5.85,35481.3
897049,5.48,11220.2
897055,6.76,7079.5
897056,6.47,7943.3
897059,5.54,17782.8
897060,5.14,39810.7
897069,5.97,12589.3
897092,5.93,1584.9
897094,5.91,4466.8
897099,5.9,11220.2
897100,6.43,35481.3
897101,5.12,19952.6
897103,6.2,3548.1
897108,5.93,3162.3
897111,5.42,11220.2
897116,4.65,19952.6
897122,4.82,8912.5
897123,5.99,29903.3
897126,5.73,3981.1
897130,5.61,223.9
897133,5.8,14125.4
897138,5.98,35481.3
897148,6.35,7943.3
897160,5.3,10610.1
897162,6.0,39810.7
897163,5.31,25118.9
897164,5.98,1258.9
897167,6.04,12589.3
897170,5.68,8427.9
897171,5.72,10000.0
897196,6.35,25118.9
897203,5.39,35481.3
897231,4.47,17782.8
897233,4.69,5623.4
897252,5.25,25.1
897258,4.77,316.2
897261,5.81,794.3
897264,5.78,12589.3
897273,5.45,8912.5
897276,4.83,15848.9
897278,5.91,11904.75
897294,5.86,11904.75
897308,5.43,31622.8
897320,5.87,22387.2
897323,4.22,19952.6
897325,5.35,2818.4
897331,5.51,3981.1
897333,5.55,5011.9
897337,5.92,21169.9
897338,5.59,1995.3
897342,5.44,31622.8
897343,5.85,11220.2
897346,4.78,18867.7
897349,5.94,17782.8
897357,5.22,5623.4
897363,5.74,35481.3
897365,5.86,10610.1
897370,6.29,10000.0
897374,5.38,2511.9
897375,4.4,794.3
897378,5.7,3981.1
897379,4.72,39810.7
897383,5.83,12589.3
897393,5.86,15848.9
897397,5.05,15848.9
897398,5.54,31622.8
897404,5.14,15848.9
897410,5.94,11220.2
897411,6.0,8912.5
897421,5.64,35481.3
897423,6.35,31622.8
897425,5.47,28183.8
897433,4.15,44668.4
897435,6.16,1584.9
897444,5.03,19952.6
897449,4.92,11220.2
897455,4.79,8912.5
897466,4.56,2818.4
897468,5.91,3548.1
897473,6.05,39810.7
897478,5.45,11220.2
897486,5.28,22387.2
897501,5.82,14125.4
897508,5.32,6309.6
897516,6.48,13357.35
897519,5.53,12589.3
897523,4.65,15848.9
897529,4.9,1122.0
897537,4.85,39810.7
897544,5.67,12589.3
897548,5.84,17782.8
897562,5.6,12589.3
897574,5.62,17782.8
897591,4.88,7943.3
897597,4.75,35481.3
897600,5.38,23753.05
897606,5.55,15848.9
897610,5.45,17782.8
897616,4.93,15848.9
897617,5.55,11220.2
897618,5.53,354.8
897628,4.84,12589.3
897633,5.18,17782.8
897641,6.1,141.3
897648,5.74,17782.8
897651,4.44,4466.8
897654,5.74,10000.0
897669,5.53,3162.3
897672,5.21,354.8
897676,5.28,631.0
897679,5.93,16815.85
897680,5.82,12589.3
897698,5.8,23753.05
897701,5.7,19952.6
897702,6.09,12589.3
897708,5.78,44668.4
897729,4.65,12589.3
897735,5.66,25118.9
897748,5.52,3836.766666666667
897757,3.56,39810.7
897769,5.92,1778.3
897770,5.15,31622.8
897771,6.1,11220.2
897780,5.47,28183.8
897781,6.22,12589.3
897790,5.68,12589.3
897795,5.47,2818.4
897796,4.2,28183.8
897798,5.27,10000.0
897811,5.46,8912.5
897822,5.28,44668.4
897824,5.06,19952.6
897826,4.73,44668.4
897829,5.65,4466.8
897838,4.02,10000.0
897841,5.48,14125.4
897842,5.87,14125.4
897848,3.64,10000.0
897865,5.35,35481.3
897872,5.05,10000.0
897873,5.05,4466.8
897877,5.29,25118.9
897881,5.22,10000.0
897886,5.9,28183.8
897904,4.78,12589.3
897908,5.45,7943.3
897909,5.7,251.2
897927,5.51,354.8
897931,5.47,11220.2
897932,5.73,22387.2
897934,5.3,8912.5
897945,5.5,2238.7
897956,6.09,12589.3
897958,5.37,44668.4
897959,5.62,1000.0
897969,5.44,26651.35
897989,5.39,19952.6
897990,5.87,35481.3
897993,5.77,5011.9
898001,4.83,29903.3
898020,5.89,28183.8
898021,4.77,11220.2
898022,5.41,28183.8
898024,5.99,23753.05
898028,5.88,3162.3
898043,6.09,10000.0
898048,3.78,2818.4
898054,5.84,12589.3
898067,5.88,3548.1
898071,5.37,19952.6
898080,6.97,19952.6
898081,5.32,19952.6
898096,5.59,5011.9
898102,2.48,17782.8
898104,5.64,10000.0
898109,6.13,39810.7
898129,5.97,25118.9
898132,5.27,1995.3
898136,6.52,35481.3
898140,6.17,3548.1
898148,5.83,15848.9
898149,5.6,12589.3
898151,5.74,22387.2
898154,5.55,14125.4
898155,6.28,44668.4
898161,5.41,3548.1
898170,6.37,17782.8
898172,5.54,17782.8
898182,5.16,25118.9
898183,5.06,35481.3
898187,5.38,14125.4
898193,5.21,14125.4
898208,5.56,12589.3
898214,5.1,3162.3
898218,3.81,7943.3
898225,5.23,15848.9
898231,5.38,19952.6
898238,5.9,17782.8
898242,5.46,2238.7
898244,3.02,17782.8
898253,4.87,14987.15
898259,5.94,14125.4
898260,5.63,15848.9
898283,5.63,44668.4
898284,4.45,12589.3
898288,5.81,35481.3
898292,3.61,446.7
898295,5.87,35481.3
898311,4.88,12589.3
898313,5.32,15848.9
898314,5.75,28183.8
898316,5.46,14125.4
898331,6.55,35481.3
898333,5.34,11220.2
898337,5.13,6309.6
898339,4.82,17782.8
898342,5.6,8912.5
898360,6.13,39810.7
898362,4.41,10000.0
898373,5.8,17782.8
898380,4.88,12589.3
898383,5.62,10000.0
898403,4.42,12589.3
898411,5.63,631.0
898417,5.56,15848.9
898438,5.36,19952.6
898440,6.23,8912.5
898454,5.02,141.3
898464,4.68,28183.8
898468,5.45,15848.9
898469,4.92,1258.9
898478,5.88,354.8
898483,4.92,17782.8
898498,6.05,15848.9
898506,5.61,14125.4
898508,5.86,35481.3
898509,3.9,12589.3
898521,5.45,1584.9
898526,6.01,3548.1
898530,5.83,22387.2
898531,5.63,8912.5
898535,5.41,17782.8
898536,5.66,1584.9
898545,4.78,11220.2
898547,5.98,19952.6
898562,5.93,3162.3
898573,4.31,31622.8
898575,4.84,199.5
898580,6.1,25118.9
898581,4.18,39810.7
898588,6.23,1000.0
898589,5.6,17782.8
898591,5.95,19952.6
898594,5.48,1000.0
898596,5.41,17782.8
898597,5.35,3981.1
898604,5.69,19952.6
898608,4.91,42239.55
898613,5.28,5623.4
898620,4.6,631.0
898625,5.95,10610.1
898636,5.53,15848.9
898637,5.56,28183.8
898638,5.81,7943.3
898641,5.51,251.2
898649,5.24,707.9
898650,5.63,25118.9
898651,6.14,19952.6
898657,5.13,10000.0
898661,4.87,25118.9
898664,5.89,7943.3
898669,6.1,17782.8
898673,4.9,39810.7
898693,5.89,44668.4
898713,5.72,28183.8
898717,6.18,39810.7
898720,4.51,794.3
898722,5.71,17782.8
898731,5.44,35481.3
898740,5.06,15848.9
898746,4.88,3162.3
898747,5.62,12589.3
898751,5.45,25118.9
898765,5.59,14125.4
898773,2.33,39810.7
898777,6.1,14125.4
898779,5.95,31622.8
898780,5.52,31622.8
898785,5.95,8912.5
898786,5.52,25118.9
898804,6.27,7943.3
898816,6.28,44668.4
898820,5.77,17782.8
898838,5.82,44668.4
898846,5.61,11220.2
898854,3.64,7943.3
898867,5.23,28183.8
898868,5.65,2511.9
898900,5.67,251.2
898903,6.28,12589.3
898904,4.95,5623.4
898905,5.54,7943.3
898912,6.18,891.3
898927,5.84,14987.15
898930,4.8,17782.8
898952,5.93,8912.5
898953,4.38,10000.0
898965,5.38,14125.4
898975,5.4,17782.8
898976,6.38,31622.8
898982,4.98,63.1
898986,4.25,8912.5
898991,5.01,28183.8
898994,4.35,35481.3
899001,6.14,22387.2
899006,5.33,562.3
899008,5.65,14125.4
899009,6.06,25118.9
899020,5.94,11220.2
899021,4.91,8912.5
899025,4.18,10000.0
899027,4.53,10610.1
899041,5.02,1122.0
899043,5.68,11220.2
899044,5.37,19952.6
899048,5.63,2511.9
899050,5.01,18867.7
899053,5.29,39810.7
899054,5.89,14125.4
899064,5.06,10000.0
899065,2.66,35481.3
899080,4.9,14125.4
899088,4.99,2818.4
899096,5.59,44668.4
899098,5.79,22387.2
899116,4.63,17782.8
899127,5.72,63.1
899140,5.98,6309.6
899149,5.65,8912.5
899154,5.15,3548.1
899156,5.79,25118.9
899162,5.76,23753.05
899165,5.85,3981.1
899180,6.11,31622.8
899191,4.39,35481.3
899196,6.32,15848.9
899200,6.04,16815.85
899202,5.69,31622.8
899214,5.74,12589.3
899218,4.82,14987.15
899221,5.67,28183.8
899232,5.6,10000.0
899236,4.23,10000.0
899238,6.22,11220.2
899243,5.86,7943.3
899247,5.43,14125.4
899267,6.03,17782.8
899269,5.45,446.7
899272,5.85,1584.9
899275,5.4,2375.3
899280,5.52,10610.1
899289,5.49,22387.2
899290,5.6,7943.3
899291,5.96,2818.4
899296,5.48,25118.9
899299,4.96,1412.5
899301,5.62,25118.9
899309,5.8,31622.8
899314,5.88,10000.0
899319,4.91,31622.8
899323,5.87,12589.3
899330,4.99,31622.8
899334,4.48,12589.3
899377,5.45,2818.4
899378,5.52,19952.6
899381,5.22,12589.3
899386,5.87,39810.7
899395,5.3,446.7
899405,4.96,28183.8
899434,3.96,35481.3
899437,6.14,6309.6
899446,4.08,8427.9
899450,5.19,39810.7
899451,5.49,35481.3
899454,5.4,70.8
899465,5.54,7079.5
899470,6.01,39810.7
899471,4.96,3548.1
899475,5.44,22387.2
899481,5.62,17782.8
899498,5.41,15848.9
899499,5.4,14125.4
899500,5.56,17782.8
899510,5.7,2511.9
899514,6.34,3162.3
899518,5.37,10000.0
899519,5.99,14125.4
899521,5.91,17782.8
899527,4.47,11220.2
899531,5.83,19952.6
899534,5.9,14125.4
899535,6.02,39810.7
899536,5.16,17782.8
899544,5.09,6309.6
899546,5.77,8912.5
899555,5.58,12589.3
899583,4.56,44668.4
899593,5.23,12589.3
899597,5.48,31622.8
899599,5.96,11220.2
899607,5.88,5011.9
899609,5.97,28183.8
899611,5.45,19952.6
899619,5.94,794.3
899622,5.67,12589.3
899626,5.93,3162.3
899635,5.63,17782.8
899638,5.85,31622.8
899644,5.57,707.9
899650,5.43,10000.0
899659,6.55,28183.8
899660,5.44,39810.7
899662,5.74,19952.6
899677,6.14,19952.6
899679,5.82,15848.9
899691,5.51,4466.8
899706,6.17,17782.8
899714,5.88,1258.9
899745,5.94,2818.4
899746,5.6,2818.4
899751,5.71,26651.35
899752,5.16,4466.8
899756,4.82,39810.7
899758,5.5,4466.8
899774,5.94,39810.7
899775,4.57,8912.5
899779,5.54,1412.5
899791,5.86,11220.2
899792,5.59,14125.4
899798,5.05,12589.3
899800,4.9,1000.0
899803,5.55,14125.4
899806,5.25,11220.2
899807,6.55,17782.8
899816,5.59,39810.7
899820,5.67,39810.7
899821,5.54,5011.9
899829,6.21,1000.0
899830,6.12,10610.1
899833,5.98,19952.6
899854,5.75,2238.7
899862,6.0,28183.8
899864,5.8,39810.7
899866,5.02,15848.9
899869,5.71,37646.0
899872,5.8,8912.5
899874,5.34,29903.3
899878,6.1,22387.2
899897,5.33,28183.8
899898,4.36,39810.7
899909,5.58,10000.0
899912,5.7,14125.4
899915,5.91,31622.8
899928,5.24,1584.9
899934,5.49,14987.15
899942,5.58,8912.5
899950,5.56,39810.7
899957,5.85,10000.0
899968,6.35,25118.9
899974,5.94,8912.5
899975,5.17,891.3
899984,5.1,11220.2
900002,5.52,17782.8
900008,5.45,39810.7
900015,4.53,6309.6
900025,5.8,35481.3
900035,6.19,28183.8
900049,5.35,25118.9
900051,5.51,3355.2
900056,6.05,14125.4
900059,6.55,3548.1
900063,4.94,3548.1
900066,5.96,17782.8
900070,5.84,22387.2
900075,5.2,19952.6
900076,5.3,15848.9
900078,5.74,10000.0
900081,5.56,501.2
900084,5.15,44668.4
900105,5.18,25118.9
900112,5.97,39810.7
900128,6.13,501.2
900130,4.63,354.8
900132,5.85,31622.8
900133,4.96,39810.7
900134,5.55,7079.5
900145,5.18,1995.3
900148,4.14,3548.1
900150,6.89,19952.6
900151,3.07,5011.9
900171,4.89,398.1
900179,5.29,22387.2
900186,5.58,13357.35
900188,5.32,25118.9
900193,5.76,1258.9
900197,5.52,1778.3
900198,5.73,44668.4
900200,4.85,2511.9
900202,4.96,21169.9
900207,6.17,19952.6
900211,5.71,2818.4
900214,5.55,11220.2
900230,4.48,19952.6
900231,5.63,3981.1
900235,5.04,19952.6
900236,4.71,17782.8
900237,6.23,7079.5
900241,5.63,11220.2
900244,5.41,25118.9
900248,5.39,31622.8
900252,5.13,15848.9
900254,5.96,39810.7
900257,5.48,11904.75
900263,4.59,17782.8
900265,4.19,28183.8
900269,5.3,19952.6
900271,5.84,17782.8
900273,5.88,8912.5
900285,5.78,14125.4
900286,5.82,25118.9
900287,4.83,19952.6
900292,5.27,12589.3
900299,5.91,12589.3
900301,5.39,19952.6
900311,4.62,39810.7
900312,3.34,11220.2
900332,3.21,35481.3
900333,4.96,4739.35
900338,6.14,1995.3
900351,5.25,14125.4
900355,5.46,44668.4
900367,4.74,2238.7
900369,4.69,5011.9
900373,5.91,14125.4
900374,4.94,199.5
900377,5.36,1122.0
900379,5.24,11220.2
900386,5.91,39810.7
900393,5.31,25118.9
900394,4.73,15848.9
900399,4.35,12589.3
900406,5.93,28183.8
900409,6.13,17782.8
900411,5.71,177.8
900415,5.51,22387.2
900419,5.16,15848.9
900421,5.65,5011.9
900442,5.61,28183.8
900444,5.02,251.2
900450,5.85,10000.0
900451,5.81,19952.6
900462,5.29,14987.15
900466,4.64,11220.2
900472,4.57,8912.5
900487,5.93,10000.0
900489,3.86,25118.9
900491,5.0,3981.1
900497,6.15,25118.9
900498,6.05,5011.9
900503,5.69,4466.8
900505,5.96,17782.8
900517,5.43,15848.9
900530,5.9,25118.9
900532,5.17,14125.4
900539,5.91,11904.75
900542,3.42,31622.8
900558,6.07,11220.2
900564,5.22,7943.3
900576,4.44,17782.8
900593,5.72,39810.7
900608,5.57,17782.8
900616,4.5,12589.3
900621,5.34,12589.3
900636,4.8,1584.9
900640,5.84,10000.0
900649,5.37,251.2
900651,5.76,19952.6
900653,5.64,22387.2
900656,6.07,19952.6
900669,6.54,22387.2
900676,4.87,5011.9
900679,5.03,2818.4
900693,5.15,22387.2
900703,5.2,25118.9
900708,4.97,26651.35
900712,5.5,28183.8
900720,5.7,31622.8
900731,5.31,2818.4
900751,4.73,5011.9
900757,5.62,15848.9
900772,5.37,8912.5
900774,4.49,1995.3
900778,5.09,28183.8
900779,4.81,38367.566666666666
900793,5.72,19952.6
900799,5.77,28183.8
900801,6.02,6309.6
900803,5.58,2818.4
900804,4.69,44668.4
900818,5.17,25118.9
900820,5.73,501.2
900834,5.68,25118.9
900837,5.06,631.0
900845,4.41,12589.3
900846,5.47,19952.6
900848,5.9,28183.8
900854,5.6,28183.8
900867,4.99,112.2
900868,6.23,18867.7
900870,5.57,31622.8
900871,3.72,10000.0
900875,5.9,3981.1
900885,5.56,17782.8
900891,5.92,39810.7
900893,5.36,31622.8
900895,5.71,7079.5
900897,5.61,10000.0
900902,5.76,6309.6
900908,3.41,5623.4
900909,5.8,14125.4
900927,5.16,14125.4
900941,3.58,19952.6
900945,5.04,15848.9
900959,5.69,10000.0
900960,4.53,7943.3
900981,4.84,25118.9
900984,3.65,31622.8
901002,6.31,31622.8
901004,4.27,35481.3
901015,4.78,31622.8
901016,5.79,39810.7
901020,6.0,22387.2
901025,4.6,446.7
901026,5.75,31622.8
901032,7.03,15848.9
901041,6.14,35481.3
901043,4.24,12589.3
901049,3.03,5011.9
901061,5.17,28183.8
901071,5.73,31622.8
901072,4.65,8912.5
901075,5.68,44668.4
901084,5.33,2511.9
901085,5.06,1000.0
901088,4.53,44668.4
901100,4.11,44668.4
901107,5.07,2238.7
901109,4.55,25118.9
901111,4.07,79.4
901120,4.68,28183.8
901123,4.28,6309.6
901125,4.22,17782.8
901128,4.97,19952.6
901135,5.54,3162.3
901146,5.13,17782.8
901147,4.79,39810.7
901178,4.12,25118.9
901199,5.38,14125.4
901201,5.37,11220.2
901211,3.76,44668.4
901222,5.22,562.3
901236,3.01,25118.9
901240,5.65,31622.8
901244,5.41,8912.5
901253,4.9,17782.8
901255,5.48,14125.4
901267,5.26,15848.9
901282,5.59,5966.5
901283,5.94,35481.3
901294,6.06,10000.0
901295,4.51,17782.8
901298,5.64,22387.2
901303,4.33,19952.6
901305,3.64,44668.4
901311,6.44,14125.4
901319,6.15,28183.8
901321,6.13,50.1
901334,3.89,1778.3
901335,3.87,17782.8
901337,3.38,14125.4
901339,3.86,19952.6
901340,6.11,11220.2
901344,4.93,35481.3
901354,5.07,25118.9
901367,5.53,25118.9
901378,5.03,31622.8
901381,5.14,22387.2
901392,4.57,22387.2
901399,4.19,14125.4
901408,5.37,14125.4
901410,5.58,12589.3
901450,5.4,12589.3
901451,5.01,7079.5
901452,5.87,22387.2
901455,5.2,10000.0
901468,4.44,22387.2
901473,4.09,39810.7
901481,3.87,22387.2
901486,5.42,11220.2
901487,5.93,7943.3
901494,4.7,2818.4
901496,5.29,14987.15
901512,4.87,25.1
901514,5.64,35481.3
901518,5.43,31622.8
901523,3.37,19952.6
901535,5.14,15848.9
901538,0.93,12589.3
901543,4.8,22387.2
901553,5.88,39810.7
901554,3.65,19952.6
901556,3.91,3162.3
901579,5.48,42239.55
901581,5.73,19952.6
901582,4.71,44668.4
901587,3.65,15848.9
901589,2.33,22387.2
901591,4.46,14125.4
901601,3.87,22387.2
901602,5.74,17782.8
901607,3.81,14125.4
901614,2.75,15848.9
901619,5.82,7943.3
901629,5.4,2818.4
901632,4.72,3981.1
901639,2.78,31622.8
901642,5.87,25118.9
901653,5.44,6309.6
901660,5.68,16815.85
901663,4.01,31622.8
901675,5.2,31622.8
901686,3.9,12589.3
901710,5.77,31622.8
901715,3.95,14125.4
901729,3.92,15848.9
901732,5.21,7943.3
901742,4.77,25118.9
901758,5.67,15848.9
901761,5.8,6309.6
901783,5.62,19952.6
901799,5.06,3764.6
901802,5.04,31622.8
901804,3.52,11220.2
901807,6.17,31622.8
901810,5.6,7943.3
901821,5.55,19952.6
901826,4.87,39810.7
901854,4.21,44668.4
901859,5.14,5011.9
901868,3.02,31622.8
901869,5.25,44668.4
901876,5.48,10000.0
901879,4.44,44668.4
901881,3.83,8912.5
901889,5.49,19952.6
901890,5.34,562.3
901908,4.04,31622.8
901917,5.6,22387.2
901921,5.48,11220.2
901926,4.66,15848.9
901953,5.57,11904.75
901957,5.47,10000.0
901971,5.41,8912.5
901995,5.7,25118.9
902002,5.03,44668.4
902005,5.65,14125.4
902006,5.73,13357.35
902024,5.43,5623.4
902025,5.69,2511.9
902031,5.61,19952.6
902042,4.12,22387.2
902046,3.03,31622.8
902047,5.99,14125.4
902079,4.38,17782.8
902086,5.11,22387.2
902115,4.99,14125.4
902119,4.85,14125.4
902120,4.73,22387.2
902122,3.68,10000.0
902128,5.97,22387.2
902129,4.5,1412.5
902144,4.51,39810.7
902147,5.75,28183.8
902148,6.0,28183.8
902155,4.97,17782.8
902157,5.44,42239.55
902160,5.75,17782.8
902184,5.31,28183.8
902186,5.67,6309.6
902190,4.53,39810.7
902192,2.79,15848.9
902203,4.71,11904.75
902205,6.44,28183.8
902210,4.97,14125.4
902211,6.25,14125.4
902228,5.26,15848.9
902240,4.93,8912.5
902246,5.41,25118.9
902250,5.65,8912.5
902260,3.72,15848.9
902263,4.38,19952.6
902290,5.08,39810.7
902292,5.9,7079.5
902293,5.34,5623.4
902294,5.72,9456.25
902307,5.9,18867.7
902310,5.73,316.2
902312,3.07,15848.9
902341,6.16,12589.3
902342,3.37,13357.35
902348,4.52,28183.8
902352,5.14,11220.2
902353,5.29,8912.5
902356,5.48,28183.8
902360,3.29,891.3
902363,4.09,39810.7
902370,5.1,8912.5
902374,4.68,15848.9
902395,4.96,22387.2
902398,4.11,12589.3
902409,5.68,35481.3
902423,5.05,2511.9
902449,4.08,22387.2
902454,5.76,6309.6
902455,4.24,1122.0
902459,4.65,17782.8
902471,5.87,17782.8
902473,5.94,14125.4
902474,4.69,12589.3
902479,5.45,12589.3
902487,5.29,19952.6
902493,4.53,28183.8
902512,4.26,39810.7
902515,5.49,31622.8
902519,5.72,10000.0
902523,6.18,11220.2
902530,5.37,14125.4
902536,2.8,17782.8
902555,5.33,19952.6
902570,5.59,3548.1
902577,5.27,14125.4
902584,5.5,29903.3
902587,4.43,25118.9
902593,5.95,31622.8
902596,5.72,398.1
902611,4.3,8912.5
902618,5.23,2511.9
902623,5.98,7943.3
902625,2.91,2238.7
902640,4.27,14125.4
902660,6.32,39810.7
902669,5.46,7943.3
902678,4.9,15848.9
902680,6.4,17782.8
902695,6.06,44668.4
902698,3.9,35481.3
902701,5.59,22387.2
902703,4.97,2818.4
902722,5.28,12589.3
902727,5.48,25118.9
902740,5.31,23753.05
902751,5.82,891.3
902757,5.15,12589.3
902758,5.25,10000.0
902760,5.76,1000.0
902780,5.63,22387.2
902793,3.92,14987.15
902794,5.82,44668.4
902795,3.41,3981.1
902796,5.91,17782.8
902803,3.79,2990.35
902817,5.48,15848.9
902822,6.2,12589.3
902831,3.88,17782.8
902837,5.53,14125.4
902858,5.66,17782.8
902859,3.29,3548.1
902862,3.7,12589.3
902885,5.45,22387.2
902899,5.36,22387.2
902904,5.7,16815.85
902905,4.34,15848.9
902914,5.19,3548.1
902916,5.03,14125.4
902921,5.67,15848.9
902929,5.86,6309.6
902931,5.51,14125.4
902941,4.85,44668.4
902942,5.49,7079.5
902943,3.53,39810.7
902949,5.58,19952.6
902951,4.44,7079.5
902972,6.88,11220.2
902974,4.81,10610.1
902981,3.09,3548.1
902997,5.42,22387.2
902998,3.49,19952.6
903000,4.98,17782.8
903023,4.28,15848.9
903024,5.35,794.3
903034,5.95,125.9
903053,4.08,17782.8
903057,4.46,3981.1
903060,3.15,3548.1
903062,5.29,28183.8
903065,4.95,35481.3
903067,4.92,15848.9
903104,5.12,2511.9
903106,5.86,28183.8
903111,4.6,7943.3
903113,4.7,14125.4
903114,4.43,39810.7
903120,4.15,14125.4
903128,5.68,1000.0
903129,5.88,1000.0
903138,3.38,28183.8
903139,3.69,18867.7
903162,5.5,11220.2
903172,6.45,39810.7
903176,3.82,1122.0
903194,4.95,25118.9
903197,5.99,3047.6666666666665
903198,5.09,15848.9
903202,5.15,39810.7
903203,5.69,22387.2
903216,4.87,15848.9
903217,6.35,28183.8
903246,6.04,7943.3
903250,4.58,31622.8
903253,5.5,39810.7
903262,6.14,31622.8
903270,3.7,14125.4
903288,4.8,28183.8
903290,5.37,12589.3
903293,5.12,31622.8
903295,3.91,25118.9
903297,5.36,22387.2
903298,5.2,25118.9
903318,3.03,39810.7
903333,3.21,14125.4
903340,5.51,17782.8
903346,4.67,39810.7
903364,4.49,31622.8
903376,6.06,14125.4
903405,4.78,5011.9
903412,4.56,19952.6
903420,4.35,39810.7
903432,5.41,17782.8
903434,5.27,15848.9
903441,5.0,3162.3
903453,1.86,17782.8
903455,5.3,1584.9
903458,4.23,15848.9
903472,5.8,12589.3
903475,3.53,6309.6
903488,5.28,17782.8
903489,4.13,4466.8
903492,5.61,14125.4
903499,3.92,22387.2
903520,5.5,6309.6
903536,6.22,25118.9
903537,6.08,19952.6
903543,5.42,17782.8
903551,5.52,12589.3
903566,5.64,8912.5
903569,5.1,35481.3
903584,3.13,15848.9
903593,5.24,14125.4
903594,4.65,19952.6
903608,5.63,28183.8
903611,5.17,28183.8
903612,4.44,8912.5
903613,6.15,15848.9
903624,6.12,39810.7
903638,4.63,19952.6
903663,4.84,15848.9
903666,5.37,39810.7
903670,3.69,13357.35
903687,5.16,8912.5
903694,5.25,10610.1
903695,6.09,19952.6
903700,3.73,12589.3
903704,5.73,5011.9
903706,5.19,31622.8
903719,3.08,11220.2
903730,4.78,25118.9
903748,5.9,10000.0
903749,3.33,37646.0
903763,3.66,15848.9
903766,5.28,31622.8
903767,5.79,14125.4
903769,5.08,11220.2
903772,5.43,17782.8
903773,4.71,14125.4
903789,5.25,14125.4
903812,5.03,31622.8
903826,5.18,10000.0
903829,5.46,31622.8
903849,4.05,14125.4
903860,3.65,10000.0
903874,5.67,1995.3
903881,4.6,15848.9
903882,5.42,125.9
903898,5.68,10000.0
903905,4.93,44668.4
903915,4.85,11220.2
903926,5.81,39810.7
903941,3.62,22387.2
903966,3.52,50118.7
903967,4.15,10000.0
903982,2.74,23753.05
903986,4.71,39810.7
903988,3.17,28183.8
904012,5.84,31622.8
904013,3.87,22387.2
904040,3.95,25118.9
904041,3.47,22387.2
904056,4.23,22387.2
904064,4.71,8912.5
904071,5.46,22387.2
904072,4.89,15848.9
904075,6.03,31622.8
904078,4.67,31622.8
904087,5.92,31622.8
904092,5.52,33552.05
904095,4.33,17782.8
904097,5.24,1584.9
904108,4.32,15848.9
904110,5.31,1778.3
904117,5.33,14987.15
904127,4.9,31622.8
904135,6.32,25118.9
904167,6.46,31622.8
904197,5.67,15848.9
904199,5.5,22387.2
904205,4.95,31622.8
904209,5.75,31622.8
904211,5.5,10000.0
904212,5.64,35481.3
904215,5.41,10000.0
904216,5.87,25118.9
904224,5.51,1778.3
904232,5.85,11220.2
904236,3.34,1122.0
904237,6.0,19952.6
904241,5.87,35481.3
904242,4.78,42239.55
904248,3.37,1778.3
904253,4.39,14125.4
904276,6.05,1000.0
904282,4.67,7079.5
904283,5.01,31622.8
904302,4.45,4466.8
904304,5.45,281.8
904308,4.69,10000.0
904323,2.81,17782.8
904334,5.81,7079.5
904335,4.71,39810.7
904337,5.91,28183.8
904340,5.7,17782.8
904352,4.76,15848.9
904365,5.71,14125.4
904371,4.8,13357.35
904373,5.37,11220.2
904378,4.28,12589.3
904380,5.84,79.4
904394,5.94,15848.9
904395,4.67,14987.15
904406,3.72,14125.4
904413,5.16,17782.8
904418,4.0,17782.8
904425,4.5,14125.4
904441,5.88,17782.8
904455,2.53,35481.3
904461,5.95,44668.4
904470,4.38,7079.5
904474,4.79,35481.3
904488,3.41,28183.8
904489,3.87,3162.3
904494,5.89,354.8
904510,4.56,11220.2
904514,5.03,2238.7
904516,5.63,28183.8
904536,5.29,14125.4
904542,4.67,39810.7
904545,5.46,22387.2
904560,6.24,8912.5
904563,5.03,37646.0
904575,3.39,1778.3
904589,5.15,39810.7
904590,5.54,35481.3
904595,3.62,28183.8
904596,5.17,10000.0
904612,5.59,15848.9
904630,2.37,42239.55
904635,3.68,17782.8
904637,5.83,39810.7
904643,5.42,12589.3
904651,5.54,14125.4
904665,2.66,19952.6
904666,4.05,10000.0
904677,4.69,14125.4
904680,4.65,6309.6
904710,6.42,8912.5
904712,5.86,354.8
904713,3.24,12589.3
904725,5.56,39810.7
904727,4.76,28183.8
904755,4.15,31622.8
904756,4.24,15848.9
904757,5.62,10000.0
904761,5.77,794.3
904770,5.76,15848.9
904778,5.2,14125.4
904779,6.03,12589.3
904782,3.9,794.3
904812,5.65,9456.25
904815,6.04,10000.0
904823,4.6,5011.9
904829,5.6,28183.8
904836,4.58,12589.3
904837,5.9,8912.5
904843,5.81,15848.9
904852,4.94,14125.4
904855,5.44,12589.3
904857,5.2,2818.4
904862,5.08,39810.7
904872,5.66,25118.9
904875,5.12,11220.2
904900,4.49,17782.8
904915,5.15,22387.2
904934,5.1,11220.2
904950,5.26,19952.6
904961,5.43,28183.8
904969,5.98,28183.8
904970,4.79,11220.2
904978,5.45,39810.7
904997,4.26,14125.4
905010,5.5,14125.4
905022,4.03,39810.7
905036,3.47,17782.8
905041,6.42,44668.4
905049,5.53,11220.2
905051,5.34,19952.6
905057,5.98,631.0
905075,5.01,2511.9
905076,4.57,10610.1
905090,5.2,35481.3
905104,5.49,35481.3
905109,3.82,16815.85
905111,5.6,28183.8
905128,6.0,31622.8
905134,5.83,63.1
905136,5.79,28183.8
905138,4.2,10000.0
905145,3.63,29903.3
905159,3.72,35481.3
905160,4.95,1412.5
905175,2.94,12589.3
905181,4.17,15848.9
905192,4.66,17782.8
905193,4.65,35481.3
905194,6.03,31622.8
905207,5.88,10000.0
905211,5.19,10000.0
905216,4.54,31622.8
905222,4.68,10000.0
905232,6.1,8912.5
905233,5.45,44668.4
905237,3.72,25118.9
905254,4.87,25118.9
905255,4.73,8912.5
905256,4.49,11220.2
905271,4.42,16815.85
905274,4.01,31622.8
905284,5.03,39810.7
905297,4.42,25118.9
905299,5.25,158.5
905301,3.95,12589.3
905306,5.73,12589.3
905311,5.79,4739.35
905318,4.41,10000.0
905323,5.68,19952.6
905328,4.18,15848.9
905348,6.05,28183.8
905354,5.67,19952.6
905371,5.62,3162.3
905377,5.95,14125.4
905378,6.28,25118.9
905383,6.25,17782.8
905385,4.98,19952.6
905409,5.72,10000.0
905413,5.08,1584.9
905419,4.67,7943.3
905452,5.07,4466.8
905455,6.19,22387.2
905457,3.39,31622.8
905468,2.78,35481.3
905486,5.23,22387.2
905496,4.19,35481.3
905500,4.37,6309.6
905501,5.38,35481.3
905514,5.66,14125.4
905527,6.0,12589.3
905528,5.9,39810.7
905535,5.47,28183.8
905541,6.16,28183.8
905551,5.45,31.6
905555,5.68,3981.1
905559,5.38,1995.3
905576,5.84,8912.5
905581,3.4,17782.8
905585,5.47,1584.9
905599,5.73,19952.6
905605,3.83,7079.5
905627,4.6,19952.6
905629,6.36,10000.0
905630,4.05,22387.2
905633,5.62,35481.3
905635,5.85,44668.4
905648,4.75,7079.5
905654,5.5,22387.2
905655,2.98,23753.05
905656,5.72,22387.2
905665,6.06,39810.7
905677,3.65,19952.6
905679,4.2,3981.1
905696,5.77,14987.15
905697,5.54,30476.466666666667
905709,4.24,44668.4
905713,5.16,25118.9
905722,5.27,7943.3
905726,5.56,35481.3
905735,4.76,39810.7
905743,5.47,11220.2
905750,4.8,17782.8
905751,3.42,33552.05
905772,5.65,5011.9
905774,5.73,4466.8
905787,6.11,19952.6
905790,4.45,4466.8
905794,5.75,35481.3
905800,5.82,19952.6
905801,4.28,28183.8
905813,3.59,39810.7
905823,6.08,17782.8
905828,4.37,19952.6
905838,6.07,11220.2
905839,5.72,31622.8
905847,5.54,25118.9
905851,4.84,25118.9
905865,5.06,79.4
905869,4.28,39810.7
905873,5.57,44668.4
905891,5.82,39810.7
905894,5.33,11904.75
905909,3.95,3981.1
905910,2.53,14125.4
905913,3.5,31622.8
905916,4.86,12589.3
905918,5.77,7943.3
905925,4.38,39810.7
905939,5.63,4466.8
905955,3.73,35481.3
905956,4.74,31622.8
905958,4.78,14125.4
905959,6.03,39810.7
905975,2.35,354.8
905980,5.0,8912.5
905987,5.27,44668.4
906029,5.07,3548.1
906040,5.86,22387.2
906050,5.35,12589.3
906051,4.47,35481.3
906052,5.05,1258.9
906064,3.93,17782.8
906070,4.52,19952.6
906075,5.89,31622.8
906076,4.86,22387.2
906082,5.51,39810.7
906121,5.94,25118.9
906125,5.13,15848.9
906126,4.86,25118.9
906144,5.4,17782.8
906157,5.05,39810.7
906161,2.84,17782.8
906164,4.46,28183.8
906176,4.07,8912.5
906179,4.87,23753.05
906187,3.51,35481.3
906190,5.36,19952.6
906216,5.39,39810.7
906221,6.1,25118.9
906228,3.54,39810.7
906229,3.8,22387.2
906232,4.42,1122.0
906236,5.21,39810.7
906241,4.34,44668.4
906244,6.12,15848.9
906246,4.78,35481.3
906253,5.67,35481.3
906257,5.48,22387.2
906266,5.37,28183.8
906273,5.3,19952.6
906288,5.66,39810.7
906291,5.79,11220.2
906292,4.39,19952.6
906293,5.82,12589.3
906296,3.75,39810.7
906307,5.17,16815.85
906310,5.11,7943.3
906325,6.98,28183.8
906326,4.37,2818.4
906329,4.75,35481.3
906330,4.28,17782.8
906331,6.31,39810.7
906352,5.37,562.3
906363,5.67,11220.2
906366,5.79,17782.8
906371,3.35,12589.3
906375,5.18,14125.4
906393,5.3,39810.7
906398,2.92,63.1
906412,5.76,1778.3
906434,4.35,35481.3
906441,5.27,14125.4
906448,4.53,2238.7
906452,6.03,17782.8
906459,6.65,22387.2
906472,5.91,1778.3
906479,4.31,14125.4
906482,6.24,3162.3
906488,5.7,446.7
906491,5.94,19952.6
906493,5.08,12589.3
906494,5.11,6309.6
906497,5.92,17782.8
906500,6.04,1778.3
906503,6.05,11220.2
906505,2.76,39810.7
906508,5.63,15848.9
906522,2.93,28183.8
906548,5.37,10610.1
906551,5.71,13357.35
906553,6.04,7943.3
906554,6.06,4466.8
906565,4.17,22387.2
906567,3.96,14125.4
906569,3.04,19952.6
906571,5.89,10000.0
906573,5.82,3548.1
906575,5.19,8912.5
906579,5.85,6309.6
906591,5.89,22387.2
906592,5.02,17782.8
906594,5.13,3162.3
906598,5.95,35481.3
906599,2.06,19952.6
906612,5.33,35481.3
906620,5.81,22387.2
906627,5.91,14125.4
906635,4.57,29903.3
906637,4.26,12589.3
906641,4.11,7079.5
906649,5.58,7943.3
906652,4.71,19952.6
906655,3.9,14125.4
906664,5.08,22387.2
906677,5.38,10000.0
906685,6.07,177.8
906687,5.28,25118.9
906697,4.09,44668.4
906700,4.79,7943.3
906702,2.57,26651.35
906710,4.36,39810.7
906715,4.51,5011.9
906716,4.41,14125.4
906721,3.4,3162.3
906733,5.3,39810.7
906736,5.45,28183.8
906737,4.78,22387.2
906743,4.54,22387.2
906744,5.94,25118.9
906745,5.58,7079.5
906748,5.17,19952.6
906756,4.19,15848.9
906772,6.18,15848.9
906777,5.06,14125.4
906787,6.09,177.8
906795,5.2,10000.0
906798,4.58,14125.4
906801,5.72,3162.3
906810,5.86,6694.55
906827,5.14,19952.6
906828,4.59,31622.8
906839,3.99,14125.4
906841,5.49,14125.4
906846,5.62,28183.8
906848,3.87,17782.8
906849,4.85,37646.0
906859,6.74,14125.4
906861,4.92,5011.9
906863,5.28,2238.7
906864,3.96,19952.6
906874,5.74,14125.4
906878,4.62,596.65
906889,4.25,31622.8
906891,6.27,3355.2
906918,5.81,15848.9
906920,4.82,89.1
906931,4.24,16493.533333333333
906932,4.14,31622.8
906935,4.7,7079.5
906969,3.18,22387.2
906972,5.71,15848.9
906979,5.08,3548.1
906982,6.07,22387.2
906988,6.02,37646.0
906992,6.01,15848.9
906995,4.96,631.0
906996,4.68,3548.1
907001,3.91,28183.8
907003,6.03,25118.9
907009,5.47,15848.9
907022,4.59,28183.8
907030,5.57,11220.2
907031,4.67,17782.8
907039,4.72,17782.8
907047,3.06,12589.3
907052,5.3,7943.3
907053,3.41,15848.9
907071,5.45,13357.35
907074,5.67,11220.2
907099,5.3,5011.9
907102,5.42,16815.85
907105,5.89,2238.7
907110,4.53,15848.9
907115,5.91,25118.9
907123,3.96,17782.8
907129,5.43,35481.3
907152,3.17,17782.8
907161,6.26,1258.9
907162,4.39,19952.6
907181,5.61,501.2
907195,5.99,14987.15
907209,5.68,22387.2
907213,3.78,562.3
907215,5.14,8912.5
907217,5.59,12589.3
907221,3.38,8912.5
907232,4.04,16815.85
907233,4.51,25118.9
907234,5.68,12589.3
907241,5.43,794.3
907248,5.93,19952.6
907265,4.95,44668.4
907276,3.08,1000.0
907291,5.87,1584.9
907297,5.75,44668.4
907298,4.65,31622.8
907303,2.9,19952.6
907308,4.58,38367.566666666666
907313,4.11,26651.35
907317,4.2,7079.5
907326,4.44,19952.6
907327,5.14,17782.8
907328,5.62,8912.5
907329,4.18,631.0
907338,5.12,35481.3
907352,5.87,19952.6
907353,5.03,7079.5
907378,5.9,25118.9
907379,4.33,8912.5
907389,6.17,1000.0
907391,4.22,631.0
907396,5.6,17782.8
907399,5.81,3981.1
907410,5.48,8912.5
907425,5.66,100.0
907433,3.67,31622.8
907434,3.09,25118.9
907439,5.8,39810.7
907440,3.06,14125.4
907465,4.98,11220.2
907477,5.19,14125.4
907487,5.19,4466.8
907491,5.99,3981.1
907500,5.0,14987.15
907503,4.54,15848.9
907519,5.05,7079.5
907524,6.11,17782.8
907534,5.36,14125.4
907538,3.55,11220.2
907541,3.8,5623.4
907545,3.92,22387.2
907560,4.14,28183.8
907562,5.74,17782.8
907563,5.65,39810.7
907570,4.34,31622.8
907573,5.12,17782.8
907587,5.68,446.7
907588,4.08,31622.8
907605,3.52,31622.8
907610,5.58,15848.9
907613,4.25,39810.7
907618,5.18,2511.9
907622,4.32,44668.4
907626,4.32,10000.0
907646,3.82,6309.6
907668,5.88,39810.7
907683,4.18,281.8
907690,5.54,11220.2
907692,4.87,39810.7
907693,4.76,30476.466666666667
907703,3.33,17782.8
907705,2.2,39810.7
907708,4.1,14125.4
907721,5.41,7943.3
907723,4.56,100.0
907724,1.45,19952.6
907725,5.6,28183.8
907726,5.26,2818.4
907732,6.22,2511.9
907737,5.3,44668.4
907740,5.75,44668.4
907741,3.9,31622.8
907743,5.2,35481.3
907746,6.27,354.8
907748,5.38,1778.3
907756,5.07,35481.3
907763,4.65,12589.3
907766,5.91,8912.5
907773,6.19,12589.3
907779,5.37,31622.8
907788,4.98,28183.8
907792,4.45,39810.7
907802,5.97,14125.4
907812,5.41,10000.0
907825,4.14,19952.6
907828,3.36,28183.8
907857,5.96,11220.2
907870,3.55,19952.6
907874,4.65,35481.3
907876,5.11,28183.8
907879,4.25,31622.8
907909,2.23,14125.4
907911,5.87,25118.9
907916,6.48,35481.3
907925,5.52,39810.7
907927,5.78,44668.4
907948,4.72,14125.4
907965,4.76,5623.4
907983,5.61,28183.8
907985,5.3,16815.85
907989,3.73,2511.9
907992,3.45,39810.7
907996,5.99,25118.9
908000,5.05,15848.9
908025,5.44,3548.1
908026,5.56,31622.8
908028,5.86,14125.4
908029,3.78,2238.7
908036,3.81,39810.7
908052,4.95,17138.166666666668
908063,2.94,9456.25
908065,4.41,44668.4
908066,3.18,39810.7
908068,4.82,28183.8
908072,3.31,14125.4
908083,3.49,19952.6
908088,5.78,19952.6
908089,3.41,17782.8
908094,3.21,8912.5
908098,5.55,17782.8
908103,5.81,19952.6
908107,5.34,5011.9
908115,5.33,14125.4
908118,3.43,35481.3
908132,5.08,15848.9
908161,6.68,11904.75
908172,5.11,28183.8
908175,4.44,12589.3
908181,5.09,22387.2
908188,5.16,25118.9
908190,5.36,17782.8
908192,5.99,15848.9
908193,5.95,17782.8
908206,5.21,31622.8
908209,4.47,7079.5
908239,4.15,19952.6
908257,4.25,8912.5
908262,5.41,10000.0
908268,4.53,35481.3
908278,4.75,15848.9
908286,4.95,22387.2
908287,5.2,1584.9
908291,4.54,23753.05
908294,4.12,15848.9
908295,4.93,28183.8
908301,5.94,35481.3
908302,4.25,26651.35
908310,5.24,2818.4
908320,3.24,39810.7
908331,4.31,31622.8
908333,5.69,14125.4
908338,4.3,2238.7
908360,3.92,14125.4
908366,6.32,25118.9
908368,5.22,17782.8
908383,5.71,11220.2
908385,5.42,17782.8
908395,4.98,14125.4
908401,4.42,25118.9
908407,5.6,12589.3
908412,4.5,39810.7
908415,6.39,4466.8
908420,3.95,17782.8
908429,5.73,12589.3
908434,5.12,1778.3
908437,4.75,16815.85
908439,4.58,13357.35
908454,3.96,25118.9
908470,5.68,3981.1
908474,5.69,6694.55
908500,5.0,26651.35
908501,6.55,15848.9
908503,3.71,19952.6
908507,3.99,25118.9
908515,4.46,17782.8
908516,3.81,10000.0
908520,5.78,35481.3
908530,5.02,14125.4
908540,4.64,31622.8
908570,5.8,10000.0
908585,2.72,14125.4
908587,5.87,25118.9
908588,5.57,25118.9
908591,5.26,707.9
908595,3.65,22387.2
908598,3.98,15848.9
908615,5.36,35481.3
908661,5.33,15848.9
908676,4.91,31622.8
908680,2.16,28183.8
908699,5.78,7079.5
908702,3.71,39810.7
908710,4.73,39810.7
908729,6.16,42239.55
908750,3.94,28183.8
908755,5.9,31622.8
908758,3.01,17782.8
908767,5.2,22387.2
908769,4.66,44668.4
908775,6.34,17782.8
908776,6.03,17782.8
908777,5.61,35481.3
908785,5.15,10000.0
908789,4.91,7943.3
908790,5.82,14125.4
908817,5.34,14987.15
908818,5.33,17782.8
908826,3.1,15848.9
908829,4.68,31622.8
908842,5.4,12589.3
908845,4.38,3548.1
908848,6.05,14125.4
908851,4.63,28183.8
908856,3.95,12589.3
908869,4.58,35481.3
908873,4.83,22387.2
908879,6.47,15848.9
908884,4.38,15848.9
908886,5.41,44668.4
908896,4.61,4466.8
908910,5.61,16815.85
908912,5.65,25118.9
908919,5.27,22387.2
908926,5.34,35481.3
908938,5.34,19952.6
908944,4.9,8912.5
908962,5.94,19952.6
908964,4.36,10000.0
908980,4.43,8912.5
908983,5.26,8912.5
908985,4.55,10000.0
908996,4.18,17782.8
908997,6.03,2818.4
909005,5.59,12589.3
909013,4.38,11220.2
909015,4.75,22387.2
909018,5.95,29903.3
909031,5.78,12589.3
909032,3.99,31622.8
909034,5.47,39810.7
909035,3.89,10000.0
909042,4.75,28183.8
909047,5.39,1000.0
909067,4.77,2511.9
909072,5.82,39810.7
909096,5.16,31622.8
909118,4.31,794.3
909120,5.76,3162.3
909123,4.83,4466.8
909124,5.49,12589.3
909143,4.01,22387.2
909171,3.12,15848.9
909176,4.71,25118.9
909184,2.44,15848.9
909196,3.56,35481.3
909197,4.6,35481.3
909221,4.77,14125.4
909234,5.47,2238.7
909239,5.68,1584.9
909240,6.29,28183.8
909252,5.15,12589.3
909253,3.79,22387.2
909263,6.19,10000.0
909271,5.22,39810.7
909279,5.76,19952.6
909280,6.02,2238.7
909289,5.51,8912.5
909290,4.34,15848.9
909299,6.12,1995.3
909302,3.87,10610.1
909303,5.46,14125.4
909309,4.66,17782.8
909329,5.21,8912.5
909333,5.54,11904.75
909334,5.7,25118.9
909336,2.78,7079.5
909349,5.54,31622.8
909356,4.52,12589.3
909358,4.15,25.1
909359,4.82,14125.4
909360,5.64,28183.8
909368,4.49,11220.2
909370,5.54,17782.8
909388,5.65,28183.8
909406,5.12,15848.9
909416,3.53,35481.3
909421,5.12,3981.1
909434,4.96,17782.8
909445,5.96,12589.3
909454,5.81,11220.2
909455,4.91,28183.8
909461,3.79,19952.6
909463,4.52,16815.85
909465,5.45,31622.8
909467,4.54,22387.2
909477,3.93,10610.1
909482,4.97,14125.4
909484,3.5,17782.8
909489,5.26,25118.9
909490,4.97,19952.6
909496,3.86,39810.7
909511,5.02,39810.7
909534,5.06,17782.8
909540,5.0,12589.3
909544,4.83,3162.3
909559,5.07,4466.8
909567,5.65,28183.8
909576,5.6,2511.9
909590,5.17,3548.1
909597,5.91,17782.8
909602,4.55,15848.9
909629,5.79,31622.8
909633,5.13,44668.4
909634,5.75,25118.9
909644,4.62,22387.2
909647,3.96,5011.9
909654,5.52,50.1
909665,4.54,39810.7
909675,3.71,10000.0
909676,5.35,25118.9
909697,5.53,14125.4
909703,4.41,8912.5
909704,5.56,22387.2
909708,4.29,17782.8
909710,4.88,7943.3
909722,4.82,10000.0
909725,5.73,15848.9
909745,5.83,31622.8
909750,4.38,28183.8
909771,5.78,22387.2
909779,6.24,5011.9
909791,4.96,2818.4
909798,5.18,31622.8
909807,4.03,19952.6
909812,4.54,14125.4
909817,5.3,1122.0
909824,3.26,3981.1
909827,4.83,25118.9
909828,4.16,11220.2
909829,4.23,4466.8
909835,5.47,3981.1
909854,5.25,3162.3
909860,6.28,6309.6
909868,6.04,28183.8
909877,5.76,1584.9
909881,5.03,17782.8
909890,5.09,44668.4
909894,5.87,39810.7
909909,5.1,17782.8
909915,5.0,15848.9
909927,5.48,14125.4
909930,5.11,11220.2
909946,4.95,14125.4
909959,4.88,35481.3
909960,4.64,22387.2
909981,4.83,17782.8
909982,5.23,39810.7
909991,5.84,14125.4
909995,5.39,19952.6
910004,5.16,11220.2
910008,4.84,39810.7
910015,4.9,12589.3
910035,4.33,19952.6
910045,3.73,39810.7
910049,5.19,7943.3
910051,2.96,7943.3
910063,6.19,11220.2
910064,5.65,39810.7
910066,5.0,14125.4
910102,6.3,12589.3
910116,5.86,23753.05
910119,4.98,31622.8
910136,4.3,22387.2
910142,5.24,28183.8
910145,4.93,2818.4
910149,3.76,25118.9
910154,5.66,37646.0
910173,6.05,1584.9
910175,4.15,17782.8
910178,5.1,44668.4
910180,5.36,12589.3
910199,5.09,17782.8
910204,5.86,16815.85
910208,5.41,28183.8
910222,4.72,14125.4
910241,4.13,891.3
910243,3.61,25118.9
910250,4.01,14125.4
910252,4.32,19952.6
910262,5.07,44668.4
910266,4.0,28183.8
910275,5.18,562.3
910279,4.43,14125.4
910295,4.35,39810.7
910300,4.17,22387.2
910305,4.27,1000.0
910307,5.56,15848.9
910309,5.42,11220.2
910311,6.05,7943.3
910314,5.46,19952.6
910318,5.53,25118.9
910322,5.0,25118.9
910325,5.26,1412.5
910339,4.99,28183.8
910341,4.26,17782.8
910342,3.48,3548.1
910349,4.1,2238.7
910351,6.26,14125.4
910353,5.81,25118.9
910356,5.35,5011.9
910357,3.75,19952.6
910358,5.63,14125.4
910363,5.32,3981.1
910376,5.16,39810.7
910384,2.78,12589.3
910390,5.16,25118.9
910396,5.33,25118.9
910406,4.96,31622.8
910409,4.66,891.3
910411,5.32,1995.3
910412,1.68,14125.4
910415,3.7,1778.3
910417,4.86,15848.9
910430,4.67,39810.7
910434,4.36,8912.5
910445,4.92,7079.5
910446,3.89,31622.8
910451,5.23,28183.8
910462,4.35,562.3
910482,2.83,19952.6
910492,5.65,35481.3
910498,4.27,19952.6
910502,4.82,15848.9
910503,5.72,23753.05
910504,4.45,398.1
910510,4.82,7943.3
910512,4.7,3981.1
910519,4.54,39810.7
910522,6.15,22387.2
910535,4.99,19952.6
910536,5.52,25118.9
910549,5.08,28183.8
910565,4.64,15072.7
910566,5.73,35481.3
910573,5.33,31622.8
910579,4.71,14125.4
910580,5.33,12589.3
910582,6.31,17782.8
910584,3.14,22.4
910586,4.89,28183.8
910589,4.45,19952.6
910595,3.78,1995.3
910623,5.3,44668.4
910630,5.84,39810.7
910636,2.8,39810.7
910649,4.31,1000.0
910659,4.19,19952.6
910676,5.59,39810.7
910687,4.7,25118.9
910707,4.25,14125.4
910715,3.75,17782.8
910720,5.9,14125.4
910730,4.41,22387.2
910761,3.6,23753.05
910762,5.47,10000.0
910768,5.03,35481.3
910770,4.11,19952.6
910773,5.74,10000.0
910778,5.01,39810.7
910783,4.03,14125.4
910794,5.35,31622.8
910797,5.22,17782.8
910800,5.58,1122.0
910806,3.51,17782.8
910809,4.0,3162.3
910812,4.08,17782.8
910823,4.66,39810.7
910827,5.72,11220.2
910840,4.97,1412.5
910845,5.45,707.9
910853,4.57,141.3
910856,4.61,316.2
910860,4.93,28183.8
910877,4.73,39810.7
910894,4.81,39810.7
910900,5.46,19952.6
910910,4.36,14125.4
910911,3.6,15848.9
910912,5.32,19952.6
910915,5.67,12589.3
910934,3.59,28183.8
910936,2.85,15848.9
910959,5.89,3548.1
910970,5.41,44668.4
910982,5.84,31622.8
910986,5.71,17782.8
910994,3.41,39810.7
911001,5.13,794.3
911002,6.1,35481.3
911015,5.04,15848.9
911019,3.89,10000.0
911039,5.38,23753.05
911041,3.87,14987.15
911046,4.88,14125.4
911061,4.75,6309.6
911069,5.66,28183.8
911096,3.46,28183.8
911103,6.13,35481.3
911107,4.55,3162.3
911122,6.26,31622.8
911128,4.55,28183.8
911147,5.19,3981.1
911153,3.06,31622.8
911157,4.83,2818.4
911167,5.29,14125.4
911182,6.43,15848.9
911193,4.42,31622.8
911205,5.66,8912.5
911215,5.33,35481.3
911239,5.75,14125.4
911242,5.63,3548.1
911246,5.86,28183.8
911249,5.38,39810.7
911253,4.81,10000.0
911259,4.76,39810.7
911263,6.39,25.1
911264,4.01,1995.3
911265,3.06,22387.2
911271,4.53,4466.8
911286,5.88,14125.4
911299,4.34,11220.2
911300,3.83,14125.4
911322,3.74,19952.6
911341,4.75,2511.9
911344,4.64,39810.7
911347,4.83,8912.5
911353,5.31,44668.4
911369,3.74,19952.6
911370,4.42,8427.9
911373,4.82,28183.8
911395,5.47,12589.3
911398,3.75,19952.6
911404,3.47,8912.5
911409,5.54,39810.7
911427,5.94,562.3
911430,3.97,17782.8
911439,5.5,35481.3
911447,4.36,19952.6
911454,4.98,11904.75
911458,4.61,3162.3
911477,5.69,15848.9
911491,3.4,79.4
911498,5.07,19952.6
911500,5.81,17782.8
911507,3.98,31622.8
911509,5.05,3548.1
911519,4.07,17782.8
911522,4.92,25118.9
911527,3.98,17782.8
911541,5.56,19952.6
911558,4.95,7079.5
911565,4.31,177.8
911566,4.56,22387.2
911589,4.74,14125.4
911590,3.78,29903.3
911592,6.06,891.3
911600,5.92,22387.2
911614,4.13,14125.4
911629,6.53,707.9
911651,3.74,15848.9
911666,3.97,10000.0
911676,5.9,25.1
911677,5.45,1258.9
911679,4.27,14125.4
911681,5.63,7079.5
911698,5.71,15848.9
911707,5.98,2818.4
911708,5.12,398.1
911709,5.88,19952.6
911737,4.21,17782.8
911754,5.52,14125.4
911755,5.84,7943.3
911756,3.94,11220.2
911759,5.4,8912.5
911768,5.67,398.1
911780,5.23,7079.5
911783,3.5,39810.7
911789,1.87,562.3
911795,5.67,15848.9
911800,4.65,12589.3
911815,6.05,25118.9
911817,5.36,44668.4
911836,5.76,11220.2
911838,5.76,3548.1
911842,4.82,17782.8
911846,6.37,25118.9
911847,5.97,11220.2
911848,5.43,12589.3
911849,5.58,23753.05
911863,4.19,3981.1
911864,5.84,19952.6
911871,5.27,28183.8
911874,5.78,25118.9
911879,5.69,17782.8
911883,5.76,39810.7
911885,6.12,19952.6
911900,5.33,23753.05
911908,4.02,15848.9
911916,3.53,37646.0
911919,4.21,15848.9
911920,5.97,19952.6
911921,5.35,39810.7
911934,5.7,14125.4
911940,4.77,15848.9
911947,4.02,2511.9
911953,4.58,6309.6
911956,6.21,8912.5
911959,4.47,22387.2
911961,5.83,10000.0
911965,5.1,8427.9
911977,3.56,3548.1
911979,4.54,891.3
911981,5.45,29903.3
911986,3.78,12589.3
911988,5.88,39810.7
911997,5.07,1412.5
912004,5.75,28183.8
912007,6.0,14125.4
912008,4.46,39810.7
912010,6.43,398.1
912021,5.33,17782.8
912044,4.08,1995.3
912054,5.5,28183.8
912057,4.88,8912.5
912059,5.66,22387.2
912060,4.7,17782.8
912061,5.52,15848.9
912064,6.08,11220.2
912072,5.63,5011.9
912088,3.42,14125.4
912097,4.51,1000.0
912099,4.67,2818.4
912109,5.59,11904.75
912119,4.75,14125.4
912135,5.51,19952.6
912144,3.62,16815.85
912147,3.4,14125.4
912155,5.65,39810.7
912163,5.74,15848.9
912167,5.89,35481.3
912189,4.66,11220.2
912205,5.88,25118.9
912210,5.23,25118.9
912229,5.74,12589.3
912232,6.15,7079.5
912236,3.66,11220.2
912246,4.54,25118.9
912252,3.49,22387.2
912261,3.98,19952.6
912267,4.04,31622.8
912272,5.44,3548.1
912276,6.0,39810.7
912279,3.22,15848.9
912280,5.38,446.7
912282,3.76,39810.7
912285,5.95,5011.9
912287,5.27,31622.8
912296,5.6,11220.2
912314,4.03,7079.5
912323,4.24,22387.2
912326,5.25,15848.9
912333,4.08,19952.6
912334,5.61,17782.8
912344,5.05,10610.1
912348,4.99,22387.2
912349,4.37,44668.4
912383,4.21,12589.3
912386,3.27,14125.4
912389,4.59,15848.9
912402,4.44,28183.8
912404,6.51,39810.7
912405,6.67,10000.0
912408,4.27,25118.9
912419,5.91,5011.9
912423,5.67,39810.7
912435,4.54,12589.3
912442,4.92,39810.7
912456,5.28,177.8
912457,5.45,6309.6
912460,4.26,8912.5
912463,5.73,14125.4
912475,6.56,22387.2
912479,5.36,35481.3
912481,5.39,1584.9
912498,3.41,10000.0
912499,3.63,17782.8
912502,5.34,5623.4
912515,5.42,7943.3
912522,4.05,7943.3
912535,5.44,7079.5
912547,5.47,39810.7
912548,5.85,15848.9
912553,5.16,22387.2
912558,5.48,39810.7
912565,4.95,15848.9
912568,5.94,35481.3
912592,5.8,22387.2
912595,4.47,31622.8
912603,3.86,28183.8
912611,5.59,28183.8
912612,4.69,4466.8
912614,3.83,14125.4
912617,4.1,22387.2
912630,4.49,562.3
912634,5.83,3981.1
912637,3.18,22387.2
912644,6.24,7943.3
912663,3.71,39810.7
912666,4.26,22387.2
912668,2.0,14125.4
912689,5.96,17782.8
912704,5.11,28183.8
912705,4.28,17782.8
912716,5.82,5623.4
912721,3.42,19952.6
912725,5.85,25118.9
912729,4.11,8912.5
912732,4.27,8912.5
912753,3.21,17782.8
912759,5.52,13613.366666666667
912785,4.59,19952.6
912797,3.95,14125.4
912812,5.27,28183.8
912813,4.2,15848.9
912815,4.21,19952.6
912821,5.54,10000.0
912831,6.2,35481.3
912859,5.42,25118.9
912879,5.6,14125.4
912888,5.72,6309.6
912889,5.66,10610.1
912894,5.74,44668.4
912902,4.97,39810.7
912908,5.4,15848.9
912910,5.13,13357.35
912917,5.9,8912.5
912930,3.12,28183.8
912941,3.43,14125.4
912955,2.77,39810.7
912971,4.19,39810.7
912972,5.81,15848.9
912975,3.92,25118.9
912982,4.66,19952.6
912985,4.73,25118.9
912988,3.54,28183.8
913023,4.82,446.7
913032,5.69,12589.3
913034,5.54,31622.8
913055,5.82,12589.3
913063,5.11,3162.3
913067,5.08,7079.5
913071,4.52,39810.7
913074,3.72,31622.8
913078,5.08,12589.3
913081,5.71,7079.5
913092,4.48,31622.8
913124,4.72,7943.3
913126,4.58,28183.8
913155,2.42,35481.3
913157,4.92,8427.9
913165,5.01,12589.3
913167,3.78,14125.4
913168,5.91,25118.9
913174,5.54,446.7
913189,4.98,44668.4
913193,3.79,39810.7
913205,5.17,25118.9
913230,5.5,10610.1
913234,6.41,10000.0
913235,4.22,3981.1
913236,4.54,39810.7
913238,5.49,39810.7
913240,3.22,35481.3
913254,5.28,17138.166666666668
913256,6.13,5623.4
913279,5.9,891.3
913291,5.48,22387.2
913297,4.81,25118.9
913302,5.96,14125.4
913312,3.19,44668.4
913314,4.33,112.2
913333,5.26,44668.4
913355,3.38,31622.8
913362,6.02,19952.6
913371,5.01,19952.6
913375,4.68,3162.3
913391,5.17,12589.3
913406,5.81,15848.9
913411,4.92,112.2
913414,5.84,25118.9
913418,5.22,14125.4
913427,4.31,17782.8
913433,4.27,15848.9
913436,4.74,15848.9
913437,4.03,39810.7
913441,5.74,14125.4
913453,3.89,6309.6
913467,4.89,25118.9
913468,5.47,37646.0
913472,5.0,1000.0
913475,3.71,16815.85
913476,3.62,17782.8
913483,6.54,3981.1
913484,4.85,25118.9
913487,1.09,31622.8
913507,5.26,8912.5
913514,4.01,15848.9
913531,4.93,31622.8
913543,6.45,28183.8
913544,3.71,17782.8
913545,5.08,316.2
913551,5.83,28183.8
913574,3.25,1000.0
913578,5.24,10000.0
913584,4.27,39810.7
913601,4.54,25118.9
913602,4.24,25118.9
913607,4.42,17782.8
913610,5.33,2818.4
913613,5.61,5623.4
913620,5.44,28183.8
913632,4.66,39810.7
913633,4.18,17782.8
913635,4.38,8912.5
913639,3.88,31622.8
913642,4.36,17782.8
913645,5.46,39810.7
913664,4.54,11220.2
913674,4.5,7943.3
913682,5.59,14125.4
913684,5.19,15848.9
913696,3.85,199.5
913708,4.99,26651.35
913724,2.86,44668.4
913729,5.21,15848.9
913740,5.86,15848.9
913743,5.7,15848.9
913745,5.13,14987.15
913764,4.7,17782.8
913765,5.77,10610.1
913784,4.43,14125.4
913794,4.53,7079.5
913803,4.88,22387.2
913807,5.96,22387.2
913808,4.5,25118.9
913810,4.19,39810.7
913823,3.7,8912.5
913826,5.48,35481.3
913827,5.81,28183.8
913832,5.31,22387.2
913839,5.38,22387.2
913844,5.89,25118.9
913852,4.07,5623.4
913884,4.73,44668.4
913909,5.15,15848.9
913918,5.61,6309.6
913920,5.87,4466.8
913922,4.65,501.2
913932,3.84,28183.8
913938,5.56,25118.9
913944,4.38,2818.4
913945,5.09,7943.3
913950,3.74,3548.1
913960,5.23,15848.9
913974,5.93,25118.9
913995,4.39,35481.3
914002,4.19,25118.9
914004,4.46,22387.2
914013,5.42,14125.4
914021,5.94,5011.9
914042,5.31,28183.8
914043,4.67,1584.9
914050,4.91,501.2
914060,4.01,251.2
914062,2.42,7079.5
914063,6.05,12589.3
914082,4.43,22387.2
914092,4.05,14125.4
914102,4.32,15848.9
914113,5.33,31622.8
914121,4.67,18867.7
914128,4.5,28183.8
914129,4.95,17782.8
914131,4.03,28183.8
914140,5.7,14125.4
914142,4.5,34195.13333333333
914144,2.67,25118.9
914145,4.94,79.4
914146,2.45,14125.4
914152,4.57,39810.7
914162,5.43,794.3
914171,4.52,501.2
914179,5.39,31622.8
914194,3.0,15848.9
914200,5.26,35481.3
914202,5.93,39810.7
914214,2.67,15848.9
914220,4.38,562.3
914232,5.86,39810.7
914233,6.01,17782.8
914235,4.7,22387.2
914236,4.0,15848.9
914250,5.86,12589.3
914254,4.99,2818.4
914261,3.73,19952.6
914274,5.5,15848.9
914276,3.74,22387.2
914280,4.91,19952.6
914288,5.08,13357.35
914292,3.93,39810.7
914293,5.7,14125.4
914295,5.13,1995.3
914311,4.51,39810.7
914315,5.15,39810.7
914329,6.18,15848.9
914336,6.17,17782.8
914340,4.54,28183.8
914342,4.02,31622.8
914360,5.37,15848.9
914372,5.63,7943.3
914390,4.98,31622.8
914393,5.57,31622.8
914397,5.7,11220.2
914398,5.19,15848.9
914409,4.63,35481.3
914419,5.24,29903.3
914421,5.95,17782.8
914425,3.99,25.1
914426,5.49,25118.9
914428,5.01,25118.9
914432,4.92,2511.9
914439,3.76,25118.9
914446,5.43,3548.1
914448,5.37,10000.0
914467,2.68,31622.8
914471,3.76,39810.7
914476,6.08,39810.7
914479,5.57,39810.7
914486,4.64,15848.9
914489,4.87,10000.0
914495,4.39,707.9
914501,3.68,2818.4
914504,5.6,11220.2
914507,4.98,26651.35
914510,4.15,2818.4
914512,3.28,10000.0
914522,6.02,22387.2
914527,5.97,19952.6
914529,5.57,28183.8
914535,5.34,446.7
914538,3.9,25118.9
914539,3.78,28183.8
914556,5.69,5011.9
914557,5.84,37646.0
914559,5.71,33552.05
914560,4.57,25118.9
914564,4.2,19952.6
914566,5.93,39810.7
914568,5.43,3981.1
914578,5.77,7943.3
914586,4.37,22387.2
914613,5.72,11220.2
914621,5.52,17782.8
914631,3.59,35481.3
914634,5.63,10000.0
914641,4.98,19952.6
914648,5.54,7079.5
914656,3.57,14987.15
914658,2.69,28183.8
914661,5.03,17782.8
914678,4.62,1000.0
914681,5.55,14125.4
914714,5.32,1122.0
914718,5.43,17782.8
914720,6.16,891.3
914729,4.43,39810.7
914730,6.03,39810.7
914733,5.14,39810.7
914739,4.99,177.8
914740,4.22,14125.4
914748,5.66,3162.3
914762,5.49,28183.8
914771,5.65,28183.8
914782,5.85,12589.3
914788,3.86,31622.8
914800,6.24,22387.2
914804,3.72,25118.9
914810,5.67,2238.7
914823,3.89,15848.9
914826,3.73,17782.8
914837,5.79,39810.7
914842,4.69,1584.9
914858,5.24,19952.6
914860,5.18,3162.3
914873,3.85,15848.9
914879,2.46,15848.9
914887,5.23,2990.35
914888,4.34,14987.15
914894,6.26,19952.6
914899,3.77,12589.3
914905,5.28,12589.3
914906,5.63,7079.5
914916,4.83,3162.3
914933,5.01,2818.4
914935,5.93,10000.0
914948,4.0,7943.3
914953,4.68,3981.1
914976,3.58,11220.2
914981,5.34,19952.6
914983,5.24,35481.3
914988,4.23,25118.9
915030,2.24,19952.6
915059,4.24,12589.3
915075,5.99,31622.8
915080,3.71,15848.9
915094,3.69,1412.5
915099,6.21,35481.3
915105,4.13,3162.3
915106,5.06,15848.9
915126,6.82,39810.7
915131,5.54,14125.4
915139,4.25,14125.4
915148,3.41,2511.9
915150,5.82,11220.2
915154,6.14,31622.8
915155,3.41,25118.9
915164,3.95,14125.4
915180,3.36,19952.6
915182,3.34,14125.4
915192,5.59,39810.7
915198,5.29,25118.9
915206,5.64,10610.1
915208,4.98,25118.9
915211,4.26,6309.6
915215,5.51,3162.3
915234,5.98,15848.9
915240,4.4,39810.7
915251,5.12,12589.3
915270,4.47,28183.8
915280,4.38,25118.9
915284,4.45,14125.4
915286,5.09,891.3
915292,6.06,31622.8
915293,5.0,2238.7
915294,5.3,12589.3
915301,3.56,12589.3
915318,4.39,35.5
915362,4.32,12589.3
915387,4.96,3162.3
915400,5.6,17782.8
915412,5.74,15848.9
915421,4.3,37646.0
915425,5.9,14125.4
915430,3.96,22387.2
915432,5.45,28183.8
915454,3.21,19952.6
915465,5.35,28183.8
915469,1.14,7079.5
915473,5.48,39810.7
915487,5.57,14125.4
915489,4.19,17782.8
915496,4.79,3162.3
915502,5.47,8912.5
915506,5.39,11220.2
915507,4.86,17782.8
915509,5.43,12589.3
915510,5.37,19952.6
915519,4.71,12589.3
915520,6.12,19952.6
915530,3.66,17782.8
915541,5.73,31622.8
915551,4.34,3548.1
915553,5.09,3162.3
915560,5.23,12589.3
915565,2.7,17782.8
915567,3.94,15848.9
915572,4.48,19952.6
915579,3.78,39810.7
915580,5.84,17782.8
915581,4.01,16815.85
915587,4.25,14125.4
915588,4.15,8912.5
915608,4.74,26140.533333333333
915625,4.5,22387.2
915627,2.13,44668.4
915647,5.39,35481.3
915679,4.09,5623.4
915680,4.12,44668.4
915684,3.91,17782.8
915685,3.93,8912.5
915688,4.14,18867.7
915697,4.43,1584.9
915699,5.21,21169.9
915702,5.29,18867.7
915706,3.97,8912.5
915714,4.17,31622.8
915719,4.57,11220.2
915720,4.39,17782.8
915725,2.57,31622.8
915728,5.33,15848.9
915729,5.22,28183.8
915733,4.93,31622.8
915749,2.79,3548.1
915760,5.26,22387.2
915771,5.54,35481.3
915779,5.05,10000.0
915788,5.83,10000.0
915789,6.12,5011.9
915812,5.27,11220.2
915817,4.97,7079.5
915820,4.55,19952.6
915823,5.14,6309.6
915828,3.32,14125.4
915830,3.78,28183.8
915836,4.8,12589.3
915842,3.48,22387.2
915846,4.65,19952.6
915851,5.63,14125.4
915854,5.82,31622.8
915883,4.98,28183.8
915886,6.18,28183.8
915901,4.51,19952.6
915904,3.72,10610.1
915905,5.74,14125.4
915928,5.66,1258.9
915936,5.53,7943.3
915943,3.88,15848.9
915979,4.78,11220.2
915982,4.66,39810.7
915984,5.67,50.1
915992,2.97,12589.3
915994,3.44,21169.9
916000,5.29,11220.2
916004,5.71,10000.0
916014,4.84,14987.15
916026,3.42,11220.2
916032,4.67,251.2
916047,4.35,12589.3
916048,5.38,14987.15
916053,6.08,22387.2
916065,2.99,17782.8
916070,5.65,39810.7
916072,5.98,17782.8
916075,6.62,14.1
916084,2.97,22387.2
916089,6.7,11220.2
916093,5.02,39810.7
916096,4.49,11220.2
916105,4.89,31622.8
916116,4.71,25118.9
916137,4.27,44668.4
916139,5.53,12589.3
916140,4.8,17782.8
916143,5.58,39810.7
916146,4.95,39810.7
916147,3.02,39810.7
916151,6.22,11220.2
916152,3.68,19952.6
916155,3.93,4466.8
916158,4.75,25118.9
916164,6.09,316.2
916181,4.71,39810.7
916187,4.77,23753.05
916188,5.55,1778.3
916189,5.66,1584.9
916191,4.99,1412.5
916195,4.24,31622.8
916196,3.96,3548.1
916197,5.71,14125.4
916200,4.22,39810.7
916233,5.89,12589.3
916234,5.71,1995.3
916250,5.18,22387.2
916269,5.76,19952.6
916270,5.24,1000.0
916280,3.82,8912.5
916296,3.77,10000.0
916298,4.46,1995.3
916306,4.89,14125.4
916316,5.29,19952.6
916322,5.52,17782.8
916324,4.58,12589.3
916326,4.52,28183.8
916327,4.62,15848.9
916339,4.82,17782.8
916346,4.88,31622.8
916364,5.07,28183.8
916373,5.21,39810.7
916381,5.71,22387.2
916405,5.47,12589.3
916408,4.7,7079.5
916416,4.11,17782.8
916418,4.39,1584.9
916444,5.22,31622.8
916449,5.97,4466.8
916452,5.77,11220.2
916485,5.03,11220.2
916502,5.04,25118.9
916508,6.21,12589.3
916519,4.08,35481.3
916523,5.99,37646.0
916534,5.41,44668.4
916539,4.4,35481.3
916551,3.78,14125.4
916557,4.34,398.1
916569,3.69,12589.3
916575,5.39,100.0
916600,5.59,3162.3
916603,5.71,11220.2
916614,4.72,11220.2
916622,3.96,10000.0
916625,5.46,15848.9
916647,4.08,21169.9
916653,4.85,29903.3
916659,5.72,3981.1
916661,2.87,25118.9
916665,5.82,35481.3
916667,5.61,3162.3
916669,5.06,2511.9
916670,5.94,7943.3
916673,5.8,10610.1
916682,5.57,891.3
916700,5.34,25118.9
916704,5.12,5623.4
916708,4.99,25118.9
916711,5.69,3162.3
916722,5.83,39810.7
916732,5.05,44668.4
916734,4.56,10000.0
916739,4.36,22387.2
916744,5.66,19952.6
916749,2.82,22387.2
916751,5.63,39810.7
916762,1.05,12589.3
916773,5.75,10000.0
916780,4.59,1778.3
916784,5.65,17782.8
916787,5.06,28183.8
916794,5.69,12589.3
916802,4.71,17782.8
916806,3.84,8912.5
916808,5.06,44668.4
916809,6.04,14125.4
916810,5.87,14125.4
916823,5.41,10000.0
916827,4.83,3548.1
916831,4.53,15848.9
916832,5.36,1995.3
916839,4.56,19952.6
916843,5.09,3548.1
916850,5.7,28183.8
916852,4.35,25118.9
916861,6.2,25118.9
916864,5.56,15848.9
916868,3.87,39810.7
916876,5.21,23753.05
916884,5.53,10000.0
916895,3.36,15848.9
916896,4.2,6309.6
916899,6.02,8912.5
916921,4.22,31622.8
916932,4.79,17782.8
916935,4.58,3162.3
916964,5.39,15848.9
916967,5.67,35481.3
917003,5.01,39810.7
917023,6.26,22387.2
917031,6.01,29903.3
917055,4.11,39810.7
917063,5.77,22387.2
917065,5.75,14125.4
917069,5.14,5011.9
917071,5.75,35481.3
917078,4.67,10000.0
917083,5.31,12589.3
917084,5.45,14125.4
917086,6.18,15848.9
917087,4.78,31622.8
917088,5.57,44668.4
917107,5.32,12589.3
917119,4.15,19952.6
917127,4.27,10000.0
917128,6.16,28183.8
917131,3.75,17782.8
917138,6.16,5011.9
917148,4.91,25118.9
917154,5.34,39810.7
917158,4.44,25118.9
917174,5.28,50118.7
917175,2.61,28183.8
917187,3.75,10000.0
917195,4.98,19952.6
917200,6.05,14125.4
917207,4.7,39810.7
917219,6.21,8912.5
917223,5.43,39810.7
917235,4.45,39810.7
917239,5.06,14125.4
917242,4.59,39810.7
917252,4.93,7943.3
917255,5.93,7943.3
917265,5.07,28183.8
917271,5.48,1122.0
917274,5.84,17782.8
917280,5.16,15274.4
917288,5.69,12589.3
917290,5.52,37646.0
917299,5.21,14125.4
917307,6.15,31622.8
917309,3.85,17782.8
917312,4.87,17782.8
917313,4.02,39810.7
917317,5.63,39810.7
917327,3.84,50118.7
917343,4.19,31622.8
917349,5.44,14125.4
917355,3.82,6309.6
917362,3.56,12589.3
917370,4.95,12589.3
917374,5.42,7943.3
917380,6.63,39810.7
917381,3.13,354.8
917383,5.84,22387.2
917386,4.15,11220.2
917389,4.74,3162.3
917391,6.07,14125.4
917402,5.58,8912.5
917404,5.08,29903.3
917428,5.7,8912.5
917445,5.34,5011.9
917460,4.3,2818.4
917470,5.37,14125.4
917476,5.08,22387.2
917488,4.84,39810.7
917489,5.48,12589.3
917490,4.45,6309.6
917493,2.19,25118.9
917500,4.89,17782.8
917504,5.97,12589.3
917533,5.52,28183.8
917538,5.48,3981.1
917547,5.47,28183.8
917561,6.06,12589.3
917562,4.5,31622.8
917574,5.86,17782.8
917578,4.41,17782.8
917585,4.2,14125.4
917586,5.92,28183.8
917587,4.77,446.7
917588,4.33,35481.3
917589,4.97,11220.2
917595,5.55,25118.9
917609,4.21,22387.2
917620,5.43,15848.9
917630,5.65,25118.9
917633,4.24,25118.9
917641,3.04,39810.7
917643,4.44,14125.4
917650,6.61,10000.0
917655,4.35,15848.9
917662,4.99,39810.7
917667,4.9,19952.6
917668,4.93,19952.6
917695,5.7,3548.1
917717,4.99,8912.5
917720,5.54,6309.6
917721,5.23,8912.5
917745,5.88,19952.6
917751,6.29,28183.8
917753,3.48,25118.9
917768,2.28,28183.8
917769,5.24,1258.9
917774,5.75,28183.8
917784,1.77,31622.8
917788,4.91,12589.3
917794,5.46,39810.7
917801,5.02,19952.6
917813,4.96,28183.8
917820,5.3,3548.1
917826,4.98,28183.8
917828,5.47,15848.9
917839,5.01,7943.3
917840,5.05,9456.25
917847,4.56,1000.0
917852,5.61,25118.9
917857,3.62,31622.8
917862,4.07,19952.6
917882,5.21,5623.4
917890,6.01,631.0
917909,6.02,31622.8
917913,4.32,14125.4
917922,5.19,12589.3
917925,6.14,28183.8
917938,5.34,15848.9
917952,3.7,4466.8
917957,5.59,22387.2
917966,4.75,25118.9
917972,5.26,15848.9
917976,3.91,15848.9
917982,5.73,5011.9
917991,5.21,44668.4
918003,5.54,2511.9
918018,2.65,22387.2
918020,4.93,31622.8
918022,5.54,17782.8
918026,5.5,2818.4
918039,4.79,10000.0
918045,3.82,28183.8
918054,6.0,39810.7
918060,3.36,17782.8
918073,5.77,31622.8
918075,4.97,14125.4
918085,5.93,15848.9
918086,3.81,25118.9
918093,5.65,1778.3
918094,4.78,22387.2
918105,4.86,17782.8
918150,4.77,31622.8
918183,4.61,3162.3
918185,6.25,16815.85
918188,4.63,9456.25
918195,5.56,1778.3
918197,5.17,25118.9
918202,3.22,12589.3
918203,3.96,29903.3
918208,5.76,44668.4
918211,4.79,22387.2
918212,5.37,31622.8
918213,3.63,5011.9
918216,4.88,11220.2
918221,4.93,15848.9
918226,5.49,28183.8
918229,3.67,28183.8
918234,5.3,39810.7
918237,4.12,17782.8
918242,5.2,7079.5
918244,6.08,19952.6
918246,3.9,39810.7
918247,5.3,28183.8
918250,4.68,12589.3
918254,4.7,31622.8
918277,6.01,35481.3
918279,5.99,177.8
918284,4.9,13357.35
918295,5.83,19952.6
918307,5.92,8912.5
918312,5.56,15848.9
918316,5.54,3548.1
918324,4.48,39810.7
918342,3.8,39810.7
918352,5.13,7943.3
918374,3.95,12589.3
918395,5.38,28183.8
918418,4.17,7943.3
918442,4.89,31622.8
918463,4.75,28183.8
918464,4.72,7079.5
918474,5.3,14125.4
918479,3.19,5623.4
918483,6.29,14125.4
918484,4.92,25118.9
918489,5.15,7079.5
918491,5.47,5623.4
918511,5.83,17782.8
918512,6.23,13357.35
918513,4.22,17782.8
918523,4.58,15848.9
918533,5.47,28183.8
918538,5.32,25118.9
918540,5.56,23753.05
918549,5.74,14125.4
918554,5.69,39810.7
918580,5.41,1778.3
918582,5.82,794.3
918586,5.51,44668.4
918591,5.89,4466.8
918594,5.68,28183.8
918595,5.39,1995.3
918601,4.81,16815.85
918608,4.47,5011.9
918613,2.61,3162.3
918619,4.37,29903.3
918630,5.76,25118.9
918634,5.69,1000.0
918644,5.31,7079.5
918646,3.52,7079.5
918683,3.82,6309.6
918687,3.52,28183.8
918689,4.05,19952.6
918739,5.71,19952.6
918744,6.04,1778.3
918747,5.61,11220.2
918752,3.87,3162.3
918755,4.55,31622.8
918761,5.84,15848.9
918788,5.59,1000.0
918797,4.84,12589.3
918799,5.86,15848.9
918800,6.0,8912.5
918804,6.43,17782.8
918806,4.75,11220.2
918809,4.52,10000.0
918829,5.05,14125.4
918835,5.93,3162.3
918848,5.51,31622.8
918861,4.53,25118.9
918863,4.1,5623.4
918865,4.37,9456.25
918869,3.2,39810.7
918891,5.27,446.7
918894,5.48,596.65
918914,3.21,31622.8
918923,5.14,8912.5
918942,4.81,7079.5
918949,5.13,39810.7
918950,4.02,17782.8
918955,4.0,794.3
918956,5.03,25118.9
918959,3.23,15848.9
918976,4.0,10000.0
918977,5.77,4466.8
918980,4.37,158.5
918999,5.77,223.9
919005,5.1,7511.4
919008,1.98,26651.35
919009,6.21,25118.9
919022,4.77,25118.9
919023,5.35,1584.9
919024,5.59,8427.9
919041,5.2,19952.6
919047,5.08,25118.9
919055,5.43,31622.8
919061,5.99,25118.9
919063,4.98,25118.9
919065,5.79,39810.7
919070,5.49,3548.1
919075,5.59,14125.4
919087,4.93,199.5
919092,5.54,14125.4
919094,5.43,25118.9
919096,3.42,39810.7
919100,5.19,19952.6
919107,4.68,11220.2
919108,2.46,28183.8
919109,6.18,28183.8
919125,6.03,17782.8
919167,5.22,5011.9
919172,5.55,2818.4
919180,4.52,14125.4
919183,5.77,10000.0
919186,5.53,19952.6
919236,5.44,31622.8
919240,4.29,3981.1
919246,5.45,28183.8
919253,2.98,31622.8
919256,3.77,14125.4
919263,3.73,25118.9
919276,5.61,15848.9
919278,4.85,15848.9
919282,4.63,22387.2
919284,6.03,7943.3
919286,6.23,19952.6
919288,5.93,5011.9
919293,3.64,25118.9
919298,5.63,12589.3
919300,3.07,12589.3
919321,4.79,12589.3
919333,4.9,5623.4
919334,4.61,28183.8
919336,4.22,15848.9
919346,5.39,25118.9
919365,4.55,19952.6
919369,4.94,29903.3
919381,5.24,28183.8
919387,5.89,11220.2
919406,5.8,12589.3
919432,4.61,17782.8
919444,3.08,8912.5
919448,4.23,22387.2
919458,5.51,10000.0
919470,4.75,9456.25
919472,5.24,11904.75
919475,4.18,25118.9
919476,5.75,17782.8
919494,5.07,22387.2
919503,4.92,39810.7
919506,5.37,17782.8
919509,6.13,2511.9
919514,5.71,14125.4
919516,5.38,15848.9
919534,1.86,44668.4
919535,4.1,22387.2
919562,4.76,19952.6
919566,5.26,1995.3
919572,5.73,14125.4
919577,5.05,17782.8
919619,5.82,15848.9
919624,5.13,12589.3
919627,5.47,14125.4
919631,4.96,10000.0
919632,4.68,141.3
919634,4.31,26651.35
919637,5.82,17782.8
919642,5.62,10000.0
919644,5.25,1778.3
919646,5.16,8912.5
919647,5.37,10000.0
919648,5.09,19952.6
919649,5.25,3162.3
919666,5.43,21169.9
919674,4.49,11220.2
919687,5.61,19952.6
919689,4.76,31622.8
919690,2.28,19952.6
919691,5.79,3981.1
919730,3.76,25118.9
919743,5.52,22387.2
919746,4.07,39810.7
919757,4.47,12589.3
919758,4.78,751.1
919770,5.75,14125.4
919773,3.22,8912.5
919786,2.53,28183.8
919818,5.57,18867.7
919823,5.74,14987.15
919837,5.06,7079.5
919838,5.44,17782.8
919855,4.5,31622.8
919875,4.52,17782.8
919888,5.84,14987.15
919891,5.03,17782.8
919918,4.41,10000.0
919936,4.94,14125.4
919939,4.18,19952.6
919944,4.54,25118.9
919946,5.48,44668.4
919947,5.06,19952.6
919951,5.99,7943.3
919954,4.99,12589.3
919961,5.11,35481.3
919973,3.62,28183.8
919977,5.72,22387.2
919987,5.38,25118.9
919988,4.91,22387.2
919989,6.46,8427.9
919999,5.91,39810.7
920004,5.51,22387.2
920005,4.64,25118.9
920008,3.64,31622.8
920009,4.81,2818.4
920010,5.02,2818.4
920015,2.44,39810.7
920017,4.59,17782.8
920025,5.9,39810.7
920037,3.74,39810.7
920053,3.68,22387.2
920055,2.78,35481.3
920061,2.84,14125.4
920077,6.03,3162.3
920098,3.58,35481.3
920119,5.25,2511.9
920125,5.5,2818.4
920129,5.18,25118.9
920130,6.72,39810.7
920137,5.75,8912.5
920142,2.96,17782.8
920152,4.22,4466.8
920157,5.86,8912.5
920168,5.7,28183.8
920180,5.3,10000.0
920183,6.16,44668.4
920184,3.53,33552.05
920192,5.67,6309.6
920213,3.6,15848.9
920219,5.43,3548.1
920227,6.02,10000.0
920230,4.69,8427.9
920243,6.0,14125.4
920246,4.32,7079.5
920256,4.0,39810.7
920264,1.75,39810.7
920265,5.44,19952.6
920270,4.32,15848.9
920277,5.52,19952.6
920279,5.97,1258.9
920281,5.85,39810.7
920293,5.43,28183.8
920295,3.7,12589.3
920300,4.81,12589.3
920313,6.11,44668.4
920316,6.24,3981.1
920323,4.62,17782.8
920324,4.9,12589.3
920325,3.66,39810.7
920328,5.72,22387.2
920333,4.99,25118.9
920334,5.61,28183.8
920341,4.21,12589.3
920343,5.6,7079.5
920347,5.07,12589.3
920352,5.44,39810.7
920370,3.99,1258.9
920371,5.09,31622.8
920373,4.68,22387.2
920395,5.55,19952.6
920412,5.34,17782.8
920418,5.69,9456.25
920435,5.68,14125.4
920439,4.32,39810.7
920440,3.84,35481.3
920460,6.92,19952.6
920461,5.12,12589.3
920465,4.85,7943.3
920467,5.09,1584.9
920468,5.65,11220.2
920469,4.39,15848.9
920478,5.96,14125.4
920490,5.17,33552.05
920495,3.58,25118.9
920496,4.89,19952.6
920509,3.52,19952.6
920522,4.9,8912.5
920531,5.37,25118.9
920543,3.97,19952.6
920546,3.58,28183.8
920550,5.18,17782.8
920591,4.13,19952.6
920592,5.66,5011.9
920596,6.04,10000.0
920622,2.48,26651.35
920637,5.26,19952.6
920643,5.12,14125.4
920644,5.84,39810.7
920646,5.69,141.3
920650,4.56,11220.2
920652,6.04,2818.4
920666,4.43,8912.5
920669,5.9,5623.4
920671,5.17,17782.8
920674,4.83,10000.0
920687,3.85,39810.7
920700,5.09,17782.8
920704,3.45,3162.3
920705,5.34,12589.3
920722,5.82,26651.35
920724,2.05,31622.8
920741,4.84,5623.4
920748,4.99,5623.4
920753,5.81,8912.5
920762,3.62,15848.9
920764,3.88,35481.3
920768,5.24,12589.3
920791,3.55,31622.8
920792,5.95,199.5
920802,5.16,3162.3
920816,5.1,19952.6
920831,5.1,39810.7
920834,2.48,22387.2
920854,5.36,707.9
920859,4.06,15848.9
920861,5.69,28183.8
920876,4.6,39810.7
920888,4.91,10000.0
920894,3.68,7079.5
920903,4.25,39810.7
920904,5.78,10000.0
920905,5.73,15848.9
920909,4.27,7079.5
920915,5.32,3548.1
920923,4.38,4466.8
920926,5.21,3981.1
920933,4.67,39810.7
920956,4.14,1000.0
920978,4.63,10610.1
920979,4.63,14125.4
920984,5.68,14125.4
921016,4.86,15848.9
921030,4.4,17782.8
921032,4.28,15848.9
921036,6.02,31622.8
921041,3.64,39810.7
921046,3.63,17782.8
921049,6.24,14125.4
921054,4.88,4143.0
921058,6.25,7079.5
921080,5.79,22387.2
921081,4.27,6309.6
921113,4.89,12589.3
921115,4.11,19952.6
921125,4.68,1000.0
921134,4.1,39810.7
921143,5.1,12589.3
921151,5.08,12589.3
921157,4.58,12589.3
921187,4.19,16815.85
921198,5.56,19952.6
921200,5.05,25118.9
921214,5.5,39810.7
921215,5.88,39810.7
921226,5.12,33552.05
921247,4.0,354.8
921254,5.18,19952.6
921256,3.05,14125.4
921267,5.35,13357.35
921269,5.23,28183.8
921270,4.43,15848.9
921287,5.16,11220.2
921296,5.63,31622.8
921310,5.48,25118.9
921311,6.09,31622.8
921314,4.08,39810.7
921316,3.1,11220.2
921319,4.52,31622.8
921336,5.27,17782.8
921339,4.83,31622.8
921343,5.31,13357.35
921355,2.19,14125.4
921368,4.4,6309.6
921374,3.06,39810.7
921385,5.19,631.0
921387,5.13,11220.2
921389,5.85,17782.8
921404,5.61,22387.2
921416,4.86,11220.2
921423,4.93,12589.3
921441,4.23,31622.8
921445,5.84,5011.9
921455,5.09,28183.8
921458,4.77,1995.3
921459,5.21,14125.4
921474,4.76,11220.2
921478,5.53,3162.3
921488,2.46,31622.8
921489,4.52,22387.2
921496,5.57,31622.8
921500,3.79,39810.7
921510,4.78,12589.3
921512,3.56,14987.15
921516,5.83,15848.9
921534,2.23,44668.4
921538,5.85,39810.7
921552,4.61,3548.1
921554,5.11,39810.7
921557,4.45,10000.0
921563,5.7,1258.9
921564,5.26,14125.4
921580,4.55,23753.05
921581,5.0,10000.0
921586,3.71,44668.4
921608,5.57,10000.0
921615,5.31,31622.8
921634,4.22,19952.6
921643,5.63,11904.75
921650,4.98,14125.4
921651,3.74,37646.0
921653,5.17,794.3
921665,4.39,10000.0
921676,3.1,14987.15
921692,4.1,7943.3
921702,5.08,14125.4
921709,4.46,14125.4
921720,4.91,17782.8
921760,4.98,39810.7
921769,6.09,25118.9
921778,6.29,12589.3
921783,4.23,44668.4
921804,4.54,10000.0
921807,6.19,14125.4
921816,4.61,35481.3
921818,4.99,4466.8
921828,4.29,14125.4
921847,4.68,11220.2
921848,5.52,39810.7
921861,5.83,8427.9
921862,4.64,39810.7
921866,5.52,19952.6
921867,3.8,22387.2
921875,4.65,28183.8
921880,5.24,25118.9
921882,3.56,14125.4
921893,5.87,28183.8
921903,5.8,15848.9
921910,5.4,35481.3
921916,5.24,19952.6
921936,4.98,2818.4
921937,5.74,12589.3
921954,2.8,4466.8
921961,2.45,28183.8
921981,4.77,39810.7
921995,4.57,39810.7
921997,3.83,37646.0
921998,5.24,31622.8
922002,3.5,1122.0
922009,5.35,15848.9
922011,4.35,12589.3
922017,5.9,17782.8
922020,4.29,26651.35
922025,5.47,15848.9
922027,5.22,14125.4
922030,5.33,14987.15
922033,5.61,3162.3
922051,5.44,28183.8
922057,4.7,3162.3
922085,4.91,17782.8
922086,5.75,14125.4
922091,2.96,16815.85
922094,3.88,14125.4
922108,4.06,8912.5
922112,5.15,14125.4
922115,5.62,14125.4
922120,4.7,12589.3
922122,4.47,31622.8
922127,3.3,22387.2
922133,4.62,12589.3
922135,4.57,25118.9
922142,4.13,23753.05
922146,5.91,707.9
922148,5.39,19952.6
922149,4.99,14125.4
922168,4.26,25118.9
922173,7.22,28183.8
922185,5.85,15848.9
922198,5.18,17782.8
922208,4.45,25118.9
922211,4.29,11220.2
922212,4.15,39810.7
922213,5.39,11220.2
922245,3.59,10000.0
922254,4.71,22387.2
922258,4.53,1778.3
922277,4.29,14125.4
922280,5.82,3981.1
922283,6.03,3548.1
922289,3.14,22387.2
922292,3.88,39810.7
922302,5.2,18867.7
922304,4.92,17782.8
922315,5.05,14125.4
922328,5.3,11220.2
922336,3.22,17782.8
922342,5.64,22387.2
922344,5.79,11220.2
922350,3.78,19952.6
922359,5.23,22387.2
922361,4.08,17782.8
922369,3.48,28183.8
922380,4.2,2238.7
922402,2.92,12589.3
922413,5.3,15848.9
922414,4.77,11220.2
922421,3.83,39810.7
922427,5.95,12589.3
922442,4.7,1778.3
922446,5.04,794.3
922459,4.73,28183.8
922461,5.6,39810.7
922463,5.73,891.3
922480,5.29,25118.9
922482,6.22,12589.3
922486,3.36,31622.8
922497,5.0,3548.1
922507,5.0,25118.9
922517,5.15,39810.7
922518,3.4,11220.2
922542,4.12,14125.4
922545,4.51,15848.9
922568,4.69,39810.7
922572,5.12,31622.8
922578,5.38,39810.7
922579,3.77,4466.8
922580,4.08,8912.5
922582,5.64,1258.9
922592,4.51,13357.35
922603,5.85,25118.9
922611,4.58,13357.35
922615,5.02,1000.0
922624,4.02,7943.3
922631,5.34,28183.8
922638,3.89,1995.3
922640,5.61,23753.05
922672,4.56,11220.2
922674,6.14,29903.3
922685,6.02,3981.1
922687,4.91,17782.8
922695,5.64,12589.3
922706,6.11,17782.8
922712,5.33,17782.8
922718,3.81,25118.9
922724,6.03,31622.8
922728,5.02,13357.35
922738,5.54,17782.8
922751,5.95,28183.8
922752,4.73,19952.6
922757,5.24,11904.75
922765,3.89,28183.8
922768,4.48,25118.9
922777,3.4,11220.2
922800,4.35,2238.7
922801,4.82,26651.35
922808,5.73,31622.8
922821,6.02,10000.0
922822,5.11,31622.8
922823,3.46,13357.35
922850,3.21,19952.6
922852,5.21,28183.8
922855,5.3,3162.3
922872,5.6,28183.8
922874,5.03,891.3
922883,4.25,1412.5
922936,6.14,22387.2
922939,4.44,5011.9
922957,4.25,3162.3
922968,5.2,891.3
922973,4.97,2818.4
922976,5.75,11220.2
922983,5.41,17782.8
922997,6.14,15848.9
923002,5.65,25118.9
923007,5.54,28183.8
923011,4.89,7079.5
923020,5.77,25118.9
923036,4.52,14125.4
923044,4.04,19952.6
923054,3.47,22387.2
923057,2.9,39810.7
923059,5.12,2818.4
923060,5.42,8912.5
923064,6.21,18867.7
923081,5.93,10000.0
923086,4.39,1778.3
923131,5.41,14125.4
923132,5.1,39810.7
923137,5.45,2238.7
923146,5.85,39810.7
923153,3.78,3981.1
923156,4.98,14125.4
923157,6.09,3162.3
923160,5.5,15848.9
923171,3.88,35481.3
923179,5.39,17782.8
923189,5.8,44668.4
923192,5.67,25118.9
923204,5.75,28183.8
923206,4.6,3162.3
923208,4.86,5011.9
923229,4.82,19952.6
923237,5.37,35481.3
923238,3.47,35481.3
923244,4.87,25118.9
923245,4.82,10000.0
923246,3.26,8912.5
923249,5.44,15848.9
923252,2.42,28183.8
923255,4.38,33552.05
923260,3.5,14125.4
923277,5.38,35481.3
923290,4.74,6309.6
923292,4.12,8912.5
923296,3.09,31622.8
923297,4.61,223.9
923305,4.59,1122.0
923315,4.73,13357.35
923316,4.64,31622.8
923320,4.45,14125.4
923321,4.19,39810.7
923324,4.06,631.0
923330,4.97,25.1
923349,4.62,11220.2
923354,5.43,39810.7
923359,5.14,39810.7
923360,4.87,15848.9
923366,4.2,17782.8
923369,4.66,28183.8
923370,5.81,3162.3
923373,3.49,12589.3
923374,5.51,10000.0
923379,4.22,17782.8
923384,4.74,31622.8
923398,5.09,1886.8
923413,2.45,19952.6
923424,4.55,8912.5
923428,5.51,11220.2
923432,4.88,31622.8
923441,4.18,39810.7
923445,3.45,8912.5
923469,4.35,5011.9
923478,5.24,44668.4
923480,6.11,11220.2
923497,4.29,19952.6
923508,4.92,14125.4
923522,4.98,39810.7
923535,4.45,19952.6
923541,6.62,39810.7
923544,5.57,26651.35
923563,6.09,28183.8
923566,4.24,1995.3
923570,5.64,17782.8
923579,4.87,22387.2
923602,4.83,35481.3
923603,5.2,19952.6
923607,4.72,8912.5
923616,3.1,11220.2
923620,5.32,12589.3
923623,5.3,11220.2
923624,5.24,35481.3
923629,5.57,19952.6
923636,5.48,31622.8
923667,5.32,22387.2
923673,4.86,17782.8
923681,5.8,7943.3
923682,5.07,5623.4
923700,6.29,10610.1
923704,5.58,17782.8
923707,3.72,19952.6
923723,4.41,7943.3
923726,5.63,10000.0
923754,4.26,15848.9
923761,4.12,22387.2
923768,4.42,5623.4
923774,5.02,19952.6
923780,4.11,39810.7
923787,5.05,25118.9
923794,5.21,6309.6
923799,4.43,4466.8
923809,4.86,398.1
923810,4.74,19952.6
923811,5.59,22387.2
923817,6.28,12589.3
923831,5.11,44668.4
923832,3.82,7943.3
923835,3.05,11220.2
923840,4.7,31622.8
923850,3.44,12589.3
923851,5.38,28183.8
923853,5.1,39810.7
923866,4.65,2511.9
923869,3.53,39810.7
923871,5.34,35481.3
923882,5.45,15848.9
923885,5.78,39810.7
923891,4.93,35481.3
923904,4.53,11220.2
923909,4.55,12589.3
923915,5.96,22387.2
923919,3.92,31622.8
923923,3.98,39810.7
923933,5.54,11220.2
923936,4.23,19952.6
923954,5.38,31622.8
923956,5.49,707.9
923967,3.9,31622.8
923972,2.31,15848.9
923973,5.38,31622.8
923974,5.72,10000.0
923985,4.46,15848.9
924003,4.73,3548.1
924012,4.19,15848.9
924014,4.69,17782.8
924020,5.69,44668.4
924024,4.19,5623.4
924026,4.74,11220.2
924027,4.05,35481.3
924028,5.29,17782.8
924038,5.45,25118.9
924042,5.39,6309.6
924051,5.91,14125.4
924065,3.21,3548.1
924080,5.9,28183.8
924087,4.6,2990.35
924110,4.17,18867.7
924115,5.06,18867.7
924117,6.08,11220.2
924125,3.59,25118.9
924136,5.33,22387.2
924147,3.01,22387.2
924148,4.45,5623.4
924149,5.1,12589.3
924158,5.71,8912.5
924164,5.79,12589.3
924165,6.55,39810.7
924174,3.57,14125.4
924186,5.8,17782.8
924200,4.05,8912.5
924217,4.88,15848.9
924220,5.06,39810.7
924225,5.03,15848.9
924228,5.78,17782.8
924243,5.91,14125.4
924251,3.63,14125.4
924261,5.26,25118.9
924270,4.72,11220.2
924287,5.83,16815.85
924293,5.85,8912.5
924301,5.62,15848.9
924303,3.89,39810.7
924305,3.84,8912.5
924306,5.18,17782.8
924307,5.15,44668.4
924309,4.03,6309.6
924310,4.49,22387.2
924312,5.77,35481.3
924320,5.94,28183.8
924331,4.01,4466.8
924335,5.64,35481.3
924350,5.73,25118.9
924353,5.97,10000.0
924402,4.88,12589.3
924417,5.39,2818.4
924424,3.56,31622.8
924429,4.07,22387.2
924460,5.29,7943.3
924484,5.83,11904.75
924488,5.75,4466.8
924491,4.2,8912.5
924495,5.27,25118.9
924499,5.55,14125.4
924520,5.51,15848.9
924523,2.36,7079.5
924526,4.95,2511.9
924532,4.89,28183.8
924534,3.72,8912.5
924548,4.64,19952.6
924555,5.79,15848.9
924569,5.65,44668.4
924570,5.64,29903.3
924574,3.28,22387.2
924575,5.14,28183.8
924589,4.87,39810.7
924591,3.44,26651.35
924594,3.55,10000.0
924603,5.73,8912.5
924605,5.72,25118.9
924617,4.96,100.0
924619,6.03,16815.85
924635,2.8,12589.3
924645,4.97,29903.3
924651,5.26,11220.2
924653,4.34,10000.0
924661,5.29,44668.4
924664,4.31,17782.8
924680,5.85,28183.8
924684,4.06,13357.35
924692,4.05,39810.7
924695,5.49,17782.8
924705,5.38,15848.9
924717,4.61,35481.3
924722,4.27,35481.3
924724,3.94,631.0
924731,5.38,17782.8
924734,5.3,4466.8
924735,5.51,17782.8
924747,5.9,19952.6
924755,5.82,39810.7
924758,5.42,26651.35
924767,5.93,28183.8
924774,3.98,13357.35
924784,5.6,17782.8
924794,3.27,19952.6
924796,5.25,17782.8
924799,3.19,28183.8
924808,5.13,8912.5
924816,6.29,31622.8
924824,4.17,3162.3
924833,4.02,25118.9
924863,5.41,39810.7
924866,4.1,17782.8
924887,5.63,31622.8
924898,4.18,17782.8
924899,5.65,25118.9
924902,4.88,17782.8
924916,5.94,22387.2
924944,3.59,3162.3
924947,5.33,15848.9
924949,4.11,31622.8
924963,4.29,44668.4
924970,4.9,17782.8
924985,3.9,19952.6
925007,4.27,19952.6
925009,5.12,15848.9
925013,3.75,2818.4
925017,4.74,14125.4
925019,5.26,12589.3
925020,5.87,354.8
925024,4.7,2511.9
925039,3.89,17782.8
925041,4.11,7079.5
925042,4.87,15848.9
925049,3.99,10000.0
925051,5.41,5011.9
925060,5.66,31622.8
925067,4.45,17782.8
925078,5.55,39810.7
925083,4.74,6309.6
925100,3.99,25118.9
925105,3.44,12589.3
925107,2.53,39810.7
925111,4.25,3548.1
925120,5.1,15848.9
925127,5.59,35481.3
925134,5.69,3548.1
925135,2.1,39810.7
925139,4.61,15848.9
925148,5.9,8912.5
925158,4.15,28183.8
925163,4.86,25.1
925166,4.65,17782.8
925169,5.68,3162.3
925186,5.79,15848.9
925189,4.92,7079.5
925191,4.73,14125.4
925203,5.38,25118.9
925233,5.66,10000.0
925239,4.28,22387.2
925244,5.91,15848.9
925247,5.9,28183.8
925260,3.9,17782.8
925272,4.8,10000.0
925280,6.08,25118.9
925286,4.66,17782.8
925296,5.84,37646.0
925303,3.31,12589.3
925322,5.2,15848.9
925328,5.62,22387.2
925338,5.08,25118.9
925350,4.33,35481.3
925356,5.81,39810.7
925359,6.02,14125.4
925384,5.69,12589.3
925385,4.24,3981.1
925387,4.43,17782.8
925389,5.55,22387.2
925390,4.55,2511.9
925391,4.89,25118.9
925393,3.59,1778.3
925399,3.05,19952.6
925402,2.98,7943.3
925403,3.61,22387.2
925407,4.68,39810.7
925415,4.78,25.1
925417,5.69,25118.9
925424,5.75,8912.5
925428,4.3,14125.4
925442,5.22,15848.9
925447,4.26,5623.4
925448,5.19,25118.9
925468,6.09,17782.8
925473,4.12,25118.9
925495,3.72,7079.5
925497,3.87,35481.3
925498,4.92,22387.2
925500,5.88,12589.3
925502,4.53,15848.9
925507,5.61,7079.5
925519,5.74,35481.3
925541,4.53,31622.8
925542,4.92,8912.5
925556,3.18,39810.7
925560,4.28,19952.6
925568,5.11,15848.9
925573,5.68,35481.3
925578,4.35,707.9
925591,4.52,25118.9
925600,5.56,7079.5
925601,2.74,14125.4
925607,4.74,39810.7
925608,4.35,17782.8
925610,4.68,5623.4
925612,3.96,11220.2
925615,2.88,19952.6
925626,5.51,31622.8
925627,5.97,2511.9
925635,3.51,25118.9
925638,4.59,3162.3
925645,2.04,25118.9
925657,5.48,31622.8
925661,5.56,15848.9
925671,4.85,14125.4
925680,5.43,25118.9
925694,4.93,12589.3
925698,4.47,25118.9
925708,4.09,15848.9
925719,5.3,15848.9
925725,4.38,28183.8
925726,4.89,15848.9
925758,4.96,19952.6
925768,4.45,28183.8
925782,4.07,25118.9
925784,5.17,25.1
925799,5.84,39810.7
925821,4.18,15848.9
925840,4.78,11220.2
925852,5.4,39810.7
925870,5.05,17782.8
925878,5.86,31622.8
925880,3.45,28183.8
925884,4.83,15848.9
925886,4.78,13357.35
925892,5.5,39810.7
925896,5.66,17782.8
925899,4.72,10000.0
925908,4.78,5011.9
925911,2.07,22387.2
925922,4.77,14125.4
925925,3.13,199.5
925930,5.43,3162.3
925940,3.24,39810.7
925943,4.05,39810.7
925949,4.14,8912.5
925953,5.4,2511.9
925974,4.66,15848.9
925979,5.19,12589.3
925985,5.12,11220.2
926002,5.21,28183.8
926013,5.25,44668.4
926021,2.57,17782.8
926025,4.06,3548.1
926029,5.4,11220.2
926035,4.74,39810.7
926037,4.74,39810.7
926043,4.69,1412.5
926046,5.45,33552.05
926049,5.36,22387.2
926051,5.05,39810.7
926053,5.78,14125.4
926056,4.67,14125.4
926065,5.95,35481.3
926068,4.28,7943.3
926070,5.41,17782.8
926084,4.7,14125.4
926087,4.55,26651.35
926096,4.38,14125.4
926101,4.71,14987.15
926112,4.76,35481.3
926130,5.69,8912.5
926143,5.51,28183.8
926145,4.89,10000.0
926163,4.14,14125.4
926168,3.42,15848.9
926169,5.48,31622.8
926173,5.15,6309.6
926179,4.16,8912.5
926181,4.18,14125.4
926186,4.78,25118.9
926194,5.49,39810.7
926197,4.35,28183.8
926201,4.03,12589.3
926222,5.94,28183.8
926224,4.77,17782.8
926235,4.88,17782.8
926248,3.27,2238.7
926256,4.07,28183.8
926258,5.88,17782.8
926279,4.26,31622.8
926281,6.0,14125.4
926282,5.07,19952.6
926291,3.63,11220.2
926293,5.91,15848.9
926299,3.55,31622.8
926304,6.87,22387.2
926313,5.05,12589.3
926318,4.82,8912.5
926319,4.82,22387.2
926321,5.45,11220.2
926330,5.63,39810.7
926333,4.6,11220.2
926337,5.01,3162.3
926342,3.41,17782.8
926352,3.72,3162.3
926354,3.78,31622.8
926363,4.47,25.1
926367,3.15,25118.9
926371,5.9,9456.25
926399,4.28,354.8
926407,5.76,28183.8
926411,4.87,22387.2
926412,5.19,15848.9
926414,5.55,39810.7
926418,4.78,15848.9
926434,3.72,19952.6
926439,5.47,19952.6
926442,4.31,12589.3
926444,3.08,15848.9
926449,4.95,25118.9
926484,4.21,14125.4
926489,5.87,31622.8
926510,4.42,12589.3
926512,6.13,12589.3
926523,2.74,37646.0
926528,2.95,23753.05
926538,5.84,31622.8
926551,5.76,7943.3
926562,4.55,28183.8
926573,5.43,22387.2
926574,5.12,44668.4
926581,6.1,39810.7
926585,5.92,35481.3
926590,4.54,3981.1
926593,4.69,29903.3
926596,5.24,12589.3
926604,3.79,29903.3
926611,5.4,22387.2
926614,3.88,39810.7
926615,4.04,12589.3
926616,5.31,19952.6
926622,3.91,22387.2
926631,3.83,15848.9
926637,5.55,35481.3
926648,4.41,14125.4
926655,5.78,15848.9
926656,5.32,89.1
926658,4.95,15848.9
926663,3.72,3162.3
926678,2.52,17782.8
926680,3.36,44668.4
926686,5.58,6309.6
926724,3.4,19952.6
926728,5.1,3981.1
926737,3.41,12589.3
926738,4.08,29903.3
926740,4.15,12589.3
926744,3.39,22387.2
926753,4.42,31622.8
926776,4.4,7943.3
926778,5.67,31622.8
926781,5.69,28183.8
926782,4.96,5623.4
926790,5.73,35481.3
926803,4.68,28183.8
926808,5.63,35481.3
926820,3.26,44668.4
926825,3.68,5011.9
926827,4.62,5623.4
926838,6.19,39810.7
926840,4.51,31622.8
926864,4.43,31622.8
926867,4.28,31622.8
926879,5.31,7943.3
926891,6.01,5011.9
926900,4.45,14987.15
926911,4.59,35481.3
926914,4.82,28183.8
926923,5.97,14125.4
926927,6.07,6309.6
926931,5.02,11220.2
926941,5.71,39810.7
926942,5.3,39810.7
926943,4.87,44668.4
926951,3.34,39810.7
926975,3.17,17782.8
926979,4.97,891.3
926986,4.32,12589.3
926990,3.95,5011.9
926994,6.01,14125.4
926995,4.34,10000.0
926997,3.95,39810.7
926999,5.09,31622.8
927002,3.89,26651.35
927007,6.25,31622.8
927013,4.79,17782.8
927030,4.11,11220.2
927031,5.54,8912.5
927047,5.71,31622.8
927049,5.25,3162.3
927051,2.61,199.5
927056,3.13,17782.8
927072,5.85,12589.3
927077,5.2,11220.2
927087,4.82,7943.3
927090,5.21,1584.9
927099,5.62,39810.7
927110,6.02,1584.9
927113,4.19,19952.6
927122,3.66,7511.4
927123,3.87,11220.2
927128,4.47,15848.9
927130,4.36,14125.4
927131,3.51,7079.5
927139,4.14,14125.4
927141,3.98,10000.0
927143,4.73,7943.3
927146,4.61,39810.7
927148,5.21,8912.5
927149,3.65,17782.8
927157,3.64,2818.4
927164,4.85,15848.9
927174,4.69,28183.8
927176,3.82,25118.9
927183,4.59,891.3
927185,4.12,4466.8
927190,5.36,794.3
927191,5.82,19952.6
927193,5.98,15848.9
927197,3.86,31622.8
927203,5.91,7943.3
927261,5.07,11220.2
927263,4.51,1122.0
927271,5.06,19952.6
927273,5.27,12589.3
927274,4.09,3162.3
927284,6.04,11220.2
927306,3.75,3162.3
927309,5.49,15848.9
927316,5.78,39810.7
927320,4.8,19952.6
927326,4.59,14125.4
927330,4.89,35481.3
927343,2.82,28183.8
927344,4.71,11904.75
927347,4.33,12589.3
927352,4.68,17782.8
927360,5.83,39810.7
927365,5.48,631.0
927367,4.64,3981.1
927376,4.45,13357.35
927395,4.66,12589.3
927397,5.03,35481.3
927402,5.51,17782.8
927421,5.15,25118.9
927432,3.99,31622.8
927443,6.1,2238.7
927445,5.77,25118.9
927453,5.07,2238.7
927458,5.58,7079.5
927468,4.23,39810.7
927469,5.97,22387.2
927470,5.5,8912.5
927488,4.55,15848.9
927492,2.51,3981.1
927505,4.61,31622.8
927508,5.24,707.9
927523,4.92,11220.2
927536,4.78,28183.8
927541,2.89,11220.2
927551,4.09,37646.0
927561,5.77,17782.8
927576,3.86,22387.2
927586,4.52,11220.2
927608,4.45,25118.9
927610,5.71,35481.3
927611,4.94,39810.7
927613,4.79,11220.2
927625,4.92,1995.3
927627,4.99,9456.25
927628,4.16,19952.6
927647,5.47,12589.3
927659,3.87,35481.3
927660,4.82,19952.6
927661,4.58,39810.7
927668,4.33,14125.4
927679,5.48,22387.2
927681,4.51,11220.2
927702,3.63,22387.2
927703,4.84,8912.5
927707,5.36,3981.1
927718,6.14,28183.8
927733,5.8,39810.7
927748,4.0,12589.3
927767,5.74,25118.9
927782,3.02,7943.3
927784,4.64,8912.5
927803,3.91,39810.7
927812,6.18,28183.8
927822,4.19,44668.4
927831,3.53,12589.3
927833,3.83,31622.8
927834,5.86,18867.7
927845,3.27,16815.85
927851,5.37,39810.7
927860,4.17,44668.4
927873,3.28,3162.3
927879,5.27,22387.2
927888,4.79,44668.4
927891,5.8,17782.8
927897,5.53,15848.9
927907,5.05,14125.4
927951,4.38,7943.3
927957,4.71,4466.8
927970,3.97,31622.8
927974,5.38,8912.5
927981,4.65,1995.3
927992,3.69,39810.7
927997,6.62,14125.4
928001,4.53,28183.8
928003,5.36,22387.2
928026,3.62,19952.6
928036,4.22,19952.6
928040,5.24,17782.8
928041,3.61,14125.4
928044,5.44,22387.2
928086,3.2,39810.7
928092,4.48,26651.35
928100,5.33,5011.9
928110,4.71,25118.9
928114,3.56,15848.9
928121,5.48,22387.2
928126,5.64,35481.3
928138,4.93,25118.9
928140,4.9,19952.6
928146,3.81,39810.7
928160,5.57,8912.5
928165,5.61,19952.6
928178,5.78,25118.9
928208,5.25,17782.8
928213,4.58,17782.8
928232,5.62,39810.7
928247,5.76,26651.35
928269,5.11,31622.8
928272,2.6,10000.0
928277,4.32,28183.8
928280,5.33,28183.8
928282,4.97,14125.4
928287,5.77,31622.8
928295,5.75,22387.2
928296,5.06,31622.8
928303,5.28,28183.8
928305,6.53,3981.1
928306,4.61,14125.4
928309,6.07,25118.9
928310,3.22,17782.8
928319,4.78,5623.4
928349,5.95,25118.9
928353,4.21,11904.75
928354,4.19,12589.3
928369,5.34,28183.8
928378,5.53,1778.3
928380,4.94,1995.3
928391,4.22,35481.3
928398,4.03,39810.7
928403,5.95,35481.3
928404,5.45,25118.9
928408,5.33,10000.0
928410,5.73,14987.15
928412,5.22,3981.1
928413,5.06,35481.3
928415,4.31,17782.8
928436,4.34,707.9
928440,3.94,2818.4
928442,4.41,17782.8
928443,4.13,22387.2
928451,5.58,12589.3
928459,4.7,3981.1
928461,4.44,28183.8
928470,4.47,35481.3
928475,4.49,25118.9
928476,3.6,12589.3
928486,3.69,26651.35
928494,5.26,14125.4
928496,4.85,10610.1
928507,4.95,28183.8
928509,3.43,31622.8
928539,2.23,29903.3
928546,5.28,3548.1
928549,6.39,28183.8
928569,5.07,35481.3
928570,3.64,15848.9
928578,5.96,17782.8
928584,4.69,44668.4
928593,3.69,28183.8
928599,4.65,44668.4
928604,5.12,31622.8
928625,3.75,25118.9
928627,4.91,10000.0
928642,4.34,35481.3
928645,4.23,28183.8
928661,2.7,10000.0
928663,2.39,17782.8
928665,2.31,22387.2
928666,5.6,28183.8
928670,3.37,39810.7
928674,5.05,28183.8
928677,5.01,39810.7
928678,4.17,19952.6
928689,5.26,44668.4
928705,4.14,3548.1
928717,5.86,14987.15
928731,4.13,22387.2
928751,4.34,19952.6
928759,5.2,15848.9
928764,4.88,7079.5
928766,5.44,28183.8
928773,4.25,1778.3
928779,5.25,6309.6
928790,2.63,562.3
928802,4.74,12589.3
928811,3.86,56234.1
928812,6.44,7943.3
928814,3.68,31622.8
928833,5.58,13357.35
928841,4.44,39810.7
928850,5.02,891.3
928859,6.44,15848.9
928860,4.29,17782.8
928862,5.15,7943.3
928868,4.94,39810.7
928869,5.41,28183.8
928879,3.79,14125.4
928881,3.94,3548.1
928884,5.88,17782.8
928887,4.03,14125.4
928890,5.43,15848.9
928891,4.47,39810.7
928912,3.21,12589.3
928923,4.23,22387.2
928932,5.64,8912.5
928933,4.05,25118.9
928937,4.29,25118.9
928944,4.4,5623.4
928947,6.05,6309.6
928949,5.78,17782.8
928981,5.73,17782.8
928983,6.06,44668.4
928993,5.35,15848.9
929010,3.88,7079.5
929042,5.15,14125.4
929051,2.84,1000.0
929052,5.09,281.8
929053,4.25,17782.8
929058,4.07,17782.8
929059,4.4,7943.3
929061,3.22,28183.8
929077,5.65,15848.9
929095,4.07,12589.3
929103,5.8,15848.9
929105,5.97,12589.3
929108,5.9,35481.3
929111,5.17,15848.9
929113,3.64,7079.5
929116,5.56,14125.4
929118,4.22,31622.8
929127,4.58,22387.2
929131,4.84,8912.5
929140,3.8,15848.9
929142,4.44,6309.6
929153,4.0,28183.8
929161,5.44,10000.0
929176,3.55,44668.4
929185,3.33,3981.1
929204,4.78,707.9
929207,5.05,28183.8
929212,4.12,22387.2
929218,5.4,891.3
929225,4.3,25118.9
929235,4.95,25118.9
929242,5.07,35481.3
929257,4.24,7079.5
929259,4.46,17782.8
929274,4.03,22387.2
929284,4.79,14125.4
929295,4.86,12589.3
929339,5.4,15848.9
929346,3.32,17782.8
929353,3.47,22387.2
929355,4.74,22387.2
929358,4.1,19952.6
929360,5.72,1995.3
929366,5.45,15848.9
929374,4.96,1995.3
929375,3.54,39810.7
929377,5.53,15848.9
929379,5.45,35481.3
929383,4.97,3981.1
929417,5.84,19952.6
929420,3.97,22387.2
929427,5.51,2238.7
929444,4.07,354.8
929449,5.22,25118.9
929453,4.74,7079.5
929470,4.82,39810.7
929485,5.75,39810.7
929488,4.27,12589.3
929494,3.82,3162.3
929500,5.7,31622.8
929507,4.42,17782.8
929511,5.94,3162.3
929512,5.55,39810.7
929518,5.68,2511.9
929524,4.97,14987.15
929549,4.85,44668.4
929569,5.52,25118.9
929571,5.41,17782.8
929572,5.89,14125.4
929573,4.72,10000.0
929575,4.94,11220.2
929579,4.75,39810.7
929589,5.31,15848.9
929604,4.8,15848.9
929631,5.0,8912.5
929633,5.97,39810.7
929636,4.98,11220.2
929641,5.5,15848.9
929644,5.82,7943.3
929652,4.29,11220.2
929658,4.8,31622.8
929671,4.41,28183.8
929708,4.54,14125.4
929709,5.24,31622.8
929716,5.29,19952.6
929719,4.05,2511.9
929722,5.59,22387.2
929727,5.12,19952.6
929750,5.83,39810.7
929754,4.14,15848.9
929757,4.01,25118.9
929759,4.72,28183.8
929797,5.71,15848.9
929798,4.43,10000.0
929814,4.99,21169.9
929827,5.3,28183.8
929831,4.91,39810.7
929841,4.68,10000.0
929846,4.46,25118.9
929852,5.14,11904.75
929853,4.5,15848.9
929854,5.64,39810.7
929856,5.75,31622.8
929858,5.09,25118.9
929887,4.49,8912.5
929892,5.63,11904.75
929927,2.86,17782.8
929929,4.96,13357.35
929940,3.85,28183.8
929960,3.14,8912.5
929978,3.55,3981.1
929988,4.32,39810.7
930015,3.59,3981.1
930016,4.99,25118.9
930028,4.32,25118.9
930042,4.43,44668.4
930049,6.65,17782.8
930050,4.79,14987.15
930059,3.96,35481.3
930065,3.22,12589.3
930072,3.93,794.3
930087,3.88,31622.8
930101,4.92,8912.5
930113,5.27,10000.0
930121,5.19,39810.7
930122,4.67,39810.7
930127,4.7,8912.5
930128,5.82,28183.8
930130,5.41,28183.8
930133,6.02,13357.35
930134,5.43,4466.8
930136,3.49,12589.3
930142,5.76,44668.4
930143,4.73,15848.9
930150,5.4,10000.0
930155,5.47,31622.8
930156,4.25,12589.3
930165,3.47,8912.5
930167,4.49,28183.8
930184,6.15,39810.7
930185,5.41,13357.35
930211,3.76,12589.3
930223,5.33,19952.6
930227,2.8,31622.8
930235,5.42,10610.1
930242,4.98,12589.3
930247,2.0,3548.1
930264,5.7,562.3
930298,5.45,19952.6
930304,5.67,14125.4
930311,3.77,11220.2
930315,5.38,12589.3
930318,4.66,22387.2
930320,5.17,10000.0
930321,6.22,19952.6
930326,4.34,14125.4
930335,6.11,19952.6
930336,4.8,3981.1
930345,3.88,14125.4
930357,3.3,44668.4
930364,3.87,316.2
930383,4.59,17782.8
930394,4.01,14125.4
930404,5.99,31622.8
930410,4.74,12589.3
930417,4.43,44668.4
930430,5.41,35481.3
930442,4.58,5623.4
930457,4.73,10000.0
930458,5.27,17782.8
930463,3.89,35481.3
930476,5.11,707.9
930483,5.43,891.3
930484,3.43,35481.3
930487,5.31,10000.0
930490,3.48,15848.9
930497,5.2,15848.9
930501,4.4,5623.4
930506,3.64,14987.15
930508,4.82,28183.8
930510,5.12,25118.9
930521,4.46,25118.9
930522,5.09,14125.4
930530,4.87,19952.6
930536,3.52,17782.8
930563,4.67,19952.6
930566,6.21,11220.2
930571,5.78,15848.9
930574,4.97,17782.8
930578,4.61,31622.8
930590,5.15,17782.8
930596,4.45,14125.4
930616,4.23,14125.4
930617,5.56,39810.7
930622,5.34,5011.9
930630,5.2,7943.3
930633,5.24,631.0
930634,4.62,31622.8
930640,4.84,25118.9
930655,3.52,7079.5
930682,5.04,25118.9
930689,5.61,44668.4
930694,5.77,22387.2
930703,5.16,25118.9
930716,5.53,1258.9
930727,5.92,14987.15
930733,5.03,8912.5
930743,5.74,7943.3
930747,5.03,31622.8
930748,4.4,39810.7
930777,4.97,25118.9
930803,3.75,7943.3
930806,5.91,17782.8
930811,5.94,22387.2
930822,3.69,14125.4
930835,5.7,14125.4
930841,4.35,19952.6
930862,5.21,17782.8
930869,5.39,39810.7
930882,5.51,39810.7
930886,4.86,39810.7
930892,4.79,398.1
930902,5.67,3548.1
930906,5.69,10000.0
930911,3.66,25118.9
930912,2.94,10000.0
930916,5.65,8912.5
930920,4.76,23753.05
930940,4.78,10000.0
930947,3.12,15848.9
930957,5.24,15848.9
930975,5.02,17782.8
930982,4.6,19952.6
930986,4.98,3162.3
930998,3.35,35481.3
931005,4.3,19952.6
931020,6.19,3162.3
931021,3.99,4466.8
931031,5.58,19952.6
931033,3.7,17782.8
931041,5.69,8912.5
931061,4.63,22387.2
931064,6.0,25118.9
931070,5.12,12589.3
931074,4.57,7079.5
931079,5.57,15848.9
931080,5.31,15848.9
931098,3.18,8912.5
931119,4.66,3162.3
931122,5.19,19952.6
931123,5.96,44668.4
931154,5.89,39810.7
931158,4.09,14125.4
931168,6.29,21169.9
931176,4.54,39810.7
931181,5.76,5623.4
931185,4.69,25.1
931196,5.57,15848.9
931209,5.25,44668.4
931215,5.14,28183.8
931226,5.76,31622.8
931228,5.18,17782.8
931252,5.61,891.3
931292,5.49,5011.9
931306,5.43,10000.0
931307,5.69,22387.2
931308,4.31,125.9
931312,4.88,2511.9
931314,4.29,281.8
931321,5.82,8912.5
931325,6.15,8912.5
931339,3.42,14125.4
931357,5.07,39810.7
931358,4.55,17782.8
931370,5.04,2990.35
931373,5.54,17782.8
931384,3.64,12589.3
931388,5.66,3981.1
931396,4.94,2238.7
931405,4.93,1122.0
931411,4.19,44668.4
931421,3.23,15848.9
931424,3.85,35481.3
931425,5.55,14125.4
931431,4.54,8912.5
931453,4.85,11220.2
931456,4.56,7079.5
931462,5.25,17782.8
931473,5.71,1412.5
931501,4.78,14125.4
931505,5.58,17782.8
931509,4.89,8912.5
931518,2.13,7943.3
931520,4.47,17782.8
931536,3.77,25118.9
931541,5.58,35481.3
931556,5.54,316.2
931560,4.52,28183.8
931562,5.27,19952.6
931564,5.75,19952.6
931566,4.51,25118.9
931567,5.54,6309.6
931571,4.21,44668.4
931576,4.19,19952.6
931584,5.42,14125.4
931592,1.68,4466.8
931597,3.94,39810.7
931603,4.58,31622.8
931607,4.88,17782.8
931616,3.66,31622.8
931624,4.65,5011.9
931628,4.11,8912.5
931634,5.21,28183.8
931640,5.59,22387.2
931664,3.95,14125.4
931668,5.59,39810.7
931673,5.59,10610.1
931697,2.29,25118.9
931700,5.23,35481.3
931702,5.7,10000.0
931712,5.11,14125.4
931722,4.24,12589.3
931729,6.28,10000.0
931730,6.03,1000.0
931744,4.24,22387.2
931745,5.37,3162.3
931750,4.74,22387.2
931752,4.61,2238.7
931765,6.21,28183.8
931767,1.72,10000.0
931778,5.22,22387.2
931785,5.25,19952.6
931786,5.17,8912.5
931788,5.57,8912.5
931796,5.01,11220.2
931799,3.53,5623.4
931808,5.8,35481.3
931811,4.33,15848.9
931814,4.94,39810.7
931823,4.69,10000.0
931830,3.34,25118.9
931845,4.42,19952.6
931846,5.13,4466.8
931847,5.34,14125.4
931852,3.75,39810.7
931877,3.08,28183.8
931881,5.64,11220.2
931885,4.96,14125.4
931888,5.52,25118.9
931894,5.29,39810.7
931895,4.57,31622.8
931908,5.35,25118.9
931920,4.67,25118.9
931928,3.47,14125.4
931952,3.01,15848.9
931955,4.79,6309.6
931970,4.81,7943.3
931974,4.76,1000.0
931994,2.92,22387.2
931997,4.86,5011.9
932001,5.42,12589.3
932005,3.74,10000.0
932022,4.24,1995.3
932030,6.18,12589.3
932040,4.79,28183.8
932041,4.97,28183.8
932048,4.61,39810.7
932059,4.37,25118.9
932063,4.67,15848.9
932064,3.05,35481.3
932070,6.03,31622.8
932076,4.21,1122.0
932080,5.56,3981.1
932099,4.91,7079.5
932107,5.65,11220.2
932110,1.86,21169.9
932113,3.44,25118.9
932129,5.51,3548.1
932139,4.57,10000.0
932153,4.9,22387.2
932157,4.93,3981.1
932158,5.02,22387.2
932162,4.26,14125.4
932179,4.66,19952.6
932180,5.76,19952.6
932221,4.24,17782.8
932234,6.12,22387.2
932241,2.37,28183.8
932249,5.46,5011.9
932261,3.58,3548.1
932270,3.6,11220.2
932289,4.25,17782.8
932301,3.75,39810.7
932308,4.98,17782.8
932317,3.53,14125.4
932322,3.8,15848.9
932336,5.18,19952.6
932337,4.17,19952.6
932339,4.91,15848.9
932345,5.17,14125.4
932351,5.98,25118.9
932356,2.27,14125.4
932358,5.23,10000.0
932369,3.58,25118.9
932386,4.9,39810.7
932403,2.84,14125.4
932405,3.98,14125.4
932406,4.54,5011.9
932407,4.39,25118.9
932409,4.05,10000.0
932412,4.35,17782.8
932415,4.99,12589.3
932423,5.02,44668.4
932437,4.99,14125.4
932439,5.27,29903.3
932442,6.06,10000.0
932451,4.87,31622.8
932468,4.21,22387.2
932475,6.38,25118.9
932504,4.32,28183.8
932526,5.27,2818.4
932549,4.65,14125.4
932562,5.85,25118.9
932565,5.54,19952.6
932566,5.61,25118.9
932576,5.65,19952.6
932582,3.86,354.8
932583,6.0,28183.8
932595,4.83,31622.8
932600,4.5,14125.4
932604,3.76,1412.5
932605,3.49,7943.3
932607,5.69,16815.85
932639,5.03,31622.8
932665,5.89,1778.3
932677,4.29,16815.85
932721,3.84,14125.4
932723,5.72,7511.4
932728,5.32,31622.8
932734,4.75,39810.7
932738,3.75,12589.3
932753,3.6,19952.6
932755,4.99,13357.35
932756,5.26,39810.7
932759,5.29,22387.2
932761,3.81,25118.9
932768,4.69,15848.9
932779,5.39,33552.05
932780,4.14,8912.5
932786,4.73,17782.8
932789,4.72,29903.3
932794,5.51,14125.4
932798,5.6,14125.4
932799,4.36,25118.9
932800,4.08,31622.8
932802,4.4,28183.8
932814,6.23,11220.2
932816,4.72,11220.2
932817,3.73,15848.9
932830,5.58,22387.2
932838,3.31,28183.8
932842,4.55,14125.4
932849,4.28,31622.8
932864,5.87,28183.8
932874,5.31,15848.9
932891,4.94,19952.6
932901,4.66,22387.2
932926,4.29,22387.2
932935,4.61,15848.9
932937,5.17,21169.9
932948,4.2,44668.4
932962,3.94,14125.4
932966,4.78,14125.4
932971,4.83,8912.5
932974,5.53,28183.8
932978,5.44,22387.2
932996,4.12,17782.8
932997,4.38,31622.8
933000,3.78,39810.7
933013,6.35,25118.9
933019,5.76,10000.0
933020,5.62,25118.9
933029,5.07,6309.6
933032,3.64,14125.4
933046,3.36,15848.9
933049,5.96,17782.8
933058,5.72,22387.2
933066,6.38,22387.2
933069,2.15,39810.7
933080,4.51,17782.8
933099,5.58,8912.5
933111,4.52,3162.3
933117,5.62,1778.3
933131,5.18,10000.0
933142,5.76,5011.9
933143,4.1,2238.7
933150,4.44,26651.35
933151,4.56,16815.85
933153,2.15,8912.5
933155,5.92,28183.8
933156,2.66,79.4
933171,5.21,3548.1
933176,5.73,17782.8
933190,5.46,8912.5
933201,3.95,11904.75
933204,5.15,39810.7
933208,4.6,22387.2
933211,3.94,15848.9
933223,5.39,14987.15
933228,5.72,39810.7
933232,4.96,39810.7
933233,2.4,25118.9
933236,3.15,17782.8
933241,3.93,31622.8
933248,4.41,25118.9
933249,4.84,19952.6
933251,4.58,15848.9
933253,4.62,37646.0
933256,5.57,2238.7
933283,4.3,14125.4
933299,4.71,11220.2
933302,4.57,2511.9
933308,4.8,10000.0
933335,5.06,22387.2
933336,3.44,7943.3
933337,5.08,2375.3
933361,3.96,22387.2
933371,4.52,1258.9
933390,3.68,35481.3
933435,5.09,44668.4
933442,4.28,31622.8
933453,4.25,5011.9
933458,4.09,17782.8
933460,3.61,44668.4
933477,2.63,25118.9
933480,3.64,4466.8
933484,5.48,31622.8
933494,4.89,28183.8
933496,5.8,35481.3
933503,5.19,14125.4
933507,4.21,25118.9
933514,4.24,28183.8
933521,5.52,25118.9
933524,4.47,1778.3
933529,5.06,31622.8
933537,4.8,25118.9
933547,6.36,14125.4
933552,4.42,18867.7
933553,5.58,19952.6
933568,5.54,25118.9
933595,5.23,28183.8
933599,4.92,25118.9
933602,4.72,14987.15
933606,3.4,39810.7
933611,3.6,15848.9
933622,5.35,1995.3
933630,3.2,25118.9
933631,4.3,28183.8
933646,5.39,39810.7
933647,5.12,15848.9
933650,2.95,1995.3
933654,2.93,15848.9
933666,5.17,19952.6
933667,4.63,35481.3
933669,4.69,18867.7
933673,3.18,19952.6
933674,4.55,11220.2
933681,2.89,15848.9
933686,3.84,39810.7
933693,4.92,25118.9
933710,5.46,13101.333333333334
933730,5.15,11220.2
933731,5.56,35481.3
933741,4.48,3162.3
933746,4.52,39810.7
933817,5.62,31622.8
933822,4.52,22387.2
933823,4.11,44668.4
933829,4.8,19952.6
933834,4.72,17782.8
933859,3.86,7943.3
933863,5.37,19952.6
933864,4.7,3162.3
933880,4.07,35481.3
933889,4.61,19952.6
933903,5.68,28183.8
933917,4.45,35481.3
933922,4.65,5623.4
933923,4.22,1122.0
933933,5.18,15848.9
933944,6.47,19952.6
933962,2.42,12589.3
933989,5.82,35481.3
933991,3.51,17782.8
933999,4.22,22387.2
934002,5.43,14125.4
934016,5.1,31622.8
934023,4.72,44668.4
934028,4.13,562.3
934043,5.39,19952.6
934058,5.59,17782.8
934066,3.81,35481.3
934068,4.09,39810.7
934075,4.34,15848.9
934077,3.92,2238.7
934097,5.4,2238.7
934106,4.07,22387.2
934121,5.38,14987.15
934123,4.06,25118.9
934126,4.97,39810.7
934127,5.8,17782.8
934135,5.29,39810.7
934137,3.58,25118.9
934141,5.14,39810.7
934145,4.96,12589.3
934146,4.78,11220.2
934165,4.95,8912.5
934171,4.74,3548.1
934175,3.87,14125.4
934201,3.52,3548.1
934205,4.0,12589.3
934220,6.07,28183.8
934227,4.81,3162.3
934235,5.29,1778.3
934251,5.67,25118.9
934255,6.03,22387.2
934273,4.76,2238.7
934300,5.26,39810.7
934311,4.65,12589.3
934313,4.9,14987.15
934323,5.75,44668.4
934326,2.86,35481.3
934331,5.75,11220.2
934335,3.81,33552.05
934337,4.52,15848.9
934349,5.26,3162.3
934353,4.96,12589.3
934362,5.61,8912.5
934369,4.09,25118.9
934372,4.17,14125.4
934384,4.7,14125.4
934386,2.77,3548.1
934394,4.96,14987.15
934408,5.11,15848.9
934409,6.0,1000.0
934412,4.16,15848.9
934427,4.31,39810.7
934441,4.46,7079.5
934456,4.98,7943.3
934457,5.44,11220.2
934458,5.63,35481.3
934471,3.81,794.3
934491,4.75,25118.9
934499,4.5,17782.8
934516,4.27,3548.1
934527,4.66,25118.9
934530,4.71,1584.9
934531,4.29,22387.2
934534,5.33,39810.7
934539,5.79,35481.3
934542,4.63,15848.9
934560,5.68,13357.35
934565,4.95,22387.2
934566,5.58,25118.9
934573,5.42,3162.3
934575,3.59,44668.4
934587,2.79,17782.8
934595,4.74,8266.366666666667
934607,4.47,7079.5
934611,4.54,35481.3
934640,5.19,12589.3
934645,6.16,39810.7
934648,4.72,14125.4
934649,4.95,28183.8
934676,3.86,3162.3
934677,3.26,14125.4
934688,5.85,1778.3
934705,5.01,14125.4
934713,5.75,15848.9
934718,5.41,22387.2
934722,5.56,112.2
934727,5.29,39810.7
934732,5.97,31622.8
934760,4.37,22387.2
934761,5.08,17782.8
934762,3.97,17782.8
934766,3.94,22387.2
934767,4.53,2511.9
934768,4.59,3548.1
934774,4.66,15848.9
934815,4.23,2818.4
934821,4.03,2818.4
934827,4.13,14125.4
934848,5.54,25118.9
934858,6.36,21169.9
934863,4.16,39810.7
934865,6.26,12589.3
934867,5.02,3162.3
934921,5.15,26651.35
934931,5.85,17782.8
934941,3.86,39810.7
934966,5.65,39810.7
934990,3.73,35481.3
934992,6.0,9456.25
935000,5.21,39810.7
935013,4.84,22387.2
935015,5.74,15848.9
935017,5.45,25118.9
935022,5.5,3548.1
935032,5.82,1258.9
935040,4.03,11220.2
935046,5.18,15848.9
935056,3.76,22387.2
935058,4.83,37646.0
935065,6.03,11220.2
935068,5.52,4466.8
935072,4.22,22387.2
935074,5.28,14125.4
935081,4.04,31622.8
935087,5.28,31622.8
935091,5.54,10000.0
935108,5.58,4466.8
935109,5.6,25118.9
935120,4.72,19952.6
935122,3.46,14125.4
935136,4.21,22387.2
935143,5.12,44668.4
935145,6.22,25118.9
935151,3.19,112.2
935168,5.58,1000.0
935182,5.16,11220.2
935184,5.76,14125.4
935196,6.05,15848.9
935199,4.25,11220.2
935212,5.67,17782.8
935245,5.91,39810.7
935248,5.77,1258.9
935249,6.01,31622.8
935255,4.11,7943.3
935269,5.08,446.7
935278,4.97,18867.7
935280,5.47,28183.8
935296,5.44,39810.7
935307,4.12,3162.3
935308,4.9,19952.6
935309,3.98,19952.6
935311,5.36,28183.8
935316,5.79,14125.4
935321,5.11,6309.6
935336,4.3,1412.5
935342,4.6,17782.8
935348,5.71,31622.8
935361,2.88,398.1
935373,5.64,3548.1
935379,5.06,31622.8
935385,3.1,7943.3
935386,5.87,15848.9
935407,3.21,17782.8
935408,5.03,12589.3
935409,5.54,2511.9
935410,4.04,14125.4
935427,3.53,39810.7
935429,5.55,707.9
935435,5.51,15848.9
935438,3.5,891.3
935440,5.83,17782.8
935449,5.71,17782.8
935484,4.81,707.9
935487,2.63,25118.9
935489,5.81,28183.8
935500,4.77,1412.5
935511,4.32,28183.8
935514,4.65,35481.3
935549,6.39,31622.8
935557,5.67,25118.9
935562,5.11,14125.4
935566,3.75,11220.2
935574,3.12,31622.8
935602,4.29,17782.8
935611,5.15,1412.5
935614,3.78,5011.9
935632,4.41,5011.9
935650,5.09,14125.4
935671,4.12,35481.3
935674,5.44,35481.3
935675,4.89,39810.7
935678,5.96,79.4
935681,4.17,25118.9
935688,6.06,15848.9
935693,5.27,10000.0
935698,5.83,28183.8
935703,4.39,19952.6
935742,5.5,1584.9
935744,4.39,15848.9
935763,5.23,25118.9
935777,4.75,2511.9
935795,3.87,19952.6
935797,4.19,11220.2
935809,5.19,12589.3
935822,4.92,14125.4
935827,5.58,63.1
935835,2.58,3548.1
935837,6.15,17782.8
935840,5.27,2511.9
935843,5.63,891.3
935859,5.82,11220.2
935861,4.81,22387.2
935880,4.87,10000.0
935885,5.6,12589.3
935891,5.68,7079.5
935895,5.78,15848.9
935897,6.1,281.8
935904,5.74,7943.3
935910,5.8,39810.7
935922,5.42,3162.3
935926,4.99,1122.0
935932,4.66,7943.3
935934,7.16,37646.0
935935,5.79,5011.9
935938,4.86,19952.6
935939,5.81,25118.9
935943,6.0,7079.5
935949,4.21,8427.9
935953,5.59,25118.9
935959,5.15,17782.8
935968,5.05,7079.5
935969,5.59,112.2
935977,5.72,3548.1
935981,5.57,15848.9
935982,5.63,39810.7
935986,5.52,12589.3
935990,5.13,39810.7
935999,5.39,1778.3
936001,4.55,35481.3
936003,4.33,35481.3
936010,4.35,15848.9
936018,4.21,35481.3
936026,5.58,22387.2
936029,4.88,891.3
936038,4.72,89.1
936040,5.92,3162.3
936046,5.48,5011.9
936059,5.56,19952.6
936069,5.72,44668.4
936077,5.64,25118.9
936092,5.55,22387.2
936095,4.15,8912.5
936096,5.24,14125.4
936099,5.58,28183.8
936116,6.14,39810.7
936126,5.92,4466.8
936131,5.11,1412.5
936132,4.98,11220.2
936140,5.37,14125.4
936141,3.97,11904.75
936153,5.74,3548.1
936154,5.77,19952.6
936155,4.84,3548.1
936158,4.79,2511.9
936163,5.1,891.3
936174,6.02,39810.7
936182,4.95,12589.3
936186,5.12,7943.3
936192,4.63,12589.3
936198,5.12,14987.15
936208,5.12,7079.5
936209,5.78,5623.4
936224,5.34,39810.7
936227,5.1,3548.1
936230,4.65,2818.4
936231,5.85,31622.8
936237,6.0,354.8
936240,5.38,15848.9
936257,5.57,3548.1
936264,4.72,12589.3
936282,5.45,35481.3
936285,6.01,19952.6
936298,5.02,15848.9
936311,4.27,39810.7
936319,4.7,354.8
936344,6.25,31622.8
936362,6.75,7943.3
936365,5.51,631.0
936383,5.49,316.2
936388,5.93,15848.9
936393,4.59,28183.8
936401,5.45,44668.4
936405,5.32,7079.5
936406,5.46,35481.3
936420,5.06,6309.6
936425,6.22,28183.8
936428,5.88,4223.95
936436,5.43,8912.5
936447,4.88,5623.4
936448,5.61,14125.4
936475,5.23,44668.4
936490,4.67,446.7
936493,6.2,5011.9
936498,3.27,3981.1
936512,5.49,2511.9
936517,6.12,14125.4
936519,4.78,4466.8
936522,5.37,15848.9
936529,5.86,15848.9
936541,4.86,14125.4
936543,5.18,15848.9
936546,5.78,39810.7
936564,5.89,15848.9
936565,5.97,15848.9
936567,3.12,25118.9
936569,5.91,14125.4
936571,6.39,19952.6
936573,5.81,44668.4
936574,4.8,39810.7
936576,5.73,707.9
936581,6.0,17782.8
936587,6.01,39810.7
936590,3.69,3162.3
936601,5.32,10000.0
936615,5.24,33552.05
936625,4.78,31622.8
936630,4.69,25118.9
936641,5.41,44668.4
936644,5.38,11220.2
936651,5.12,15848.9
936670,3.13,17782.8
936677,5.23,11220.2
936681,5.61,35481.3
936684,5.65,8912.5
936688,5.48,4466.8
936689,5.75,3981.1
936700,5.04,11220.2
936704,5.32,11220.2
936705,5.45,22387.2
936723,4.94,31622.8
936725,5.62,28183.8
936728,5.37,562.3
936741,5.44,29903.3
936742,5.0,28183.8
936748,5.68,28183.8
936752,5.77,31622.8
936758,5.9,14125.4
936764,5.09,22387.2
936768,5.39,11220.2
936774,5.42,19952.6
936776,5.35,19952.6
936790,5.08,562.3
936799,5.49,14987.15
936804,5.64,7943.3
936810,5.53,22387.2
936815,5.57,7079.5
936831,5.95,39810.7
936837,5.73,44668.4
936849,4.78,1778.3
936857,5.65,39810.7
936875,5.96,28183.8
936881,5.06,14987.15
936887,5.33,10000.0
936889,5.55,29903.3
936893,4.63,1258.9
936894,5.89,7943.3
936903,4.88,25118.9
936908,5.9,39810.7
936909,5.27,8912.5
936910,6.45,44668.4
936918,5.64,39810.7
936934,6.83,39810.7
936936,5.42,5623.4
936941,5.49,19952.6
936943,6.13,44668.4
936946,5.26,19952.6
936955,4.88,35481.3
936956,5.84,10000.0
936957,5.24,2238.7
936966,6.07,25118.9
936980,5.25,14125.4
936987,5.7,31622.8
936999,5.36,5623.4
937000,5.77,25118.9
937002,5.66,3548.1
937003,6.05,631.0
937006,5.86,17782.8
937013,6.22,25118.9
937019,6.04,5011.9
937024,6.0,14125.4
937036,5.7,2238.7
937042,5.29,14125.4
937053,5.29,39810.7
937074,6.01,28183.8
937078,5.51,8912.5
937084,5.28,8912.5
937086,4.85,15848.9
937093,5.58,19952.6
937097,5.47,22387.2
937123,5.5,14125.4
937129,5.23,39810.7
937132,5.47,1995.3
937145,5.41,31622.8
937152,5.3,31622.8
937167,5.33,14125.4
937169,5.6,31622.8
937182,6.19,15848.9
937188,5.78,12589.3
937195,5.76,2818.4
937196,5.87,14125.4
937198,5.57,5011.9
937204,5.48,39810.7
937205,5.27,10000.0
937219,6.03,28183.8
937220,5.95,19952.6
937225,5.44,4466.8
937230,5.52,25118.9
937238,5.6,4466.8
937244,5.19,5623.4
937251,4.05,22387.2
937252,5.82,22387.2
937257,5.58,15848.9
937271,5.36,19952.6
937280,5.0,35481.3
937296,5.31,891.3
937301,4.27,10000.0
937308,5.68,17782.8
937314,4.54,3162.3
937337,5.73,44668.4
937343,5.05,8912.5
937350,6.19,8912.5
937359,5.31,17782.8
937378,5.81,25118.9
937382,4.25,2511.9
937388,5.66,28183.8
937391,5.91,17782.8
937393,5.04,5623.4
937395,5.26,10610.1
937415,5.47,17782.8
937423,5.47,2818.4
937432,4.69,3162.3
937441,5.5,6309.6
937443,5.74,31622.8
937444,5.49,251.2
937447,4.78,22387.2
937449,5.87,8912.5
937453,5.42,125.9
937455,5.33,10000.0
937460,4.91,2238.7
937463,4.47,199.5
937464,6.25,25118.9
937478,4.12,1995.3
937486,5.55,15848.9
937488,5.34,15848.9
937494,5.48,11220.2
937505,5.59,3981.1
937506,5.65,1258.9
937507,7.37,35481.3
937520,4.78,14125.4
937522,5.23,14125.4
937531,4.72,3548.1
937534,6.38,14125.4
937547,6.58,39810.7
937561,5.17,25118.9
937562,5.92,25118.9
937581,5.64,5011.9
937587,5.22,10000.0
937598,4.09,446.7
937600,5.28,501.2
937608,4.66,10000.0
937609,6.34,31622.8
937615,5.67,1584.9
937616,5.35,11220.2
937621,5.89,25118.9
937623,5.16,14987.15
937630,5.29,89.1
937633,6.21,15848.9
937636,6.08,3981.1
937642,5.49,8912.5
937646,5.37,10000.0
937651,5.32,28183.8
937686,5.43,12589.3
937693,5.86,39810.7
937697,5.38,19952.6
937704,4.81,19952.6
937706,4.33,25118.9
937724,5.67,22387.2
937747,6.16,39810.7
937752,3.53,17782.8
937753,5.18,39810.7
937756,4.94,5623.4
937764,5.75,1584.9
937765,5.74,22387.2
937768,5.76,17782.8
937772,5.65,44668.4
937773,5.74,4466.8
937774,5.93,1000.0
937779,5.43,25118.9
937780,6.27,39810.7
937790,5.55,8912.5
937799,5.31,14125.4
937808,5.61,1584.9
937810,5.18,631.0
937814,6.12,17782.8
937832,5.76,12589.3
937842,4.43,14125.4
937845,5.04,10000.0
937850,4.88,141.3
937858,4.52,12589.3
937860,6.11,8912.5
937861,5.73,112.2
937863,6.17,42239.55
937881,5.56,3162.3
937884,5.86,31622.8
937889,5.31,100.0
937899,5.7,4466.8
937908,4.65,141.3
937911,5.1,25118.9
937920,5.35,31622.8
937932,4.87,25118.9
937937,5.38,22387.2
937945,5.97,28183.8
937955,5.14,9456.25
937964,4.83,25118.9
937970,4.57,6309.6
937987,5.58,17782.8
937995,5.02,44668.4
938003,5.18,25118.9
938020,5.44,19952.6
938025,5.61,28183.8
938028,4.65,17782.8
938032,4.7,22387.2
938035,5.71,15848.9
938038,5.17,25118.9
938042,5.63,22387.2
938048,4.51,11220.2
938049,4.17,3162.3
938055,5.18,891.3
938056,4.85,8912.5
938058,5.5,44668.4
938064,5.49,22387.2
938072,5.44,15848.9
938076,6.05,1995.3
938080,5.6,1122.0
938084,4.44,19952.6
938089,5.5,17782.8
938094,5.67,1584.9
938099,5.31,18867.7
938107,5.74,7079.5
938111,2.64,15848.9
938114,4.82,22387.2
938118,5.09,19952.6
938126,5.87,8912.5
938129,5.7,12589.3
938139,5.39,4466.8
938146,3.47,12589.3
938153,5.73,25118.9
938155,6.09,12589.3
938159,5.96,707.9
938162,5.77,10000.0
938170,5.42,17782.8
938172,5.55,2511.9
938180,4.74,15848.9
938199,5.84,17782.8
938200,5.07,25118.9
938204,3.46,15848.9
938234,5.64,39810.7
938247,5.51,11220.2
938248,5.99,562.3
938250,5.68,2818.4
938256,5.52,25118.9
938257,5.77,29903.3
938263,5.09,1122.0
938275,5.47,10000.0
938278,5.84,39810.7
938294,5.5,17782.8
938296,4.78,15848.9
938303,6.03,177.8
938323,6.06,10000.0
938337,4.75,19952.6
938354,5.81,12589.3
938370,5.86,7943.3
938372,3.79,22387.2
938374,5.34,12589.3
938377,5.67,25118.9
938379,5.4,794.3
938385,5.67,281.8
938391,5.91,631.0
938396,4.53,22387.2
938399,4.24,19952.6
938403,5.55,31622.8
938404,5.52,25118.9
938407,5.23,14125.4
938410,5.79,281.8
938411,5.64,10000.0
938417,5.75,17782.8
938421,5.23,15848.9
938425,6.15,3548.1
938427,5.48,31622.8
938445,5.42,44668.4
938453,2.37,16815.85
938454,5.58,19952.6
938472,5.67,398.1
938477,5.02,1995.3
938478,5.61,3548.1
938480,4.88,5011.9
938485,5.33,22387.2
938498,5.56,5011.9
938507,5.62,25.1
938512,5.59,31622.8
938525,5.75,35481.3
938530,5.62,11220.2
938535,5.71,35481.3
938536,5.12,14125.4
938537,4.62,5623.4
938540,5.71,354.8
938544,5.05,31622.8
938556,5.06,15848.9
938557,6.29,5011.9
938558,5.84,31622.8
938561,4.39,1778.3
938565,4.62,5623.4
938578,5.29,8912.5
938592,5.21,25118.9
938594,4.91,10000.0
938616,5.26,14125.4
938621,5.66,3548.1
938625,5.76,22387.2
938626,5.26,39810.7
938627,3.56,22387.2
938630,5.79,28183.8
938636,5.42,39810.7
938645,4.39,25.1
938657,5.72,2818.4
938658,5.93,5623.4
938668,4.87,12589.3
938678,5.41,8912.5
938685,5.84,39810.7
938690,5.74,12589.3
938693,4.6,25118.9
938704,5.31,8427.9
938708,4.79,39810.7
938713,5.38,2511.9
938716,5.86,1412.5
938718,5.49,14987.15
938725,6.01,12589.3
938726,5.4,25118.9
938730,5.35,17782.8
938735,2.29,17782.8
938738,5.13,35481.3
938741,5.73,11220.2
938744,5.29,8912.5
938746,6.31,21169.9
938764,5.71,14125.4
938768,5.64,39810.7
938769,5.09,10000.0
938772,5.65,31622.8
938775,4.73,39810.7
938799,5.37,31622.8
938802,4.83,28183.8
938803,3.51,31622.8
938811,5.26,8912.5
938825,6.08,100.0
938826,5.86,12589.3
938840,4.83,28183.8
938846,6.59,158.5
938851,5.18,15848.9
938857,5.53,8912.5
938858,5.62,10000.0
938866,5.97,39810.7
938869,2.93,31622.8
938870,5.53,11220.2
938877,6.15,15848.9
938883,5.58,15848.9
938893,5.96,223.9
938895,5.5,19952.6
938921,4.22,5623.4
938923,5.91,14125.4
938926,5.77,10000.0
938927,5.82,7943.3
938951,5.67,11220.2
938968,5.34,44668.4
938979,5.83,6309.6
938982,5.95,31622.8
938987,6.23,39810.7
938989,5.44,10000.0
938990,5.47,12589.3
938991,5.01,35481.3
938992,4.51,6309.6
939016,4.73,15848.9
939025,5.63,22387.2
939026,5.26,35481.3
939030,5.98,15848.9
939032,4.92,25118.9
939039,5.27,25118.9
939048,5.43,25118.9
939049,6.09,6309.6
939052,4.92,11220.2
939055,5.12,1995.3
939060,5.96,562.3
939063,6.07,44668.4
939067,6.16,17782.8
939068,5.76,22387.2
939102,5.75,14125.4
939112,4.68,17782.8
939116,5.65,15848.9
939117,5.63,39810.7
939134,5.79,25118.9
939141,5.83,19952.6
939144,5.55,17782.8
939149,5.2,12589.3
939152,5.25,17782.8
939166,5.28,28183.8
939167,4.96,14125.4
939184,5.19,4466.8
939191,5.76,10000.0
939192,5.9,38367.566666666666
939213,5.45,7079.5
939225,4.43,3548.1
939227,4.07,11220.2
939228,4.99,10000.0
939230,5.6,2818.4
939235,5.3,8912.5
939236,1.82,3162.3
939240,5.66,11220.2
939251,5.11,25118.9
939255,5.4,39810.7
939262,5.73,14125.4
939266,5.77,14125.4
939273,4.66,10000.0
939283,5.83,3162.3
939300,5.43,19952.6
939311,5.66,8912.5
939316,6.42,3548.1
939320,6.0,1584.9
939322,5.81,3548.1
939324,5.61,35481.3
939332,5.65,10000.0
939339,5.87,19952.6
939340,4.64,10000.0
939345,5.74,15848.9
939347,5.87,31622.8
939349,5.48,39810.7
939352,4.71,17782.8
939378,5.29,13357.35
939379,5.68,56.2
939388,5.93,1122.0
939393,5.12,2238.7
939400,4.21,31622.8
939407,4.76,8912.5
939411,5.75,1122.0
939423,5.05,25118.9
939426,5.88,25118.9
939428,5.26,15848.9
939429,5.68,10000.0
939441,5.45,17782.8
939442,5.71,17782.8
939448,5.41,17782.8
939460,5.98,28183.8
939461,4.44,28183.8
939468,5.29,1000.0
939470,5.08,8912.5
939479,5.53,11220.2
939486,5.15,15848.9
939491,5.72,39810.7
939505,5.69,25118.9
939510,5.13,39810.7
939513,5.5,12589.3
939522,5.42,8912.5
939524,6.24,19952.6
939525,5.39,14125.4
939534,5.65,17782.8
939536,6.01,39810.7
939548,4.86,28183.8
939553,5.94,39810.7
939557,6.18,17782.8
939558,4.42,39810.7
939577,5.62,1778.3
939578,5.03,10000.0
939588,6.07,17782.8
939594,5.58,17782.8
939595,5.84,25118.9
939613,5.03,8912.5
939614,6.05,8912.5
939615,5.99,2238.7
939619,6.15,22387.2
939624,5.42,70.8
939625,5.43,35481.3
939626,5.78,44668.4
939638,4.97,223.9
939644,5.4,22387.2
939650,5.63,31622.8
939652,5.27,21169.9
939659,4.87,25118.9
939674,5.64,14125.4
939680,3.61,39810.7
939694,5.67,3162.3
939695,5.57,39810.7
939696,6.13,39810.7
939702,5.92,223.9
939730,5.55,39810.7
939732,5.72,14125.4
939737,5.8,15848.9
939748,4.74,5623.4
939757,6.16,10000.0
939766,6.26,14125.4
939771,5.0,19952.6
939777,5.44,5623.4
939781,5.42,14125.4
939784,5.83,31622.8
939787,4.91,23753.05
939811,5.16,39810.7
939828,5.11,19952.6
939838,5.26,39810.7
939848,5.16,15848.9
939855,4.69,44668.4
939860,4.57,17782.8
939871,5.92,25118.9
939872,5.86,6309.6
939888,5.02,562.3
939891,4.06,25118.9
939898,5.31,11220.2
939923,6.02,1584.9
939925,5.85,25118.9
939929,5.91,25118.9
939932,5.09,19952.6
939933,4.77,2818.4
939965,5.71,31622.8
939978,5.34,28183.8
940006,5.19,5011.9
940010,6.23,15848.9
940012,5.66,15848.9
940021,5.03,5623.4
940033,5.8,11220.2
940036,5.64,39810.7
940041,5.47,12589.3
940042,5.34,14125.4
940044,5.83,17782.8
940048,5.48,25118.9
940050,5.36,891.3
940054,4.08,7943.3
940055,5.64,446.7
940057,4.9,2818.4
940065,5.1,19952.6
940072,4.96,39810.7
940074,3.89,158.5
940080,5.84,22387.2
940082,5.4,31622.8
940087,6.11,31622.8
940088,5.7,39810.7
940090,5.93,10000.0
940091,4.88,15848.9
940094,6.09,14125.4
940107,5.69,10000.0
940116,4.26,12589.3
940123,4.12,31622.8
940128,4.34,31622.8
940136,3.63,22387.2
940142,5.99,14125.4
940143,5.81,35481.3
940158,5.88,17782.8
940161,5.9,7079.5
940164,5.82,39810.7
940167,6.16,141.3
940172,4.92,17782.8
940178,5.72,3764.6
940183,4.65,31622.8
940187,3.99,11220.2
940188,5.6,707.9
940199,5.09,7943.3
940201,5.12,8912.5
940207,4.99,891.3
940211,5.32,14125.4
940217,5.94,14125.4
940218,5.42,6309.6
940227,5.72,14125.4
940251,6.12,15848.9
940256,5.74,10000.0
940275,5.19,7943.3
940286,5.6,5011.9
940287,4.66,4739.35
940297,5.63,6309.6
940303,3.63,223.9
940309,4.05,3162.3
940329,5.47,14125.4
940343,4.36,7079.5
940344,5.96,14125.4
940378,5.38,31622.8
940379,5.41,25118.9
940384,4.48,12589.3
940387,4.31,125.9
940408,4.72,19952.6
940417,5.69,25.1
940425,5.51,19952.6
940429,5.89,37646.0
940433,4.46,39810.7
940434,5.39,8912.5
940436,4.49,9456.25
940437,5.91,19952.6
940449,5.05,2238.7
940452,5.82,28183.8
940483,5.89,15848.9
940522,4.35,25118.9
940530,4.99,12589.3
940534,4.99,22387.2
940546,4.88,891.3
940548,4.9,19952.6
940549,4.8,14125.4
940550,3.8,2238.7
940555,5.76,35481.3
940566,4.95,19952.6
940567,5.5,1412.5
940592,5.48,44668.4
940593,5.15,4466.8
940599,5.6,7079.5
940616,4.22,19952.6
940618,5.66,398.1
940626,4.98,19952.6
940631,5.17,14125.4
940646,4.31,17782.8
940649,5.81,6309.6
940656,5.83,17782.8
940658,4.83,14125.4
940659,6.34,44668.4
940666,6.12,19952.6
940671,6.77,28183.8
940674,5.66,19952.6
940677,5.11,12589.3
940692,4.78,35481.3
940696,4.47,22387.2
940718,3.59,23753.05
940720,5.5,12589.3
940728,4.6,3981.1
940737,5.65,12589.3
940741,6.27,7079.5
940749,5.18,19952.6
940763,3.68,25118.9
940766,6.18,354.8
940770,5.14,13357.35
940775,4.42,17782.8
940778,4.5,19952.6
940781,5.28,39810.7
940786,5.45,12589.3
940796,3.83,14125.4
940797,3.07,31622.8
940798,5.46,14125.4
940801,6.03,39810.7
940802,3.44,14125.4
940811,5.16,39810.7
940828,5.11,44668.4
940832,5.05,10610.1
940838,5.53,707.9
940841,4.85,19952.6
940843,4.11,56.2
940847,5.23,4466.8
940855,2.72,3548.1
940857,3.35,12589.3
940862,5.81,35481.3
940872,4.45,39810.7
940885,1.92,25118.9
940889,5.65,11220.2
940891,4.14,17782.8
940896,5.69,251.2
940905,5.66,28183.8
940906,3.7,17782.8
940908,5.51,8912.5
940920,4.07,15848.9
940924,6.1,14125.4
940939,5.0,39810.7
940941,5.17,17782.8
940942,6.12,2818.4
940945,5.11,31622.8
940949,4.51,15848.9
940950,5.91,39810.7
940957,6.68,89.1
940959,1.98,501.2
940961,5.68,39810.7
940965,4.42,28183.8
940969,5.85,14125.4
940972,5.81,19952.6
940974,5.15,12589.3
940978,4.25,44.7
940981,4.38,28183.8
940986,4.98,2511.9
940999,3.69,31622.8
941000,6.04,39810.7
941001,6.07,3981.1
941004,4.92,15848.9
941005,4.32,26651.35
941013,4.57,44668.4
941020,4.13,31622.8
941023,5.76,31622.8
941028,3.68,19952.6
941033,3.14,125.9
941034,5.48,25118.9
941035,4.05,19952.6
941044,4.82,25118.9
941056,5.15,17782.8
941060,5.16,3981.1
941066,5.61,44668.4
941070,5.35,39810.7
941076,3.99,25118.9
941081,5.82,31622.8
941085,4.48,14125.4
941087,4.78,17782.8
941103,4.15,22387.2
941105,4.7,25118.9
941108,3.61,3162.3
941118,6.26,19952.6
941143,3.81,31622.8
941150,6.18,10000.0
941155,4.99,7079.5
941162,5.55,70.8
941165,5.33,31622.8
941172,5.41,8912.5
941174,4.87,17782.8
941188,5.72,28183.8
941211,4.82,8427.9
941215,3.95,19952.6
941227,5.57,25118.9
941234,3.68,25118.9
941244,5.33,22387.2
941245,4.5,5011.9
941246,5.3,7079.5
941259,4.96,17782.8
941260,3.65,1412.5
941262,3.25,25118.9
941266,3.31,28183.8
941273,5.93,11220.2
941274,5.54,891.3
941277,4.34,25118.9
941282,5.26,7079.5
941290,5.79,31622.8
941295,1.99,25118.9
941298,6.13,2511.9
941300,3.89,8912.5
941302,5.17,37646.0
941310,5.53,23753.05
941326,4.54,7079.5
941346,5.41,11220.2
941371,4.27,70.8
941399,4.42,3162.3
941400,2.69,28183.8
941405,4.03,31622.8
941407,2.86,28183.8
941409,4.28,22387.2
941414,3.26,12589.3
941416,4.82,19952.6
941420,4.92,15848.9
941422,3.9,11220.2
941426,3.96,5011.9
941434,5.56,17782.8
941443,4.7,39810.7
941454,5.28,17782.8
941470,5.58,11220.2
941481,5.77,12589.3
941487,3.8,12589.3
941488,4.4,28183.8
941495,4.89,25118.9
941504,5.47,44668.4
941507,5.78,19952.6
941518,4.42,25118.9
941523,5.35,19952.6
941526,5.55,15848.9
941533,4.78,891.3
941539,4.99,35481.3
941551,4.28,8912.5
941557,5.21,31622.8
941561,5.21,15848.9
941563,5.88,14125.4
941566,4.34,15848.9
941584,5.37,17782.8
941585,3.93,35481.3
941587,4.62,1778.3
941616,4.77,15848.9
941618,5.66,10000.0
941632,5.22,11220.2
941635,5.23,15848.9
941653,6.24,28183.8
941658,4.55,22387.2
941666,5.0,2238.7
941667,5.7,15848.9
941690,5.81,25118.9
941714,5.59,31622.8
941717,4.45,8912.5
941731,4.93,31622.8
941732,2.83,19952.6
941735,4.99,39810.7
941744,5.26,39810.7
941745,4.91,25118.9
941765,5.4,11904.75
941767,4.8,3981.1
941770,2.73,31622.8
941773,5.22,39810.7
941777,5.78,10000.0
941782,6.49,44668.4
941786,5.26,15848.9
941789,5.51,8912.5
941814,4.79,35481.3
941818,5.38,28183.8
941831,5.13,7079.5
941841,5.54,19952.6
941854,5.02,3162.3
941886,5.92,26651.35
941900,5.56,15848.9
941909,4.66,3548.1
941910,6.33,6309.6
941912,5.51,22387.2
941915,3.66,8912.5
941916,4.79,8912.5
941920,4.7,39810.7
941926,5.81,1995.3
941927,4.95,7943.3
941934,5.49,10000.0
941941,4.47,14125.4
941943,5.76,8912.5
941952,5.92,39810.7
941977,6.22,3981.1
941983,5.43,3548.1
941985,5.4,35481.3
942012,4.21,316.2
942022,5.96,11220.2
942026,4.07,29903.3
942028,6.06,35481.3
942039,3.78,39810.7
942047,5.77,10000.0
942050,5.79,44668.4
942054,5.34,12589.3
942070,3.6,35481.3
942089,4.11,17782.8
942103,4.78,11220.2
942118,5.38,1995.3
942128,5.99,19952.6
942148,4.48,25118.9
942162,4.15,19952.6
942164,4.79,31622.8
942166,4.11,2818.4
942170,4.99,44668.4
942177,4.19,707.9
942180,4.96,12589.3
942188,5.56,28183.8
942204,3.25,22387.2
942205,4.79,15848.9
942210,3.13,19952.6
942229,5.71,446.7
942232,3.9,794.3
942237,4.9,19952.6
942238,5.3,25118.9
942250,4.95,17782.8
942258,6.03,14125.4
942270,4.42,2818.4
942273,5.63,31622.8
942277,5.63,25118.9
942280,5.73,17782.8
942289,5.17,28183.8
942297,5.42,31622.8
942299,5.36,21169.9
942302,6.04,17782.8
942305,5.38,19952.6
942307,5.16,18867.7
942310,5.29,1122.0
942320,4.31,25118.9
942322,5.59,2818.4
942326,6.03,10000.0
942330,3.55,11220.2
942331,2.84,25118.9
942332,5.46,5011.9
942335,5.15,15848.9
942338,4.99,14987.15
942340,4.5,17782.8
942352,5.47,28183.8
942373,6.18,11220.2
942391,5.15,10000.0
942397,4.38,10000.0
942399,4.6,19952.6
942404,5.91,223.9
942407,6.11,17782.8
942411,4.17,39810.7
942414,5.81,10000.0
942434,3.97,6309.6
942442,5.08,28183.8
942443,5.75,25118.9
942444,4.92,31622.8
942449,2.86,28183.8
942450,5.03,4466.8
942458,1.59,1000.0
942484,5.85,11220.2
942486,4.96,22387.2
942490,4.48,5011.9
942497,5.38,11220.2
942515,4.66,5011.9
942519,4.78,7943.3
942529,5.78,398.1
942544,4.14,28183.8
942578,5.43,7943.3
942582,6.1,1122.0
942590,5.09,14125.4
942591,4.29,5011.9
942594,5.03,14125.4
942607,5.39,39810.7
942608,5.2,3981.1
942626,4.17,22387.2
942644,5.85,12589.3
942651,2.97,22387.2
942660,5.34,28183.8
942673,5.39,17782.8
942685,5.09,19952.6
942694,4.7,5011.9
942696,5.45,31622.8
942701,3.78,22387.2
942704,4.93,19952.6
942707,5.05,39810.7
942708,5.17,14125.4
942717,3.2,35481.3
942723,5.4,3981.1
942727,4.95,35481.3
942736,5.19,28183.8
942742,4.64,8912.5
942743,4.85,19952.6
942744,4.19,2818.4
942748,5.54,17782.8
942752,5.22,28183.8
942758,4.77,37646.0
942766,5.49,19952.6
942770,3.43,3981.1
942772,5.41,21169.9
942780,6.05,4466.8
942781,4.24,10000.0
942785,4.14,22387.2
942790,4.78,1995.3
942799,4.91,39810.7
942800,5.01,1412.5
942801,5.74,2511.9
942807,5.65,44668.4
942813,4.67,8912.5
942818,5.58,3162.3
942821,4.19,10000.0
942825,4.64,17782.8
942828,5.2,2511.9
942830,4.26,5011.9
942841,4.44,12589.3
942842,5.27,10000.0
942859,5.64,25118.9
942864,5.51,10000.0
942867,5.71,25118.9
942874,4.47,14125.4
942875,5.5,44668.4
942879,5.66,1412.5
942889,5.23,19952.6
942892,6.15,794.3
942898,5.26,28183.8
942900,4.84,35481.3
942901,4.27,19952.6
942903,4.0,19952.6
942906,5.65,13357.35
942916,5.64,14125.4
942918,4.53,11220.2
942923,4.8,17782.8
942927,5.53,6309.6
942940,4.55,14125.4
942941,4.12,8912.5
942946,6.09,19952.6
942950,6.05,4466.8
942970,5.49,25118.9
942976,3.82,28183.8
942978,5.59,17782.8
942990,4.1,5623.4
942994,3.1,22387.2
943001,5.42,7943.3
943010,5.0,25118.9
943026,5.74,44668.4
943028,4.96,354.8
943035,4.65,39810.7
943055,5.76,1995.3
943072,4.66,3548.1
943077,3.48,125.9
943094,4.44,11220.2
943096,5.79,11220.2
943098,5.15,3548.1
943100,1.98,35481.3
943105,4.94,11904.75
943108,5.93,19952.6
943111,5.84,11220.2
943113,6.09,31622.8
943122,4.04,11220.2
943127,3.44,17782.8
943132,4.88,19952.6
943147,4.51,37646.0
943152,5.73,25118.9
943158,4.2,19952.6
943162,5.05,39810.7
943166,5.84,3981.1
943186,5.38,19952.6
943190,4.89,141.3
943191,2.45,17782.8
943193,4.81,10000.0
943206,5.53,25118.9
943222,3.3,8912.5
943244,5.41,3548.1
943250,3.15,19952.6
943259,5.1,17782.8
943271,3.81,7943.3
943281,3.96,39810.7
943295,4.74,7943.3
943306,4.93,31622.8
943318,6.14,13357.35
943339,5.83,12589.3
943346,4.54,39810.7
943363,5.69,11220.2
943364,4.67,15848.9
943372,5.23,19952.6
943375,4.58,25118.9
943378,4.18,17782.8
943383,6.01,44668.4
943385,3.33,14125.4
943391,5.6,15848.9
943393,5.66,31622.8
943397,4.2,22387.2
943405,2.36,10000.0
943421,4.98,35481.3
943432,5.91,14987.15
943438,4.24,10000.0
943445,5.45,15848.9
943454,5.83,25118.9
943460,4.05,28183.8
943501,3.38,44668.4
943504,6.09,39810.7
943505,5.64,39810.7
943506,5.43,25118.9
943507,5.81,5623.4
943508,5.5,39810.7
943510,5.26,1122.0
943514,3.83,19952.6
943516,5.68,25118.9
943526,5.12,19952.6
943539,5.7,631.0
943542,4.66,14125.4
943546,4.18,31622.8
943548,4.48,39810.7
943551,4.14,19952.6
943558,3.64,14125.4
943570,6.03,39810.7
943574,5.38,12589.3
943580,5.72,31622.8
943581,4.94,14987.15
943588,4.52,15848.9
943592,2.78,28183.8
943599,5.24,23753.05
943600,2.82,39810.7
943607,5.73,39810.7
943644,5.38,891.3
943646,5.88,25118.9
943648,4.4,28183.8
943657,5.79,39810.7
943664,5.02,39810.7
943675,4.77,39810.7
943680,2.55,17782.8
943694,5.34,10000.0
943695,5.44,10000.0
943696,4.74,8912.5
943720,4.61,28183.8
943721,5.24,25118.9
943727,5.11,17782.8
943728,5.65,14125.4
943730,4.8,14987.15
943733,5.93,11220.2
943736,5.94,17782.8
943739,5.02,5623.4
943744,5.44,15848.9
943758,5.25,7079.5
943762,5.09,15848.9
943764,3.91,17782.8
943767,4.8,22387.2
943769,5.39,15848.9
943770,4.43,17782.8
943773,4.07,12589.3
943784,4.91,19952.6
943791,6.16,39810.7
943809,5.33,15848.9
943829,5.13,15848.9
943831,5.46,17782.8
943836,5.66,3548.1
943839,5.04,15848.9
943845,5.13,3548.1
943859,4.58,7943.3
943862,4.91,1584.9
943863,4.26,22387.2
943871,5.24,28183.8
943876,4.23,39810.7
943884,5.99,15848.9
943891,4.46,14125.4
943895,4.36,1258.9
943900,5.56,8912.5
943934,5.28,15848.9
943937,4.86,6309.6
943948,3.49,5011.9
943952,5.5,3162.3
943959,3.62,44668.4
943961,5.88,12589.3
943991,5.52,25118.9
943997,4.26,15848.9
944001,4.47,19952.6
944007,5.69,501.2
944008,5.84,25118.9
944015,5.67,3162.3
944037,5.92,10000.0
944039,4.84,2511.9
944045,4.15,28183.8
944051,4.46,39810.7
944094,4.07,6309.6
944099,6.06,13357.35
944108,4.93,11220.2
944111,2.94,446.7
944112,5.59,3981.1
944126,5.06,7943.3
944131,3.94,17782.8
944143,4.81,8912.5
944146,4.28,39810.7
944150,5.84,14125.4
944157,2.57,39810.7
944178,4.12,10000.0
944180,5.55,22387.2
944182,3.66,5623.4
944193,4.53,11904.75
944220,5.64,22387.2
944224,4.34,15848.9
944230,5.07,3162.3
944236,3.81,31622.8
944250,5.44,17782.8
944257,4.57,12589.3
944258,3.65,7943.3
944273,4.74,707.9
944291,5.43,17782.8
944311,5.49,15848.9
944317,5.0,17782.8
944322,5.14,39810.7
944342,5.71,6309.6
944343,4.57,15848.9
944352,4.16,15848.9
944354,4.35,44668.4
944360,5.07,8912.5
944365,5.67,39810.7
944375,4.01,12589.3
944378,4.37,11220.2
944381,4.1,18867.7
944386,4.15,2818.4
944401,4.37,22387.2
944415,4.96,6309.6
944419,5.75,8912.5
944422,3.25,22387.2
944424,5.41,17782.8
944429,6.12,22387.2
944430,5.68,39810.7
944435,2.29,15848.9
944438,5.78,35481.3
944446,5.78,3162.3
944447,5.8,5011.9
944452,6.13,631.0
944457,5.56,35481.3
944466,3.57,12589.3
944469,4.02,1584.9
944484,4.62,17782.8
944485,4.25,10000.0
944499,3.66,15848.9
944500,5.62,7943.3
944502,5.54,22387.2
944505,4.84,3162.3
944516,4.22,3548.1
944531,4.19,11220.2
944538,4.67,25118.9
944539,5.2,11220.2
944550,4.42,19952.6
944555,4.93,3981.1
944560,5.29,10000.0
944561,4.38,3548.1
944578,5.83,7079.5
944582,3.84,25118.9
944589,5.34,39810.7
944596,3.74,22387.2
944600,5.83,31622.8
944601,4.76,9456.25
944613,5.19,25118.9
944617,5.67,1258.9
944628,4.83,35481.3
944633,6.13,2818.4
944641,3.98,3162.3
944650,4.49,3162.3
944662,5.82,14125.4
944669,3.05,19952.6
944679,4.2,25118.9
944684,5.89,12589.3
944689,2.76,25118.9
944693,5.22,13357.35
944696,3.02,12589.3
944706,5.96,7943.3
944714,5.75,3981.1
944717,5.77,6309.6
944725,3.85,17782.8
944727,3.02,14125.4
944734,2.07,707.9
944736,3.26,25118.9
944737,4.2,39810.7
944762,3.01,7943.3
944768,6.35,10000.0
944773,5.7,1258.9
944795,5.45,4739.35
944819,4.37,37646.0
944823,3.92,11220.2
944856,5.35,15848.9
944859,4.06,14125.4
944865,4.43,10000.0
944873,6.24,11220.2
944877,5.85,31622.8
944878,4.63,14125.4
944880,6.62,31622.8
944882,4.51,14125.4
944888,4.39,14125.4
944903,4.15,15848.9
944907,3.94,39810.7
944908,5.42,12589.3
944913,5.51,14125.4
944920,5.9,112.2
944928,4.57,3548.1
944929,4.35,15848.9
944930,3.31,44668.4
944931,5.35,31622.8
944933,4.53,10000.0
944940,5.24,7943.3
944942,4.9,3981.1
944962,5.6,15848.9
944970,3.29,12589.3
944981,5.8,17782.8
944991,5.82,10000.0
944995,5.98,44668.4
944997,2.44,17782.8
945002,5.92,12589.3
945005,4.43,15848.9
945013,5.87,22387.2
945014,5.44,3548.1
945018,3.63,39810.7
945023,5.13,31622.8
945029,4.75,31622.8
945037,5.92,5623.4
945044,4.46,10000.0
945048,1.74,28183.8
945057,3.09,1995.3
945058,1.3,37646.0
945071,3.72,1584.9
945074,5.83,39810.7
945078,4.48,19952.6
945080,3.09,14125.4
945088,3.79,3981.1
945102,3.36,39810.7
945114,4.78,19952.6
945118,4.91,25118.9
945132,5.49,17782.8
945144,5.73,14987.15
945146,4.82,31622.8
945156,4.65,1258.9
945161,5.73,3548.1
945174,4.13,28183.8
945189,6.57,7079.5
945193,5.13,35481.3
945214,4.49,17782.8
945215,4.64,44668.4
945218,5.59,14125.4
945224,4.43,11904.75
945230,4.76,4466.8
945232,3.72,11220.2
945237,5.98,28183.8
945242,5.64,39810.7
945271,5.17,6309.6
945280,5.3,39810.7
945288,4.62,28183.8
945309,4.54,15848.9
945312,6.52,19952.6
945317,5.4,14125.4
945333,5.47,35481.3
945365,5.41,4466.8
945369,4.73,5011.9
945396,5.38,14125.4
945400,4.28,22387.2
945404,5.71,19952.6
945415,5.73,5623.4
945417,5.39,3981.1
945418,4.61,12589.3
945420,3.96,17782.8
945429,5.04,10000.0
945441,4.49,3162.3
945444,4.46,19952.6
945460,6.04,39810.7
945468,5.19,39810.7
945475,4.27,22387.2
945491,3.99,10000.0
945499,4.93,14987.15
945500,5.57,2511.9
945502,4.67,31622.8
945510,5.19,11220.2
945522,5.38,1122.0
945529,5.35,5623.4
945540,5.93,22387.2
945542,5.88,28183.8
945545,5.81,19952.6
945553,5.67,11220.2
945555,5.91,6309.6
945557,5.92,19952.6
945562,3.58,15848.9
945580,4.49,2238.7
945595,4.59,141.3
945596,4.48,2238.7
945598,5.22,39810.7
945601,5.55,19952.6
945605,3.29,15848.9
945607,4.3,28183.8
945608,5.38,14125.4
945612,1.89,5011.9
945635,5.72,1122.0
945638,5.19,28183.8
945639,6.12,15848.9
945645,3.32,14125.4
945648,5.16,22387.2
945649,5.3,14125.4
945662,6.14,19952.6
945665,3.73,22387.2
945674,4.61,17782.8
945677,5.27,2511.9
945682,4.41,7079.5
945683,5.76,25118.9
945686,5.09,25118.9
945687,5.25,39810.7
945688,5.35,3981.1
945706,5.29,15848.9
945714,5.54,19952.6
945722,4.83,63.1
945730,5.14,17782.8
945737,2.65,35481.3
945742,5.52,28183.8
945752,3.97,3981.1
945763,4.8,25118.9
945769,4.94,22387.2
945778,5.79,19952.6
945789,5.11,19952.6
945801,2.93,39810.7
945807,5.54,7079.5
945808,6.36,11220.2
945809,4.66,12589.3
945814,5.33,39810.7
945831,3.74,28183.8
945852,5.49,631.0
945858,3.99,19952.6
945861,5.55,15848.9
945864,5.76,39810.7
945866,5.99,15848.9
945873,4.02,35481.3
945878,5.58,15848.9
945902,5.71,14125.4
945904,6.17,14125.4
945909,5.59,25118.9
945911,5.5,31622.8
945921,3.63,19952.6
945925,5.39,3981.1
945927,5.43,1412.5
945937,5.99,35481.3
945950,4.46,12589.3
945952,4.61,39810.7
945971,4.87,1778.3
945989,5.28,25118.9
945990,2.65,14125.4
945993,4.55,15848.9
945994,5.87,21169.9
945997,5.21,31622.8
946004,5.74,10000.0
946024,4.66,39810.7
946027,5.44,39810.7
946034,5.25,501.2
946044,5.75,17782.8
946064,5.72,4466.8
946067,4.87,12589.3
946068,5.09,11676.566666666668
946082,2.84,35481.3
946092,4.99,11220.2
946111,5.62,11220.2
946129,6.04,28183.8
946133,6.2,17782.8
946158,5.88,31622.8
946160,4.72,14987.15
946171,5.18,10000.0
946197,5.37,7943.3
946209,5.31,14125.4
946216,6.04,12589.3
946232,4.07,12589.3
946233,4.6,16815.85
946240,4.7,7079.5
946243,5.73,12589.3
946260,5.96,44668.4
946270,4.76,28183.8
946277,5.81,31622.8
946285,5.55,17782.8
946295,5.4,39810.7
946303,3.95,39810.7
946313,5.04,17782.8
946315,5.51,25118.9
946316,4.39,3548.1
946318,4.1,28183.8
946323,6.31,25.1
946326,5.44,3162.3
946352,5.27,7943.3
946360,4.67,14987.15
946366,3.77,39810.7
946369,6.04,14125.4
946372,6.2,25118.9
946381,5.84,6309.6
946387,5.04,28183.8
946388,2.2,3548.1
946389,5.62,17782.8
946394,3.31,35481.3
946428,4.39,15848.9
946438,5.98,3162.3
946439,5.78,22387.2
946440,5.04,19952.6
946444,6.02,39810.7
946450,3.68,22387.2
946461,4.87,3548.1
946470,4.7,13357.35
946471,5.44,4466.8
946474,5.69,562.3
946481,5.55,2511.9
946489,2.16,28183.8
946491,3.73,22387.2
946492,4.96,10000.0
946505,5.46,7943.3
946509,5.42,1778.3
946520,5.89,22387.2
946546,5.37,794.3
946552,3.97,14987.15
946554,5.43,28183.8
946564,5.75,28183.8
946571,5.34,28183.8
946575,5.29,28183.8
946576,5.01,44668.4
946581,3.86,14987.15
946599,4.98,22387.2
946611,3.57,31622.8
946613,4.98,50.1
946622,3.8,22387.2
946628,5.94,112.2
946631,5.81,11220.2
946641,4.07,112.2
946642,3.05,5011.9
946646,3.46,14125.4
946648,4.42,39810.7
946650,2.59,25118.9
946651,5.12,28183.8
946661,5.24,31622.8
946666,5.11,19952.6
946669,3.83,1778.3
946670,5.09,31622.8
946684,4.64,28183.8
946686,6.07,28183.8
946687,3.88,35481.3
946688,4.98,17782.8
946694,5.02,17782.8
946718,4.54,39810.7
946721,5.14,7079.5
946725,2.37,28183.8
946735,5.33,14125.4
946736,4.99,6309.6
946740,5.62,3548.1
946741,4.55,5011.9
946752,5.11,11220.2
946753,5.71,10000.0
946756,5.42,17782.8
946764,4.76,12589.3
946806,5.08,14125.4
946809,5.62,891.3
946821,5.81,15848.9
946825,3.64,17782.8
946831,5.15,14987.15
946833,5.63,15848.9
946834,4.96,12589.3
946845,5.43,39810.7
946854,4.57,6309.6
946866,6.23,4466.8
946869,5.55,12589.3
946872,3.51,14987.15
946873,4.69,19952.6
946877,4.75,31622.8
946878,5.86,2511.9
946895,4.13,12589.3
946903,4.66,891.3
946920,3.03,14125.4
946924,4.63,22387.2
946934,5.37,2238.7
946937,3.5,35481.3
946942,3.53,1778.3
946948,4.81,1000.0
946950,6.04,44668.4
946952,4.55,25118.9
946963,5.7,8912.5
946974,4.55,19952.6
946990,4.39,28183.8
946998,4.46,8912.5
947007,5.15,11904.75
947009,4.3,12589.3
947013,5.38,39810.7
947023,5.72,14125.4
947025,4.14,14125.4
947026,5.02,39810.7
947029,5.22,14125.4
947034,4.11,28183.8
947035,5.79,18867.7
947042,5.6,251.2
947059,5.12,6309.6
947103,5.88,39810.7
947108,5.51,39810.7
947115,5.6,10000.0
947117,5.18,1000.0
947126,5.51,1995.3
947135,3.44,15848.9
947138,5.36,15848.9
947146,4.49,1584.9
947147,1.55,11220.2
947161,4.2,25118.9
947177,4.15,25118.9
947192,4.89,1000.0
947229,4.61,39810.7
947232,5.21,631.0
947239,4.57,15848.9
947241,5.57,35481.3
947247,5.21,17782.8
947255,4.71,25118.9
947262,5.43,11220.2
947277,5.78,8912.5
947294,4.76,21169.9
947304,4.97,17782.8
947305,4.39,8912.5
947336,4.22,39810.7
947342,3.5,44668.4
947344,6.17,22387.2
947348,2.6,8912.5
947350,4.97,7943.3
947352,5.18,19952.6
947353,5.17,44668.4
947357,4.67,25118.9
947361,4.52,12589.3
947362,5.62,22387.2
947375,3.79,14125.4
947385,2.86,4466.8
947396,2.73,27162.166666666668
947404,3.94,28183.8
947412,4.17,14125.4
947413,5.34,1778.3
947422,4.28,44668.4
947429,5.04,15848.9
947434,4.82,15848.9
947436,5.62,10000.0
947445,4.6,15848.9
947449,3.59,19952.6
947450,5.27,14125.4
947451,3.52,17782.8
947454,4.02,7943.3
947461,6.08,17782.8
947465,4.84,1258.9
947468,5.99,17782.8
947476,5.92,3162.3
947482,5.93,1584.9
947483,5.74,7943.3
947487,4.11,1995.3
947505,4.01,31622.8
947512,5.6,446.7
947518,5.53,31622.8
947519,2.82,28183.8
947524,5.05,22387.2
947525,4.22,28183.8
947538,4.44,1778.3
947540,3.85,17782.8
947543,5.88,2818.4
947544,3.38,15848.9
947545,4.69,17782.8
947548,3.24,14125.4
947550,5.62,17782.8
947557,5.27,100.0
947576,5.72,17782.8
947580,6.33,15848.9
947583,5.43,39810.7
947620,4.79,15848.9
947640,5.6,25118.9
947642,4.75,19952.6
947646,5.54,7943.3
947651,4.85,14125.4
947664,4.46,35481.3
947669,5.17,15848.9
947676,4.71,1412.5
947687,5.52,1778.3
947688,3.63,7943.3
947710,4.91,25118.9
947712,3.7,31622.8
947720,5.93,3548.1
947728,5.95,28183.8
947730,5.24,12589.3
947740,5.17,15848.9
947742,5.52,29903.3
947750,3.75,6309.6
947754,5.97,14125.4
947790,5.97,14125.4
947796,4.63,3981.1
947822,1.98,35481.3
947827,5.42,354.8
947831,5.48,19952.6
947833,5.13,28183.8
947839,3.46,3162.3
947845,4.14,39810.7
947849,5.6,8912.5
947851,4.39,16815.85
947855,6.03,3355.2
947859,5.76,501.2
947863,4.25,6309.6
947866,5.84,25118.9
947868,5.73,39810.7
947886,4.69,3548.1
947891,4.64,31622.8
947899,3.3,14125.4
947906,4.37,25118.9
947910,3.3,28183.8
947918,5.57,31622.8
947921,6.51,316.2
947929,6.06,22387.2
947934,5.42,14987.15
947945,2.97,17782.8
947946,5.67,3548.1
947951,5.55,25118.9
947973,5.31,31622.8
947980,5.29,12589.3
947982,5.65,19952.6
947987,4.87,39810.7
947999,5.35,44668.4
948003,3.08,31622.8
948010,4.87,25118.9
948012,5.52,12589.3
948016,5.04,5011.9
948018,4.37,4466.8
948025,5.43,44668.4
948034,4.64,3162.3
948044,5.24,1995.3
948047,5.78,8912.5
948056,4.61,11904.75
948063,5.66,39810.7
948065,4.54,39810.7
948068,5.32,11904.75
948071,4.36,1584.9
948074,4.25,2818.4
948080,5.23,8912.5
948090,4.72,2238.7
948097,5.41,37646.0
948098,5.15,15848.9
948104,4.74,22387.2
948115,5.43,39810.7
948117,4.47,10000.0
948136,4.78,11220.2
948138,5.45,17782.8
948148,5.37,12589.3
948154,5.81,17782.8
948161,3.77,3548.1
948169,4.6,39810.7
948170,5.13,39810.7
948207,4.33,13357.35
948227,4.91,15848.9
948231,4.99,15848.9
948235,6.09,12589.3
948238,5.36,39810.7
948244,3.98,39810.7
948249,5.48,12589.3
948254,5.69,7079.5
948269,3.9,15848.9
948276,6.09,14125.4
948279,4.39,5011.9
948280,5.39,17782.8
948283,3.47,28183.8
948304,6.58,31622.8
948323,5.89,5623.4
948329,5.37,8912.5
948335,2.03,31622.8
948338,3.57,39810.7
948340,5.77,6309.6
948343,5.11,2238.7
948359,4.55,7079.5
948362,2.34,14125.4
948367,3.98,44668.4
948380,4.59,7943.3
948386,6.17,7943.3
948387,4.91,11220.2
948392,5.96,28183.8
948411,4.1,14125.4
948417,4.62,3548.1
948436,4.42,25118.9
948439,5.4,28183.8
948446,4.08,10000.0
948450,4.2,4466.8
948460,3.73,10000.0
948487,5.14,11220.2
948492,4.33,1412.5
948508,3.66,199.5
948514,4.34,5623.4
948515,5.24,31622.8
948516,5.5,25118.9
948523,4.88,39810.7
948529,5.75,10000.0
948530,5.79,25118.9
948548,4.69,31622.8
948568,5.66,3548.1
948574,4.45,8912.5
948583,5.24,28183.8
948593,3.78,17782.8
948598,5.09,19952.6
948600,6.15,199.5
948611,4.21,17782.8
948625,5.29,22387.2
948629,5.72,19952.6
948634,4.63,31622.8
948636,4.95,12589.3
948641,5.67,12589.3
948645,5.52,3981.1
948652,4.27,28183.8
948658,5.28,37646.0
948661,2.9,2511.9
948662,4.3,39810.7
948673,4.96,22387.2
948674,5.34,11220.2
948683,5.29,1412.5
948697,5.33,10000.0
948700,6.09,12589.3
948701,5.41,12589.3
948710,4.73,1412.5
948729,3.97,39810.7
948734,3.93,28183.8
948745,5.62,17782.8
948749,5.63,25118.9
948768,5.46,22387.2
948775,5.31,12589.3
948796,5.5,6309.6
948801,4.93,28183.8
948805,4.1,7079.5
948811,4.72,34195.13333333333
948824,5.4,14125.4
948825,5.31,14125.4
948826,5.59,3981.1
948828,4.23,31622.8
948840,4.98,19952.6
948865,5.66,14125.4
948867,5.56,25118.9
948869,3.96,14125.4
948874,5.46,7079.5
948877,5.6,707.9
948879,5.39,3548.1
948882,4.45,35481.3
948884,5.25,35481.3
948885,4.95,15848.9
948889,5.67,14125.4
948893,4.73,1412.5
948896,4.81,14125.4
948908,4.52,501.2
948910,6.01,562.3
948917,5.82,25118.9
948922,3.84,15848.9
948928,5.64,10610.1
948929,6.6,17782.8
948947,5.03,7943.3
948975,5.82,316.2
948988,4.74,14987.15
949003,4.88,39810.7
949004,5.9,39810.7
949010,4.39,19952.6
949017,4.99,25118.9
949020,5.69,5623.4
949027,5.62,14125.4
949032,4.25,31622.8
949036,4.96,19952.6
949048,5.32,28183.8
949058,5.66,8912.5
949070,4.62,25118.9
949077,5.45,1995.3
949078,2.87,22387.2
949088,5.87,11220.2
949092,5.99,12589.3
949093,5.15,19952.6
949101,5.72,15848.9
949104,5.62,28183.8
949118,5.4,17782.8
949136,5.33,2511.9
949143,6.29,28183.8
949158,3.72,25118.9
949161,4.9,37646.0
949175,2.66,25118.9
949191,4.17,17782.8
949194,4.68,25118.9
949199,2.97,12589.3
949203,5.63,14125.4
949209,2.97,17782.8
949225,5.64,13357.35
949230,5.85,12589.3
949239,3.87,19952.6
949242,5.08,2818.4
949258,4.33,7943.3
949263,1.06,15848.9
949266,5.82,8912.5
949268,5.74,15848.9
949270,6.03,28183.8
949273,5.64,10000.0
949278,5.56,39810.7
949288,5.82,35481.3
949289,5.46,1258.9
949300,3.41,44668.4
949310,5.05,31622.8
949316,4.81,39810.7
949322,4.26,3981.1
949350,5.91,11220.2
949352,4.04,10000.0
949357,6.01,17782.8
949369,6.02,12589.3
949370,4.54,28183.8
949371,4.22,11220.2
949372,5.57,3162.3
949375,4.88,14125.4
949379,5.33,12589.3
949402,3.22,19952.6
949413,5.13,14125.4
949414,5.05,39810.7
949416,4.67,12589.3
949417,3.75,39810.7
949426,4.33,8912.5
949428,4.8,22387.2
949432,5.59,14125.4
949443,4.11,18867.7
949452,3.53,2511.9
949467,3.12,35481.3
949473,5.78,28183.8
949475,4.24,39810.7
949489,5.6,15848.9
949492,5.0,31622.8
949494,5.55,5623.4
949505,5.33,11220.2
949515,3.91,39810.7
949516,4.54,25118.9
949522,3.86,28183.8
949528,5.13,3548.1
949530,2.69,15848.9
949535,4.71,22387.2
949554,3.89,15848.9
949556,3.41,14125.4
949580,4.98,15848.9
949582,5.19,25118.9
949584,4.88,19952.6
949592,5.99,31622.8
949596,4.24,28183.8
949616,6.02,39810.7
949620,4.79,35481.3
949622,5.17,39810.7
949630,5.42,8912.5
949633,3.53,17782.8
949635,4.17,14125.4
949653,3.77,28183.8
949660,6.05,354.8
949664,4.91,7943.3
949666,4.21,5011.9
949671,4.64,19952.6
949672,4.29,15848.9
949705,5.38,14125.4
949714,5.33,3548.1
949716,4.29,17782.8
949720,4.32,794.3
949721,6.13,44668.4
949725,3.88,891.3
949728,5.79,28183.8
949729,5.06,25118.9
949737,4.71,28183.8
949740,6.48,39810.7
949749,5.51,5011.9
949752,5.35,7079.5
949758,5.32,2818.4
949759,5.38,15848.9
949765,5.04,31622.8
949768,3.57,316.2
949771,5.35,10000.0
949775,5.63,39810.7
949784,6.04,891.3
949785,5.3,14125.4
949792,4.41,3548.1
949804,3.91,1995.3
949818,5.74,14987.15
949820,4.27,17782.8
949823,5.88,39810.7
949825,5.71,12589.3
949831,4.69,19952.6
949832,5.67,17782.8
949870,6.15,19952.6
949887,5.58,12589.3
949889,5.31,17782.8
949892,4.48,12589.3
949899,6.02,14125.4
949905,4.64,21169.9
949909,3.26,19952.6
949926,4.74,31622.8
949935,5.41,31622.8
949937,3.13,1778.3
949941,5.64,31622.8
949953,4.92,25118.9
949960,5.54,12589.3
949998,4.96,10000.0
950005,3.55,21169.9
950007,4.4,31622.8
950010,4.88,5011.9
950032,4.49,25118.9
950036,5.38,21169.9
950040,3.87,17782.8
950044,4.71,39810.7
950051,3.31,22387.2
950061,5.59,15848.9
950066,3.01,19952.6
950068,6.33,3548.1
950071,4.91,12589.3
950073,4.52,25118.9
950076,4.17,15848.9
950078,4.53,15848.9
950083,5.08,112.2
950106,5.38,1122.0
950107,5.07,39810.7
950116,2.02,22387.2
950119,3.61,31622.8
950125,4.49,1258.9
950128,4.57,2511.9
950141,3.18,19952.6
950146,4.23,14125.4
950150,5.56,18867.7
950158,4.55,12589.3
950172,6.02,28183.8
950177,5.97,44668.4
950186,4.96,31622.8
950206,5.29,12589.3
950207,4.54,25118.9
950208,6.21,3548.1
950209,5.63,15848.9
950216,5.52,1412.5
950220,4.95,5317.65
950226,5.23,10000.0
950233,6.02,19952.6
950246,2.98,35481.3
950253,4.71,25118.9
950294,2.69,17782.8
950306,5.11,31622.8
950325,5.24,19952.6
950326,4.49,3548.1
950341,5.74,12589.3
950347,4.05,13357.35
950363,3.57,28183.8
950380,4.49,1584.9
950381,1.95,39810.7
950389,4.08,14125.4
950391,4.16,28183.8
950395,3.1,7943.3
950398,5.25,28183.8
950399,3.17,17782.8
950408,4.45,17782.8
950410,4.86,14125.4
950413,3.29,5011.9
950426,3.82,22387.2
950427,5.58,19952.6
950444,5.41,25118.9
950445,4.32,22387.2
950448,5.63,891.3
950449,4.06,12589.3
950451,5.3,22387.2
950456,5.08,2818.4
950460,4.94,19952.6
950462,2.56,14125.4
950470,4.99,14125.4
950473,4.87,21169.9
950476,4.07,28183.8
950483,5.18,1122.0
950508,5.96,10610.1
950511,5.39,794.3
950520,5.12,5623.4
950529,4.93,31622.8
950532,4.72,10000.0
950535,4.64,10000.0
950537,4.13,14125.4
950539,4.78,15848.9
950541,3.98,19952.6
950543,5.88,39810.7
950555,2.84,3162.3
950559,3.74,10000.0
950573,5.25,19952.6
950577,5.93,11904.75
950582,5.57,10000.0
950583,5.37,44668.4
950592,5.66,1778.3
950601,4.71,12589.3
950612,3.36,44668.4
950613,3.58,17782.8
950628,5.33,31622.8
950632,5.71,12589.3
950634,5.4,11220.2
950645,3.22,12589.3
950647,5.13,15848.9
950666,5.76,1122.0
950672,2.95,8912.5
950683,5.21,14125.4
950696,3.01,4466.8
950699,5.68,12589.3
950707,4.82,17782.8
950717,5.61,15848.9
950739,4.06,3981.1
950740,5.12,31622.8
950743,4.86,39810.7
950755,5.53,12589.3
950775,6.11,3981.1
950783,6.01,11220.2
950797,4.28,7079.5
950802,5.39,7079.5
950809,5.59,7943.3
950821,4.99,39810.7
950829,4.86,39810.7
950849,4.58,2511.9
950850,3.85,19952.6
950853,4.52,25118.9
950859,5.74,28183.8
950863,5.85,39810.7
950864,4.48,2511.9
950865,4.94,39810.7
950875,3.82,22387.2
950877,3.32,33552.05
950879,2.96,14125.4
950884,3.26,39810.7
950891,4.61,11220.2
950903,3.07,39810.7
950904,5.8,1258.9
950906,4.7,22387.2
950908,5.28,35481.3
950909,4.45,31622.8
950915,2.81,25118.9
950942,5.03,2818.4
950952,5.3,17782.8
950954,5.1,39810.7
950960,4.49,10000.0
950973,3.95,44668.4
950977,5.66,14125.4
951003,6.02,7079.5
951013,4.94,25118.9
951016,7.02,8912.5
951023,4.79,31622.8
951036,4.76,8912.5
951045,5.66,15848.9
951074,4.82,39810.7
951077,5.51,28183.8
951078,5.16,59770.0
951080,5.25,25118.9
951090,5.09,5011.9
951093,6.81,22387.2
951095,4.95,22387.2
951100,5.22,17782.8
951115,4.72,15848.9
951118,3.95,14125.4
951125,5.39,19952.6
951140,4.97,39810.7
951150,4.9,2511.9
951158,5.6,31622.8
951162,5.68,25118.9
951179,5.32,25118.9
951180,4.81,35481.3
951194,2.98,14125.4
951206,5.63,33552.05
951212,6.21,22387.2
951227,3.61,44668.4
951237,5.88,4466.8
951250,5.49,13357.35
951255,3.61,14125.4
951256,4.94,31622.8
951265,3.38,35481.3
951277,5.39,35481.3
951278,5.65,15848.9
951289,5.83,11904.75
951291,5.85,25118.9
951294,5.45,22387.2
951330,3.61,25118.9
951331,5.23,22387.2
951343,5.26,19952.6
951386,5.74,12589.3
951389,4.4,39810.7
951405,6.22,25118.9
951406,4.23,14125.4
951414,5.57,17782.8
951424,5.6,12589.3
951462,4.8,25118.9
951464,5.42,7079.5
951471,4.87,31622.8
951474,3.95,11220.2
951494,2.27,14987.15
951520,4.57,14125.4
951529,3.38,19952.6
951538,3.93,31622.8
951545,6.02,22387.2
951556,3.93,15848.9
951573,5.44,15848.9
951575,3.22,25118.9
951584,5.08,29903.3
951587,4.45,1000.0
951588,5.27,56.2
951589,5.77,15848.9
951599,6.23,5011.9
951606,3.85,23753.05
951611,3.92,15848.9
951629,3.19,14125.4
951631,3.37,14125.4
951652,4.33,17782.8
951656,4.43,19952.6
951660,4.15,10000.0
951667,3.39,44668.4
951672,4.61,17782.8
951694,4.85,794.3
951697,2.84,39810.7
951701,5.41,31622.8
951734,5.31,14125.4
951735,3.93,15848.9
951763,6.1,8912.5
951764,2.71,10000.0
951766,2.23,14125.4
951769,5.01,39810.7
951776,5.08,8912.5
951795,5.59,25118.9
951797,4.08,19952.6
951800,5.61,17782.8
951813,4.32,15848.9
951817,3.22,31622.8
951827,3.8,22387.2
951836,4.22,3981.1
951848,5.68,39810.7
951868,4.85,12589.3
951886,5.5,39810.7
951908,4.33,35481.3
951918,5.02,17782.8
951941,4.68,6309.6
951942,5.78,1000.0
951945,4.37,19952.6
951949,5.06,22387.2
951958,4.68,14125.4
951963,4.94,6309.6
951970,4.42,25118.9
951973,6.51,19952.6
951978,5.18,4466.8
951980,3.4,12589.3
951988,4.86,14125.4
951995,3.78,29903.3
951996,5.11,10000.0
951998,4.56,25118.9
952003,3.77,44668.4
952004,4.78,11220.2
952008,5.47,39810.7
952014,5.89,10000.0
952015,4.39,7079.5
952026,2.54,35481.3
952027,4.09,31622.8
952037,5.12,56.2
952051,5.98,15848.9
952053,6.01,1778.3
952060,5.49,28183.8
952061,5.85,10000.0
952065,3.9,2511.9
952068,5.43,8912.5
952081,6.02,44668.4
952082,6.26,25118.9
952085,4.91,31622.8
952088,3.08,8912.5
952092,4.45,10000.0
952093,5.84,22387.2
952094,6.41,39810.7
952103,4.5,707.9
952108,5.79,13357.35
952109,5.23,14125.4
952116,3.38,12589.3
952118,5.33,39810.7
952122,4.63,14125.4
952129,4.56,8912.5
952131,5.5,26651.35
952132,5.97,7943.3
952137,6.14,25118.9
952149,4.88,15848.9
952197,6.19,26651.35
952198,5.85,21169.9
952201,5.57,28183.8
952204,5.62,25118.9
952214,5.56,17782.8
952219,6.0,7079.5
952224,5.24,3162.3
952227,4.29,707.9
952234,4.66,22387.2
952237,4.09,10000.0
952241,4.73,35481.3
952243,4.51,15848.9
952252,5.58,31622.8
952257,5.3,8912.5
952266,5.73,19952.6
952278,5.78,25118.9
952289,4.64,39810.7
952295,4.95,22387.2
952298,3.5,18867.7
952300,6.05,39810.7
952309,4.11,35481.3
952326,4.91,31622.8
952327,4.89,7079.5
952328,5.58,1258.9
952343,5.73,28183.8
952353,3.69,11904.75
952357,4.22,39810.7
952362,4.74,8912.5
952374,3.48,1000.0
952383,5.3,89.1
952390,4.96,11220.2
952398,4.04,22387.2
952421,5.78,25118.9
952434,5.61,12589.3
952461,5.39,25118.9
952477,4.4,28183.8
952478,5.4,22387.2
952482,4.68,7943.3
952491,5.84,3162.3
952510,5.73,14987.15
952517,4.7,25118.9
952521,5.9,14125.4
952533,5.76,1412.5
952535,5.95,15848.9
952537,2.13,8912.5
952558,4.79,14987.15
952599,5.09,11220.2
952600,5.02,14125.4
952610,5.98,31622.8
952619,4.82,17782.8
952629,5.46,4466.8
952652,3.36,44668.4
952658,5.8,25118.9
952659,2.05,7079.5
952668,4.03,22387.2
952671,5.12,1778.3
952676,3.83,12589.3
952679,5.06,44668.4
952710,3.31,12589.3
952712,4.43,28183.8
952725,2.41,15848.9
952727,5.28,2238.7
952734,5.61,5011.9
952760,6.2,7511.4
952766,6.24,19952.6
952768,5.72,2238.7
952773,5.38,17782.8
952777,5.58,28183.8
952778,5.75,10000.0
952785,4.05,28183.8
952788,4.65,19952.6
952807,4.48,19952.6
952832,6.03,35481.3
952833,5.56,22387.2
952840,3.94,7079.5
952844,5.96,19952.6
952852,4.82,3981.1
952857,5.04,31622.8
952858,5.34,14987.15
952887,5.57,44668.4
952891,4.85,1995.3
952892,4.73,1000.0
952897,5.55,4466.8
952898,4.59,15848.9
952913,5.49,14125.4
952917,3.23,14125.4
952920,5.81,25118.9
952936,5.93,28183.8
952942,5.83,891.3
952951,3.18,39810.7
952952,5.09,1778.3
952959,3.8,7079.5
952970,5.08,39810.7
952982,3.98,8912.5
952995,3.51,10000.0
952999,5.13,28183.8
953007,6.26,28183.8
953009,4.75,14125.4
953027,5.84,7943.3
953032,4.67,15848.9
953038,5.17,28183.8
953047,5.82,12589.3
953054,4.53,12589.3
953059,4.93,1584.9
953060,5.36,2511.9
953063,3.26,44668.4
953067,3.97,14125.4
953072,5.05,14125.4
953081,5.06,17782.8
953087,5.19,14125.4
953097,5.07,39810.7
953112,5.88,223.9
953120,4.34,22387.2
953146,5.89,15848.9
953162,2.95,316.2
953163,3.08,25118.9
953169,6.05,34195.13333333333
953172,5.98,15848.9
953178,5.72,17782.8
953183,4.94,28183.8
953186,5.73,12589.3
953187,5.34,14125.4
953200,2.86,35481.3
953211,4.12,17782.8
953218,5.98,15848.9
953219,3.91,26651.35
953221,4.78,8912.5
953225,5.63,39810.7
953230,5.94,22387.2
953235,6.22,11220.2
953244,4.43,18867.7
953251,5.85,10000.0
953252,5.18,3548.1
953260,4.54,11904.75
953268,5.2,1584.9
953270,6.16,28183.8
953272,5.77,10000.0
953273,5.39,12589.3
953280,6.19,12589.3
953281,5.51,11220.2
953284,4.68,25118.9
953285,5.44,12589.3
953295,5.83,19952.6
953301,5.46,8912.5
953304,5.33,3548.1
953311,5.79,8912.5
953322,3.84,35481.3
953323,6.21,9456.25
953324,5.67,19952.6
953325,5.27,25118.9
953330,4.89,44668.4
953333,2.98,39810.7
953339,3.6,35481.3
953344,1.85,3981.1
953348,3.49,22387.2
953353,4.11,177.8
953369,3.71,6309.6
953372,5.16,7943.3
953377,4.47,22387.2
953384,4.71,17782.8
953386,5.38,6309.6
953392,5.67,794.3
953395,3.36,15848.9
953398,4.9,8912.5
953413,5.51,15848.9
953431,5.35,44668.4
953441,5.96,17782.8
953465,5.75,28183.8
953476,3.91,891.3
953480,5.47,25118.9
953489,5.26,15848.9
953490,3.67,17782.8
953496,5.38,1995.3
953504,3.22,1995.3
953519,5.72,11904.75
953520,4.48,22387.2
953525,5.66,14125.4
953527,6.04,8912.5
953533,3.54,14125.4
953535,4.94,8427.9
953536,5.81,22387.2
953546,3.49,7079.5
953547,6.08,31622.8
953552,3.96,3981.1
953553,5.65,25118.9
953565,4.89,35481.3
953566,4.46,35481.3
953571,3.88,16815.85
953601,5.45,15848.9
953606,5.17,3981.1
953619,3.88,19952.6
953623,4.12,8912.5
953626,4.94,39810.7
953631,5.17,631.0
953644,4.43,1258.9
953650,4.03,28183.8
953651,4.75,446.7
953656,3.43,39810.7
953666,5.57,25.1
953680,5.98,19952.6
953689,4.75,29903.3
953696,6.07,26651.35
953699,4.36,2238.7
953707,3.31,3981.1
953716,4.88,28183.8
953717,3.19,8912.5
953719,4.86,2238.7
953723,5.26,6309.6
953728,4.02,39810.7
953733,4.15,7943.3
953743,6.05,13357.35
953748,5.98,44668.4
953753,4.97,7943.3
953760,3.95,1000.0
953767,5.47,17782.8
953768,5.18,2818.4
953777,3.3,3981.1
953806,5.12,14125.4
953816,4.15,7943.3
953828,3.87,14125.4
953830,3.87,12589.3
953832,5.45,18867.7
953841,5.12,39810.7
953845,5.57,7079.5
953866,5.49,1584.9
953872,4.54,31622.8
953873,4.58,10000.0
953882,5.86,15848.9
953893,3.54,12589.3
953899,5.84,10000.0
953909,5.44,11904.75
953916,5.71,44668.4
953923,4.98,22387.2
953934,5.71,17782.8
953965,3.09,33552.05
953967,3.93,28183.8
953973,4.0,22387.2
953974,5.12,15848.9
953982,4.14,28183.8
953992,5.84,28183.8
953996,3.39,18867.7
953999,6.37,31622.8
954000,4.64,2818.4
954006,4.8,31622.8
954021,4.31,22387.2
954025,3.95,21169.9
954030,5.27,398.1
954031,5.51,15848.9
954043,4.92,10000.0
954044,4.73,25118.9
954045,5.28,26651.35
954060,3.64,22387.2
954073,3.79,28183.8
954076,3.1,17782.8
954078,4.31,12589.3
954082,5.57,17782.8
954090,5.99,14125.4
954092,5.31,17782.8
954097,5.2,11220.2
954099,3.97,281.8
954100,5.69,15848.9
954103,5.81,25118.9
954113,4.66,14125.4
954137,5.11,31622.8
954139,5.33,3162.3
954141,3.54,17782.8
954147,5.28,10000.0
954156,4.19,25118.9
954164,5.23,10000.0
954175,3.42,17782.8
954176,4.13,2238.7
954181,5.45,10000.0
954187,4.63,891.3
954197,4.94,12589.3
954205,4.23,17782.8
954210,5.43,17782.8
954221,5.59,14125.4
954228,5.29,1000.0
954231,6.04,22387.2
954251,4.85,22387.2
954257,4.83,9456.25
954271,4.12,15848.9
954282,4.58,22387.2
954285,5.29,1258.9
954286,2.73,19952.6
954290,5.05,15848.9
954300,5.08,14125.4
954301,4.76,5011.9
954303,5.41,1000.0
954318,6.09,1995.3
954321,4.79,39810.7
954322,5.98,3981.1
954333,5.33,28183.8
954350,4.35,28183.8
954355,3.13,28183.8
954363,4.52,12589.3
954376,3.53,6309.6
954404,4.77,11904.75
954410,4.69,44668.4
954421,5.25,22387.2
954424,5.68,17782.8
954426,3.46,25118.9
954431,5.32,14125.4
954436,5.81,25118.9
954439,5.15,7943.3
954446,4.02,15848.9
954453,4.73,31622.8
954457,5.73,5623.4
954459,5.72,44668.4
954464,5.32,31622.8
954468,5.27,22387.2
954470,5.41,8912.5
954475,4.71,1122.0
954478,5.53,19952.6
954489,5.58,44668.4
954493,4.93,23753.05
954502,5.42,15848.9
954514,5.02,11220.2
954515,4.83,3162.3
954516,5.39,22387.2
954518,4.04,22387.2
954520,5.67,39810.7
954540,5.36,7079.5
954546,3.9,19952.6
954550,4.36,25118.9
954556,5.48,8912.5
954565,5.58,5011.9
954571,4.92,25118.9
954574,3.56,28183.8
954581,4.43,17782.8
954596,3.02,12589.3
954600,5.17,35481.3
954602,5.52,7079.5
954615,4.83,1412.5
954617,4.8,39810.7
954640,4.42,28183.8
954641,5.89,14125.4
954642,4.92,2818.4
954656,5.81,28183.8
954666,4.7,3981.1
954668,4.11,19952.6
954673,3.89,28183.8
954683,6.24,39810.7
954686,4.8,5011.9
954691,4.3,22387.2
954707,5.96,1584.9
954713,5.51,31622.8
954719,4.11,2511.9
954723,4.94,12589.3
954735,4.67,28183.8
954742,5.0,12589.3
954748,5.26,44668.4
954759,5.67,12589.3
954765,5.31,39810.7
954773,5.39,316.2
954774,5.52,39810.7
954779,3.71,14125.4
954795,5.17,2818.4
954811,4.41,19952.6
954814,2.67,3162.3
954816,2.82,39810.7
954820,5.05,19952.6
954842,5.97,2238.7
954857,5.64,7943.3
954859,5.34,28183.8
954868,4.4,7079.5
954883,5.85,28183.8
954892,5.77,7943.3
954918,5.84,12589.3
954921,4.09,25118.9
954927,5.15,15848.9
954929,5.49,15848.9
954930,4.22,22387.2
954945,5.37,10000.0
954954,4.97,44668.4
954968,4.24,28183.8
954983,5.42,14125.4
954984,5.02,31622.8
954985,5.07,31622.8
954987,5.52,19952.6
954988,5.2,28183.8
955016,5.68,39810.7
955022,5.09,25118.9
955026,5.57,17782.8
955032,5.71,19952.6
955040,4.09,31622.8
955046,5.05,25118.9
955048,5.78,28183.8
955054,5.6,1778.3
955058,5.37,12589.3
955072,4.3,15848.9
955076,5.73,25.1
955092,3.78,22387.2
955103,5.64,28183.8
955125,5.34,39810.7
955137,4.26,39810.7
955140,5.92,25118.9
955142,3.18,28183.8
955147,4.38,3981.1
955149,3.76,31622.8
955151,4.18,22387.2
955160,5.74,13357.35
955161,3.66,19952.6
955163,5.81,29903.3
955166,5.69,17782.8
955168,5.47,19952.6
955173,5.91,26651.35
955174,3.58,3162.3
955178,6.75,141.3
955182,2.34,35481.3
955184,4.35,11220.2
955187,4.78,11220.2
955188,5.06,23753.05
955189,2.58,28183.8
955193,4.42,39810.7
955200,4.93,44668.4
955202,4.29,2511.9
955206,3.43,17782.8
955216,5.38,12589.3
955218,5.65,3548.1
955220,5.55,12589.3
955238,5.96,26651.35
955241,5.2,11220.2
955242,2.88,39810.7
955251,4.56,3548.1
955282,6.15,31622.8
955296,3.81,89.1
955297,4.39,44668.4
955307,5.64,17782.8
955312,5.53,39810.7
955323,5.71,39810.7
955332,4.15,22387.2
955334,5.46,10000.0
955340,5.2,28183.8
955350,4.65,5623.4
955365,2.93,1995.3
955384,5.34,11220.2
955388,5.69,39810.7
955396,5.52,19952.6
955421,5.98,15848.9
955436,6.01,12589.3
955439,4.96,44668.4
955440,3.61,25118.9
955450,5.19,28183.8
955455,5.37,19952.6
955458,3.61,39810.7
955484,4.64,15848.9
955498,5.95,44668.4
955515,5.9,44668.4
955517,4.05,39810.7
955542,4.5,28183.8
955544,5.06,177.8
955549,4.69,25118.9
955553,4.62,7943.3
955558,5.29,39810.7
955568,4.4,17782.8
955572,4.79,3162.3
955577,6.04,17782.8
955619,4.91,19952.6
955629,5.41,15848.9
955634,4.01,35481.3
955645,5.1,28183.8
955647,5.55,11220.2
955659,4.94,39810.7
955663,4.34,28183.8
955671,2.99,14987.15
955674,5.14,25118.9
955698,5.53,16815.85
955708,4.23,25118.9
955712,4.05,31622.8
955722,6.17,5011.9
955732,4.4,28183.8
955735,5.39,12589.3
955741,5.29,19952.6
955753,4.77,22387.2
955754,4.78,19952.6
955769,3.17,8912.5
955770,5.2,15848.9
955781,5.01,12589.3
955782,4.56,35481.3
955790,5.05,22387.2
955804,5.15,7079.5
955811,3.47,125.9
955816,5.06,14125.4
955839,5.42,1412.5
955844,5.31,12589.3
955847,5.74,31622.8
955848,5.32,19952.6
955849,5.79,39810.7
955851,4.38,8912.5
955867,5.81,39810.7
955871,5.82,15848.9
955875,5.62,28183.8
955876,3.99,15848.9
955927,4.94,19952.6
955935,4.63,14125.4
955947,5.21,4466.8
955949,3.81,19952.6
955951,3.72,31622.8
955968,4.37,2238.7
955980,4.98,25118.9
955999,5.62,10000.0
956010,3.32,70.8
956024,4.14,44668.4
956025,5.44,8912.5
956029,3.84,17782.8
956034,5.2,31622.8
956041,5.84,3162.3
956046,4.5,39810.7
956047,4.59,15848.9
956057,4.99,18867.7
956058,4.56,22387.2
956059,4.22,22387.2
956063,5.34,28183.8
956066,5.32,14987.15
956067,4.29,10000.0
956073,3.43,39810.7
956089,4.93,25118.9
956102,5.01,15848.9
956105,5.59,7943.3
956109,5.35,31622.8
956119,4.7,22387.2
956123,5.08,19952.6
956127,5.14,7943.3
956131,4.28,1778.3
956137,5.56,354.8
956146,5.28,10000.0
956166,5.09,15848.9
956170,5.74,14125.4
956171,5.67,44668.4
956175,5.64,1258.9
956176,5.54,17782.8
956186,5.08,1778.3
956187,5.7,19952.6
956205,5.21,14125.4
956208,4.01,3981.1
956218,6.08,28183.8
956226,5.24,17782.8
956239,4.58,19952.6
956241,4.68,15848.9
956252,4.34,28183.8
956257,4.0,28183.8
956261,5.72,7943.3
956264,5.27,10000.0
956279,6.03,31622.8
956283,5.99,28183.8
956287,4.05,17782.8
956296,4.96,11220.2
956305,4.42,15848.9
956309,5.91,39810.7
956313,5.24,1778.3
956319,6.08,19952.6
956320,4.2,12589.3
956325,4.76,28183.8
956328,4.69,1412.5
956340,5.47,28183.8
956342,5.84,19952.6
956356,4.18,15848.9
956358,4.54,16815.85
956385,4.57,5011.9
956392,5.7,14125.4
956394,5.59,2511.9
956399,5.03,14125.4
956402,4.35,44668.4
956411,5.56,398.1
956419,5.8,10000.0
956423,6.01,10000.0
956425,5.57,39810.7
956428,4.89,14125.4
956431,4.87,28183.8
956443,5.56,63.1
956453,5.85,19952.6
956458,3.6,44668.4
956459,5.05,25118.9
956464,4.19,141.3
956465,5.54,31622.8
956468,5.09,23753.05
956469,5.35,15848.9
956474,4.02,17782.8
956481,6.81,39810.7
956487,4.57,35481.3
956510,5.37,4466.8
956514,4.71,12589.3
956515,5.52,9637.5
956522,4.61,19952.6
956531,5.59,19952.6
956537,5.47,44668.4
956543,3.71,16815.85
956549,4.66,17782.8
956554,5.73,1000.0
956555,3.45,39810.7
956561,4.6,398.1
956565,4.82,28183.8
956582,5.81,25118.9
956600,5.76,10000.0
956611,5.53,28183.8
956620,5.65,17782.8
956633,4.68,16815.85
956654,5.85,17782.8
956656,5.09,6309.6
956660,6.06,8912.5
956669,4.44,10000.0
956676,4.54,14125.4
956687,5.04,8912.5
956695,3.51,17782.8
956707,5.08,1995.3
956711,5.49,17782.8
956713,4.08,39810.7
956724,6.16,14125.4
956732,5.8,2238.7
956746,5.39,11220.2
956762,5.55,25118.9
956772,1.75,14125.4
956787,4.31,14125.4
956790,5.64,39810.7
956793,2.78,17782.8
956799,5.54,6309.6
956801,4.88,8912.5
956807,3.2,19952.6
956808,6.16,14125.4
956812,4.17,17782.8
956814,5.6,35481.3
956819,2.43,39810.7
956837,6.31,15848.9
956874,6.19,39810.7
956882,5.72,3548.1
956884,4.68,25118.9
956896,4.84,39810.7
956900,5.63,794.3
956913,4.91,25118.9
956919,4.12,35481.3
956947,3.65,2511.9
956951,4.28,14987.15
956952,5.72,1584.9
956962,5.4,2818.4
956967,5.57,562.3
956969,5.8,28183.8
956973,3.98,17782.8
956974,4.29,3162.3
956985,4.71,19952.6
956987,5.16,22387.2
956991,4.83,2238.7
957001,6.05,4466.8
957002,4.89,25118.9
957008,5.51,17782.8
957023,4.38,19952.6
957025,5.88,15848.9
957027,4.78,5011.9
957031,5.74,19952.6
957043,4.77,17782.8
957049,6.21,1412.5
957056,3.85,7079.5
957079,5.27,12589.3
957082,4.63,28183.8
957083,2.53,1000.0
957096,5.92,15848.9
957100,5.72,11220.2
957109,4.51,12589.3
957111,5.25,39810.7
957113,4.15,12589.3
957115,4.29,19952.6
957116,6.98,15848.9
957118,5.18,14987.15
957119,5.59,11220.2
957123,4.44,14125.4
957125,5.6,35481.3
957128,4.98,19952.6
957129,5.46,17782.8
957133,3.76,1995.3
957137,6.15,1000.0
957144,4.01,10000.0
957147,4.77,1000.0
957152,4.81,891.3
957153,5.38,35481.3
957161,5.12,39810.7
957163,4.04,31622.8
957164,4.01,8912.5
957184,3.97,39810.7
957187,4.99,31622.8
957188,6.12,3548.1
957192,5.12,19952.6
957204,5.62,31622.8
957221,2.56,28183.8
957222,3.93,39810.7
957228,4.67,31622.8
957237,3.73,28183.8
957250,5.32,891.3
957251,5.74,3355.2
957253,5.53,13357.35
957265,6.25,31622.8
957271,5.48,25118.9
957283,5.79,3162.3
957285,5.38,28183.8
957288,6.29,10000.0
957297,2.33,7943.3
957311,5.03,15848.9
957312,5.58,3162.3
957319,5.27,28183.8
957322,3.73,4466.8
957326,5.02,10000.0
957339,4.29,35481.3
957348,4.98,39810.7
957361,4.84,5623.4
957374,5.11,15848.9
957380,2.53,22387.2
957393,5.71,7079.5
957394,5.29,7943.3
957395,4.03,19952.6
957397,5.21,39810.7
957423,3.27,5623.4
957426,5.55,31622.8
957431,4.17,28183.8
957439,5.87,25118.9
957442,5.1,2511.9
957450,5.89,3548.1
957467,5.18,39810.7
957472,4.39,1122.0
957483,4.81,25118.9
957485,6.0,5011.9
957504,4.45,31622.8
957506,3.92,39810.7
957512,5.18,199.5
957518,4.26,4466.8
957525,6.06,17782.8
957527,5.33,15848.9
957529,5.24,8912.5
957530,5.5,19952.6
957542,5.37,15848.9
957545,5.14,15848.9
957563,5.4,29903.3
957573,5.43,39810.7
957577,5.49,12589.3
957578,5.84,17782.8
957584,5.93,17782.8
957610,4.8,39810.7
957615,3.43,7079.5
957619,2.07,31622.8
957629,3.85,2511.9
957651,4.43,31622.8
957664,5.68,7943.3
957679,5.25,7079.5
957694,4.73,26651.35
957697,5.39,44668.4
957698,5.52,3162.3
957700,5.89,39810.7
957703,5.39,3981.1
957720,5.44,25118.9
957724,5.35,15848.9
957738,5.72,35481.3
957741,4.14,1412.5
957750,5.81,15848.9
957762,5.0,12589.3
957766,6.06,31622.8
957772,4.14,11220.2
957775,5.01,15848.9
957777,5.83,14987.15
957793,5.23,35481.3
957806,4.88,44668.4
957813,4.9,8912.5
957825,3.99,8912.5
957828,3.6,6309.6
957835,5.3,1412.5
957842,5.52,31622.8
957847,3.71,28183.8
957864,5.0,8912.5
957866,4.67,39810.7
957870,5.81,15848.9
957872,4.23,28183.8
957873,3.91,6309.6
957919,5.07,35481.3
957938,4.81,794.3
957940,5.03,39810.7
957946,4.69,7943.3
957951,4.76,501.2
957967,3.71,28183.8
957976,5.76,17782.8
957981,4.15,19952.6
958003,4.78,39810.7
958015,4.75,31622.8
958016,5.66,13101.333333333334
958020,4.21,3162.3
958030,5.25,28183.8
958033,4.85,2238.7
958039,5.39,12589.3
958054,5.15,31622.8
958056,5.35,31622.8
958066,3.58,15848.9
958067,3.5,35481.3
958069,4.01,14125.4
958077,4.17,15848.9
958094,4.44,15848.9
958097,4.86,1778.3
958110,5.32,39810.7
958113,5.6,39810.7
958123,6.01,11220.2
958139,5.55,8912.5
958147,4.72,22387.2
958152,5.86,39810.7
958160,5.31,14125.4
958167,5.48,12589.3
958179,4.65,5623.4
958181,3.8,28183.8
958194,5.63,25118.9
958211,6.26,3162.3
958218,6.21,17782.8
958228,2.72,8912.5
958233,4.28,10000.0
958235,4.66,1995.3
958242,4.4,8912.5
958243,4.85,26651.35
958268,3.9,12589.3
958269,4.94,31622.8
958276,5.21,18867.7
958283,5.47,19952.6
958286,4.61,1000.0
958290,6.1,14125.4
958314,5.12,79.4
958315,4.11,25118.9
958318,3.78,31622.8
958334,5.64,19952.6
958337,4.5,14125.4
958342,5.22,14125.4
958343,4.92,199.5
958346,5.46,35481.3
958349,4.7,7079.5
958354,3.66,3981.1
958358,3.23,44668.4
958372,3.84,14125.4
958382,5.45,14125.4
958398,4.87,35481.3
958404,5.78,10000.0
958411,5.7,35481.3
958420,5.92,14125.4
958421,4.7,501.2
958423,5.57,22.4
958425,4.9,1412.5
958426,5.49,11220.2
958430,4.03,3981.1
958436,4.54,1995.3
958455,3.52,22387.2
958461,3.95,15848.9
958466,6.03,8912.5
958519,5.33,3548.1
958525,5.97,7943.3
958528,5.53,5011.9
958530,5.32,44668.4
958541,5.64,7943.3
958542,5.57,11220.2
958550,4.53,17782.8
958556,5.19,22387.2
958563,5.89,11220.2
958568,3.13,14125.4
958578,3.86,3548.1
958588,3.89,3548.1
958591,5.81,10000.0
958613,4.16,39810.7
958629,4.44,19952.6
958640,5.34,35481.3
958656,4.68,17782.8
958667,4.89,14125.4
958673,4.44,11904.75
958698,3.84,35481.3
958702,5.23,17782.8
958705,4.71,28183.8
958722,6.09,14987.15
958729,5.84,28183.8
958748,5.73,14125.4
958749,5.4,9456.25
958750,4.82,37646.0
958760,3.91,5011.9
958788,4.36,354.8
958790,4.99,1584.9
958795,5.82,15848.9
958799,4.39,7079.5
958801,4.85,25118.9
958803,5.91,28183.8
958806,4.3,10000.0
958808,4.22,37646.0
958810,5.69,35481.3
958813,6.14,14125.4
958825,5.85,39810.7
958833,4.74,28183.8
958839,5.65,25118.9
958845,6.26,17782.8
958854,5.53,15848.9
958860,5.61,25118.9
958863,4.35,17782.8
958865,5.71,17782.8
958868,5.29,19952.6
958876,5.87,28183.8
958877,5.38,28183.8
958878,5.86,17782.8
958883,5.63,17782.8
958885,4.11,14125.4
958891,5.29,44668.4
958895,5.52,10000.0
958902,5.85,31622.8
958905,3.92,354.8
958932,6.05,14125.4
958952,5.69,22387.2
958953,5.67,158.5
958959,5.47,7079.5
958960,3.83,891.3
958961,5.89,10000.0
958967,5.85,17782.8
958973,3.92,11220.2
958988,3.51,10000.0
958989,5.49,5011.9
958993,5.35,39810.7
958998,5.34,35481.3
959003,6.16,19952.6
959023,3.4,31622.8
959034,3.73,8912.5
959045,5.75,28183.8
959051,5.67,25118.9
959052,4.87,19952.6
959060,5.85,39810.7
959064,5.44,1778.3
959069,4.79,17782.8
959076,5.66,446.7
959085,7.12,17782.8
959093,5.07,1995.3
959100,4.25,2511.9
959115,3.9,19952.6
959116,5.98,12589.3
959125,4.97,2818.4
959129,3.57,1122.0
959145,4.92,28183.8
959155,4.14,35481.3
959160,5.52,35481.3
959166,5.05,13357.35
959177,4.27,44668.4
959181,4.48,12589.3
959188,4.85,15848.9
959189,4.62,17782.8
959191,4.63,39810.7
959196,5.42,29903.3
959199,4.35,28183.8
959202,4.96,39810.7
959207,5.45,12589.3
959209,3.46,26651.35
959232,5.53,17782.8
959245,5.47,19952.6
959248,5.15,7943.3
959249,5.84,28183.8
959268,5.74,10000.0
959272,5.64,125.9
959278,4.9,31622.8
959288,6.28,22.4
959299,5.69,12589.3
959300,6.38,25118.9
959320,5.56,31622.8
959327,5.24,14125.4
959332,5.59,17782.8
959333,5.47,39810.7
959344,4.55,39810.7
959357,5.74,17782.8
959358,5.98,631.0
959359,3.69,15848.9
959370,4.31,15848.9
959372,4.99,15848.9
959378,5.5,39810.7
959386,4.58,2818.4
959387,3.69,39810.7
959389,5.72,19952.6
959394,5.38,3981.1
959396,5.53,12589.3
959397,5.78,2238.7
959407,5.13,17782.8
959422,6.05,9456.25
959430,5.07,5011.9
959437,4.61,5011.9
959445,3.0,354.8
959448,3.61,19952.6
959449,5.09,35481.3
959460,4.58,891.3
959462,5.9,39810.7
959477,5.0,8912.5
959484,4.58,15848.9
959488,4.4,14125.4
959493,4.06,25118.9
959539,5.31,5011.9
959545,5.65,28183.8
959550,5.86,1995.3
959560,3.32,31622.8
959571,5.67,3162.3
959575,5.76,31622.8
959581,6.38,39810.7
959587,3.81,22387.2
959601,4.78,14125.4
959607,6.0,15848.9
959630,5.76,25118.9
959639,5.54,15848.9
959641,5.04,15848.9
959664,4.24,12589.3
959669,4.48,7079.5
959682,3.45,39810.7
959684,5.89,14125.4
959690,3.74,19952.6
959695,4.21,15848.9
959705,6.04,15848.9
959707,5.61,29903.3
959712,3.51,3162.3
959713,5.31,25.1
959721,5.68,12589.3
959723,4.45,12589.3
959724,5.63,14125.4
959733,4.98,7079.5
959744,5.66,8912.5
959745,5.42,25118.9
959747,5.0,19952.6
959752,5.85,19952.6
959758,5.34,11220.2
959763,4.3,1412.5
959767,6.31,39810.7
959772,5.06,15848.9
959779,6.15,15848.9
959792,4.53,21169.9
959797,6.16,14125.4
959800,5.57,17782.8
959803,5.76,14125.4
959804,5.26,794.3
959852,5.92,35481.3
959858,4.28,22387.2
959863,5.65,10000.0
959869,5.94,39810.7
959872,4.48,10000.0
959874,5.85,44668.4
959885,4.25,14987.15
959894,5.39,35481.3
959899,5.79,25118.9
959915,6.23,12589.3
959916,5.85,14125.4
959937,4.81,17782.8
959944,5.92,17782.8
959952,3.45,22387.2
959961,5.61,15848.9
959970,4.94,19952.6
959971,5.94,1258.9
959973,5.2,26651.35
959980,4.64,631.0
960010,5.13,25118.9
960017,5.38,14125.4
960020,5.02,10000.0
960024,3.55,17782.8
960025,6.18,19952.6
960039,4.69,3548.1
960051,4.24,14125.4
960060,4.17,15848.9
960068,5.4,4466.8
960069,5.1,39810.7
960075,5.74,12589.3
960107,4.95,17782.8
960110,4.55,39810.7
960113,5.54,17782.8
960118,4.71,562.3
960120,4.61,25118.9
960127,5.72,12589.3
960138,4.06,14125.4
960156,4.06,28183.8
960157,5.07,14125.4
960159,6.49,3981.1
960166,5.57,8912.5
960182,4.25,39810.7
960210,6.06,17782.8
960219,5.16,17782.8
960232,4.35,25118.9
960233,3.22,35481.3
960236,5.39,39810.7
960240,4.88,4466.8
960241,5.59,5623.4
960248,4.23,15848.9
960263,5.87,15848.9
960279,4.61,7079.5
960280,4.12,3548.1
960283,5.91,12589.3
960289,4.75,4466.8
960334,4.23,22387.2
960353,4.55,26651.35
960368,5.59,10000.0
960374,5.01,2818.4
960402,5.61,4466.8
960416,4.63,44668.4
960424,5.23,14125.4
960431,4.82,11220.2
960432,4.65,17782.8
960434,5.95,12589.3
960450,4.16,4466.8
960451,2.09,31622.8
960452,4.38,25118.9
960455,5.14,8912.5
960464,5.87,14125.4
960469,5.07,15848.9
960482,5.29,12589.3
960499,5.19,29903.3
960500,5.48,19952.6
960509,5.71,1778.3
960513,3.46,8912.5
960521,5.68,17782.8
960530,4.99,15848.9
960537,4.94,28183.8
960539,4.18,22387.2
960542,5.99,17782.8
960557,5.9,10000.0
960572,5.56,19952.6
960581,4.56,17782.8
960586,5.43,28183.8
960594,5.66,11220.2
960601,3.7,19952.6
960608,5.53,15848.9
960609,5.59,5011.9
960612,4.24,39810.7
960619,4.51,39810.7
960622,5.55,19952.6
960635,4.62,19952.6
960643,5.9,19952.6
960645,5.19,1995.3
960649,4.5,28183.8
960653,5.31,44668.4
960667,5.81,39810.7
960674,5.36,26651.35
960675,3.82,25118.9
960679,3.73,12589.3
960698,4.77,12589.3
960705,4.52,35481.3
960708,1.82,35481.3
960724,4.43,15848.9
960728,5.01,891.3
960734,4.41,17782.8
960740,4.97,17782.8
960742,5.37,39810.7
960757,5.03,22387.2
960759,4.64,11220.2
960760,5.0,31622.8
960761,2.04,28183.8
960776,6.13,31622.8
960780,6.29,25118.9
960782,4.58,31622.8
960791,4.5,35481.3
960798,3.83,2818.4
960799,4.66,15848.9
960805,6.0,2818.4
960834,5.42,14125.4
960849,5.1,15848.9
960853,4.65,39810.7
960876,3.71,19952.6
960887,4.0,25118.9
960890,4.62,3162.3
960900,4.86,15848.9
960905,1.3,31622.8
960925,4.53,5011.9
960940,5.7,11220.2
960944,4.87,28183.8
960947,4.82,15848.9
960950,4.31,1122.0
960959,5.21,10000.0
960961,4.73,31622.8
960967,3.64,23753.05
960984,5.75,22387.2
960988,5.98,15848.9
960990,4.54,39810.7
960995,4.66,5011.9
960996,3.44,1000.0
960998,5.83,891.3
961018,5.58,7943.3
961022,4.32,89.1
961082,5.54,22387.2
961084,4.43,25118.9
961088,5.62,19952.6
961111,6.15,17782.8
961114,4.73,2818.4
961117,3.92,22387.2
961121,4.93,31622.8
961137,3.69,7079.5
961160,5.1,19952.6
961163,3.3,14125.4
961166,4.91,35481.3
961174,5.42,7943.3
961213,4.51,8912.5
961222,4.59,19952.6
961225,3.84,6309.6
961242,4.32,15848.9
961254,3.97,12589.3
961258,2.85,28183.8
961262,4.57,35481.3
961270,5.14,13357.35
961277,3.44,39810.7
961284,4.85,10610.1
961285,5.34,26651.35
961304,3.91,10000.0
961307,5.18,39810.7
961320,4.65,1995.3
961325,6.1,17782.8
961328,4.7,14987.15
961339,3.89,4466.8
961344,4.32,8912.5
961349,4.96,22387.2
961352,5.46,15848.9
961358,4.78,25118.9
961361,4.04,17782.8
961364,3.84,63.1
961384,5.85,15848.9
961385,5.5,3548.1
961391,5.08,22387.2
961393,6.72,39810.7
961398,5.74,31622.8
961421,4.26,10610.1
961442,4.81,15848.9
961445,4.1,2238.7
961449,3.85,28183.8
961456,5.75,17782.8
961459,5.23,28183.8
961465,5.71,11220.2
961467,4.99,31622.8
961475,6.36,39810.7
961480,2.6,33552.05
961496,5.7,35481.3
961499,3.53,10000.0
961503,4.35,15848.9
961504,3.49,12589.3
961505,5.63,15848.9
961508,5.1,10000.0
961516,6.11,19952.6
961536,3.25,8912.5
961545,5.02,2238.7
961556,3.15,25118.9
961567,4.99,22387.2
961576,4.87,12589.3
961595,5.34,15848.9
961603,4.56,44668.4
961606,5.17,28183.8
961607,4.75,2818.4
961620,4.39,44668.4
961621,4.37,1995.3
961622,4.88,25118.9
961628,4.99,15848.9
961636,5.07,28183.8
961644,4.5,4466.8
961657,3.9,3981.1
961664,4.48,10000.0
961665,3.21,12589.3
961685,2.61,19952.6
961694,5.62,10000.0
961696,4.42,5011.9
961729,5.36,1584.9
961748,4.72,22387.2
961755,5.14,5011.9
961766,4.45,17782.8
961768,4.65,19952.6
961784,4.61,28183.8
961788,5.2,28183.8
961791,4.28,21169.9
961801,5.44,8912.5
961834,4.42,5623.4
961845,5.48,15848.9
961848,5.7,31622.8
961857,3.55,28183.8
961865,5.88,11220.2
961870,4.16,15848.9
961871,4.2,39810.7
961879,4.25,3162.3
961885,4.98,7943.3
961893,5.24,22387.2
961898,5.53,19952.6
961907,4.67,17782.8
961908,4.39,12589.3
961909,5.21,10000.0
961911,4.52,26651.35
961917,5.02,25118.9
961950,5.73,3162.3
961956,3.67,15848.9
961971,5.88,44668.4
961975,5.62,14125.4
961989,5.36,25118.9
962002,5.09,31622.8
962014,3.07,31622.8
962029,5.62,17782.8
962041,3.83,10000.0
962060,5.09,10610.1
962071,3.42,8912.5
962074,5.38,31622.8
962077,5.53,19952.6
962082,4.5,3162.3
962099,5.85,17782.8
962102,5.38,14125.4
962107,5.44,3162.3
962109,5.13,31622.8
962114,5.22,12589.3
962116,3.13,25118.9
962130,4.46,15848.9
962141,4.79,17782.8
962150,4.43,22387.2
962156,5.08,8912.5
962160,4.13,17782.8
962163,3.69,15848.9
962179,3.68,12589.3
962186,3.91,17782.8
962192,4.32,22387.2
962206,5.42,11220.2
962209,5.59,7079.5
962227,6.21,35481.3
962238,5.55,13357.35
962243,4.79,39810.7
962247,3.41,25118.9
962248,4.31,25118.9
962271,5.55,3981.1
962275,4.35,39810.7
962277,4.35,3981.1
962279,6.02,15848.9
962284,4.83,19952.6
962294,4.14,19952.6
962311,5.86,10000.0
962323,3.69,39810.7
962330,5.83,44668.4
962331,6.11,31622.8
962341,4.07,28183.8
962342,3.04,14125.4
962353,4.59,1584.9
962358,4.49,8912.5
962359,3.71,7943.3
962361,4.95,19952.6
962364,5.68,35481.3
962371,4.04,35481.3
962377,4.96,23753.05
962378,5.54,12589.3
962397,4.67,8912.5
962402,4.47,15848.9
962410,5.79,19952.6
962415,5.54,10000.0
962420,5.77,1584.9
962424,5.98,35481.3
962435,3.72,3162.3
962437,5.52,31622.8
962448,2.05,35481.3
962456,5.69,12589.3
962472,4.99,14125.4
962495,5.22,3162.3
962501,4.37,26651.35
962520,4.6,6309.6
962524,4.01,25.1
962529,4.61,7943.3
962531,4.85,12589.3
962532,5.76,28183.8
962548,6.1,44668.4
962558,5.92,14125.4
962564,4.05,12589.3
962568,4.69,44668.4
962569,5.32,4466.8
962572,4.32,3162.3
962573,3.41,28183.8
962575,3.81,158.5
962576,5.01,5011.9
962595,4.83,11220.2
962602,6.17,14125.4
962615,3.76,1000.0
962620,4.6,11220.2
962623,4.04,11220.2
962626,4.58,15848.9
962641,3.25,28183.8
962648,5.59,1258.9
962658,4.5,15848.9
962662,4.78,28183.8
962676,5.45,28183.8
962677,6.4,17782.8
962681,4.61,15848.9
962683,5.47,3981.1
962690,3.74,35481.3
962697,5.38,562.3
962701,5.88,39810.7
962734,3.7,891.3
962739,5.49,4466.8
962754,4.26,3548.1
962758,4.73,281.8
962770,3.3,12589.3
962779,4.65,14125.4
962803,4.78,29903.3
962808,4.9,35481.3
962815,4.74,15848.9
962831,5.87,63.1
962836,5.58,8912.5
962841,4.31,17782.8
962861,5.39,28183.8
962863,6.11,28183.8
962874,3.48,28183.8
962877,5.45,7943.3
962892,4.31,35481.3
962894,4.89,17782.8
962897,5.19,29903.3
962904,3.79,25118.9
962955,5.31,25118.9
962965,4.76,14125.4
962969,5.53,12589.3
962971,5.52,10000.0
962981,4.93,17782.8
962984,3.22,12589.3
962989,4.29,10000.0
962993,4.76,6309.6
962999,4.37,11220.2
963001,4.59,28.2
963012,4.94,11220.2
963017,4.72,22387.2
963036,3.88,3548.1
963044,4.81,39810.7
963071,4.94,12589.3
963073,5.73,19952.6
963089,5.17,39810.7
963106,4.33,28183.8
963115,4.88,11220.2
963121,5.65,15848.9
963124,4.87,5011.9
963135,5.29,25118.9
963162,4.33,35481.3
963166,3.08,17782.8
963169,5.94,15848.9
963183,5.38,398.1
963185,3.79,28183.8
963187,4.83,39810.7
963201,5.63,28183.8
963212,5.43,33552.05
963217,5.41,17782.8
963218,4.49,44668.4
963222,5.66,2818.4
963224,5.38,23753.05
963246,5.84,17782.8
963253,5.74,28183.8
963257,5.64,14125.4
963268,4.27,32908.96666666667
963271,4.8,11220.2
963272,2.84,19952.6
963278,5.29,14125.4
963295,6.09,25118.9
963311,3.53,28183.8
963338,5.06,12589.3
963341,2.94,2511.9
963343,4.87,16815.85
963352,4.84,11220.2
963355,4.49,3981.1
963358,5.15,14987.15
963367,5.91,28183.8
963369,4.56,4466.8
963375,3.73,15848.9
963378,4.94,8912.5
963382,5.4,17782.8
963389,5.67,11220.2
963390,4.2,15848.9
963392,5.11,39810.7
963393,5.98,1000.0
963394,2.92,14125.4
963404,5.4,39810.7
963409,5.22,14125.4
963411,6.12,14125.4
963415,5.77,22387.2
963419,4.01,19952.6
963420,3.56,15848.9
963432,3.83,4466.8
963440,5.24,8427.9
963445,5.8,12589.3
963453,5.73,12589.3
963454,4.16,28183.8
963465,3.87,39810.7
963466,4.02,31622.8
963481,5.66,25118.9
963490,5.38,10000.0
963503,4.08,25118.9
963505,6.04,25118.9
963507,4.62,1258.9
963532,5.22,14125.4
963535,5.11,1258.9
963541,4.22,14125.4
963544,3.9,39810.7
963551,5.58,29903.3
963552,3.71,22.4
963562,4.69,14125.4
963579,5.32,19952.6
963586,4.97,28183.8
963588,3.83,28183.8
963599,3.82,14125.4
963608,5.26,3981.1
963611,3.85,15848.9
963636,4.33,15848.9
963639,5.16,28183.8
963666,5.29,17782.8
963671,3.74,19952.6
963679,4.37,35481.3
963683,5.14,39810.7
963695,4.11,19952.6
963708,5.41,39810.7
963716,5.03,19952.6
963717,3.1,28183.8
963727,5.64,14125.4
963737,4.06,22.4
963744,5.78,10000.0
963748,4.77,22387.2
963751,3.81,14125.4
963768,5.34,28183.8
963778,4.36,6309.6
963782,5.64,35481.3
963794,3.78,14125.4
963799,5.85,3162.3
963806,5.34,22387.2
963832,4.41,39810.7
963839,5.97,15848.9
963854,6.15,8912.5
963866,4.97,11220.2
963871,5.48,14125.4
963872,5.22,39810.7
963899,5.71,15848.9
963913,4.52,15848.9
963916,3.82,25118.9
963927,4.79,11220.2
963933,3.11,39810.7
963935,5.07,7943.3
963940,5.2,8912.5
963951,4.95,10000.0
963955,2.35,8912.5
963965,3.96,17782.8
963973,4.25,5623.4
963986,4.61,7943.3
963987,3.96,25118.9
964004,4.56,19952.6
964014,4.54,12589.3
964016,5.32,100.0
964046,3.69,11220.2
964064,6.22,16815.85
964067,4.49,1258.9
964068,3.6,39810.7
964077,5.79,12589.3
964084,4.26,12589.3
964091,4.13,25118.9
964114,5.71,44668.4
964133,4.33,2511.9
964155,4.29,7079.5
964156,5.41,15848.9
964164,4.55,15848.9
964168,4.68,22387.2
964176,5.8,15848.9
964184,5.02,25118.9
964207,5.89,14125.4
964214,4.82,28183.8
964231,4.8,11220.2
964240,5.82,4466.8
964242,5.03,15848.9
964249,3.6,15848.9
964255,5.42,29330.13333333333
964256,4.9,28183.8
964261,5.89,17782.8
964276,6.32,17782.8
964277,5.66,10000.0
964279,3.66,31622.8
964280,4.62,3548.1
964288,4.95,8912.5
964297,3.62,39810.7
964299,5.41,15848.9
964300,5.46,22387.2
964304,4.72,4466.8
964314,3.24,446.7
964337,5.43,14125.4
964347,5.01,11220.2
964359,5.99,28183.8
964393,5.38,2511.9
964396,4.37,15848.9
964397,4.94,11220.2
964401,5.44,17782.8
964405,4.78,3548.1
964425,5.5,17782.8
964441,4.7,3162.3
964442,5.07,4466.8
964449,6.04,177.8
964455,3.82,17782.8
964460,5.42,15848.9
964462,5.44,11220.2
964465,5.17,14125.4
964468,5.51,19952.6
964472,5.56,39810.7
964476,4.62,19952.6
964480,4.98,15848.9
964484,4.99,28183.8
964485,5.18,39810.7
964489,5.46,35481.3
964491,4.67,15848.9
964492,4.24,22387.2
964500,6.14,22387.2
964507,3.14,7943.3
964528,5.67,2238.7
964532,5.48,10000.0
964542,5.69,25118.9
964547,4.49,39810.7
964550,6.06,7943.3
964553,5.44,15848.9
964557,4.88,7943.3
964564,3.97,10000.0
964569,3.46,44668.4
964585,4.85,7079.5
964588,4.5,39810.7
964590,3.32,19952.6
964596,5.38,22387.2
964607,5.2,3548.1
964620,4.44,28183.8
964626,5.15,25118.9
964663,3.69,14125.4
964665,5.3,39810.7
964669,5.67,39810.7
964676,4.75,44668.4
964684,4.59,28183.8
964687,5.09,28183.8
964699,5.68,14125.4
964702,2.13,1122.0
964716,4.76,39810.7
964734,5.25,44668.4
964741,5.25,3548.1
964745,6.44,28183.8
964759,5.33,7943.3
964768,4.95,15848.9
964774,3.44,7943.3
964775,4.14,28183.8
964778,4.36,15848.9
964779,3.22,15848.9
964781,4.0,8912.5
964784,5.08,3162.3
964796,3.76,14125.4
964803,5.25,12589.3
964805,6.05,19952.6
964810,5.31,17782.8
964828,3.68,35481.3
964874,5.7,794.3
964876,5.13,398.1
964880,4.2,354.8
964882,4.35,7079.5
964889,4.22,13101.333333333334
964893,5.06,3162.3
964899,4.63,22387.2
964901,5.39,22387.2
964907,5.69,25118.9
964918,4.8,14987.15
964921,3.98,25118.9
964926,5.61,17782.8
964928,4.24,7943.3
964935,5.01,3162.3
964969,4.64,10000.0
964971,3.96,6309.6
964980,3.62,19952.6
964982,4.61,19952.6
964990,6.14,1584.9
965004,4.77,25118.9
965018,4.49,8912.5
965030,5.88,6309.6
965035,4.44,22387.2
965066,4.58,44668.4
965074,5.13,2818.4
965079,5.23,14125.4
965088,5.4,31622.8
965091,4.11,15848.9
965094,4.86,19952.6
965098,5.76,25118.9
965099,5.31,11220.2
965103,4.65,28183.8
965105,5.2,44668.4
965114,5.34,39810.7
965125,3.92,8912.5
965134,3.77,39810.7
965135,5.63,39810.7
965136,6.06,17782.8
965139,4.93,3162.3
965144,5.08,19952.6
965153,3.63,17782.8
965157,4.21,5623.4
965178,5.74,3981.1
965187,3.36,35481.3
965199,4.45,14125.4
965200,6.49,12589.3
965202,4.88,25118.9
965208,3.83,16815.85
965213,5.98,14125.4
965214,5.65,39810.7
965225,5.61,37646.0
965226,5.17,8912.5
965227,5.35,14125.4
965234,4.9,35481.3
965255,5.04,19952.6
965264,4.28,22387.2
965292,5.1,25118.9
965299,5.72,19952.6
965300,5.54,4466.8
965309,4.44,39810.7
965311,5.53,19952.6
965317,5.37,28183.8
965324,5.92,14125.4
965332,3.73,1412.5
965334,5.13,35481.3
965337,4.58,2511.9
965341,5.42,19952.6
965362,4.54,31622.8
965363,3.38,44668.4
965364,2.77,17782.8
965366,5.7,25118.9
965402,5.24,12589.3
965404,5.18,31622.8
965411,5.43,25118.9
965435,5.51,10000.0
965436,4.37,1000.0
965441,4.14,10000.0
965448,5.18,14125.4
965449,5.62,1584.9
965462,4.43,7943.3
965468,4.12,17782.8
965469,4.93,15848.9
965476,4.88,891.3
965482,6.03,631.0
965485,4.97,35481.3
965497,4.41,31622.8
965503,4.59,4466.8
965512,5.01,398.1
965526,4.44,25118.9
965546,6.46,44668.4
965550,4.58,11220.2
965554,2.24,39810.7
965571,5.34,4466.8
965607,3.31,15848.9
965612,4.81,15848.9
965617,5.32,14125.4
965618,5.19,15848.9
965621,5.82,35481.3
965642,3.81,25118.9
965645,4.35,28183.8
965655,5.54,141.3
965659,6.02,25118.9
965663,4.83,19952.6
965664,4.84,19952.6
965683,1.54,28183.8
965691,5.79,17782.8
965705,4.06,28183.8
965712,5.53,11904.75
965718,4.52,31622.8
965727,5.99,15848.9
965731,4.1,1995.3
965743,6.01,794.3
965747,5.96,39810.7
965764,4.58,28183.8
965770,4.74,33552.05
965778,5.47,3981.1
965783,5.23,25118.9
965785,5.38,14125.4
965787,5.02,22387.2
965795,6.18,39810.7
965814,4.97,44668.4
965817,3.65,22387.2
965851,5.99,8427.9
965859,3.95,12589.3
965889,5.54,22387.2
965900,3.48,31622.8
965934,4.83,14125.4
965939,4.99,31622.8
965943,4.98,17782.8
965958,4.46,3981.1
965962,4.73,22387.2
965988,4.56,39810.7
965993,4.14,12589.3
965994,4.24,31622.8
966002,5.26,4466.8
966005,3.74,13357.35
966006,3.58,25118.9
966008,5.37,12589.3
966012,5.56,10000.0
966027,4.6,5011.9
966041,4.78,33552.05
966043,6.01,31622.8
966053,3.0,3548.1
966063,4.79,2511.9
966078,5.24,35481.3
966082,3.59,5011.9
966084,5.63,1778.3
966116,3.96,15848.9
966124,1.61,28183.8
966125,5.42,14125.4
966130,5.62,28183.8
966147,6.46,15848.9
966152,6.08,25118.9
966161,4.6,15848.9
966171,3.26,89.1
966180,4.82,11220.2
966190,4.81,10000.0
966210,4.57,25118.9
966212,4.9,3981.1
966214,3.41,7943.3
966217,4.62,14125.4
966218,5.71,39810.7
966228,2.26,15848.9
966240,5.66,7079.5
966241,1.75,11220.2
966246,4.89,11904.75
966262,4.33,707.9
966270,5.24,2511.9
966278,5.67,14125.4
966286,5.08,89.1
966299,4.46,5011.9
966303,2.97,12589.3
966306,5.49,31622.8
966317,4.22,12589.3
966320,5.04,19952.6
966354,5.29,35481.3
966357,6.18,22387.2
966375,4.12,11220.2
966377,4.57,562.3
966395,3.47,11220.2
966397,5.59,10000.0
966400,3.0,28183.8
966417,4.19,14125.4
966424,3.72,17782.8
966430,4.02,12589.3
966434,5.11,14125.4
966440,3.9,25118.9
966458,4.35,25118.9
966460,4.14,6309.6
966475,4.27,31622.8
966476,4.4,19952.6
966485,4.5,28183.8
966500,6.16,31622.8
966506,5.45,12589.3
966518,5.0,28183.8
966526,1.74,10000.0
966536,3.53,15848.9
966570,6.07,19952.6
966577,5.59,13357.35
966586,5.96,39810.7
966596,4.76,19952.6
966603,5.7,19952.6
966609,4.57,17782.8
966614,4.0,19952.6
966623,4.42,35481.3
966629,4.93,25118.9
966631,4.72,25118.9
966633,4.83,39810.7
966639,4.21,37646.0
966641,3.27,31622.8
966653,3.76,25118.9
966663,5.96,707.9
966685,5.51,35481.3
966686,3.71,31622.8
966698,4.85,12589.3
966699,4.84,44668.4
966748,5.28,12589.3
966749,5.0,8912.5
966753,5.68,12589.3
966761,4.91,22387.2
966764,4.76,2511.9
966784,5.4,7943.3
966787,5.38,4466.8
966788,2.19,2818.4
966794,4.91,12589.3
966804,5.76,19952.6
966815,6.14,3548.1
966819,5.24,3162.3
966828,5.77,5011.9
966846,4.64,23753.05
966853,5.17,316.2
966871,5.41,37646.0
966874,4.22,44668.4
966882,4.61,14699.9
966889,4.35,10000.0
966893,5.3,631.0
966922,5.61,4466.8
966923,4.98,28183.8
966931,5.38,9456.25
966934,4.2,31622.8
966947,5.38,12589.3
966951,4.82,10000.0
966959,5.07,631.0
966962,4.83,17782.8
966968,5.17,14125.4
966974,5.63,25118.9
966984,5.08,125.9
966985,5.12,39810.7
966988,5.8,17782.8
967007,5.11,398.1
967009,4.6,14125.4
967015,4.46,6694.55
967019,5.55,22387.2
967020,4.31,14987.15
967021,1.92,15848.9
967022,3.87,26651.35
967030,3.93,11220.2
967033,6.05,5623.4
967036,4.49,2818.4
967053,5.2,31622.8
967058,5.69,29903.3
967061,3.17,4466.8
967066,2.71,39810.7
967069,5.26,8912.5
967071,5.29,25118.9
967077,4.73,22387.2
967085,4.47,39810.7
967089,6.09,19952.6
967094,5.48,42239.55
967105,2.89,12589.3
967113,5.62,794.3
967116,4.63,11220.2
967118,5.58,5011.9
967121,3.65,14987.15
967122,3.75,794.3
967125,4.09,31622.8
967129,4.16,14125.4
967131,5.63,11220.2
967144,3.97,39810.7
967151,5.75,6309.6
967152,4.03,5623.4
967179,4.64,15848.9
967184,5.37,12589.3
967191,3.65,22387.2
967200,3.67,28183.8
967202,3.05,199.5
967205,4.4,22387.2
967215,3.98,22387.2
967228,3.73,8912.5
967231,5.9,11220.2
967238,5.33,12589.3
967241,5.7,28183.8
967247,4.34,39810.7
967250,4.9,14125.4
967253,4.15,1995.3
967258,6.38,10000.0
967263,3.65,28183.8
967279,4.94,28183.8
967296,5.6,14125.4
967301,5.34,2818.4
967317,3.48,14125.4
967336,5.48,13357.35
967351,5.18,19952.6
967372,4.63,44668.4
967378,4.58,14987.15
967401,3.8,28183.8
967416,4.26,4466.8
967427,5.4,3162.3
967428,5.39,3548.1
967433,6.5,22387.2
967438,5.99,22387.2
967443,5.69,39810.7
967451,4.26,19952.6
967468,4.86,100.0
967469,4.7,15848.9
967473,4.64,281.8
967484,2.7,44668.4
967493,4.89,12589.3
967495,4.88,7079.5
967496,2.87,22387.2
967497,5.43,25118.9
967511,3.95,25118.9
967538,3.45,25118.9
967541,5.92,3162.3
967544,5.58,19952.6
967545,3.25,22387.2
967556,3.72,12589.3
967557,2.98,1000.0
967569,4.86,39810.7
967573,5.2,17782.8
967577,3.33,15848.9
967578,4.31,3981.1
967585,4.39,25118.9
967599,4.99,28183.8
967607,2.75,17782.8
967608,3.65,15848.9
967619,5.01,8912.5
967632,5.27,11220.2
967641,4.32,22387.2
967644,5.36,10000.0
967658,4.5,11220.2
967692,4.17,25118.9
967702,3.88,354.8
967707,4.78,10000.0
967723,3.76,14125.4
967725,4.6,39810.7
967731,2.96,17782.8
967740,4.1,18867.7
967749,4.46,6309.6
967754,2.93,11220.2
967761,4.18,15848.9
967775,5.58,22387.2
967785,4.11,15848.9
967800,4.53,3162.3
967803,5.39,28183.8
967805,2.99,17782.8
967821,4.08,16815.85
967824,5.86,15848.9
967838,5.85,15848.9
967864,5.5,15848.9
967869,4.08,7943.3
967870,4.28,31622.8
967879,3.7,39810.7
967884,4.8,39810.7
967895,5.64,19952.6
967899,4.29,15848.9
967920,5.19,31622.8
967934,4.96,14125.4
967935,6.21,1778.3
967944,5.83,17782.8
967957,5.99,10610.1
967959,5.74,19952.6
967967,5.22,17782.8
967973,4.03,794.3
967977,2.71,3548.1
967981,5.13,39810.7
967988,3.02,14125.4
968005,2.85,39810.7
968010,4.78,28183.8
968015,3.21,16815.85
968040,6.2,8912.5
968048,5.42,16815.85
968064,4.57,11220.2
968095,4.26,44668.4
968123,5.84,39810.7
968145,5.22,19952.6
968165,3.78,3981.1
968171,4.59,4466.8
968172,4.77,15848.9
968175,5.44,3981.1
968180,5.87,12589.3
968193,5.01,23753.05
968197,5.66,14125.4
968201,5.34,14125.4
968216,4.65,28183.8
968218,5.92,28183.8
968222,4.28,10000.0
968229,5.04,5623.4
968233,2.97,35481.3
968240,5.48,22387.2
968248,6.24,15848.9
968264,5.01,12589.3
968277,5.28,22387.2
968279,5.06,8912.5
968284,3.01,31622.8
968299,5.28,39810.7
968307,3.83,28183.8
968312,5.66,39810.7
968315,4.34,11220.2
968316,6.4,12589.3
968317,4.25,17782.8
968324,5.32,31622.8
968328,5.33,31622.8
968331,4.76,22387.2
968340,4.32,39810.7
968344,3.25,31622.8
968348,5.95,22387.2
968362,4.72,11220.2
968377,5.99,22387.2
968386,6.31,7943.3
968408,5.32,17782.8
968409,5.46,39810.7
968432,5.35,17782.8
968433,5.44,3981.1
968439,4.99,7079.5
968451,5.26,17782.8
968456,5.21,14125.4
968466,5.08,12589.3
968470,5.77,25118.9
968484,4.08,44668.4
968489,4.49,28183.8
968495,3.55,44668.4
968508,5.24,39810.7
968514,5.87,39810.7
968521,5.55,7943.3
968536,4.69,7079.5
968542,5.03,3981.1
968544,3.57,14125.4
968548,4.61,28183.8
968549,4.36,3162.3
968553,3.34,25118.9
968572,4.15,31622.8
968575,5.54,39810.7
968579,3.88,2511.9
968590,2.95,50.1
968591,5.54,31622.8
968635,4.4,39810.7
968640,5.44,31622.8
968647,3.91,19952.6
968648,3.64,17782.8
968664,5.83,11220.2
968687,4.56,2511.9
968691,4.43,14125.4
968693,6.0,28.2
968703,3.05,17782.8
968709,3.06,3981.1
968716,4.12,17782.8
968720,5.2,10000.0
968721,4.56,10000.0
968744,3.84,31622.8
968757,4.24,5011.9
968763,4.77,8912.5
968765,4.49,19952.6
968777,5.68,1584.9
968780,4.72,14125.4
968785,2.22,28183.8
968793,5.51,15848.9
968794,4.58,199.5
968798,4.81,10000.0
968804,5.56,2238.7
968811,4.8,15848.9
968815,4.63,6309.6
968820,5.65,17782.8
968830,4.71,15848.9
968831,5.63,25118.9
968832,5.65,1258.9
968835,4.4,11904.75
968839,5.5,13357.35
968841,5.97,35481.3
968871,3.89,12589.3
968880,6.08,5011.9
968881,2.15,17782.8
968882,5.06,6309.6
968884,4.78,39810.7
968885,2.67,25.1
968886,3.94,15848.9
968890,4.47,4466.8
968899,3.66,14125.4
968908,5.19,28183.8
968924,4.45,28183.8
968939,5.86,35481.3
968950,6.45,25118.9
968952,4.29,17782.8
968955,4.39,14125.4
968956,5.53,39810.7
968989,5.04,10000.0
968991,5.48,14125.4
968996,5.01,18867.7
969006,4.59,14125.4
969007,4.1,25118.9
969016,5.01,39810.7
969029,3.76,11220.2
969040,3.7,16815.85
969041,4.14,14125.4
969044,5.75,3548.1
969053,3.8,4466.8
969058,4.43,28183.8
969071,5.43,14125.4
969073,6.41,28183.8
969088,4.79,5623.4
969096,4.97,3548.1
969097,4.66,14125.4
969116,4.5,3548.1
969118,5.41,44668.4
969129,3.05,28183.8
969134,4.31,707.9
969142,4.79,39810.7
969159,4.85,25118.9
969168,5.74,199.5
969172,4.88,39810.7
969174,2.56,19952.6
969180,5.48,14125.4
969184,3.72,2818.4
969197,4.57,12589.3
969202,4.32,39810.7
969203,4.97,10000.0
969216,4.83,14125.4
969217,3.56,125.9
969245,4.75,17782.8
969269,4.94,17782.8
969271,3.34,35481.3
969284,3.84,31622.8
969286,5.87,11220.2
969287,3.89,2511.9
969289,5.83,39810.7
969296,5.77,17782.8
969300,4.25,12589.3
969307,4.5,177.8
969312,5.25,17782.8
969314,5.28,17782.8
969319,4.41,28183.8
969325,5.64,35481.3
969331,4.94,2511.9
969353,4.6,3162.3
969374,4.69,11220.2
969379,5.42,14125.4
969385,3.71,14125.4
969392,4.06,25118.9
969393,3.93,6309.6
969400,6.01,9456.25
969416,5.22,25118.9
969420,5.7,12589.3
969426,4.34,39810.7
969431,4.11,19952.6
969438,4.86,25118.9
969443,2.65,31622.8
969444,5.73,14125.4
969450,3.13,39810.7
969467,2.08,3162.3
969474,3.94,14125.4
969477,4.58,354.8
969499,3.79,39810.7
969522,5.5,17782.8
969528,4.09,19952.6
969533,4.64,1995.3
969537,4.44,28183.8
969541,5.7,17782.8
969543,4.75,44668.4
969549,4.83,3981.1
969552,4.56,17782.8
969556,5.02,15848.9
969561,4.34,28183.8
969580,5.28,28183.8
969581,5.51,29903.3
969582,6.24,14125.4
969583,5.6,25118.9
969586,3.22,19952.6
969595,3.41,19952.6
969598,5.27,12589.3
969599,4.26,8912.5
969602,5.02,3981.1
969611,5.34,19952.6
969613,5.19,12589.3
969622,5.48,22387.2
969630,4.62,28183.8
969637,4.92,28183.8
969649,4.46,19952.6
969655,4.29,28183.8
969657,3.16,19952.6
969665,4.04,39810.7
969666,4.81,39810.7
969686,4.33,17782.8
969687,4.62,44668.4
969703,5.73,1412.5
969720,4.51,28183.8
969725,4.69,15848.9
969743,4.2,891.3
969747,4.85,19952.6
969748,5.99,31622.8
969759,4.58,28183.8
969766,4.6,8912.5
969778,5.59,8912.5
969786,5.7,14125.4
969793,5.71,22387.2
969795,5.07,19952.6
969803,5.6,10000.0
969804,4.89,10000.0
969806,5.01,39810.7
969809,3.83,19952.6
969811,5.56,1412.5
969814,5.15,1995.3
969856,4.49,17782.8
969879,3.59,31622.8
969889,4.55,15848.9
969902,5.55,3162.3
969906,4.98,39810.7
969907,5.26,8912.5
969914,5.61,11220.2
969935,4.82,12589.3
969945,3.07,25118.9
969950,3.71,25118.9
969957,4.91,25118.9
969976,4.91,17782.8
969979,5.06,29903.3
969994,4.82,31622.8
969997,5.19,2818.4
970004,5.92,1995.3
970006,5.43,31622.8
970007,4.91,31622.8
970008,5.19,5623.4
970018,4.83,28183.8
970023,5.68,9456.25
970034,5.54,39810.7
970043,5.07,39810.7
970055,5.28,28183.8
970060,3.6,39810.7
970064,5.86,10000.0
970068,4.46,4466.8
970072,5.57,15848.9
970077,1.01,3981.1
970091,6.1,10000.0
970103,5.49,44668.4
970107,3.79,39810.7
970124,5.0,4466.8
970132,5.61,28183.8
970140,4.93,44668.4
970148,4.76,28183.8
970150,4.66,25118.9
970181,4.89,22387.2
970183,5.59,8912.5
970189,4.53,32908.96666666667
970195,6.18,19952.6
970201,3.82,1258.9
970212,5.51,14125.4
970216,3.83,1778.3
970226,4.89,12589.3
970227,5.68,17782.8
970230,3.2,39810.7
970253,4.92,8912.5
970259,4.59,17782.8
970265,5.43,35481.3
970266,4.44,39810.7
970293,6.23,12589.3
970298,5.69,10000.0
970301,5.51,11220.2
970306,3.52,38367.566666666666
970308,3.32,39810.7
970319,3.22,5623.4
970326,4.18,22387.2
970350,4.53,22387.2
970352,2.55,25118.9
970357,5.08,17782.8
970358,5.81,19952.6
970361,4.27,31622.8
970363,5.15,28183.8
970372,6.2,10000.0
970374,2.92,14125.4
970376,4.62,12589.3
970400,5.48,631.0
970406,2.41,35481.3
970435,3.68,22387.2
970445,6.13,19952.6
970447,5.09,25118.9
970450,5.71,22387.2
970451,5.52,1000.0
970472,5.37,10000.0
970475,5.29,14125.4
970483,5.65,17782.8
970487,5.64,17782.8
970490,3.97,17782.8
970507,3.61,25118.9
970517,4.65,14125.4
970523,6.36,19952.6
970526,3.7,35481.3
970535,3.32,19952.6
970537,4.05,17782.8
970540,5.34,28183.8
970544,5.24,11220.2
970554,5.74,15848.9
970556,5.76,794.3
970558,3.92,2511.9
970562,5.36,199.5
970565,5.76,794.3
970571,5.39,19952.6
970576,3.05,22387.2
970583,3.56,15848.9
970590,4.12,15848.9
970608,4.63,5011.9
970621,3.97,25118.9
970627,5.4,15848.9
970634,4.29,14125.4
970645,5.29,11220.2
970646,4.52,35481.3
970647,4.64,17782.8
970651,5.21,15848.9
970654,4.39,25118.9
970656,4.49,5011.9
970661,4.26,1584.9
970666,4.29,12589.3
970673,5.47,31622.8
970683,4.69,22387.2
970689,5.59,15848.9
970694,5.06,3162.3
970704,4.37,35481.3
970706,5.36,28183.8
970716,5.34,17782.8
970717,4.15,8912.5
970723,5.01,10000.0
970727,5.26,23753.05
970731,5.26,12589.3
970737,4.84,14125.4
970759,4.94,15848.9
970770,5.04,10000.0
970786,5.37,28183.8
970787,4.33,12589.3
970794,3.61,1584.9
970803,5.14,25118.9
970805,5.8,891.3
970809,5.11,22387.2
970816,5.1,5011.9
970824,3.14,14125.4
970837,5.18,31622.8
970840,5.23,25118.9
970843,6.24,12589.3
970851,4.89,39810.7
970856,4.33,22387.2
970858,4.62,15848.9
970880,3.98,3162.3
970882,5.8,35481.3
970890,4.42,17782.8
970894,3.79,3548.1
970903,2.96,37646.0
970914,4.63,22387.2
970917,4.44,29903.3
970933,4.55,3548.1
970939,5.92,15848.9
970944,4.51,3548.1
970948,4.05,199.5
970955,4.09,14125.4
970971,4.8,17782.8
970988,5.0,7943.3
970990,6.11,39810.7
971002,4.8,28183.8
971003,4.91,2238.7
971025,6.13,19952.6
971027,4.97,31622.8
971048,4.6,26651.35
971049,5.61,28183.8
971059,4.01,8912.5
971061,2.04,25118.9
971066,4.01,25118.9
971068,4.45,14125.4
971075,4.03,3162.3
971081,5.52,3548.1
971082,5.07,31622.8
971085,4.26,19952.6
971089,4.35,39810.7
971113,5.43,19952.6
971134,4.96,14125.4
971162,4.22,22387.2
971163,5.9,446.7
971183,5.29,8912.5
971196,3.68,19952.6
971198,4.02,14125.4
971205,4.51,29903.3
971208,5.26,1584.9
971209,3.38,31622.8
971213,5.79,22387.2
971233,4.51,10000.0
971236,2.34,12589.3
971242,4.88,39810.7
971262,5.12,11220.2
971278,4.7,39810.7
971282,3.43,25118.9
971283,3.87,17782.8
971297,4.58,8912.5
971298,5.0,7079.5
971304,4.73,7943.3
971309,4.74,2511.9
971313,5.61,251.2
971315,3.92,39810.7
971333,5.4,35481.3
971334,5.2,19952.6
971338,3.34,5623.4
971352,4.76,19952.6
971362,4.68,14125.4
971365,4.7,10000.0
971366,6.07,44668.4
971382,4.47,19952.6
971388,3.64,8912.5
971394,4.61,25118.9
971400,5.24,8912.5
971417,5.01,12589.3
971421,4.18,19952.6
971423,5.5,22387.2
971439,5.49,14987.15
971443,4.38,35481.3
971444,4.85,15848.9
971446,4.39,7943.3
971464,4.82,42239.55
971467,5.22,281.8
971471,5.09,44668.4
971473,6.06,11220.2
971488,3.29,17782.8
971496,4.87,17782.8
971506,4.56,14125.4
971511,6.09,15848.9
971522,5.35,10000.0
971531,5.66,15848.9
971533,5.06,28183.8
971542,4.23,44668.4
971551,4.91,14987.15
971554,3.81,7943.3
971558,4.76,7943.3
971562,5.16,446.7
971578,4.46,1778.3
971579,4.79,44668.4
971583,4.05,3548.1
971595,4.28,25118.9
971599,3.79,3981.1
971600,5.42,3981.1
971622,4.98,22387.2
971641,4.25,13357.35
971643,5.76,22387.2
971659,3.42,39810.7
971668,3.09,15848.9
971672,4.77,25118.9
971684,4.02,2818.4
971691,4.54,17782.8
971693,5.72,5623.4
971694,5.77,31622.8
971706,5.17,23753.05
971713,5.2,1584.9
971716,5.79,3548.1
971731,5.37,22387.2
971735,3.73,1258.9
971744,5.4,10000.0
971747,3.72,25118.9
971754,5.48,11220.2
971775,6.13,8912.5
971795,5.53,501.2
971818,4.95,5011.9
971819,4.66,11220.2
971822,4.61,12589.3
971824,4.37,5623.4
971828,4.71,3162.3
971832,6.6,35481.3
971838,4.27,3981.1
971843,4.76,28183.8
971856,4.4,31622.8
971870,5.36,44668.4
971884,5.76,11904.75
971888,4.33,17782.8
971892,5.9,6309.6
971916,5.07,19952.6
971917,4.59,12589.3
971920,5.15,17782.8
971925,4.52,11220.2
971927,6.01,10000.0
971936,3.87,39810.7
971937,6.04,19952.6
971939,4.7,19952.6
971946,4.73,31622.8
971956,5.42,39810.7
971958,4.58,5623.4
971962,5.65,22387.2
971965,4.26,12589.3
971973,4.16,25.1
971978,3.38,35481.3
971995,4.93,17782.8
971999,5.6,28183.8
972000,5.4,37646.0
972006,3.48,25118.9
972013,5.23,19952.6
972030,4.49,1995.3
972034,6.05,31622.8
972047,3.24,25118.9
972059,5.33,28183.8
972068,3.11,15848.9
972069,5.82,707.9
972070,5.35,17782.8
972074,4.56,15848.9
972078,5.05,50.1
972085,4.37,12589.3
972096,4.38,3162.3
972101,5.51,12589.3
972110,4.79,35481.3
972113,5.84,25118.9
972128,5.85,14125.4
972137,5.38,19952.6
972150,3.97,31622.8
972157,5.07,22387.2
972185,3.68,35481.3
972193,4.52,22387.2
972204,5.25,10000.0
972207,4.92,14125.4
972208,5.48,1995.3
972210,5.4,25118.9
972211,5.03,12589.3
972213,4.8,15848.9
972233,5.22,15848.9
972234,4.87,11220.2
972238,3.68,31622.8
972247,4.99,22387.2
972248,5.37,39810.7
972250,2.82,25118.9
972254,5.3,26651.35
972258,5.65,17782.8
972273,4.57,6309.6
972280,3.62,12589.3
972309,4.46,25118.9
972320,5.21,11220.2
972321,3.6,28183.8
972333,6.01,17782.8
972337,5.51,17782.8
972340,5.61,19952.6
972343,4.62,7943.3
972353,3.13,31622.8
972355,5.43,12589.3
972359,5.18,8912.5
972369,5.97,14125.4
972384,5.93,17782.8
972398,5.01,28183.8
972401,2.68,12589.3
972430,3.16,4223.95
972432,5.77,35481.3
972456,5.0,39810.7
972458,4.13,25118.9
972465,3.79,39810.7
972471,5.04,33552.05
972483,3.98,15848.9
972489,4.52,18867.7
972517,3.58,25118.9
972534,4.99,31622.8
972537,5.67,14125.4
972543,4.25,14125.4
972548,5.57,5317.65
972553,4.4,12589.3
972560,3.82,3162.3
972571,3.25,11220.2
972574,4.36,13357.35
972589,6.05,12589.3
972596,5.84,14125.4
972599,3.64,14125.4
972600,4.94,11220.2
972604,5.45,6309.6
972615,5.94,28183.8
972623,3.48,12589.3
972626,2.51,17782.8
972627,4.14,25118.9
972637,4.38,28183.8
972640,5.55,25118.9
972642,4.34,7943.3
972643,5.73,25118.9
972662,5.82,35481.3
972673,4.87,14125.4
972688,4.2,15848.9
972694,5.07,22387.2
972699,5.2,14987.15
972700,2.6,15848.9
972716,5.27,281.8
972718,4.75,39810.7
972725,4.88,12589.3
972727,2.71,22387.2
972728,5.64,14125.4
972736,3.48,7943.3
972742,2.69,3162.3
972745,2.79,22387.2
972746,4.21,10000.0
972756,4.03,11904.75
972767,5.56,15848.9
972774,4.99,5623.4
972808,4.88,17782.8
972812,5.25,22387.2
972813,4.28,14125.4
972832,5.71,12589.3
972835,6.22,17782.8
972841,6.0,31622.8
972856,3.86,2238.7
972859,4.22,7079.5
972860,4.14,28183.8
972867,6.0,25118.9
972872,3.74,10000.0
972876,4.4,14987.15
972880,3.65,8912.5
972887,5.7,141.3
972888,3.72,11220.2
972893,5.42,28183.8
972902,4.93,22.4
972909,4.38,10000.0
972921,3.92,12589.3
972922,5.83,7943.3
972931,4.23,398.1
972933,3.76,31622.8
972935,4.76,14125.4
972939,5.75,25118.9
972944,5.43,15848.9
972956,5.47,223.9
972958,5.91,11220.2
972963,5.83,15848.9
972968,3.44,22387.2
972971,5.74,44668.4
972974,5.32,25118.9
972975,4.72,22387.2
972981,5.84,17782.8
972986,5.49,28183.8
972998,4.01,8912.5
973009,4.13,44668.4
973011,4.77,2511.9
973017,4.59,25118.9
973023,5.62,22387.2
973050,4.21,25118.9
973063,5.32,17782.8
973067,4.42,19952.6
973068,5.22,15848.9
973086,5.05,25118.9
973090,6.33,35481.3
973120,5.18,11220.2
973131,5.11,22387.2
973138,4.91,31622.8
973152,4.7,12589.3
973156,4.26,39810.7
973169,4.94,23753.05
973176,5.91,17782.8
973201,7.02,17782.8
973225,5.53,398.1
973229,4.92,17782.8
973242,4.5,281.8
973245,4.08,2511.9
973246,3.62,10000.0
973275,3.36,31622.8
973286,4.87,446.7
973316,4.92,7079.5
973329,4.04,14125.4
973331,4.51,22387.2
973343,4.51,25118.9
973349,2.19,35481.3
973355,5.64,14125.4
973356,3.94,15848.9
973357,3.27,19952.6
973371,5.47,17782.8
973381,4.99,39810.7
973386,4.6,19952.6
973393,6.02,5623.4
973394,4.57,3162.3
973396,4.84,8912.5
973416,2.75,25118.9
973419,5.91,39810.7
973427,4.6,1412.5
973430,1.56,10000.0
973432,5.65,31622.8
973434,4.81,5011.9
973445,5.32,11220.2
973457,5.12,7079.5
973470,4.77,15848.9
973475,3.83,19952.6
973476,5.3,12589.3
973479,5.13,17782.8
973481,5.22,44668.4
973491,4.91,16815.85
973495,5.77,11220.2
973503,5.34,11220.2
973513,5.66,39810.7
973520,4.41,3548.1
973527,4.41,25118.9
973541,3.87,17782.8
973542,5.53,22387.2
973544,4.61,8912.5
973548,5.6,14125.4
973549,4.64,3981.1
973564,5.05,35481.3
973567,5.75,19952.6
973571,4.75,39810.7
973575,4.94,28183.8
973598,3.73,39810.7
973617,5.56,6309.6
973622,3.99,25118.9
973624,5.33,15848.9
973626,4.39,15848.9
973629,4.81,15848.9
973630,4.74,11220.2
973645,6.13,25118.9
973650,4.71,15848.9
973654,6.01,39810.7
973665,5.8,39810.7
973667,3.91,22387.2
973673,4.88,17782.8
973674,5.07,22387.2
973677,5.44,17782.8
973682,4.79,14125.4
973700,4.74,31622.8
973705,5.96,17782.8
973709,3.38,39810.7
973711,5.58,29903.3
973716,4.92,28183.8
973718,5.64,15848.9
973719,5.05,8912.5
973722,5.64,12589.3
973724,6.28,31622.8
973727,6.06,31622.8
973748,5.74,19952.6
973760,5.53,17782.8
973764,5.8,22387.2
973765,4.47,14125.4
973770,4.75,28183.8
973784,5.25,8912.5
973791,5.03,17782.8
973810,4.27,37646.0
973825,4.57,631.0
973826,5.55,35481.3
973841,5.58,22387.2
973842,6.12,22387.2
973850,4.96,3162.3
973858,3.73,28183.8
973880,5.38,25118.9
973890,5.39,17782.8
973892,4.83,28183.8
973893,3.51,11220.2
973907,4.16,25.1
973912,5.4,3162.3
973917,4.61,10000.0
973918,5.39,11220.2
973933,4.48,31622.8
973957,5.6,5623.4
973973,4.48,13357.35
973974,4.62,25118.9
973988,5.25,631.0
973999,3.67,35481.3
974006,5.59,15848.9
974009,5.56,14125.4
974016,5.01,1995.3
974018,5.4,19952.6
974026,5.71,398.1
974029,4.81,7079.5
974034,3.96,4466.8
974035,4.89,35481.3
974036,5.31,3548.1
974048,4.73,15848.9
974072,4.06,25118.9
974086,4.6,12589.3
974088,4.38,5623.4
974096,5.31,28183.8
974099,5.68,39810.7
974121,4.01,11220.2
974125,5.3,7943.3
974126,5.7,30476.466666666667
974127,3.23,44668.4
974128,5.36,8912.5
974130,5.94,35481.3
974139,5.52,28183.8
974141,3.87,15848.9
974152,3.08,10000.0
974163,4.29,14125.4
974168,4.92,316.2
974174,5.33,14125.4
974184,4.98,44668.4
974214,4.38,4466.8
974218,5.04,26651.35
974219,3.94,39810.7
974238,3.34,199.5
974249,2.86,11220.2
974265,5.23,12589.3
974271,5.89,3355.2
974294,3.66,63.1
974297,4.95,25118.9
974309,4.65,25118.9
974312,3.89,17782.8
974316,4.67,22387.2
974325,4.73,28183.8
974335,2.2,33552.05
974340,3.92,28183.8
974386,6.46,14125.4
974391,3.98,15848.9
974419,4.87,10000.0
974424,5.68,15848.9
974429,4.5,16815.85
974438,4.22,39810.7
974446,5.04,7079.5
974449,4.54,25118.9
974462,4.73,12589.3
974469,4.13,29903.3
974472,4.66,17782.8
974475,3.79,7079.5
974479,4.42,15848.9
974480,3.29,15848.9
974496,4.26,14125.4
974500,4.77,15848.9
974508,5.13,22387.2
974517,5.68,13357.35
974519,5.52,3981.1
974526,3.26,39810.7
974530,3.54,39810.7
974543,5.53,17782.8
974546,5.47,42239.55
974558,4.86,17782.8
974560,3.86,17782.8
974566,5.77,39810.7
974568,6.05,3548.1
974577,5.36,707.9
974594,4.37,12589.3
974610,6.2,15848.9
974625,5.3,15848.9
974632,5.83,14125.4
974644,4.41,14125.4
974652,5.08,7943.3
974661,4.01,15848.9
974662,5.47,15848.9
974663,5.36,15848.9
974676,3.59,44668.4
974696,6.33,28183.8
974697,4.58,25118.9
974700,4.92,19952.6
974703,5.39,39810.7
974713,4.82,4466.8
974714,3.34,28183.8
974725,5.68,14125.4
974735,4.56,10000.0
974736,5.19,39810.7
974740,4.05,25118.9
974769,5.29,25118.9
974775,4.36,31622.8
974791,5.76,10000.0
974803,4.88,25118.9
974804,7.25,35481.3
974810,5.03,4466.8
974811,4.81,17782.8
974834,5.79,44668.4
974836,5.23,25118.9
974837,3.34,44668.4
974838,5.81,25118.9
974841,2.89,25118.9
974845,3.49,25118.9
974850,5.88,11220.2
974885,5.92,3548.1
974899,4.84,28183.8
974914,5.16,14125.4
974919,5.57,19952.6
974922,5.82,16815.85
974925,5.75,2511.9
974942,5.93,14125.4
974955,5.47,25118.9
974964,4.95,19952.6
974965,6.07,15848.9
974971,5.25,31622.8
974983,6.26,3981.1
974984,5.82,1412.5
974985,5.37,11220.2
974986,5.48,44668.4
974991,4.97,28183.8
974992,5.72,28183.8
975000,5.45,12589.3
975004,5.13,39810.7
975016,5.59,28183.8
975033,5.34,28183.8
975034,5.84,35481.3
975038,6.13,22387.2
975039,5.9,5011.9
975041,5.21,3548.1
975048,5.6,891.3
975051,5.83,7511.4
975058,5.38,28183.8
975059,5.83,6309.6
975064,4.74,17782.8
975067,5.48,44668.4
975074,5.48,11904.75
975083,5.68,12589.3
975090,5.66,44668.4
975097,6.12,17782.8
975104,2.5,7511.4
975105,5.47,28183.8
975110,5.64,12589.3
975124,5.32,12589.3
975128,4.05,7943.3
975133,5.78,39810.7
975144,4.25,44668.4
975149,5.93,25118.9
975157,5.53,5011.9
975164,5.56,7079.5
975169,5.43,14125.4
975171,6.2,15848.9
975172,5.57,631.0
975181,4.97,11220.2
975185,5.42,8912.5
975200,5.49,8912.5
975222,5.88,17782.8
975225,5.55,794.3
975233,6.1,7943.3
975237,4.87,29903.3
975239,5.18,37646.0
975240,5.29,12589.3
975241,5.51,562.3
975246,2.48,562.3
975265,5.42,9456.25
975273,4.7,1122.0
975280,4.3,1584.9
975282,5.36,12589.3
975284,5.0,10000.0
975285,5.48,22387.2
975288,5.89,8912.5
975292,5.81,17782.8
975294,5.97,4466.8
975296,5.93,6309.6
975300,6.06,15848.9
975301,3.83,28183.8
975308,5.48,29903.3
975326,5.73,22387.2
975343,6.2,17782.8
975344,5.23,8912.5
975347,6.2,5623.4
975362,6.13,14125.4
975367,6.09,39810.7
975368,5.24,28183.8
975372,3.03,3548.1
975382,4.42,28183.8
975384,5.26,39810.7
975385,4.86,14125.4
975386,4.52,15848.9
975394,5.61,1995.3
975408,5.69,39810.7
975412,6.01,707.9
975416,5.33,1122.0
975417,5.97,281.8
975421,5.71,11904.75
975426,4.27,14987.15
975430,5.45,28183.8
975434,6.07,15848.9
975435,4.57,7943.3
975449,5.75,2238.7
975459,4.53,3548.1
975460,5.58,31622.8
975471,6.08,28183.8
975476,5.99,12589.3
975485,5.47,1000.0
975492,5.66,39810.7
975495,5.65,5011.9
975506,5.07,2511.9
975509,4.83,15848.9
975513,5.95,8912.5
975514,4.89,4466.8
975519,5.95,22387.2
975525,5.88,10000.0
975534,1.89,25.1
975535,5.59,22387.2
975545,5.29,39810.7
975552,5.72,1000.0
975555,5.86,19952.6
975570,5.38,446.7
975592,5.47,14125.4
975603,5.53,3548.1
975604,5.96,12589.3
975616,6.83,158.5
975624,4.72,17782.8
975635,4.6,19952.6
975638,5.19,28183.8
975642,5.27,11220.2
975652,4.88,28183.8
975657,5.62,5011.9
975663,5.77,631.0
975664,6.33,25118.9
975665,4.38,25.1
975679,4.82,14125.4
975682,4.7,22.4
975683,5.59,15848.9
975684,5.35,12589.3
975687,5.39,31622.8
975713,6.16,15848.9
975727,5.34,28183.8
975729,5.36,5623.4
975731,4.81,44668.4
975742,5.3,39810.7
975743,5.73,707.9
975754,4.47,15848.9
975755,5.25,10000.0
975756,5.91,11220.2
975760,6.09,398.1
975776,6.26,4466.8
975781,6.06,12589.3
975788,5.49,25118.9
975792,5.66,22387.2
975820,6.05,19952.6
975843,5.23,15848.9
975844,5.1,3981.1
975850,5.57,7079.5
975853,4.97,8912.5
975876,5.82,22387.2
975879,6.03,28183.8
975883,5.46,39810.7
975884,5.53,17782.8
975885,3.88,17782.8
975887,5.07,39810.7
975888,3.91,14125.4
975894,5.46,31622.8
975898,4.74,12589.3
975907,5.69,5011.9
975908,5.08,12589.3
975911,5.0,11220.2
975933,5.55,10000.0
975945,5.42,19952.6
975949,5.31,707.9
975954,5.65,354.8
975960,4.97,44668.4
975967,5.77,17782.8
975975,5.75,2818.4
975981,6.01,31622.8
975997,5.32,19952.6
976003,5.92,15848.9
976005,5.23,7943.3
976011,5.18,1258.9
976012,5.31,17782.8
976015,5.57,1412.5
976018,5.79,19952.6
976032,5.53,17782.8
976035,6.12,100.0
976036,5.62,25118.9
976037,5.66,19952.6
976039,5.87,11220.2
976052,5.78,17782.8
976053,5.01,14125.4
976061,5.34,14125.4
976063,5.07,8912.5
976066,5.04,22387.2
976075,4.88,14125.4
976076,5.8,39810.7
976079,5.36,2818.4
976082,5.75,70.8
976087,4.82,28183.8
976092,5.18,11220.2
976099,5.99,31622.8
976103,5.99,37646.0
976104,5.26,12589.3
976109,5.24,25118.9
976112,5.19,14125.4
976114,6.51,19952.6
976125,6.16,28183.8
976126,5.34,14125.4
976132,5.86,177.8
976134,5.9,28183.8
976157,5.28,10000.0
976162,4.77,31622.8
976165,5.52,1995.3
976183,6.01,15848.9
976192,5.79,15848.9
976194,5.51,8427.9
976195,5.16,1258.9
976199,5.31,17782.8
976200,5.12,19952.6
976202,4.49,8912.5
976210,5.45,31622.8
976215,4.71,3162.3
976217,5.78,8912.5
976227,5.89,14125.4
976233,6.15,707.9
976249,5.41,14125.4
976254,5.75,31622.8
976257,6.08,8912.5
976259,5.57,12589.3
976261,6.11,25118.9
976267,4.71,3981.1
976271,4.38,17782.8
976279,5.63,17782.8
976282,4.05,31622.8
976284,5.62,11220.2
976291,5.66,11220.2
976297,5.92,39810.7
976299,4.61,10000.0
976302,5.73,8912.5
976303,5.31,316.2
976318,5.82,15848.9
976320,4.99,39810.7
976322,5.73,1412.5
976324,5.37,6309.6
976330,5.66,1995.3
976333,4.99,19952.6
976335,5.82,26651.35
976336,5.86,1258.9
976340,5.9,562.3
976346,5.54,25118.9
976348,5.48,11220.2
976355,6.1,17782.8
976365,5.64,31622.8
976367,5.31,19952.6
976375,6.08,31622.8
976377,5.4,7943.3
976381,5.65,100.0
976385,3.87,28183.8
976393,5.03,7079.5
976411,5.86,35481.3
976448,4.54,14125.4
976450,5.21,6309.6
976452,5.82,15848.9
976453,5.37,5011.9
976455,5.9,501.2
976463,5.0,8912.5
976469,5.24,1584.9
976485,6.16,31622.8
976486,4.01,28183.8
976487,4.99,28183.8
976489,6.22,28183.8
976493,5.79,11904.75
976514,5.48,25118.9
976521,6.14,14987.15
976524,5.17,8912.5
976526,6.09,11220.2
976530,5.12,19952.6
976532,5.96,39810.7
976533,5.27,3548.1
976536,5.41,2818.4
976544,5.16,501.2
976545,5.32,15848.9
976547,2.74,31622.8
976550,5.38,19952.6
976554,4.81,12589.3
976555,4.72,8912.5
976560,6.33,2511.9
976562,5.31,39810.7
976594,4.61,35481.3
976595,5.65,10000.0
976598,5.34,31622.8
976607,5.38,25118.9
976608,5.66,39810.7
976617,5.96,11220.2
976622,6.12,17782.8
976626,5.24,10000.0
976627,6.12,25118.9
976628,5.4,11220.2
976633,5.92,35481.3
976643,4.94,28183.8
976645,5.87,39810.7
976656,6.21,6309.6
976670,4.6,11220.2
976696,5.98,22387.2
976700,5.13,19952.6
976710,5.18,28183.8
976713,5.05,17782.8
976716,5.57,8427.9
976732,5.06,7943.3
976735,5.22,3548.1
976736,5.53,39810.7
976742,5.08,12589.3
976755,5.14,13357.35
976759,5.77,14125.4
976764,6.09,39810.7
976766,5.72,7943.3
976775,5.59,7943.3
976777,5.44,17782.8
976807,5.75,10000.0
976814,5.22,19952.6
976815,4.04,14125.4
976825,5.93,35481.3
976839,5.49,25118.9
976846,5.99,11220.2
976847,5.06,1995.3
976856,5.37,11220.2
976866,5.65,17782.8
976877,5.68,2818.4
976880,4.9,35481.3
976881,5.46,2511.9
976887,6.12,11220.2
976893,5.78,22387.2
976894,5.13,25118.9
976919,5.39,14125.4
976952,4.7,25118.9
976954,3.66,25.1
976956,6.08,39810.7
976959,5.5,10000.0
976962,5.71,39810.7
976963,6.12,11220.2
976970,5.11,7943.3
976972,5.56,14125.4
976973,5.25,28183.8
976976,5.48,25118.9
976987,4.58,19952.6
976989,5.31,631.0
977001,4.13,25118.9
977005,5.58,177.8
977011,5.28,14125.4
977018,5.84,14125.4
977024,4.68,35481.3
977043,5.86,7079.5
977049,5.4,3548.1
977053,5.84,7079.5
977059,5.78,39810.7
977070,6.33,1122.0
977071,5.75,19952.6
977085,5.1,25118.9
977096,4.46,10000.0
977104,5.95,10000.0
977109,6.1,25118.9
977111,4.83,3981.1
977116,5.61,8427.9
977122,5.43,8912.5
977123,5.4,5623.4
977135,5.48,6309.6
977141,5.87,39810.7
977142,5.87,11220.2
977147,5.16,5623.4
977171,5.37,39810.7
977180,6.06,44668.4
977195,4.96,44668.4
977196,5.1,31622.8
977199,5.88,15848.9
977200,6.13,19952.6
977202,4.84,28183.8
977212,5.72,562.3
977215,5.73,17782.8
977217,4.72,12589.3
977218,4.34,223.9
977220,5.78,2818.4
977226,5.09,398.1
977230,5.65,1000.0
977235,5.34,14125.4
977239,5.85,35481.3
977244,5.56,39810.7
977250,5.73,19952.6
977251,5.87,22387.2
977262,5.25,13357.35
977267,6.05,25.1
977275,5.28,35481.3
977278,5.61,28183.8
977281,5.58,15848.9
977282,5.0,8912.5
977286,4.75,5623.4
977301,5.68,5623.4
977303,5.63,354.8
977304,5.35,22387.2
977315,5.45,31622.8
977319,5.09,2818.4
977331,6.23,12589.3
977334,5.95,11220.2
977347,5.01,11220.2
977353,6.01,7079.5
977356,5.49,39810.7
977361,6.0,8912.5
977367,4.49,199.5
977368,6.1,8912.5
977370,6.19,25118.9
977389,5.53,3162.3
977393,5.57,13357.35
977394,5.65,39810.7
977400,5.86,28183.8
977407,5.51,141.3
977408,5.34,31622.8
977410,5.04,31622.8
977412,6.03,223.9
977415,5.41,19952.6
977419,5.5,22387.2
977424,6.28,1995.3
977444,5.66,17782.8
977445,5.53,39810.7
977454,5.36,9456.25
977456,6.15,39810.7
977460,5.73,44668.4
977465,6.02,15848.9
977466,5.64,10000.0
977468,5.02,22387.2
977475,6.14,28183.8
977492,5.8,8912.5
977498,6.2,14125.4
977502,5.43,14125.4
977503,5.34,2511.9
977505,5.21,31622.8
977516,5.09,1412.5
977531,5.77,15848.9
977540,5.32,28183.8
977542,5.64,39810.7
977545,5.25,7079.5
977553,5.35,17782.8
977558,5.51,3162.3
977576,5.33,35481.3
977587,5.51,398.1
977588,5.09,100.0
977593,5.93,1995.3
977596,6.05,22387.2
977604,5.36,39810.7
977605,6.17,10000.0
977608,5.74,19952.6
977609,5.86,26651.35
977611,5.11,31622.8
977613,5.36,14125.4
977618,5.31,15848.9
977633,5.83,10000.0
977640,6.17,12589.3
977643,5.26,12589.3
977645,6.59,19952.6
977649,5.56,39810.7
977654,5.92,12589.3
977656,5.17,10000.0
977676,6.36,31622.8
977677,5.43,17782.8
977678,5.44,8912.5
977679,5.08,19952.6
977685,5.5,28183.8
977689,4.99,35481.3
977699,4.99,35481.3
977729,5.8,31622.8
977735,5.42,10000.0
977736,5.27,39810.7
977748,5.64,14125.4
977749,5.88,15848.9
977762,4.37,1995.3
977766,5.6,31622.8
977768,5.1,10000.0
977777,5.47,631.0
977791,5.5,2818.4
977794,5.62,39810.7
977798,5.33,31622.8
977801,4.6,10000.0
977816,5.51,14125.4
977858,5.21,1000.0
977864,5.88,12589.3
977870,4.9,39810.7
977872,5.93,31622.8
977876,6.04,11220.2
977879,4.65,707.9
977888,5.91,8912.5
977889,5.71,19952.6
977890,6.18,4830.2
977900,5.98,28183.8
977906,5.58,1778.3
977908,6.08,15848.9
977912,5.02,17782.8
977917,5.04,17782.8
977918,5.43,2818.4
977924,5.7,31622.8
977932,5.33,16493.533333333333
977933,5.86,23753.05
977935,5.59,31622.8
977940,5.43,3981.1
977947,5.78,44668.4
977961,5.13,125.9
977966,5.45,1000.0
977967,4.94,39810.7
977968,5.99,39810.7
977973,5.39,6309.6
977975,5.74,44668.4
977978,5.95,100.0
977980,4.85,14125.4
977992,6.25,28183.8
977995,5.62,14125.4
978004,5.75,15848.9
978005,6.08,3162.3
978007,4.93,7943.3
978010,4.38,7943.3
978012,5.5,3162.3
978016,5.41,891.3
978024,5.26,12589.3
978026,4.98,31622.8
978033,5.59,7943.3
978035,5.74,5011.9
978049,6.03,23753.05
978055,4.23,39810.7
978070,5.41,398.1
978082,5.0,8912.5
978083,6.07,26651.35
978087,6.03,3548.1
978100,4.55,17782.8
978101,5.33,11904.75
978106,6.54,7079.5
978110,5.16,3548.1
978115,5.47,7943.3
978129,5.75,12589.3
978130,2.75,15848.9
978137,5.59,6309.6
978143,5.5,1000.0
978150,4.91,15848.9
978152,4.85,1000.0
978156,5.64,42239.55
978158,5.26,10000.0
978165,5.92,25118.9
978166,6.19,39810.7
978169,6.31,14125.4
978178,5.88,4466.8
978184,5.69,13357.35
978193,6.52,28183.8
978201,5.7,11220.2
978206,5.63,12589.3
978210,4.78,39810.7
978221,5.78,39810.7
978222,4.46,25118.9
978237,5.69,3981.1
978252,5.01,15848.9
978273,5.81,17782.8
978274,5.72,17782.8
978276,6.02,7943.3
978280,5.6,12589.3
978282,5.67,35481.3
978284,4.36,1122.0
978287,5.67,28183.8
978290,5.97,7943.3
978309,5.69,31622.8
978312,5.84,39810.7
978315,6.08,35481.3
978329,4.27,316.2
978331,5.35,19952.6
978333,6.09,14125.4
978339,5.27,7943.3
978340,5.01,6694.55
978341,3.64,8912.5
978344,6.01,10000.0
978346,4.54,1412.5
978347,5.49,11220.2
978368,5.69,44668.4
978374,5.27,3162.3
978375,4.58,25118.9
978377,5.6,501.2
978380,3.29,11220.2
978390,6.27,44668.4
978394,5.43,5623.4
978411,4.8,11220.2
978414,4.13,31622.8
978417,5.51,14125.4
978423,4.91,10000.0
978434,3.68,8912.5
978441,5.73,12589.3
978443,5.87,11220.2
978444,4.7,44668.4
978445,5.58,14125.4
978450,4.6,8912.5
978459,5.58,3548.1
978460,5.97,12589.3
978462,5.65,39810.7
978466,5.46,7079.5
978489,5.82,28183.8
978497,5.4,17782.8
978499,5.89,25118.9
978514,5.18,15848.9
978520,4.87,15848.9
978522,5.74,2818.4
978523,5.64,7943.3
978525,5.16,6309.6
978547,4.07,25118.9
978557,5.84,1000.0
978560,5.76,3162.3
978569,5.99,17782.8
978574,5.18,44668.4
978575,5.84,3162.3
978576,5.43,25118.9
978577,6.14,125.9
978581,6.04,39810.7
978582,5.57,28183.8
978584,4.45,22387.2
978586,5.2,10000.0
978603,5.38,3981.1
978606,6.05,14125.4
978634,5.91,12589.3
978640,5.31,22387.2
978643,5.26,19952.6
978651,5.87,15848.9
978677,5.25,14125.4
978684,5.08,39810.7
978697,5.54,25118.9
978699,4.47,18867.7
978707,5.56,3548.1
978717,4.19,19952.6
978718,6.07,25118.9
978721,5.53,17782.8
978723,5.79,17782.8
978726,5.75,3355.2
978739,5.58,17782.8
978741,6.52,44668.4
978749,5.73,13357.35
978752,5.73,14125.4
978760,5.09,6309.6
978767,5.2,2511.9
978770,3.56,10000.0
978774,5.59,1412.5
978780,5.58,10000.0
978782,5.5,11220.2
978786,5.24,14125.4
978793,6.36,28183.8
978812,5.89,12589.3
978817,5.58,12589.3
978828,5.66,7943.3
978847,5.77,14125.4
978856,5.81,7943.3
978865,5.1,6309.6
978866,6.59,39810.7
978871,5.99,12589.3
978882,5.32,39810.7
978885,4.46,25118.9
978894,5.02,11220.2
978905,5.12,17782.8
978909,5.61,44668.4
978913,4.96,14125.4
978919,5.6,19952.6
978933,5.46,3355.2
978940,5.64,22387.2
978943,6.14,19952.6
978948,4.45,39810.7
978953,5.24,10000.0
978983,5.63,2818.4
978989,5.41,1584.9
978998,5.78,1258.9
979009,5.78,3981.1
979017,4.56,1778.3
979018,6.0,17782.8
979021,5.44,10000.0
979026,3.12,1122.0
979030,5.7,18867.7
979031,3.77,10000.0
979037,7.28,15848.9
979038,5.37,4466.8
979043,5.5,17782.8
979046,5.37,11220.2
979050,5.7,794.3
979061,5.81,15848.9
979076,5.79,14125.4
979085,5.79,12589.3
979088,5.47,15848.9
979090,5.44,251.2
979092,4.58,39810.7
979097,5.78,31622.8
979107,5.2,25.1
979108,4.81,7079.5
979113,5.68,14125.4
979118,5.36,3162.3
979134,4.87,1000.0
979151,6.06,33552.05
979158,4.82,10000.0
979160,6.2,8912.5
979163,5.64,25118.9
979164,5.23,17782.8
979165,6.17,89.1
979178,5.99,14125.4
979182,5.33,12589.3
979184,4.6,891.3
979190,5.97,12589.3
979195,6.08,31622.8
979196,5.13,39810.7
979197,5.11,35481.3
979199,5.71,3981.1
979205,5.58,14125.4
979206,5.94,33552.05
979207,5.59,56.2
979208,5.98,28183.8
979214,4.82,50.1
979216,4.71,35481.3
979221,5.31,12589.3
979223,6.07,39810.7
979226,5.56,17782.8
979228,4.78,14987.15
979230,5.9,17782.8
979233,5.83,28183.8
979240,5.66,35481.3
979242,5.64,2511.9
979246,4.58,31622.8
979249,4.14,39810.7
979267,6.44,12589.3
979292,5.16,39810.7
979295,5.53,10000.0
979301,5.51,17782.8
979308,5.54,158.5
979317,6.12,6309.6
979328,4.28,39810.7
979344,5.27,2238.7
979346,4.6,7943.3
979347,5.42,35481.3
979355,5.22,7079.5
979372,3.19,25118.9
979373,5.93,22387.2
979375,5.12,31622.8
979381,4.6,11904.75
979396,5.03,10000.0
979400,5.41,39810.7
979403,4.51,13357.35
979405,6.26,22387.2
979429,4.94,15848.9
979442,5.84,11220.2
979444,4.79,14125.4
979445,4.27,39810.7
979450,5.46,25118.9
979454,5.83,3162.3
979460,4.7,35481.3
979464,4.86,12589.3
979473,3.77,2511.9
979495,5.4,10000.0
979508,5.56,11220.2
979510,4.23,1412.5
979511,5.02,44.7
979517,4.28,8912.5
979521,4.85,28183.8
979529,5.1,25118.9
979531,4.82,28183.8
979546,6.65,31622.8
979549,4.44,25118.9
979558,5.25,31622.8
979574,4.55,10000.0
979588,5.04,15848.9
979616,5.57,31622.8
979617,5.36,1122.0
979627,5.63,1412.5
979654,5.77,22387.2
979655,2.8,16815.85
979656,5.82,7943.3
979665,5.75,25118.9
979672,3.45,7943.3
979684,5.39,28183.8
979689,5.67,15848.9
979693,3.78,37646.0
979698,3.92,28183.8
979718,5.74,7943.3
979724,4.0,3548.1
979734,5.45,12589.3
979742,5.8,14125.4
979764,5.91,35481.3
979777,5.34,14125.4
979785,2.96,31622.8
979791,4.76,17782.8
979802,4.7,17782.8
979814,3.52,17782.8
979832,6.09,707.9
979838,4.73,17782.8
979845,5.45,39810.7
979848,5.3,17782.8
979851,5.29,17782.8
979853,4.03,39810.7
979862,5.48,29903.3
979863,4.04,12589.3
979868,5.9,25118.9
979873,3.31,39810.7
979892,5.8,19952.6
979893,2.84,11220.2
979894,4.96,31622.8
979895,5.89,2238.7
979906,4.54,17782.8
979909,5.71,7943.3
979911,4.64,14125.4
979925,5.48,28183.8
979928,2.61,3548.1
979950,5.44,1995.3
979951,3.66,31622.8
979952,4.11,17782.8
979955,5.05,31622.8
979956,5.28,8912.5
979961,5.26,14125.4
979963,5.33,1258.9
979969,5.27,31622.8
979988,4.98,4466.8
980018,5.72,22387.2
980025,3.29,12589.3
980028,5.91,1000.0
980029,5.48,25118.9
980030,5.47,10000.0
980031,5.77,39810.7
980032,5.39,19952.6
980041,4.37,26651.35
980069,5.31,39810.7
980071,3.5,7079.5
980073,5.38,11220.2
980075,5.3,25118.9
980091,5.36,31622.8
980097,5.66,2818.4
980103,3.65,25118.9
980104,4.96,2818.4
980118,6.44,31622.8
980123,5.44,14125.4
980143,4.56,1122.0
980144,5.92,39810.7
980157,5.5,44668.4
980160,3.37,39810.7
980163,3.34,10000.0
980164,5.73,794.3
980173,4.06,6309.6
980175,4.75,12589.3
980181,5.39,10000.0
980192,5.29,39810.7
980200,3.74,11220.2
980207,4.55,5623.4
980216,6.05,22387.2
980217,5.13,12589.3
980233,4.72,22387.2
980234,5.39,39810.7
980235,3.01,26651.35
980244,5.85,19952.6
980259,5.44,316.2
980271,5.62,22387.2
980274,2.71,3548.1
980275,4.8,11220.2
980279,5.69,39810.7
980300,5.42,39810.7
980305,4.12,15848.9
980313,4.89,14125.4
980332,5.93,14125.4
980351,3.2,7943.3
980362,5.32,10000.0
980368,4.54,3981.1
980376,5.72,7943.3
980382,6.22,31622.8
980386,5.64,17782.8
980392,5.47,15848.9
980395,3.65,39810.7
980412,5.38,31622.8
980435,5.23,8427.9
980436,5.15,891.3
980452,5.48,891.3
980466,4.43,11220.2
980470,5.12,28183.8
980478,6.14,3981.1
980481,5.06,10000.0
980483,5.86,1000.0
980486,2.29,28183.8
980487,4.99,17782.8
980496,4.83,17782.8
980500,6.37,39810.7
980523,4.88,28183.8
980526,5.54,10000.0
980533,5.63,14125.4
980548,4.8,11220.2
980559,4.3,39810.7
980568,4.7,5011.9
980578,6.0,25118.9
980581,4.94,11220.2
980587,5.32,5011.9
980594,4.91,11220.2
980605,4.96,3162.3
980609,5.04,15848.9
980614,5.85,3981.1
980623,3.66,14125.4
980624,5.73,5623.4
980650,5.24,31622.8
980653,4.77,39810.7
980657,5.85,22387.2
980659,4.99,22387.2
980671,5.63,22387.2
980680,5.72,12589.3
980701,5.39,12589.3
980703,5.54,25118.9
980710,5.7,3981.1
980720,5.65,19952.6
980722,5.66,22387.2
980729,4.75,39810.7
980736,3.36,8912.5
980745,3.21,17782.8
980750,5.0,7943.3
980752,6.1,15848.9
980753,5.51,2511.9
980755,4.9,3162.3
980761,3.81,25118.9
980763,5.87,5623.4
980780,4.1,39810.7
980781,6.21,7943.3
980783,5.15,12589.3
980791,4.7,11904.75
980793,3.82,44668.4
980799,5.47,21169.9
980812,4.07,28183.8
980825,4.37,8912.5
980835,5.26,10000.0
980844,5.16,1584.9
980855,5.84,25118.9
980856,4.22,1995.3
980857,4.43,3981.1
980864,5.42,28183.8
980866,4.63,794.3
980874,4.5,10000.0
980882,3.45,14125.4
980897,5.76,31622.8
980898,4.32,11220.2
980902,5.19,31622.8
980906,3.87,19952.6
980907,4.75,11220.2
980910,5.72,22387.2
980915,5.36,31622.8
980927,5.63,14125.4
980930,5.42,7079.5
980936,5.26,17782.8
980946,6.04,501.2
980950,5.52,39810.7
980953,5.19,15848.9
980954,6.2,22387.2
980972,5.52,15848.9
980973,5.36,16493.533333333333
980989,5.41,6309.6
980991,3.86,1584.9
980995,2.4,18867.7
981005,4.42,19952.6
981008,5.81,25118.9
981016,4.05,10000.0
981031,4.55,12589.3
981032,3.23,22387.2
981059,4.64,17782.8
981074,4.92,8912.5
981083,5.86,14125.4
981090,4.42,31622.8
981096,2.12,17782.8
981100,4.59,8912.5
981107,5.99,19952.6
981109,3.4,39810.7
981125,5.32,3981.1
981135,2.86,25118.9
981147,2.77,22387.2
981157,4.5,8912.5
981184,3.86,44668.4
981187,5.56,39810.7
981189,5.91,11220.2
981191,5.04,4466.8
981205,5.19,1412.5
981216,3.26,11220.2
981230,5.94,14125.4
981239,3.75,15848.9
981240,4.83,19952.6
981248,3.36,22387.2
981266,5.74,12589.3
981269,5.19,22387.2
981270,4.0,3162.3
981271,4.96,12589.3
981291,5.13,35481.3
981298,5.74,11220.2
981301,5.25,39810.7
981307,6.11,22387.2
981312,5.45,25118.9
981314,5.33,14125.4
981316,4.51,8912.5
981327,4.04,1778.3
981329,5.03,31622.8
981335,3.44,7943.3
981339,4.26,5011.9
981341,5.33,15848.9
981343,5.84,2818.4
981352,3.66,8912.5
981353,4.37,39810.7
981368,4.34,42239.55
981385,5.44,14125.4
981403,5.07,1778.3
981404,3.56,15848.9
981407,5.81,3548.1
981415,5.77,22387.2
981433,5.33,15848.9
981438,4.58,31622.8
981439,5.45,28183.8
981448,4.44,31622.8
981453,4.17,15848.9
981466,3.6,63.1
981469,5.8,8912.5
981477,5.51,14125.4
981480,5.93,14125.4
981482,3.72,22387.2
981495,5.24,10000.0
981497,5.32,17782.8
981503,4.45,15848.9
981504,5.74,891.3
981510,4.07,10000.0
981519,6.03,7079.5
981533,4.29,15848.9
981535,4.71,8912.5
981538,4.8,3981.1
981551,3.76,3162.3
981552,3.65,15848.9
981553,4.49,14125.4
981554,4.32,15848.9
981591,5.17,14987.15
981592,5.2,13101.333333333334
981595,5.59,14125.4
981611,5.11,3162.3
981620,5.5,17782.8
981621,5.86,12589.3
981651,6.05,17782.8
981656,4.9,17782.8
981657,5.3,10000.0
981665,4.74,14125.4
981686,4.74,3548.1
981707,4.74,12589.3
981716,5.76,12589.3
981733,4.75,25118.9
981744,5.41,10000.0
981757,4.1,11220.2
981760,4.95,25118.9
981772,5.17,6309.6
981811,4.67,19952.6
981821,5.72,28183.8
981822,5.61,19952.6
981833,4.66,22387.2
981841,4.68,15848.9
981844,5.25,17782.8
981851,5.59,15848.9
981853,5.9,39810.7
981860,4.75,3548.1
981867,3.38,25118.9
981871,5.38,14699.9
981879,2.79,89.1
981891,1.71,39810.7
981900,6.12,15848.9
981908,5.07,17782.8
981924,5.13,1000.0
981926,4.65,10000.0
981939,5.52,28183.8
981940,3.98,15848.9
981949,5.35,16815.85
981954,4.31,8912.5
981963,4.61,31622.8
981971,3.4,14987.15
981992,6.12,14125.4
981995,5.06,21169.9
982014,3.62,19952.6
982022,5.15,17782.8
982024,4.8,35481.3
982026,5.71,39810.7
982049,4.51,35481.3
982054,4.51,10000.0
982055,4.92,15848.9
982059,5.49,25118.9
982064,5.71,12589.3
982087,6.12,25118.9
982092,5.36,5011.9
982095,3.22,7943.3
982114,6.34,28183.8
982120,6.03,15848.9
982124,5.14,18506.066666666666
982126,2.1,25118.9
982141,5.72,31622.8
982153,4.64,31622.8
982172,5.58,15848.9
982175,2.42,8912.5
982189,5.87,28183.8
982207,6.01,7943.3
982211,5.77,28183.8
982235,5.92,11220.2
982240,6.13,17782.8
982262,4.14,31622.8
982264,3.44,25118.9
982285,5.78,10000.0
982287,5.19,446.7
982295,5.52,14125.4
982309,4.99,28183.8
982314,4.67,39810.7
982317,5.03,19952.6
982323,5.65,2818.4
982326,5.5,14125.4
982328,5.75,19952.6
982333,4.49,7943.3
982344,4.94,4466.8
982348,5.12,31622.8
982350,4.75,39810.7
982355,5.41,29903.3
982375,5.97,31622.8
982378,3.92,15848.9
982380,5.6,15848.9
982399,4.25,25118.9
982407,3.76,25.1
982411,5.09,1995.3
982431,5.75,39810.7
982440,5.36,631.0
982447,4.47,4466.8
982457,4.84,8912.5
982470,5.82,13357.35
982484,5.89,10000.0
982494,6.01,19952.6
982502,5.82,19952.6
982508,4.73,25118.9
982509,4.6,39810.7
982513,4.78,2818.4
982525,4.4,141.3
982528,4.13,25118.9
982532,5.64,11220.2
982533,5.02,15848.9
982547,6.28,12589.3
982553,4.81,1778.3
982557,4.72,31622.8
982567,5.46,177.8
982568,5.44,19952.6
982571,4.69,39810.7
982575,5.09,7943.3
982583,4.08,1778.3
982593,5.02,25118.9
982595,6.09,3162.3
982613,4.64,1778.3
982617,5.83,3548.1
982620,5.42,39810.7
982626,4.32,6309.6
982630,5.68,25118.9
982646,3.71,12589.3
982655,5.22,25118.9
982665,2.59,44668.4
982666,5.89,14125.4
982689,5.02,1258.9
982693,5.63,8912.5
982694,5.24,19952.6
982698,5.26,14125.4
982702,4.86,11220.2
982713,5.53,22387.2
982732,5.66,12589.3
982733,3.9,17782.8
982737,6.06,17782.8
982740,5.94,14125.4
982742,6.09,2511.9
982747,5.86,4466.8
982749,6.05,31622.8
982754,5.02,31622.8
982761,5.63,35481.3
982769,5.97,31622.8
982771,5.05,8912.5
982776,5.61,15848.9
982777,4.79,2818.4
982780,1.2,29903.3
982788,4.41,12589.3
982797,5.31,3162.3
982810,5.52,11220.2
982814,5.62,39810.7
982829,4.66,25118.9
982834,4.77,12589.3
982841,3.61,17782.8
982844,1.84,35481.3
982855,4.76,22387.2
982876,4.54,39810.7
982892,5.26,25118.9
982895,3.61,10000.0
982902,4.95,5011.9
982913,5.59,14125.4
982923,6.11,25118.9
982924,5.22,11220.2
982932,5.65,8912.5
982955,3.09,15848.9
982982,4.73,25118.9
982984,6.23,28183.8
982988,4.58,25118.9
982991,5.17,3548.1
982993,3.66,25118.9
982995,5.21,25118.9
983010,3.98,31622.8
983012,5.83,19952.6
983013,5.02,501.2
983015,5.77,14125.4
983022,4.51,8912.5
983027,5.05,28183.8
983039,5.55,10000.0
983051,4.37,3981.1
983052,4.74,11220.2
983088,5.55,19952.6
983095,3.25,19952.6
983101,6.01,11220.2
983108,5.84,39810.7
983109,4.94,19952.6
983114,5.78,5011.9
983116,3.59,22387.2
983126,4.32,31622.8
983127,5.4,3162.3
983137,4.4,28183.8
983139,5.63,44668.4
983143,5.44,28183.8
983144,3.47,1584.9
983150,5.77,39810.7
983151,4.11,39810.7
983154,5.83,4466.8
983155,6.1,5623.4
983175,5.74,794.3
983179,5.69,31622.8
983185,5.07,25118.9
983194,5.07,28183.8
983195,2.56,28183.8
983201,4.35,39810.7
983211,5.1,19952.6
983226,5.23,25118.9
983238,5.26,14125.4
983241,4.05,39810.7
983242,4.81,12589.3
983244,5.42,3548.1
983245,5.58,891.3
983250,5.05,31622.8
983254,4.45,14125.4
983256,5.63,28183.8
983257,5.24,39810.7
983263,4.18,31622.8
983267,3.56,14125.4
983271,4.52,31622.8
983290,5.21,17782.8
983296,5.64,2238.7
983299,4.82,31622.8
983307,4.31,14125.4
983309,4.05,7943.3
983317,4.64,19952.6
983318,4.75,12589.3
983321,4.44,10000.0
983339,4.7,17782.8
983341,5.82,28183.8
983343,4.53,6309.6
983345,4.53,15848.9
983351,5.39,7943.3
983355,5.48,8912.5
983357,5.47,17782.8
983365,5.97,4739.35
983377,5.77,19952.6
983378,4.72,25118.9
983381,5.34,25118.9
983384,3.87,8912.5
983415,4.43,39810.7
983416,5.76,28183.8
983417,5.76,14125.4
983431,4.56,14125.4
983442,4.82,31622.8
983450,2.04,28183.8
983451,5.35,4466.8
983456,5.23,28183.8
983473,5.69,3548.1
983493,5.61,2511.9
983500,4.32,31622.8
983514,5.58,44668.4
983516,5.2,794.3
983520,5.42,26651.35
983524,5.23,14125.4
983525,5.75,25118.9
983544,5.13,11220.2
983563,5.62,1412.5
983582,4.53,10000.0
983591,5.61,26651.35
983597,5.72,19952.6
983601,4.17,14125.4
983603,5.2,6309.6
983625,5.71,15848.9
983631,4.31,25118.9
983632,4.32,26651.35
983647,4.23,22387.2
983653,4.73,17782.8
983659,5.79,25118.9
983666,4.43,26651.35
983682,5.38,17782.8
983693,4.87,891.3
983714,4.62,18867.7
983715,6.23,15848.9
983722,5.76,29903.3
983726,4.35,15848.9
983743,5.77,44668.4
983753,4.75,15848.9
983756,5.0,14125.4
983772,5.59,28183.8
983785,4.24,11220.2
983799,5.41,11220.2
983806,3.99,19952.6
983808,4.62,44668.4
983820,4.88,28183.8
983821,5.24,15848.9
983828,6.18,31622.8
983837,5.27,17782.8
983852,5.66,12589.3
983856,5.85,15848.9
983881,4.78,25118.9
983884,6.36,28183.8
983920,4.79,17782.8
983943,4.59,15848.9
983950,4.8,5623.4
983953,5.17,11220.2
983971,4.8,22387.2
983978,4.43,12589.3
983981,4.97,1995.3
984001,4.6,28183.8
984012,5.54,44668.4
984013,6.1,31622.8
984014,4.86,25118.9
984017,6.15,39810.7
984023,4.8,4466.8
984031,4.7,22387.2
984035,3.83,22387.2
984040,4.51,31622.8
984068,5.4,891.3
984069,6.26,39810.7
984075,4.37,794.3
984076,3.8,11220.2
984079,6.12,10000.0
984110,3.23,15848.9
984118,5.6,15848.9
984119,3.77,15848.9
984128,3.18,14125.4
984133,5.95,39810.7
984145,5.32,19952.6
984152,4.63,39810.7
984153,6.03,17782.8
984162,5.06,12589.3
984172,4.47,8427.9
984173,6.1,25118.9
984194,5.69,19952.6
984197,4.46,31622.8
984202,5.65,2238.7
984210,5.53,22387.2
984211,5.04,28183.8
984213,4.81,15848.9
984225,3.68,28183.8
984235,6.4,8912.5
984242,4.76,39810.7
984243,3.17,8912.5
984245,5.53,1778.3
984249,4.54,10000.0
984260,5.75,3548.1
984261,4.71,39810.7
984262,5.22,44668.4
984277,5.98,1584.9
984279,5.59,10000.0
984280,4.97,3981.1
984281,5.28,10610.1
984292,4.43,44668.4
984309,5.35,25118.9
984316,4.74,15848.9
984319,5.54,14987.15
984328,5.33,10000.0
984344,4.94,19952.6
984360,5.2,7079.5
984369,5.48,7511.4
984377,5.51,1412.5
984391,4.36,16815.85
984392,5.89,22387.2
984395,3.81,28183.8
984406,3.33,15848.9
984407,6.12,39810.7
984416,3.9,10000.0
984419,4.82,28183.8
984426,4.98,44668.4
984436,5.24,707.9
984445,5.12,5011.9
984448,6.16,7079.5
984449,5.23,35481.3
984460,5.62,4466.8
984464,4.72,17782.8
984468,3.8,141.3
984473,5.82,25118.9
984492,3.66,28183.8
984496,4.36,31622.8
984501,5.64,707.9
984506,6.07,14987.15
984528,6.08,44668.4
984536,5.52,22387.2
984539,3.79,8912.5
984572,5.05,31622.8
984576,4.32,28183.8
984578,5.22,22387.2
984582,4.15,14125.4
984586,5.86,31622.8
984606,3.46,1122.0
984614,5.78,1778.3
984625,7.66,3981.1
984629,5.01,11220.2
984630,5.53,4466.8
984636,5.86,19952.6
984644,4.03,12589.3
984669,4.89,14125.4
984700,5.43,22387.2
984710,5.44,35481.3
984717,5.62,12589.3
984725,5.51,35481.3
984756,5.64,31622.8
984765,5.99,25118.9
984773,5.62,23753.05
984780,5.39,39810.7
984788,5.5,25118.9
984790,4.39,15848.9
984794,5.45,141.3
984811,5.26,28183.8
984813,3.12,25.1
984814,4.38,8912.5
984838,4.21,25118.9
984845,4.28,10000.0
984852,5.64,19952.6
984863,5.49,3162.3
984888,5.01,35481.3
984893,4.67,35481.3
984902,4.39,1412.5
984919,6.26,17782.8
984923,5.64,10000.0
984926,5.32,8912.5
984928,4.23,8912.5
984939,5.29,14125.4
984940,5.7,3981.1
984943,5.66,25118.9
984951,3.8,22387.2
984965,5.25,3548.1
984969,3.12,11220.2
984970,4.92,11220.2
984972,3.78,17782.8
984973,3.18,3548.1
984976,5.63,22387.2
984984,4.74,19952.6
984995,4.35,14987.15
985000,5.29,11220.2
985003,3.74,39810.7
985009,5.26,17782.8
985012,5.61,10000.0
985020,5.81,15848.9
985024,5.09,14125.4
985025,5.34,17782.8
985035,5.44,14125.4
985039,5.57,12589.3
985042,3.4,15848.9
985046,4.47,31622.8
985047,5.37,12589.3
985055,5.11,18867.7
985057,5.54,17782.8
985074,5.51,35481.3
985083,6.06,2818.4
985098,3.37,28183.8
985109,3.91,22387.2
985114,5.02,14125.4
985116,4.59,31622.8
985118,6.29,12589.3
985126,5.05,25118.9
985127,5.12,31622.8
985129,5.67,35481.3
985130,5.84,19952.6
985150,5.08,17782.8
985161,4.9,12589.3
985163,4.82,12589.3
985165,5.39,22387.2
985170,4.6,1778.3
985175,4.98,28183.8
985186,5.41,35481.3
985187,6.0,31622.8
985194,4.0,44668.4
985202,3.13,39810.7
985206,5.87,39810.7
985212,5.5,3162.3
985220,5.48,7079.5
985224,5.05,5623.4
985225,5.07,15848.9
985232,4.09,19952.6
985242,5.44,7943.3
985266,4.67,17782.8
985269,4.23,5623.4
985273,5.11,17782.8
985278,6.25,10000.0
985279,5.09,3162.3
985301,4.73,3981.1
985304,5.01,25118.9
985305,4.75,44668.4
985322,5.62,12589.3
985324,5.56,14125.4
985325,4.49,14125.4
985330,5.67,12589.3
985340,3.96,14125.4
985346,5.19,7943.3
985383,5.45,22387.2
985395,5.22,631.0
985396,6.12,25118.9
985410,5.57,7943.3
985411,5.54,2238.7
985413,5.64,15848.9
985414,3.04,35481.3
985415,5.09,3548.1
985421,5.75,28183.8
985426,4.05,25118.9
985430,5.7,89.1
985454,4.69,15848.9
985460,4.81,39810.7
985474,5.83,17782.8
985489,5.86,18867.7
985505,5.18,14125.4
985522,5.55,28183.8
985531,2.95,31622.8
985537,2.49,35481.3
985538,5.85,17782.8
985552,4.51,14125.4
985557,4.97,8912.5
985559,4.5,3548.1
985568,6.07,15848.9
985570,5.15,10000.0
985576,3.15,15848.9
985577,4.71,8912.5
985589,4.7,3548.1
985591,5.28,28183.8
985595,4.92,15848.9
985599,5.36,11220.2
985606,5.67,15848.9
985610,5.23,31622.8
985621,3.98,11220.2
985622,4.52,35481.3
985626,5.9,39810.7
985629,2.58,14125.4
985631,5.21,1258.9
985632,5.0,25118.9
985645,5.98,12589.3
985649,5.92,19952.6
985653,5.75,12589.3
985666,3.83,44668.4
985667,5.83,5011.9
985675,5.25,28183.8
985676,5.3,17782.8
985680,5.31,39810.7
985684,6.08,12589.3
985693,5.15,794.3
985701,4.59,2818.4
985703,6.03,39810.7
985710,5.55,31622.8
985716,6.1,28183.8
985723,4.41,44668.4
985731,3.22,10000.0
985734,5.06,4466.8
985738,2.79,17782.8
985754,4.37,10000.0
985758,5.41,8912.5
985761,5.17,22387.2
985768,5.54,8912.5
985773,3.36,37646.0
985777,5.41,17782.8
985781,5.94,39810.7
985785,5.5,3548.1
985788,4.08,2818.4
985790,5.52,12589.3
985791,5.0,31622.8
985795,4.64,7943.3
985812,4.09,17782.8
985833,5.29,21169.9
985844,5.75,17782.8
985849,2.17,177.8
985855,5.02,8912.5
985862,4.75,1258.9
985866,3.88,35481.3
985875,5.37,14125.4
985892,5.77,10000.0
985893,6.26,12589.3
985894,4.67,1412.5
985897,5.92,15848.9
985898,4.01,14125.4
985911,3.42,15848.9
985915,5.56,5011.9
985917,5.18,14987.15
985928,4.3,42239.55
985942,5.44,15848.9
985949,6.28,1122.0
985953,3.65,8912.5
985954,5.6,8912.5
985957,4.19,15848.9
985960,2.67,25118.9
985962,4.92,28183.8
985963,4.71,7943.3
985976,5.59,5011.9
985978,4.36,15848.9
985989,4.35,1258.9
986001,4.62,3981.1
986009,4.48,44668.4
986028,5.16,2818.4
986030,3.97,28183.8
986033,5.47,3548.1
986035,6.28,10000.0
986041,4.54,22387.2
986055,5.96,14125.4
986056,4.62,7079.5
986063,6.34,39810.7
986065,4.13,12589.3
986080,5.7,7943.3
986087,5.7,11220.2
986091,5.74,14125.4
986107,6.15,44668.4
986117,6.12,15848.9
986119,5.25,5623.4
986129,5.37,1995.3
986130,4.69,31622.8
986138,4.32,8912.5
986150,3.9,8912.5
986173,5.26,11220.2
986177,5.13,39810.7
986182,5.36,2818.4
986194,4.37,25118.9
986215,5.81,44668.4
986219,5.7,33552.05
986234,5.63,28183.8
986239,5.67,28183.8
986240,5.81,22387.2
986260,5.15,31622.8
986267,3.16,14125.4
986309,4.58,5623.4
986327,3.81,15848.9
986343,5.84,39810.7
986360,4.22,31622.8
986362,5.64,22387.2
986363,4.56,11220.2
986364,4.05,12589.3
986377,4.49,25118.9
986380,4.81,14125.4
986383,5.19,22387.2
986385,5.4,15848.9
986389,5.58,2818.4
986393,5.96,10000.0
986395,6.08,10000.0
986396,3.47,28183.8
986416,5.06,3548.1
986420,2.42,89.1
986421,3.73,25118.9
986422,5.99,25.1
986430,4.47,39810.7
986435,5.22,31622.8
986448,4.01,11220.2
986452,5.14,35481.3
986465,5.85,19952.6
986471,4.45,12589.3
986477,4.94,3548.1
986479,4.33,3162.3
986485,4.23,15848.9
986488,2.42,17782.8
986489,4.13,22387.2
986504,5.03,31622.8
986507,6.06,11220.2
986513,3.99,17782.8
986533,5.92,15848.9
986538,2.83,31622.8
986542,5.66,19952.6
986570,5.77,35481.3
986576,5.49,3548.1
986581,5.69,39810.7
986585,6.11,28183.8
986586,5.58,14125.4
986587,4.59,35481.3
986591,3.71,39810.7
986597,4.69,19952.6
986601,4.36,16815.85
986602,5.35,18867.7
986607,5.49,17782.8
986632,5.53,891.3
986640,3.32,17782.8
986673,3.11,8912.5
986678,5.81,24208.333333333332
986679,5.13,12589.3
986688,4.77,10000.0
986689,5.57,8912.5
986705,5.2,14125.4
986720,3.55,2238.7
986723,3.98,1000.0
986735,4.31,7079.5
986757,4.67,2818.4
986761,4.27,12589.3
986762,4.83,7943.3
986764,5.99,19952.6
986778,5.03,1584.9
986779,3.83,5623.4
986787,5.16,8912.5
986788,5.68,631.0
986793,4.3,22387.2
986803,6.02,10000.0
986812,3.15,56.2
986833,4.62,354.8
986840,6.02,2238.7
986849,4.92,10000.0
986870,3.78,17782.8
986875,5.35,5011.9
986877,4.35,10000.0
986879,3.09,17782.8
986893,5.42,35481.3
986927,3.8,31622.8
986929,5.18,22387.2
986941,4.11,16815.85
986947,5.03,25118.9
986953,4.88,17782.8
986968,5.3,39810.7
986969,6.12,12589.3
986970,4.79,1122.0
986981,3.68,8912.5
986987,4.44,39810.7
986997,3.67,14125.4
987000,4.15,19952.6
987022,5.87,14125.4
987025,5.01,5011.9
987043,5.91,39810.7
987054,5.42,17782.8
987068,4.79,44668.4
987069,3.42,31622.8
987072,5.1,14125.4
987073,4.96,17782.8
987085,5.27,25118.9
987090,5.71,26651.35
987096,4.44,16815.85
987098,5.26,28183.8
987102,3.46,12589.3
987106,6.0,25118.9
987122,5.73,28183.8
987125,3.44,17782.8
987128,3.59,1122.0
987129,5.94,39810.7
987136,6.21,28183.8
987142,4.16,39810.7
987151,5.31,17782.8
987155,4.83,14125.4
987168,5.31,8912.5
987169,4.02,44668.4
987182,4.6,39810.7
987190,4.26,39810.7
987191,4.52,39810.7
987215,3.91,25118.9
987232,5.77,17782.8
987236,5.61,3162.3
987238,4.25,501.2
987259,4.45,29903.3
987265,4.8,26651.35
987267,2.67,15848.9
987271,4.79,17782.8
987284,5.88,10000.0
987306,5.59,28183.8
987307,5.44,14125.4
987314,4.97,2818.4
987324,6.11,10000.0
987330,4.8,14125.4
987339,5.9,14125.4
987342,3.81,1995.3
987358,5.57,7079.5
987362,4.83,3162.3
987374,3.39,14125.4
987376,3.75,17782.8
987388,6.15,3162.3
987391,7.0,11220.2
987403,3.89,15848.9
987416,3.24,31622.8
987417,5.65,31622.8
987425,5.41,2511.9
987434,4.71,10000.0
987437,5.78,22387.2
987443,3.8,31622.8
987454,3.5,12589.3
987467,5.52,14125.4
987480,6.07,354.8
987481,3.23,14125.4
987482,4.65,19952.6
987508,4.51,14125.4
987526,3.56,19952.6
987529,4.5,14125.4
987530,6.08,28183.8
987533,5.57,4466.8
987535,1.96,22387.2
987537,4.72,12589.3
987542,5.81,6309.6
987543,5.77,2818.4
987544,3.63,12589.3
987555,4.32,7079.5
987567,5.8,6309.6
987572,6.19,2238.7
987576,3.6,22387.2
987583,5.81,39810.7
987608,5.86,15848.9
987616,5.9,22387.2
987622,2.72,44668.4
987631,5.81,31622.8
987642,5.05,22387.2
987644,5.51,945.65
987650,4.6,14125.4
987652,5.57,39810.7
987658,6.32,631.0
987661,4.97,21169.9
987666,5.96,15848.9
987670,5.09,8912.5
987675,4.43,8912.5
987676,5.9,501.2
987679,6.09,7079.5
987682,3.69,12589.3
987684,3.74,22387.2
987691,6.01,14125.4
987693,5.57,11904.75
987696,3.99,44668.4
987704,4.44,1258.9
987705,4.46,39810.7
987707,3.87,17782.8
987713,2.45,5623.4
987718,5.57,28183.8
987719,5.01,11220.2
987725,4.71,25118.9
987736,4.7,3162.3
987739,3.74,3981.1
987740,5.5,15848.9
987741,4.37,15848.9
987756,4.73,22387.2
987757,5.28,39810.7
987759,5.66,10000.0
987778,3.67,15848.9
987788,5.58,17782.8
987789,4.4,7079.5
987814,5.6,707.9
987820,5.2,19952.6
987826,3.49,28183.8
987832,4.93,39810.7
987834,5.13,14987.15
987840,5.54,12589.3
987844,4.37,13357.35
987846,5.07,14125.4
987850,4.41,14125.4
987867,5.54,15848.9
987872,5.94,14125.4
987882,5.16,28183.8
987886,3.1,25118.9
987892,5.68,17782.8
987898,5.79,141.3
987904,5.83,17782.8
987907,4.69,2818.4
987913,6.03,3162.3
987914,6.01,17782.8
987920,5.24,44668.4
987938,5.29,11220.2
987940,5.88,15848.9
987951,5.42,39810.7
987954,3.74,17782.8
987956,4.87,28183.8
987957,5.0,25118.9
987963,5.6,26651.35
987980,5.31,28183.8
987992,6.02,44668.4
987994,4.99,1995.3
987999,5.69,31622.8
988000,5.67,13357.35
988003,5.11,14125.4
988010,5.33,28183.8
988021,5.62,10000.0
988024,4.5,14125.4
988035,5.47,28183.8
988037,5.3,15848.9
988054,5.18,39810.7
988059,4.84,31622.8
988065,4.25,15848.9
988070,3.54,8912.5
988072,5.57,29903.3
988081,3.91,707.9
988085,5.14,31622.8
988092,6.07,4466.8
988093,6.25,8912.5
988096,3.88,3548.1
988107,5.12,19952.6
988127,3.06,17782.8
988134,3.54,15848.9
988147,3.68,22387.2
988148,4.88,35.5
988151,4.94,14125.4
988152,5.26,39810.7
988158,5.38,1122.0
988163,4.14,28183.8
988169,4.98,39810.7
988170,5.56,31622.8
988174,5.36,44668.4
988175,5.25,17782.8
988178,2.91,3548.1
988186,3.28,25118.9
988189,4.25,14125.4
988194,5.3,12589.3
988229,5.58,33552.05
988238,3.33,14987.15
988239,4.67,25118.9
988241,5.83,1000.0
988247,4.81,5011.9
988252,6.06,31622.8
988274,5.72,10000.0
988287,4.28,12589.3
988292,4.12,22387.2
988303,3.22,44668.4
988310,4.91,3981.1
988312,2.65,17782.8
988320,3.65,31622.8
988325,4.51,8912.5
988336,5.11,14125.4
988349,4.44,79.4
988357,5.28,39810.7
988365,5.81,39810.7
988374,3.27,2238.7
988386,3.56,15848.9
988400,4.54,2818.4
988401,5.42,17782.8
988407,5.98,22387.2
988413,4.26,39810.7
988414,4.5,39810.7
988415,5.79,14125.4
988416,5.75,39810.7
988422,4.95,11904.75
988426,5.55,35481.3
988427,3.66,15848.9
988437,4.59,31622.8
988467,3.87,8912.5
988490,4.07,446.7
988497,3.42,19952.6
988504,2.12,17782.8
988529,5.01,14987.15
988530,6.17,17782.8
988534,5.94,6309.6
988544,3.83,28183.8
988558,4.93,12589.3
988578,5.27,6309.6
988580,5.56,22387.2
988584,5.22,12589.3
988588,5.33,39810.7
988604,2.7,19952.6
988606,3.21,12589.3
988607,3.2,31622.8
988622,4.21,7943.3
988634,4.58,31622.8
988646,5.48,17782.8
988684,3.92,17782.8
988686,5.14,11220.2
988689,4.78,11220.2
988692,3.79,10000.0
988694,5.08,19952.6
988695,5.67,1000.0
988727,3.49,12589.3
988728,6.42,12589.3
988735,5.04,22387.2
988742,5.19,28183.8
988763,6.22,31622.8
988766,5.49,1412.5
988771,5.25,7079.5
988772,4.07,8912.5
988775,5.22,5011.9
988802,3.72,31622.8
988806,5.0,1122.0
988830,3.96,17782.8
988835,4.36,35481.3
988838,1.53,14125.4
988846,3.93,44668.4
988861,4.12,19952.6
988864,4.25,2818.4
988876,6.03,17782.8
988879,5.28,2818.4
988885,5.02,3548.1
988888,5.36,31622.8
988898,4.61,3548.1
988905,5.57,12589.3
988917,5.55,25118.9
988924,6.17,14125.4
988926,5.07,11220.2
988932,5.93,19952.6
988934,5.7,14125.4
988943,4.09,35481.3
988950,4.36,33552.05
988968,3.3,4466.8
988978,5.62,19952.6
988985,5.23,15848.9
988989,4.53,22387.2
989001,5.77,11220.2
989009,5.17,39810.7
989024,5.49,2238.7
989033,5.54,35481.3
989035,5.29,15848.9
989039,4.34,7943.3
989042,5.16,39810.7
989047,2.98,3162.3
989048,3.97,26651.35
989053,4.44,3162.3
989055,4.41,12589.3
989096,6.22,1190.0
989098,5.59,25118.9
989115,6.14,28183.8
989126,4.66,28183.8
989160,5.24,17782.8
989163,1.82,35481.3
989164,4.82,19952.6
989170,5.74,22387.2
989175,4.85,28183.8
989186,6.32,35481.3
989201,3.72,17782.8
989213,4.17,25118.9
989228,3.38,44668.4
989233,5.8,12589.3
989234,3.28,8912.5
989241,4.38,4466.8
989251,6.1,22387.2
989261,5.07,39810.7
989263,5.44,1000.0
989270,4.91,281.8
989275,4.42,17782.8
989277,5.53,3981.1
989278,4.38,3548.1
989280,5.25,31622.8
989287,5.5,3548.1
989288,4.65,39810.7
989290,4.65,5623.4
989295,4.12,19952.6
989296,4.41,4466.8
989298,5.72,31622.8
989317,5.72,22387.2
989330,4.98,12589.3
989332,5.42,39810.7
989334,4.4,17782.8
989338,5.17,14125.4
989369,4.41,14125.4
989373,5.38,14125.4
989375,6.16,25118.9
989380,5.22,7943.3
989386,5.69,19952.6
989392,4.97,22387.2
989397,4.53,11220.2
989410,5.29,11220.2
989411,4.64,17782.8
989412,5.89,19952.6
989420,4.73,28183.8
989424,5.84,25118.9
989433,4.78,2511.9
989441,4.24,10000.0
989447,4.43,31622.8
989459,5.06,22387.2
989469,2.68,17782.8
989497,5.75,22387.2
989505,5.44,2818.4
989507,4.07,8912.5
989521,5.43,12589.3
989522,4.9,1122.0
989546,5.41,4466.8
989547,6.36,28183.8
989555,6.05,6309.6
989572,5.74,17782.8
989574,5.37,15848.9
989577,5.35,22387.2
989608,6.38,3548.1
989621,4.2,12589.3
989631,5.32,14987.15
989641,4.53,22387.2
989647,4.59,6309.6
989651,2.06,7655.366666666667
989661,5.91,39810.7
989662,6.0,39810.7
989663,5.68,15848.9
989685,3.34,14125.4
989686,5.5,1584.9
989692,5.55,707.9
989698,5.41,39810.7
989705,3.75,25118.9
989708,4.63,562.3
989718,5.7,35481.3
989737,5.36,6309.6
989738,3.07,14125.4
989739,4.98,14125.4
989747,4.66,2238.7
989760,5.4,35481.3
989779,5.52,14125.4
989787,6.22,7943.3
989795,3.94,10000.0
989800,5.71,19952.6
989812,5.7,19952.6
989817,3.07,39810.7
989839,4.33,15848.9
989855,3.72,15848.9
989856,5.85,19952.6
989863,5.8,39810.7
989872,4.93,5011.9
989876,6.27,15848.9
989877,4.99,14125.4
989887,4.74,25118.9
989889,4.79,11220.2
989897,5.43,22387.2
989907,5.19,14125.4
989911,3.49,22387.2
989913,4.16,42239.55
989915,4.96,17782.8
989925,1.99,31622.8
989929,4.57,10000.0
989942,4.76,12589.3
989949,5.78,28183.8
989951,4.21,12589.3
989955,5.37,12589.3
989962,4.73,15848.9
989999,5.12,25118.9
990017,4.75,4466.8
990028,4.36,19952.6
990029,4.59,7943.3
990051,5.99,22387.2
990055,6.71,7943.3
990058,4.94,31622.8
990074,5.28,15848.9
990080,4.9,39810.7
990083,5.46,33552.05
990106,4.6,39810.7
990108,4.64,35481.3
990138,3.84,14125.4
990148,5.36,3548.1
990150,5.51,8266.366666666667
990155,5.36,15848.9
990158,4.74,11220.2
990164,4.71,199.5
990174,5.7,25118.9
990198,4.95,35481.3
990205,5.04,25118.9
990220,3.76,39810.7
990229,4.96,12589.3
990233,4.92,12589.3
990242,4.82,37646.0
990251,5.54,31622.8
990252,5.82,7943.3
990254,3.91,31622.8
990257,4.51,12589.3
990280,5.22,8912.5
990285,5.62,8912.5
990299,5.7,19952.6
990304,5.61,10000.0
990307,5.49,6309.6
990314,6.14,10610.1
990317,5.57,14125.4
990321,5.53,19952.6
990333,4.95,12589.3
990347,6.03,2818.4
990357,4.83,25.1
990369,3.52,39810.7
990378,3.41,15848.9
990380,5.04,39810.7
990381,5.34,8912.5
990384,5.22,10000.0
990386,5.42,35481.3
990394,2.87,2818.4
990396,5.3,7943.3
990398,6.43,15848.9
990407,4.92,1584.9
990411,5.34,12589.3
990421,4.67,4466.8
990428,4.09,8912.5
990429,5.92,14125.4
990430,5.35,10000.0
990438,5.74,28183.8
990445,4.22,15848.9
990454,4.85,28183.8
990461,5.36,4466.8
990472,3.25,17782.8
990485,2.55,39810.7
990486,5.77,11220.2
990493,5.49,25118.9
990499,5.48,9456.25
990501,4.58,31622.8
990503,5.19,15848.9
990516,5.0,11220.2
990517,5.0,15848.9
990534,5.03,22387.2
990542,6.03,199.5
990547,4.86,2238.7
990549,4.45,2818.4
990551,4.71,17782.8
990552,5.3,3548.1
990560,4.71,44668.4
990562,3.5,39810.7
990568,4.2,14125.4
990573,5.55,12589.3
990580,5.23,25118.9
990583,4.28,44668.4
990590,4.39,14125.4
990597,5.15,2511.9
990602,4.12,28183.8
990606,4.11,3548.1
990611,2.69,22387.2
990613,6.13,14125.4
990614,4.1,6309.6
990615,5.39,22387.2
990617,5.14,3548.1
990619,3.01,891.3
990624,6.06,14987.15
990634,5.92,223.9
990646,3.9,12589.3
990664,4.2,22387.2
990669,6.2,25.1
990670,6.01,15848.9
990678,4.54,14125.4
990683,4.65,631.0
990688,5.51,35481.3
990697,5.39,631.0
990698,4.65,7079.5
990707,5.76,3162.3
990710,5.44,25118.9
990713,4.12,17782.8
990717,4.91,2238.7
990719,2.82,19952.6
990722,4.81,33552.05
990723,3.29,7943.3
990737,4.48,28183.8
990738,3.39,19952.6
990753,5.08,28183.8
990757,4.74,28183.8
990762,4.94,14125.4
990768,5.87,15848.9
990774,5.54,39810.7
990775,5.4,8912.5
990776,4.7,7079.5
990780,5.05,35481.3
990781,5.16,223.9
990796,3.79,10000.0
990812,3.58,7943.3
990817,5.49,25118.9
990822,4.83,29903.3
990823,3.23,11220.2
990827,4.83,5623.4
990834,5.73,12589.3
990842,5.05,12589.3
990855,4.79,17782.8
990856,4.55,7943.3
990865,4.5,17782.8
990873,5.25,12589.3
990874,3.85,11220.2
990878,5.94,19952.6
990881,4.83,17782.8
990883,3.71,8912.5
990891,2.99,25118.9
990896,4.41,25118.9
990906,5.02,16815.85
990920,4.35,31622.8
990924,5.56,112.2
990926,5.69,3981.1
990930,5.13,39810.7
990931,5.49,1000.0
990933,5.44,1000.0
990942,5.11,8427.9
990950,4.71,28183.8
990951,5.94,22387.2
990958,4.33,14125.4
990964,4.88,15848.9
990984,5.73,1995.3
990988,5.62,25118.9
991018,4.29,39810.7
991043,5.75,29903.3
991058,5.76,631.0
991094,4.67,12589.3
991116,5.14,5011.9
991123,5.56,7943.3
991132,5.92,39810.7
991142,4.19,23753.05
991143,3.77,39810.7
991151,4.25,25118.9
991155,5.37,31622.8
991159,4.91,8912.5
991177,4.33,19952.6
991193,5.71,39810.7
991199,5.32,19952.6
991204,5.68,11220.2
991210,5.64,28183.8
991241,3.77,31622.8
991244,5.23,1778.3
991252,5.69,11220.2
991255,6.31,39810.7
991259,3.08,17782.8
991262,3.87,23753.05
991265,5.36,15848.9
991268,3.96,15848.9
991274,4.74,35481.3
991291,4.85,17782.8
991292,3.34,7943.3
991301,3.91,1584.9
991303,3.15,28183.8
991307,4.35,22387.2
991308,5.51,19952.6
991312,5.03,1258.9
991321,6.05,398.1
991350,4.94,7079.5
991359,4.89,14987.15
991363,4.65,15848.9
991365,5.83,3548.1
991369,5.72,5623.4
991370,4.97,8912.5
991374,3.46,25118.9
991379,4.24,4466.8
991383,6.08,7511.4
991394,5.32,12589.3
991396,5.67,28183.8
991398,5.7,12589.3
991409,4.36,35481.3
991411,4.37,15848.9
991413,5.37,11220.2
991414,5.78,31622.8
991416,4.97,14125.4
991433,5.66,3981.1
991437,5.33,39810.7
991443,5.48,10000.0
991445,3.96,31622.8
991448,4.91,31622.8
991469,6.04,25118.9
991477,4.14,1412.5
991491,4.97,1258.9
991497,3.89,22387.2
991508,5.85,8912.5
991512,5.42,14125.4
991514,3.8,19952.6
991516,4.9,28183.8
991521,2.73,35481.3
991527,4.33,2818.4
991534,5.79,2818.4
991539,5.15,12589.3
991553,4.71,22387.2
991554,4.84,25118.9
991576,3.66,13357.35
991582,4.83,17782.8
991585,5.39,35481.3
991587,4.96,28183.8
991593,5.82,17782.8
991597,4.75,4466.8
991627,4.79,2511.9
991631,5.8,37646.0
991640,4.95,11220.2
991644,4.83,7079.5
991651,5.6,14125.4
991659,4.16,25118.9
991662,4.91,14125.4
991673,5.22,17782.8
991675,4.49,17782.8
991680,5.0,1258.9
991683,5.96,11220.2
991692,5.91,10000.0
991695,2.51,15848.9
991699,5.38,29903.3
991711,3.82,39810.7
991713,5.4,39810.7
991725,5.75,19952.6
991739,4.55,8912.5
991740,3.63,39810.7
991754,3.59,15848.9
991758,4.58,7943.3
991759,6.08,39810.7
991775,5.7,17782.8
991781,4.94,158.5
991784,4.11,39810.7
991812,5.47,28183.8
991819,5.16,44668.4
991835,3.81,35481.3
991836,3.41,7943.3
991846,3.15,19952.6
991850,4.93,22387.2
991852,4.65,3981.1
991861,5.15,25118.9
991865,5.59,39810.7
991867,4.86,26651.35
991869,4.66,10000.0
991875,3.51,28183.8
991884,4.2,7079.5
991894,4.87,29903.3
991895,6.06,446.7
991898,5.88,9456.25
991899,4.71,11220.2
991902,3.15,22387.2
991904,4.93,22387.2
991905,4.56,22387.2
991912,4.73,25118.9
991914,5.59,10000.0
991915,3.7,25118.9
991922,3.43,39810.7
991939,6.15,10000.0
991942,5.77,7079.5
991944,4.13,14125.4
991945,5.92,25118.9
991957,4.92,39810.7
991962,4.88,15848.9
991968,4.6,10610.1
991971,6.04,5011.9
991975,3.3,22387.2
991990,4.12,15848.9
992002,5.65,15848.9
992004,2.44,12589.3
992018,4.93,10000.0
992032,5.31,28183.8
992038,3.91,39810.7
992041,5.84,15848.9
992044,4.0,15848.9
992045,6.05,35481.3
992057,4.87,39810.7
992070,4.33,22387.2
992075,5.3,7079.5
992077,5.03,1584.9
992081,5.35,10000.0
992082,4.78,19952.6
992084,4.6,35481.3
992085,4.63,28183.8
992090,4.55,22387.2
992095,5.27,12589.3
992098,3.67,15848.9
992100,4.47,28183.8
992110,4.6,14125.4
992120,4.72,2238.7
992127,3.52,17782.8
992132,4.84,44668.4
992138,5.05,17782.8
992152,4.81,31622.8
992153,4.17,15848.9
992158,5.77,14125.4
992163,5.86,17782.8
992177,6.01,17782.8
992182,5.71,22387.2
992185,4.15,251.2
992187,5.58,39810.7
992188,4.79,11220.2
992201,5.4,25.1
992206,4.72,6309.6
992207,4.38,7943.3
992216,6.41,25118.9
992218,5.77,14125.4
992224,4.57,14125.4
992225,4.4,35481.3
992228,4.86,10000.0
992229,5.31,7079.5
992247,5.34,39810.7
992255,4.34,19952.6
992261,5.59,14125.4
992272,5.46,15848.9
992274,4.24,17782.8
992275,6.13,3548.1
992276,3.34,28183.8
992281,5.32,10000.0
992283,5.61,31622.8
992295,4.37,7079.5
992310,5.2,3981.1
992318,5.14,2238.7
992324,4.0,25118.9
992343,4.46,10000.0
992352,5.54,8912.5
992357,4.45,17782.8
992363,3.43,631.0
992380,5.73,31622.8
992390,3.64,12589.3
992402,4.93,22387.2
992413,3.89,2818.4
992423,5.64,5011.9
992427,4.38,12589.3
992432,6.27,15848.9
992439,3.03,12589.3
992447,5.65,19952.6
992463,4.89,2511.9
992471,4.18,14125.4
992472,5.66,10000.0
992481,4.51,17782.8
992489,4.19,12589.3
992492,3.62,7943.3
992495,5.67,7943.3
992515,3.49,25118.9
992518,4.7,100.0
992524,5.43,707.9
992525,4.47,11220.2
992530,4.82,10000.0
992531,5.83,3548.1
992542,4.45,16815.85
992545,2.71,11220.2
992546,4.59,12589.3
992556,5.29,19952.6
992561,5.54,12589.3
992562,5.48,223.9
992568,3.97,3340.0
992579,4.49,19952.6
992581,5.69,125.9
992587,4.94,25118.9
992591,4.98,2818.4
992598,5.44,15848.9
992610,1.66,25118.9
992630,5.91,35481.3
992638,5.56,14125.4
992639,5.93,7079.5
992643,5.92,14125.4
992653,5.67,562.3
992663,4.79,17782.8
992666,5.62,7079.5
992674,3.65,21169.9
992675,5.14,14125.4
992677,4.06,22387.2
992679,5.14,39810.7
992685,5.98,39810.7
992689,2.48,7079.5
992691,5.59,15848.9
992692,5.38,5623.4
992706,5.61,28183.8
992707,5.43,11220.2
992713,5.44,35481.3
992715,3.46,19952.6
992719,4.61,4466.8
992723,4.96,1995.3
992725,6.03,891.3
992731,4.63,13357.35
992735,5.82,10000.0
992741,4.47,50118.7
992765,4.38,31622.8
992767,5.13,3981.1
992781,5.9,3548.1
992789,4.85,22387.2
992795,4.47,11220.2
992798,5.39,5011.9
992799,5.81,15848.9
992801,3.51,1258.9
992806,2.98,14125.4
992826,5.75,28183.8
992830,5.21,8912.5
992842,3.11,28183.8
992848,5.36,562.3
992853,6.0,31622.8
992857,4.87,28183.8
992891,5.15,44668.4
992896,2.84,7943.3
992902,4.69,10610.1
992911,3.84,12589.3
992912,6.47,35481.3
992915,5.21,39810.7
992931,5.43,39810.7
992950,5.59,44668.4
992958,3.97,1000.0
992962,5.08,6309.6
992967,3.51,22387.2
992971,2.24,39810.7
992972,5.78,12589.3
992975,4.86,25118.9
992982,5.42,22387.2
992985,6.2,11220.2
992987,5.7,4466.8
993002,4.53,19952.6
993020,4.23,1995.3
993022,4.99,35481.3
993025,4.83,112.2
993038,3.16,19952.6
993092,5.01,22387.2
993093,4.28,13357.35
993098,5.38,14125.4
993106,4.7,12589.3
993122,6.25,15848.9
993123,5.89,15848.9
993127,4.17,15848.9
993130,5.24,19952.6
993147,4.94,12589.3
993151,4.81,39810.7
993155,5.34,12589.3
993157,5.92,12589.3
993161,5.34,7943.3
993169,5.54,14125.4
993171,4.39,28183.8
993174,4.79,31622.8
993175,6.22,4466.8
993187,4.96,25118.9
993191,3.56,28183.8
993220,4.87,3548.1
993223,6.22,14125.4
993239,5.76,17782.8
993248,6.12,11220.2
993249,5.92,25118.9
993250,5.33,12589.3
993273,4.95,3981.1
993292,3.84,15848.9
993294,5.76,17782.8
993320,4.3,199.5
993330,4.27,18867.7
993331,5.35,158.5
993343,5.42,1995.3
993345,5.07,17782.8
993348,5.16,1258.9
993357,4.25,4466.8
993360,5.02,35481.3
993367,6.02,25118.9
993368,4.77,3162.3
993373,4.09,14125.4
993380,3.68,10000.0
993382,2.97,794.3
993386,4.77,100.0
993387,5.44,14125.4
993391,4.12,14125.4
993394,5.36,7943.3
993405,5.59,14125.4
993428,3.67,28183.8
993438,6.01,17782.8
993450,5.23,2511.9
993451,1.72,39810.7
993472,4.24,17782.8
993476,6.99,15848.9
993486,4.91,31622.8
993514,3.1,12589.3
993519,5.27,3162.3
993521,4.7,19952.6
993529,3.76,28183.8
993532,3.83,19952.6
993534,4.0,15848.9
993539,4.72,35481.3
993556,3.85,12589.3
993560,4.95,31622.8
993566,5.99,22387.2
993575,2.58,12589.3
993580,5.35,3162.3
993596,5.87,31622.8
993597,2.85,44668.4
993610,5.89,25118.9
993612,4.47,35481.3
993618,5.72,22387.2
993632,4.56,11220.2
993639,5.24,22387.2
993640,4.79,39810.7
993641,5.19,22387.2
993642,4.13,25118.9
993651,5.91,44668.4
993662,5.46,22387.2
993666,6.11,7943.3
993674,3.89,44668.4
993689,4.92,11220.2
993690,5.84,11904.75
993699,5.73,10000.0
993700,4.85,10000.0
993703,5.83,15848.9
993704,4.49,17782.8
993708,4.8,39810.7
993711,6.34,17782.8
993729,5.66,39810.7
993746,5.0,8912.5
993747,5.57,25118.9
993759,3.59,1000.0
993760,5.18,17782.8
993761,5.04,11220.2
993766,4.72,11220.2
993772,4.32,8912.5
993781,5.09,35481.3
993797,5.54,2511.9
993820,5.79,2511.9
993828,5.35,2511.9
993832,4.5,14125.4
993836,2.92,35481.3
993848,1.5,8912.5
993854,5.16,35481.3
993855,5.92,17782.8
993856,7.03,31622.8
993871,3.04,7943.3
993873,4.98,11220.2
993892,5.5,28183.8
993900,5.29,12589.3
993901,5.58,14125.4
993909,5.48,31622.8
993918,5.71,7943.3
993932,4.62,39810.7
993936,4.58,12589.3
993946,4.2,6309.6
993956,4.66,1778.3
993963,4.5,5623.4
993985,5.0,3162.3
994028,4.82,28183.8
994029,4.61,25118.9
994033,4.5,25118.9
994034,5.22,2238.7
994041,5.19,25118.9
994053,4.21,3548.1
994073,5.59,12589.3
994080,3.49,22387.2
994087,5.42,19952.6
994097,3.16,39810.7
994101,4.59,1778.3
994103,3.15,25118.9
994119,4.29,12589.3
994122,4.72,15848.9
994125,5.03,19952.6
994127,5.62,28183.8
994129,5.05,17782.8
994130,5.48,25118.9
994134,5.37,21169.9
994135,5.59,15848.9
994136,4.55,8912.5
994141,5.89,12589.3
994146,4.32,35481.3
994156,4.52,12589.3
994177,5.26,17782.8
994181,4.94,25118.9
994192,2.84,17782.8
994207,4.86,501.2
994209,6.0,28183.8
994218,5.4,26140.533333333333
994223,5.17,19952.6
994243,4.13,14125.4
994253,5.21,251.2
994255,3.79,794.3
994256,4.91,31622.8
994276,4.44,25118.9
994282,5.08,22387.2
994292,5.54,22387.2
994302,4.87,4466.8
994334,4.77,39810.7
994350,4.9,31622.8
994353,4.6,14125.4
994365,4.32,25118.9
994375,5.63,28183.8
994377,5.49,12589.3
994379,6.47,3162.3
994381,4.18,17782.8
994387,4.37,31622.8
994389,4.77,25118.9
994396,4.79,3548.1
994405,6.05,17782.8
994409,5.99,31622.8
994430,4.48,2511.9
994434,4.93,17782.8
994439,5.76,11220.2
994446,5.91,35481.3
994449,3.66,19952.6
994451,3.6,8912.5
994463,4.52,13357.35
994478,3.77,3981.1
994484,4.5,3548.1
994487,4.73,15848.9
994497,5.91,31622.8
994499,3.51,44668.4
994508,3.39,1412.5
994511,4.51,15848.9
994515,5.6,17782.8
994521,2.84,31622.8
994527,5.83,3981.1
994535,5.17,354.8
994544,4.45,26651.35
994557,5.57,13357.35
994561,5.93,14125.4
994562,4.62,4466.8
994570,4.58,1258.9
994593,5.85,19952.6
994595,4.17,2511.9
994605,5.57,1995.3
994619,4.24,15848.9
994626,5.29,31622.8
994631,6.04,14125.4
994632,5.79,4466.8
994636,4.83,10000.0
994647,5.84,12589.3
994653,4.98,7943.3
994656,5.69,19952.6
994658,6.11,12589.3
994663,5.71,11220.2
994669,3.31,22387.2
994696,3.86,15848.9
994703,4.39,10000.0
994704,6.11,22387.2
994712,4.65,22387.2
994714,5.63,10000.0
994715,5.25,15848.9
994720,5.8,8912.5
994727,3.24,70.8
994728,5.76,44668.4
994738,5.06,7943.3
994741,5.81,10000.0
994749,5.22,5011.9
994753,4.57,11220.2
994755,3.91,16815.85
994766,4.11,15848.9
994780,4.29,29903.3
994790,5.52,17782.8
994799,4.49,28183.8
994801,4.09,1000.0
994803,4.28,22387.2
994804,3.76,19952.6
994815,2.71,19952.6
994820,4.85,42239.55
994831,4.92,39810.7
994885,1.88,631.0
994891,5.95,25118.9
994894,4.31,11220.2
994900,6.09,12589.3
994902,4.92,39810.7
994918,5.42,11904.75
994933,4.92,17782.8
994968,5.78,1000.0
994978,5.77,14987.15
994994,4.0,12589.3
994998,4.8,8912.5
995003,4.17,25118.9
995006,6.14,12589.3
995024,6.18,39810.7
995029,5.71,42239.55
995033,5.08,25118.9
995054,3.44,19952.6
995071,4.72,31622.8
995072,5.49,3981.1
995083,4.5,44668.4
995091,4.48,22387.2
995092,4.14,25118.9
995098,5.31,25118.9
995105,4.98,8912.5
995108,6.09,33552.05
995113,5.76,25118.9
995114,5.07,25118.9
995117,6.04,44668.4
995120,4.52,1258.9
995133,5.83,1000.0
995135,5.18,10000.0
995142,4.32,11220.2
995149,5.7,14125.4
995150,4.58,25118.9
995153,5.75,251.2
995158,5.68,251.2
995163,4.11,3162.3
995170,4.88,19952.6
995174,5.95,2511.9
995184,5.9,39810.7
995191,5.08,501.2
995195,5.16,28183.8
995198,4.39,5623.4
995204,4.48,19952.6
995215,5.53,19952.6
995221,3.43,177.8
995245,4.78,25118.9
995256,5.97,354.8
995262,4.64,17782.8
995279,5.65,14125.4
995292,5.66,22387.2
995298,4.87,25118.9
995305,5.73,12589.3
995308,5.31,17782.8
995317,5.22,25118.9
995319,2.93,11220.2
995327,3.06,14125.4
995331,5.73,28183.8
995337,1.86,8912.5
995341,5.32,31622.8
995347,5.73,39810.7
995349,4.6,3162.3
995351,4.88,14125.4
995356,5.21,15848.9
995359,5.33,1122.0
995366,4.95,7943.3
995367,4.41,3548.1
995374,4.65,12589.3
995375,3.92,56.2
995377,3.37,2511.9
995404,2.41,39810.7
995427,5.18,3981.1
995435,4.56,31622.8
995436,2.22,11220.2
995438,5.6,25118.9
995443,2.39,12589.3
995465,5.76,794.3
995479,4.19,12589.3
995481,4.15,17782.8
995485,4.87,1000.0
995486,4.42,28183.8
995506,6.04,31622.8
995509,4.32,15848.9
995513,5.71,12589.3
995515,4.09,14125.4
995527,5.1,39810.7
995533,3.07,17782.8
995541,4.71,15848.9
995547,5.91,5011.9
995556,5.19,37646.0
995560,5.3,6309.6
995561,4.1,11220.2
995583,4.37,23753.05
995588,6.02,3548.1
995594,5.0,12589.3
995608,5.65,28183.8
995611,5.88,28183.8
995620,5.68,39810.7
995625,4.8,14987.15
995627,4.35,31622.8
995634,4.73,89.1
995635,4.36,25118.9
995637,5.8,29903.3
995648,5.29,39810.7
995654,5.01,281.8
995659,5.37,31622.8
995669,4.43,8912.5
995670,1.89,39810.7
995679,5.07,3981.1
995687,4.65,28183.8
995691,5.04,10610.1
995692,2.21,39810.7
995694,5.26,3162.3
995695,5.92,31622.8
995696,4.59,11220.2
995709,3.93,15848.9
995721,5.49,25118.9
995722,5.61,28183.8
995724,4.65,17782.8
995727,5.93,11220.2
995730,3.79,15848.9
995753,5.44,14125.4
995758,5.68,25118.9
995767,3.44,15848.9
995769,5.94,12589.3
995777,5.97,3162.3
995784,4.4,1122.0
995808,7.09,17782.8
995835,5.15,5623.4
995843,3.98,17782.8
995852,5.98,15848.9
995855,3.09,39810.7
995857,3.62,14987.15
995877,5.31,15848.9
995879,5.67,2511.9
995885,3.85,7943.3
995888,5.85,12589.3
995900,3.47,22387.2
995907,3.82,39810.7
995912,4.52,5011.9
995920,5.38,707.9
995921,2.76,44668.4
995926,5.15,25118.9
995938,5.65,12589.3
995956,5.4,28183.8
995958,4.73,25118.9
995961,5.3,19952.6
995965,5.7,5011.9
995966,4.73,39810.7
995969,3.77,42239.55
995978,4.96,35481.3
995980,5.11,15848.9
995987,4.95,17782.8
995991,5.09,7943.3
995996,4.09,14125.4
995997,4.13,15848.9
996005,4.97,3548.1
996006,4.61,3162.3
996007,5.23,7943.3
996011,4.98,39810.7
996016,5.64,17782.8
996023,4.88,1584.9
996029,4.62,9456.25
996030,5.5,1258.9
996033,4.68,112.2
996036,4.55,3548.1
996039,5.98,4466.8
996043,5.65,14125.4
996048,5.6,5011.9
996053,4.83,14125.4
996054,5.31,17782.8
996059,3.47,14125.4
996071,3.18,15848.9
996077,4.98,1258.9
996078,5.75,39810.7
996080,5.66,17782.8
996083,4.73,17782.8
996098,5.85,19952.6
996100,5.52,13357.35
996105,4.66,891.3
996116,5.41,14125.4
996125,5.5,3764.6
996139,5.78,31622.8
996140,4.29,39810.7
996145,5.17,10610.1
996149,3.78,19952.6
996165,5.01,28183.8
996167,5.39,39810.7
996180,5.94,17782.8
996184,5.13,39810.7
996185,3.13,5011.9
996191,4.59,29903.3
996196,5.28,16815.85
996216,5.26,28183.8
996225,5.31,11220.2
996243,3.9,14125.4
996245,5.22,25118.9
996256,3.58,7943.3
996260,4.96,223.9
996267,5.53,19952.6
996286,5.61,2238.7
996287,4.31,31622.8
996291,4.91,354.8
996295,4.41,17782.8
996298,5.62,19952.6
996300,4.41,2511.9
996304,5.19,15848.9
996316,3.95,7943.3
996323,5.36,141.3
996331,5.65,3162.3
996344,4.43,15848.9
996349,5.32,28183.8
996352,5.38,14125.4
996358,4.34,1778.3
996360,1.89,14125.4
996377,5.43,17782.8
996384,3.3,12589.3
996387,4.27,7079.5
996393,5.61,31622.8
996394,4.93,25118.9
996396,3.9,14125.4
996409,5.42,35481.3
996419,4.37,14125.4
996421,5.8,35481.3
996422,4.24,14125.4
996434,5.7,39810.7
996441,5.15,7943.3
996456,4.98,10000.0
996458,5.07,6309.6
996460,5.17,15848.9
996461,4.38,15848.9
996462,3.38,31622.8
996470,5.05,7079.5
996478,5.99,25118.9
996488,4.55,39810.7
996522,5.88,16815.85
996524,5.91,28183.8
996576,5.52,14125.4
996581,3.21,12589.3
996583,5.44,14125.4
996584,4.93,35481.3
996591,4.9,10610.1
996594,3.41,31622.8
996600,6.03,19952.6
996606,4.08,794.3
996623,3.46,19952.6
996636,5.12,707.9
996647,5.68,17782.8
996664,4.91,15848.9
996673,5.81,3548.1
996682,4.99,28183.8
996689,4.99,12589.3
996694,5.75,2238.7
996696,2.97,28183.8
996703,4.61,4466.8
996707,5.47,35481.3
996712,5.98,31622.8
996725,4.63,17782.8
996732,5.46,10000.0
996740,4.04,35481.3
996741,4.83,15848.9
996743,4.91,25118.9
996759,5.69,13357.35
996775,4.89,28183.8
996780,5.81,22387.2
996787,5.35,33552.05
996801,5.87,4466.8
996808,5.15,14125.4
996811,3.54,17782.8
996812,4.9,14125.4
996814,4.65,15848.9
996815,4.22,12589.3
996818,4.68,44668.4
996823,5.02,19952.6
996838,5.71,3981.1
996839,5.44,19952.6
996840,4.19,15848.9
996845,5.85,39810.7
996857,4.44,2238.7
996872,6.82,28183.8
996873,4.53,8912.5
996881,6.2,25118.9
996906,4.59,7943.3
996910,3.64,14125.4
996915,5.52,22387.2
996916,5.3,25118.9
996920,5.53,11220.2
996922,3.57,22387.2
996951,5.5,19952.6
996966,6.22,25.1
996972,5.13,2818.4
996974,5.63,10000.0
996978,5.64,4466.8
996980,4.44,17782.8
996998,2.82,8912.5
997015,5.93,25118.9
997018,3.47,39810.7
997027,5.09,3548.1
997033,5.03,8912.5
997034,5.82,31622.8
997037,5.41,1778.3
997053,5.28,15848.9
997079,5.72,31622.8
997104,5.48,17782.8
997107,4.34,17782.8
997114,6.53,11904.75
997119,3.93,11220.2
997126,4.9,12589.3
997127,5.59,39810.7
997131,5.87,891.3
997145,4.36,11220.2
997152,3.96,31622.8
997156,4.01,31622.8
997164,3.19,12589.3
997171,4.04,12589.3
997172,6.18,28183.8
997177,6.03,11220.2
997193,4.54,18867.7
997194,5.28,707.9
997195,4.75,12589.3
997196,5.79,3548.1
997203,4.28,28183.8
997205,4.41,11220.2
997212,3.37,44668.4
997217,5.03,10000.0
997227,5.47,5623.4
997231,4.39,14125.4
997235,5.28,22387.2
997250,3.43,3162.3
997252,5.21,2818.4
997258,5.86,17782.8
997273,4.01,15848.9
997277,4.1,39810.7
997284,5.37,14125.4
997289,5.9,17782.8
997302,5.2,1412.5
997306,3.9,25118.9
997311,2.43,1584.9
997335,3.94,31622.8
997344,4.16,25.1
997355,5.77,15848.9
997373,6.11,8912.5
997389,5.61,11220.2
997408,5.59,39810.7
997422,3.28,12589.3
997425,4.68,15848.9
997428,6.32,6309.6
997432,5.64,10000.0
997441,4.86,251.2
997444,5.56,12589.3
997453,4.37,22387.2
997457,4.78,14987.15
997463,5.27,22387.2
997467,5.14,11220.2
997489,5.6,19952.6
997491,4.25,31622.8
997502,3.75,15848.9
997510,5.7,22387.2
997528,4.79,15848.9
997531,3.73,35481.3
997537,5.31,31622.8
997551,5.94,39810.7
997553,5.5,3981.1
997555,6.19,25118.9
997556,3.58,39810.7
997561,6.01,15848.9
997565,4.69,29903.3
997568,5.19,28183.8
997570,4.25,56.2
997572,4.64,5623.4
997577,4.25,25118.9
997581,5.51,28183.8
997583,5.6,31622.8
997584,4.28,14125.4
997593,5.99,5623.4
997609,5.57,562.3
997614,5.61,12589.3
997615,5.08,14125.4
997617,4.4,28183.8
997622,5.32,12589.3
997636,3.79,11220.2
997651,5.19,15848.9
997660,5.65,17782.8
997670,4.54,11220.2
997683,3.93,2511.9
997689,5.2,31622.8
997698,5.25,8912.5
997734,5.28,31622.8
997745,5.67,3548.1
997776,5.71,31622.8
997777,5.61,251.2
997793,5.04,22387.2
997805,5.41,3548.1
997823,3.76,19952.6
997824,5.1,31622.8
997827,4.12,25118.9
997835,5.06,5011.9
997856,5.61,39810.7
997862,4.7,794.3
997867,5.81,14125.4
997868,5.42,39810.7
997869,4.61,5623.4
997870,4.41,1995.3
997873,4.61,35481.3
997880,5.12,11220.2
997883,4.69,25118.9
997886,5.34,17782.8
997889,5.78,11220.2
997894,5.6,1258.9
997899,5.57,35481.3
997905,5.32,39810.7
997927,5.36,19952.6
997940,5.63,31622.8
997944,5.4,15848.9
997949,5.25,44668.4
997950,6.01,14987.15
997958,5.71,31622.8
997959,4.19,25118.9
997961,5.09,2511.9
997967,3.94,28183.8
997968,4.11,44668.4
997972,5.98,15848.9
997976,5.72,15848.9
997977,5.74,11220.2
997980,5.91,3548.1
997995,5.01,11220.2
998006,5.84,22387.2
998011,2.03,19952.6
998016,4.84,10000.0
998017,4.57,28183.8
998034,6.0,17782.8
998041,5.55,10000.0
998071,4.32,15848.9
998079,5.11,39810.7
998084,3.49,14987.15
998085,5.13,14987.15
998087,5.09,12589.3
998089,4.55,11220.2
998094,5.75,89.1
998097,5.52,1584.9
998103,4.32,4466.8
998110,4.87,14125.4
998131,2.58,7079.5
998140,5.0,14125.4
998142,5.86,22387.2
998145,3.54,17782.8
998146,3.72,7079.5
998147,5.77,19952.6
998155,5.0,28183.8
998161,5.33,35481.3
998168,4.31,17782.8
998169,5.14,39810.7
998175,4.17,28183.8
998187,6.06,28183.8
998196,3.68,44668.4
998199,5.49,3548.1
998207,4.88,13357.35
998235,6.05,25118.9
998240,6.01,3548.1
998246,5.04,7943.3
998252,3.38,15848.9
998263,4.94,70.8
998281,5.96,17782.8
998287,5.09,31622.8
998288,4.32,15848.9
998300,5.52,19952.6
998303,5.38,15848.9
998304,3.5,10000.0
998310,5.75,39810.7
998316,5.29,11220.2
998345,5.98,794.3
998349,5.49,28183.8
998353,5.22,28183.8
998355,2.3,22387.2
998362,5.43,31622.8
998369,4.17,14125.4
998371,5.21,14125.4
998374,3.26,28183.8
998379,5.0,10000.0
998390,5.23,16815.85
998396,5.55,3548.1
998411,5.22,28183.8
998431,4.73,35481.3
998437,4.1,1122.0
998439,4.93,39810.7
998442,5.85,31622.8
998443,3.95,14125.4
998452,5.31,39810.7
998476,5.4,22387.2
998483,5.74,2511.9
998488,5.18,22387.2
998491,5.61,9456.25
998500,4.0,17782.8
998502,5.07,31622.8
998503,4.55,631.0
998508,5.51,15848.9
998513,4.82,22387.2
998526,4.71,25118.9
998529,5.67,15848.9
998551,5.54,2238.7
998552,6.01,5011.9
998567,5.46,5011.9
998571,5.7,14125.4
998572,5.35,3162.3
998598,5.99,10000.0
998604,5.17,15848.9
998613,5.67,28183.8
998615,4.74,17782.8
998617,2.28,37646.0
998628,4.56,44668.4
998632,6.23,31622.8
998645,3.81,15848.9
998657,6.04,22387.2
998679,5.52,10000.0
998698,4.35,10000.0
998700,6.03,19952.6
998702,4.75,25118.9
998711,4.54,29903.3
998715,4.08,14125.4
998735,5.85,12589.3
998738,4.5,35481.3
998741,3.98,3162.3
998762,2.17,35481.3
998783,5.39,15848.9
998790,5.19,14125.4
998792,5.0,19952.6
998808,5.33,1000.0
998819,5.04,15848.9
998825,3.22,21169.9
998829,5.05,15848.9
998840,5.51,3162.3
998871,5.33,7079.5
998878,5.58,17782.8
998887,5.3,28183.8
998910,4.38,25118.9
998918,5.36,8912.5
998922,4.93,28183.8
998929,4.96,8912.5
998931,3.98,29903.3
998943,3.16,39810.7
998954,5.04,8912.5
998958,6.36,25118.9
998970,4.82,316.2
998972,4.9,1000.0
998984,3.71,25118.9
998986,5.62,11220.2
998990,5.63,17782.8
998999,5.92,35481.3
999007,4.78,28183.8
999008,3.99,562.3
999009,2.38,31622.8
999039,5.54,15848.9
999053,5.64,25118.9
999054,5.54,35481.3
999056,5.28,79.4
999090,4.96,22387.2
999102,2.67,8912.5
999112,3.89,4466.8
999130,5.23,7943.3
999131,4.07,39810.7
999142,4.79,11220.2
999145,5.79,1412.5
999156,5.86,17782.8
999167,4.31,4466.8
999178,4.99,1122.0
999179,6.11,28183.8
999189,4.48,354.8
999190,4.46,10610.1
999199,5.88,7079.5
999209,2.19,22387.2
999211,2.51,25.1
999224,3.39,14125.4
999231,5.02,11220.2
999247,3.9,19952.6
999251,3.89,7943.3
999252,5.49,19952.6
999257,5.64,3981.1
999269,5.17,44668.4
999275,4.58,28183.8
999289,5.22,22387.2
999300,5.32,39810.7
999301,4.49,141.3
999306,4.0,11220.2
999320,4.55,15848.9
999325,4.66,10000.0
999328,5.5,1778.3
999330,4.85,39810.7
999335,5.67,35481.3
999337,4.35,16815.85
999351,3.77,31622.8
999352,3.74,31622.8
999369,4.54,15848.9
999385,5.24,11220.2
999390,4.0,19952.6
999403,4.04,17782.8
999414,5.21,29903.3
999428,4.85,31622.8
999462,5.12,1412.5
999463,5.56,9456.25
999468,4.81,17782.8
999469,2.11,7079.5
999481,4.02,35481.3
999487,3.99,12589.3
999488,5.21,39810.7
999503,5.33,11220.2
999505,3.98,44668.4
999510,3.76,14125.4
999516,4.19,1000.0
999526,4.77,19952.6
999537,2.91,44668.4
999547,5.2,19952.6
999592,3.01,25118.9
999594,6.01,8912.5
999597,4.84,15848.9
999608,3.26,28183.8
999616,6.32,28183.8
999624,2.17,28183.8
999625,3.23,7079.5
999634,3.69,15848.9
999635,5.82,28183.8
999643,5.37,28183.8
999650,5.5,15848.9
999668,4.25,19952.6
999671,5.02,19952.6
999674,5.52,26651.35
999679,6.0,19952.6
999692,5.12,223.9
999710,2.88,3162.3
999714,4.83,31622.8
999715,5.04,42239.55
999740,4.86,19952.6
999753,5.63,31622.8
999780,5.09,4466.8
999783,5.4,22387.2
999790,5.67,14125.4
999797,3.85,28183.8
999810,2.77,8912.5
999832,5.31,37646.0
999838,5.06,25118.9
999842,4.37,28183.8
999850,5.43,8912.5
999854,4.18,7943.3
999862,4.9,15848.9
999881,3.07,12589.3
999884,3.73,12589.3
999888,5.96,39810.7
999902,5.47,28183.8
999909,5.22,14125.4
999915,5.04,25118.9
999920,5.37,7943.3
999938,4.19,12589.3
999939,3.32,17782.8
999943,4.5,19952.6
999951,5.09,22387.2
999952,4.46,13357.35
999953,3.82,12589.3
999954,5.2,25118.9
999960,5.72,28183.8
999979,4.45,3548.1
999993,5.86,11220.2
1000008,5.6,31622.8
1000009,5.03,7943.3
1000012,4.1,15848.9
1000024,5.09,22387.2
1000050,3.55,8912.5
1000060,5.88,17782.8
1000072,3.94,14125.4
1000090,4.65,31622.8
1000106,4.54,7943.3
1000118,5.31,28183.8
1000124,3.74,14125.4
1000129,5.13,6309.6
1000139,4.61,44668.4
1000140,1.34,2818.4
1000142,3.83,12589.3
1000144,4.13,10000.0
1000150,5.59,44668.4
1000155,4.56,12589.3
1000171,5.79,10000.0
1000174,5.84,28183.8
1000185,6.07,354.8
1000187,4.83,17782.8
1000191,4.46,7943.3
1000194,5.57,15848.9
1000196,5.8,31622.8
1000204,4.82,5011.9
1000208,4.75,31622.8
1000214,5.07,1122.0
1000217,5.37,25118.9
1000238,5.04,22387.2
1000245,4.38,1584.9
1000253,4.01,39810.7
1000257,4.46,25118.9
1000281,5.2,44668.4
1000283,4.49,17782.8
1000292,5.58,15848.9
1000306,5.17,794.3
1000318,3.67,11220.2
1000338,4.57,15848.9
1000345,5.3,17782.8
1000352,5.62,31622.8
1000374,4.39,11220.2
1000379,5.73,22387.2
1000383,5.44,3162.3
1000396,1.76,11220.2
1000402,5.35,12589.3
1000409,5.39,14125.4
1000412,6.02,35481.3
1000414,4.43,2238.7
1000430,5.23,22387.2
1000432,5.44,1412.5
1000439,5.7,14125.4
1000447,5.49,17782.8
1000464,5.39,39810.7
1000485,3.43,8912.5
1000498,5.05,2818.4
1000499,3.25,7079.5
1000521,5.62,22387.2
1000557,3.54,15848.9
1000561,5.65,15848.9
1000563,4.98,28183.8
1000586,2.13,14125.4
1000594,4.92,17782.8
1000606,5.13,28183.8
1000608,3.29,7943.3
1000619,5.14,18867.7
1000631,2.61,35481.3
1000637,4.91,8912.5
1000638,3.34,31622.8
1000641,5.4,39810.7
1000642,5.71,39810.7
1000645,4.22,22387.2
1000646,5.48,17782.8
1000659,4.56,31622.8
1000661,5.0,15848.9
1000666,4.13,25118.9
1000674,5.84,14125.4
1000678,5.38,11220.2
1000689,5.03,7943.3
1000695,3.94,12589.3
1000696,5.86,8912.5
1000698,4.09,31622.8
1000706,2.41,7943.3
1000714,5.07,15848.9
1000718,2.15,21169.9
1000721,4.04,19952.6
1000729,5.09,17782.8
1000735,4.26,2818.4
1000737,4.53,25.1
1000739,3.34,17782.8
1000747,5.73,17782.8
1000751,5.37,11220.2
1000773,5.49,31622.8
1000797,4.42,12589.3
1000799,5.21,11220.2
1000802,3.87,12589.3
1000803,4.94,11220.2
1000822,4.06,19952.6
1000823,5.35,14125.4
1000825,6.03,3548.1
1000826,3.92,3981.1
1000827,5.73,17782.8
1000830,2.67,31622.8
1000836,5.71,28183.8
1000841,5.45,12589.3
1000842,4.06,35481.3
1000844,4.62,3548.1
1000852,2.95,8912.5
1000869,4.05,31622.8
1000891,5.53,25118.9
1000907,5.26,446.7
1000910,5.41,39810.7
1000914,4.41,8912.5
1000928,3.88,6309.6
1000935,6.09,31622.8
1000937,4.97,15848.9
1000942,5.21,35481.3
1000948,2.94,316.2
1000955,3.34,35481.3
1000971,5.14,17782.8
1000974,5.43,10000.0
1001001,4.18,5011.9
1001003,4.06,707.9
1001018,5.79,15848.9
1001029,4.15,5011.9
1001033,4.63,39810.7
1001055,3.43,31622.8
1001058,3.61,7079.5
1001061,4.75,12589.3
1001063,5.56,281.8
1001066,5.57,17782.8
1001070,4.58,15848.9
1001072,4.67,14987.15
1001080,5.36,17782.8
1001082,5.36,1584.9
1001084,2.98,3981.1
1001085,4.18,1412.5
1001089,5.6,19952.6
1001099,5.42,35481.3
1001100,4.45,14125.4
1001105,3.95,17782.8
1001108,5.33,3548.1
1001109,6.16,2511.9
1001112,4.66,14125.4
1001121,4.97,15848.9
1001135,4.8,35481.3
1001144,4.3,44668.4
1001161,5.2,22387.2
1001174,4.51,25118.9
1001175,3.47,7079.5
1001184,4.27,11220.2
1001185,3.47,39810.7
1001187,5.45,11220.2
1001189,4.82,10000.0
1001217,4.79,15848.9
1001218,4.99,7943.3
1001221,4.5,29903.3
1001223,5.13,39810.7
1001234,5.52,1122.0
1001242,6.34,15848.9
1001244,5.05,15848.9
1001248,4.9,8912.5
1001270,4.01,1584.9
1001278,4.59,17782.8
1001283,5.86,5623.4
1001292,4.9,5011.9
1001309,5.73,14125.4
1001315,4.86,631.0
1001327,4.91,17782.8
1001333,5.58,17782.8
1001337,4.24,11220.2
1001346,4.81,8912.5
1001350,5.78,17782.8
1001361,5.62,7943.3
1001370,4.88,3548.1
1001377,2.83,15848.9
1001419,6.01,23753.05
1001431,6.45,10000.0
1001454,5.81,17782.8
1001456,3.65,28183.8
1001458,5.0,15848.9
1001472,5.77,28183.8
1001474,5.58,31622.8
1001489,4.19,251.2
1001493,5.44,25118.9
1001497,4.62,31622.8
1001519,5.5,3981.1
1001526,3.31,35481.3
1001532,3.77,14125.4
1001548,5.69,22387.2
1001560,4.34,39810.7
1001565,5.76,16815.85
1001577,4.5,31622.8
1001578,5.27,39810.7
1001583,5.84,25118.9
1001588,4.76,3981.1
1001592,4.65,25118.9
1001599,3.75,44668.4
1001604,5.16,35481.3
1001605,2.81,35481.3
1001610,5.6,3981.1
1001614,4.91,12589.3
1001621,3.81,1778.3
1001627,5.32,25118.9
1001640,4.16,7943.3
1001641,5.51,14125.4
1001643,5.43,17782.8
1001651,4.8,25118.9
1001655,5.29,15848.9
1001657,3.44,14125.4
1001660,4.88,17782.8
1001683,3.56,31622.8
1001699,5.81,5011.9
1001716,6.16,21169.9
1001758,3.82,11220.2
1001775,5.74,17782.8
1001791,5.56,15848.9
1001792,4.84,22387.2
1001805,5.25,707.9
1001807,5.46,14125.4
1001810,5.71,19952.6
1001811,3.76,8912.5
1001826,5.4,10000.0
1001831,5.09,35481.3
1001833,5.65,25118.9
1001836,5.33,9456.25
1001845,5.38,28183.8
1001849,4.36,31622.8
1001865,5.52,31622.8
1001866,5.03,14125.4
1001876,5.8,31622.8
1001877,5.9,17782.8
1001880,4.58,25118.9
1001893,3.84,19952.6
1001905,5.68,17782.8
1001906,4.89,35481.3
1001908,3.06,19952.6
1001916,5.34,28183.8
1001917,5.09,17782.8
1001919,3.52,14125.4
1001930,5.26,5623.4
1001934,1.98,15848.9
1001937,4.07,6309.6
1001940,2.62,17782.8
1001971,5.38,4466.8
1001976,5.87,14125.4
1001980,5.47,44668.4
1001985,5.23,28183.8
1001997,3.45,28183.8
1002006,3.56,7943.3
1002015,5.31,1000.0
1002026,4.34,1778.3
1002035,4.93,5623.4
1002037,4.83,17782.8
1002039,3.34,25118.9
1002041,5.97,15848.9
1002049,5.36,11220.2
1002052,5.94,2818.4
1002057,4.27,17782.8
1002075,5.44,12589.3
1002079,5.89,5623.4
1002103,4.31,3981.1
1002114,3.38,28183.8
1002116,4.57,3162.3
1002133,4.36,12589.3
1002148,3.79,5011.9
1002151,3.97,22387.2
1002152,4.23,44668.4
1002155,5.82,12589.3
1002162,4.13,12589.3
1002188,5.25,28183.8
1002190,5.41,14125.4
1002208,4.89,28183.8
1002209,4.23,17782.8
1002220,5.3,10000.0
1002221,4.03,10000.0
1002224,4.71,100.0
1002225,4.03,8912.5
1002227,5.99,31622.8
1002230,5.14,17782.8
1002238,2.85,31622.8
1002242,3.71,12589.3
1002269,4.95,31622.8
1002285,4.73,2238.7
1002287,3.93,141.3
1002302,3.55,10000.0
1002305,5.83,35481.3
1002306,3.25,8912.5
1002317,4.42,17782.8
1002332,4.65,39810.7
1002333,5.14,5011.9
1002348,5.91,19952.6
1002349,5.02,14125.4
1002351,5.22,11220.2
1002352,3.43,22387.2
1002353,5.77,14987.15
1002356,4.51,14125.4
1002371,6.24,11220.2
1002376,4.77,22387.2
1002379,5.36,28183.8
1002382,5.4,39810.7
1002404,4.15,14125.4
1002405,3.72,17782.8
1002408,4.46,7943.3
1002421,4.96,4466.8
1002430,3.79,31622.8
1002437,5.82,15848.9
1002441,5.38,39810.7
1002444,5.88,3162.3
1002459,6.65,14125.4
1002462,3.22,31622.8
1002464,5.3,10000.0
1002468,5.18,3162.3
1002471,5.22,14125.4
1002487,6.08,8912.5
1002497,5.96,12589.3
1002500,3.67,44668.4
1002509,5.76,17782.8
1002516,4.2,25118.9
1002529,5.65,28183.8
1002537,4.33,19952.6
1002565,6.02,15848.9
1002571,5.82,39810.7
1002577,4.54,29903.3
1002584,5.94,31622.8
1002595,5.26,18867.7
1002602,3.89,28183.8
1002604,2.96,25118.9
1002623,5.26,14125.4
1002648,4.89,17782.8
1002649,4.73,22387.2
1002656,4.76,19952.6
1002673,3.41,44668.4
1002688,5.43,5623.4
1002691,5.03,1412.5
1002705,5.19,14125.4
1002707,2.82,15848.9
1002742,3.56,14125.4
1002750,5.36,17782.8
1002772,5.62,31622.8
1002774,5.87,12589.3
1002789,5.35,25118.9
1002791,3.1,1000.0
1002805,4.32,2818.4
1002811,4.1,31622.8
1002823,3.8,31622.8
1002831,5.24,31622.8
1002832,4.28,19952.6
1002833,4.53,10000.0
1002846,2.9,15848.9
1002877,3.37,18867.7
1002878,5.63,7943.3
1002887,3.9,31622.8
1002899,4.91,22387.2
1002904,5.13,6694.55
1002910,4.95,15848.9
1002918,5.56,39810.7
1002924,5.13,28183.8
1002934,4.24,10000.0
1002940,5.89,28183.8
1002944,2.76,31622.8
1002957,4.45,22387.2
1002968,4.71,28183.8
1002984,5.39,19952.6
1002986,6.04,2511.9
1002988,4.67,15848.9
1002999,4.33,15848.9
1003009,5.74,22387.2
1003059,4.84,31622.8
1003065,4.81,3548.1
1003077,4.21,22387.2
1003085,4.63,44668.4
1003087,5.83,25118.9
1003092,3.89,44668.4
1003094,1.27,37646.0
1003104,5.1,39810.7
1003111,4.33,3548.1
1003134,6.1,31622.8
1003142,4.67,15848.9
1003144,4.69,15848.9
1003145,3.85,10000.0
1003159,5.45,28183.8
1003162,5.13,31622.8
1003166,4.04,25118.9
1003170,5.17,316.2
1003174,4.75,22387.2
1003176,4.03,39810.7
1003180,5.31,281.8
1003182,3.96,39810.7
1003187,4.88,25118.9
1003189,4.86,17782.8
1003206,4.43,2238.7
1003222,4.56,44668.4
1003226,5.54,15848.9
1003231,4.67,17782.8
1003238,5.89,22387.2
1003251,5.67,19952.6
1003253,4.78,39810.7
1003262,4.18,44668.4
1003276,4.88,19952.6
1003277,4.48,7943.3
1003279,4.01,17782.8
1003281,2.97,19952.6
1003285,4.24,31622.8
1003298,5.84,31622.8
1003299,5.81,11220.2
1003300,4.75,25118.9
1003313,5.05,39810.7
1003321,5.61,22387.2
1003325,3.67,28183.8
1003330,5.74,14125.4
1003339,3.97,15848.9
1003361,4.82,12589.3
1003376,5.01,7943.3
1003380,4.76,562.3
1003386,3.81,39810.7
1003390,4.27,31622.8
1003393,2.1,6309.6
1003396,4.95,1995.3
1003397,3.78,15848.9
1003402,3.99,1995.3
1003414,5.84,31622.8
1003419,4.33,12589.3
1003424,4.04,2238.7
1003439,3.66,19952.6
1003445,4.85,22387.2
1003448,5.48,26651.35
1003462,4.35,15848.9
1003476,5.23,25118.9
1003489,3.69,28183.8
1003502,5.41,28183.8
1003516,4.3,1412.5
1003566,5.91,19952.6
1003567,4.45,25118.9
1003573,5.37,31622.8
1003575,6.01,10000.0
1003589,4.92,28183.8
1003604,5.34,14125.4
1003609,4.48,31622.8
1003621,5.53,7943.3
1003622,5.15,39810.7
1003623,3.94,42239.55
1003627,4.18,39810.7
1003629,5.68,14125.4
1003638,5.31,8912.5
1003653,5.36,14125.4
1003655,5.3,14125.4
1003657,4.71,39810.7
1003659,5.17,31622.8
1003662,3.46,2818.4
1003665,3.1,19952.6
1003684,4.18,19952.6
1003689,5.35,3162.3
1003702,5.87,31622.8
1003708,5.8,31622.8
1003711,4.77,17782.8
1003712,4.23,1122.0
1003715,4.02,12589.3
1003725,5.67,39810.7
1003767,4.7,39810.7
1003775,4.37,19952.6
1003779,5.2,8912.5
1003782,4.51,7943.3
1003784,4.77,28183.8
1003786,4.45,2238.7
1003816,3.93,17782.8
1003833,4.92,31622.8
1003834,3.51,19952.6
1003843,4.93,44668.4
1003846,4.8,8912.5
1003847,4.53,15848.9
1003853,4.63,12589.3
1003857,5.1,12589.3
1003865,6.01,44668.4
1003876,5.55,14125.4
1003882,4.41,3548.1
1003883,4.84,13357.35
1003884,4.13,4466.8
1003885,4.77,3548.1
1003890,4.47,631.0
1003891,3.87,3548.1
1003898,5.62,3981.1
1003907,4.93,3548.1
1003915,3.83,14125.4
1003919,5.07,14125.4
1003925,4.85,2238.7
1003928,5.19,11220.2
1003930,3.38,18867.7
1003938,4.21,19952.6
1003946,4.18,35481.3
1003952,4.78,29903.3
1003955,5.73,15848.9
1003965,4.69,19952.6
1003974,5.27,31622.8
1003976,3.28,22387.2
1004016,3.48,39810.7
1004023,4.44,14125.4
1004031,4.06,28183.8
1004036,3.78,15848.9
1004037,5.3,31622.8
1004039,6.27,8912.5
1004042,4.56,28183.8
1004043,5.33,8912.5
1004046,4.08,25118.9
1004048,4.77,3162.3
1004071,4.85,14125.4
1004083,3.73,22387.2
1004086,3.73,15848.9
1004094,4.04,44668.4
1004098,4.58,35481.3
1004102,4.61,12589.3
1004103,5.09,794.3
1004118,2.96,8912.5
1004160,5.81,28183.8
1004163,2.88,22387.2
1004174,5.63,39810.7
1004188,3.93,28183.8
1004191,5.06,19952.6
1004193,4.91,39810.7
1004195,5.24,28183.8
1004199,5.26,19952.6
1004200,4.43,14125.4
1004202,5.12,19952.6
1004212,5.18,15848.9
1004219,3.33,25118.9
1004227,5.5,15848.9
1004241,4.98,31622.8
1004243,5.99,3981.1
1004257,5.83,15848.9
1004275,6.01,31622.8
1004277,6.18,22387.2
1004285,3.98,14125.4
1004293,5.43,11220.2
1004300,5.13,26651.35
1004308,4.88,26651.35
1004314,5.45,12589.3
1004316,6.18,19952.6
1004327,5.72,28183.8
1004333,5.77,35481.3
1004339,4.02,12589.3
1004356,4.76,22387.2
1004376,3.27,5623.4
1004390,2.14,31622.8
1004391,4.57,10000.0
1004394,1.75,22387.2
1004395,5.49,14987.15
1004406,5.45,23753.05
1004413,5.75,10000.0
1004416,4.99,39810.7
1004419,6.22,28183.8
1004432,4.73,10000.0
1004436,5.12,28183.8
1004447,4.03,39810.7
1004453,4.32,14125.4
1004466,5.2,14125.4
1004471,3.84,2818.4
1004485,5.52,31622.8
1004487,3.76,14125.4
1004500,5.97,12589.3
1004502,4.87,199.5
1004503,5.13,19952.6
1004506,5.27,22387.2
1004539,5.23,19952.6
1004544,5.02,22387.2
1004558,4.35,39810.7
1004564,5.88,17782.8
1004570,3.82,7943.3
1004574,5.04,28183.8
1004587,5.38,501.2
1004588,4.55,4466.8
1004594,4.05,22387.2
1004596,6.35,39810.7
1004599,4.92,15848.9
1004602,3.69,28183.8
1004605,6.31,28183.8
1004610,6.13,16815.85
1004611,4.5,11220.2
1004619,1.8,26651.35
1004636,5.72,19952.6
1004637,3.25,10610.1
1004641,5.38,7943.3
1004658,2.99,25118.9
1004665,4.6,25.1
1004669,4.81,7943.3
1004670,2.96,15848.9
1004674,4.08,5623.4
1004688,5.18,23753.05
1004692,5.43,31622.8
1004705,3.22,28183.8
1004707,5.51,12589.3
1004709,6.04,39810.7
1004720,5.25,44668.4
1004740,5.6,28183.8
1004745,5.53,3548.1
1004747,5.44,10000.0
1004752,5.5,39810.7
1004754,4.61,4466.8
1004757,3.78,10000.0
1004758,5.73,13357.35
1004760,5.79,14987.15
1004764,5.15,39810.7
1004788,4.59,28183.8
1004794,5.52,11220.2
1004796,3.2,7943.3
1004799,4.18,3981.1
1004804,4.75,39810.7
1004826,5.51,11220.2
1004837,4.4,1584.9
1004838,5.38,35481.3
1004840,2.98,2511.9
1004841,3.76,354.8
1004844,5.98,17782.8
1004849,4.94,39810.7
1004853,5.06,12589.3
1004861,1.92,5011.9
1004862,6.11,7943.3
1004863,3.97,19952.6
1004890,3.76,2818.4
1004896,5.76,631.0
1004919,4.49,17782.8
1004921,5.83,14125.4
1004929,5.9,25118.9
1004939,4.62,17782.8
1004950,5.72,19952.6
1004953,2.84,22387.2
1004978,5.79,10000.0
1004979,4.95,35481.3
1004990,3.67,3162.3
1004992,4.84,25118.9
1005007,5.44,10000.0
1005025,4.63,7079.5
1005029,5.4,11220.2
1005033,5.48,17782.8
1005037,5.23,1122.0
1005062,4.12,3548.1
1005094,5.45,10000.0
1005095,6.34,28183.8
1005096,4.46,17782.8
1005111,2.92,14125.4
1005126,4.88,17782.8
1005128,4.96,12589.3
1005148,5.52,25118.9
1005159,5.93,13357.35
1005161,5.77,7079.5
1005184,3.78,8912.5
1005201,4.63,15848.9
1005210,4.73,19952.6
1005215,6.35,14125.4
1005219,5.63,14987.15
1005221,5.58,17782.8
1005234,4.42,14987.15
1005236,6.27,12589.3
1005241,5.48,1258.9
1005258,5.8,22387.2
1005261,5.17,14125.4
1005265,3.61,14125.4
1005282,5.02,12589.3
1005286,4.22,28183.8
1005292,5.92,17782.8
1005301,4.66,28183.8
1005309,4.22,10000.0
1005315,4.23,14125.4
1005320,5.8,22387.2
1005338,3.71,22387.2
1005340,3.84,7943.3
1005346,3.75,35481.3
1005349,4.25,25118.9
1005351,3.94,14125.4
1005352,4.65,15848.9
1005361,5.73,8912.5
1005371,4.26,10000.0
1005372,3.98,7511.4
1005374,3.97,35481.3
1005381,5.63,3981.1
1005385,5.7,39810.7
1005386,3.38,11220.2
1005387,5.2,22387.2
1005396,5.74,35481.3
1005402,3.27,26651.35
1005417,4.63,31622.8
1005427,4.76,8912.5
1005433,5.09,19952.6
1005437,2.81,44668.4
1005440,4.68,44668.4
1005455,4.84,25118.9
1005458,4.04,28183.8
1005464,4.6,2511.9
1005465,5.06,3162.3
1005466,4.88,19952.6
1005471,5.78,35481.3
1005474,3.82,11220.2
1005483,4.25,39810.7
1005490,5.04,28183.8
1005511,3.72,15848.9
1005519,5.58,17782.8
1005523,6.55,12589.3
1005532,4.55,25118.9
1005547,4.67,14125.4
1005555,3.29,35481.3
1005567,6.26,28183.8
1005569,4.25,31622.8
1005577,4.28,28183.8
1005610,6.1,14125.4
1005614,5.17,19952.6
1005629,5.61,15848.9
1005656,3.97,22387.2
1005657,5.82,7943.3
1005672,5.88,14125.4
1005681,4.86,3162.3
1005685,3.54,39810.7
1005691,3.05,14125.4
1005717,5.36,17782.8
1005722,5.52,3981.1
1005724,4.23,12589.3
1005733,4.17,28183.8
1005742,4.23,28183.8
1005755,5.06,17782.8
1005763,4.62,28183.8
1005765,4.59,22387.2
1005777,5.7,7943.3
1005797,5.82,199.5
1005800,5.85,8912.5
1005804,5.32,17782.8
1005814,5.53,39810.7
1005848,5.02,14125.4
1005859,4.18,15848.9
1005880,4.59,17782.8
1005882,5.91,4466.8
1005890,4.84,5623.4
1005893,2.67,39810.7
1005907,6.01,19952.6
1005923,5.81,22387.2
1005934,5.51,3548.1
1005936,4.22,19952.6
1005947,5.62,14987.15
1005951,5.25,15848.9
1005954,3.0,19952.6
1005960,5.99,14987.15
1005963,5.59,15848.9
1005964,4.74,25118.9
1005982,4.46,22387.2
1005992,5.34,22387.2
1005993,2.07,14125.4
1005998,5.26,12589.3
1006000,4.37,28183.8
1006005,5.34,30476.466666666667
1006013,5.07,35481.3
1006016,4.29,15848.9
1006045,5.75,12589.3
1006062,1.96,39810.7
1006063,4.79,19952.6
1006066,5.85,5011.9
1006067,3.94,31622.8
1006076,5.03,15848.9
1006079,5.84,7079.5
1006083,5.53,14125.4
1006084,4.89,15848.9
1006088,4.31,10000.0
1006093,3.96,22387.2
1006096,3.57,19952.6
1006106,4.27,19952.6
1006113,5.37,39810.7
1006116,5.11,11220.2
1006122,5.38,7079.5
1006130,4.5,29903.3
1006143,5.46,16815.85
1006145,4.48,17782.8
1006159,5.55,11220.2
1006165,5.88,14125.4
1006167,5.22,17782.8
1006173,4.91,22387.2
1006174,4.27,17782.8
1006186,3.66,22387.2
1006189,3.5,15848.9
1006198,3.65,6309.6
1006199,5.14,8912.5
1006201,3.06,28183.8
1006213,4.49,21169.9
1006226,6.02,11220.2
1006228,5.87,7079.5
1006229,5.83,12589.3
1006235,5.18,44668.4
1006237,5.35,17782.8
1006239,4.91,16815.85
1006241,5.95,19952.6
1006252,3.15,3162.3
1006260,4.84,28183.8
1006276,5.09,12589.3
1006285,5.42,17782.8
1006287,5.44,10000.0
1006309,5.29,15848.9
1006316,4.32,14125.4
1006330,5.24,11220.2
1006332,4.46,17782.8
1006334,4.36,3548.1
1006350,3.01,8912.5
1006372,2.92,11220.2
1006378,5.0,19952.6
1006380,6.54,31622.8
1006393,5.53,14125.4
1006400,4.16,17782.8
1006411,3.77,631.0
1006437,4.44,10000.0
1006449,5.89,2818.4
1006464,3.57,19952.6
1006466,5.69,8912.5
1006471,4.91,39810.7
1006483,4.86,15848.9
1006485,5.15,31622.8
1006509,5.36,17782.8
1006511,5.62,22387.2
1006525,4.47,19952.6
1006547,4.07,4466.8
1006560,2.84,15848.9
1006579,4.1,15848.9
1006587,3.99,10000.0
1006589,2.51,28183.8
1006592,3.39,22387.2
1006612,5.07,22387.2
1006614,5.08,3981.1
1006630,4.81,1258.9
1006637,5.38,2238.7
1006639,2.76,17782.8
1006652,5.09,22387.2
1006676,5.35,8912.5
1006690,5.71,17782.8
1006696,5.52,14125.4
1006710,5.25,19952.6
1006715,4.9,31622.8
1006718,5.22,31622.8
1006739,6.25,17782.8
1006741,4.74,44668.4
1006755,3.76,5011.9
1006757,5.52,28183.8
1006762,5.87,11220.2
1006764,5.84,17782.8
1006771,2.57,39810.7
1006775,3.4,28183.8
1006794,5.15,39810.7
1006795,4.41,25118.9
1006802,4.56,3981.1
1006817,4.04,4466.8
1006822,4.22,8912.5
1006824,5.09,28183.8
1006840,4.36,25118.9
1006845,3.91,17782.8
1006846,6.32,19952.6
1006859,5.52,35481.3
1006860,5.1,15848.9
1006874,2.93,11220.2
1006883,5.0,11904.75
1006885,4.7,19952.6
1006908,4.51,35481.3
1006910,4.33,22387.2
1006915,4.33,11220.2
1006918,4.51,19952.6
1006929,3.77,44668.4
1006941,5.08,31622.8
1006944,5.36,14125.4
1006949,5.53,39810.7
1006965,5.93,39810.7
1006966,4.39,15848.9
1006971,6.15,14125.4
1006973,4.92,31622.8
1006974,4.64,31622.8
1006981,5.25,15848.9
1006983,4.96,31622.8
1006990,4.84,31622.8
1006992,2.75,10000.0
1006994,4.73,5623.4
1006998,4.52,22387.2
1007011,4.14,10000.0
1007064,5.78,25118.9
1007083,5.06,11904.75
1007089,5.45,1412.5
1007126,4.99,39810.7
1007128,5.17,7079.5
1007138,5.52,7079.5
1007145,5.95,25118.9
1007146,3.36,22387.2
1007148,4.05,28183.8
1007166,4.01,12589.3
1007174,4.01,28183.8
1007177,4.15,10610.1
1007188,4.67,44668.4
1007193,3.71,39810.7
1007196,4.05,25118.9
1007210,5.88,14125.4
1007211,4.63,26651.35
1007249,5.85,10000.0
1007253,3.77,31622.8
1007255,4.02,35481.3
1007274,4.27,22387.2
1007280,5.4,14125.4
1007289,4.34,44668.4
1007290,4.26,10000.0
1007292,5.66,18867.7
1007298,4.01,3548.1
1007303,5.73,10000.0
1007308,5.26,15848.9
1007311,5.45,39810.7
1007312,5.33,23753.05
1007324,5.16,25118.9
1007326,5.87,31622.8
1007334,5.14,17782.8
1007337,6.45,25118.9
1007345,5.07,13357.35
1007348,4.52,11220.2
1007351,4.95,631.0
1007363,5.9,18867.7
1007374,3.79,44668.4
1007378,5.86,8427.9
1007385,5.03,19952.6
1007388,5.71,5011.9
1007395,5.23,14125.4
1007397,5.55,14125.4
1007415,4.15,223.9
1007418,5.82,25118.9
1007419,5.49,25118.9
1007456,4.65,15848.9
1007464,4.7,28183.8
1007501,5.75,14125.4
1007513,5.31,14125.4
1007534,4.34,2818.4
1007539,4.86,7079.5
1007555,4.72,35481.3
1007574,3.92,5623.4
1007580,3.98,28183.8
1007584,4.81,15848.9
1007587,3.69,25118.9
1007590,5.8,1122.0
1007591,5.77,3548.1
1007596,4.93,15848.9
1007600,4.03,8912.5
1007608,4.92,6309.6
1007616,5.72,35481.3
1007619,5.17,26651.35
1007624,5.55,2511.9
1007627,4.85,28183.8
1007646,5.71,33552.05
1007648,5.17,28183.8
1007649,5.17,29903.3
1007662,4.31,8912.5
1007665,4.1,2818.4
1007681,5.05,25118.9
1007682,4.39,4223.95
1007686,6.11,12589.3
1007709,4.19,31622.8
1007716,5.65,25118.9
1007734,4.47,12589.3
1007740,4.33,22387.2
1007747,5.18,44668.4
1007774,4.85,19952.6
1007782,4.65,10000.0
1007792,5.34,3162.3
1007802,4.08,22387.2
1007823,4.37,125.9
1007827,5.43,25118.9
1007830,5.86,22387.2
1007844,3.21,14125.4
1007862,5.54,19952.6
1007863,4.6,14125.4
1007873,5.84,11220.2
1007880,5.19,7943.3
1007885,4.19,19952.6
1007886,4.9,28183.8
1007892,5.25,10610.1
1007899,5.14,707.9
1007900,5.05,22387.2
1007902,4.48,19952.6
1007920,5.41,28183.8
1007941,3.14,25118.9
1007949,6.18,19952.6
1007950,4.8,39810.7
1007951,3.46,22387.2
1007952,4.5,4466.8
1007964,5.63,19952.6
1007973,3.91,39810.7
1007975,5.96,31622.8
1007982,4.34,25118.9
1007993,4.15,10000.0
1007996,5.74,22387.2
1008010,5.33,354.8
1008012,5.01,22387.2
1008028,4.57,5966.5
1008032,4.64,17782.8
1008036,5.86,10000.0
1008037,3.73,13357.35
1008045,4.22,22387.2
1008056,5.49,891.3
1008057,3.47,31622.8
1008065,6.25,25118.9
1008071,5.69,15848.9
1008076,5.3,2818.4
1008078,3.12,31622.8
1008081,3.46,35481.3
1008090,4.53,31622.8
1008091,3.66,11220.2
1008098,2.89,31622.8
1008100,4.75,39810.7
1008105,5.22,12589.3
1008114,5.34,2238.7
1008116,4.45,17782.8
1008120,4.78,17782.8
1008122,5.12,25118.9
1008131,5.83,3548.1
1008148,3.91,31622.8
1008152,5.73,31622.8
1008154,5.52,2238.7
1008159,4.07,19952.6
1008162,4.44,14125.4
1008164,4.99,16815.85
1008172,5.88,19952.6
1008176,5.54,3548.1
1008179,3.72,19952.6
1008188,4.21,1681.6
1008198,6.19,12589.3
1008200,5.03,12589.3
1008243,3.71,12589.3
1008247,5.01,15848.9
1008249,5.56,100.0
1008250,6.0,25118.9
1008253,4.62,19952.6
1008256,5.44,12589.3
1008273,5.82,3162.3
1008274,4.43,3981.1
1008276,6.12,12589.3
1008281,5.96,22387.2
1008298,5.1,15848.9
1008318,5.5,22387.2
1008320,4.62,3162.3
1008322,4.57,25118.9
1008323,5.18,17782.8
1008333,4.69,17782.8
1008336,4.0,19952.6
1008343,5.24,23753.05
1008347,5.56,28183.8
1008352,4.41,1778.3
1008353,3.02,17782.8
1008354,5.27,31622.8
1008355,5.52,2818.4
1008356,4.36,39810.7
1008357,5.37,15848.9
1008381,5.45,35481.3
1008391,5.0,11904.75
1008393,5.7,31622.8
1008395,4.69,14125.4
1008417,4.87,11220.2
1008429,4.59,15848.9
1008435,5.36,17782.8
1008437,5.82,28183.8
1008444,6.45,28183.8
1008457,5.32,3162.3
1008462,4.91,25118.9
1008463,4.68,11904.75
1008524,3.52,44668.4
1008541,1.62,39810.7
1008560,2.89,44668.4
1008562,5.34,12589.3
1008586,4.5,19952.6
1008607,3.5,17782.8
1008608,6.51,31622.8
1008612,5.66,28183.8
1008614,5.25,17782.8
1008617,5.06,31622.8
1008623,5.45,7079.5
1008632,3.29,17782.8
1008642,3.25,22387.2
1008662,5.26,25118.9
1008668,5.49,39810.7
1008679,4.85,25118.9
1008680,4.55,22387.2
1008685,4.31,37646.0
1008694,5.22,15848.9
1008695,4.64,39810.7
1008696,5.79,11220.2
1008712,6.0,5011.9
1008713,5.36,8912.5
1008743,5.38,562.3
1008748,5.56,12589.3
1008758,5.69,1412.5
1008760,2.03,11220.2
1008761,5.25,11220.2
1008785,3.97,28183.8
1008791,4.56,28183.8
1008792,5.15,14125.4
1008816,5.39,2511.9
1008821,5.48,14125.4
1008826,5.75,3548.1
1008836,4.96,22387.2
1008837,4.09,5011.9
1008853,3.82,22387.2
1008857,6.17,1412.5
1008860,4.53,14125.4
1008861,5.45,13613.366666666667
1008869,4.78,15848.9
1008874,6.23,15848.9
1008878,5.93,17782.8
1008882,5.48,28183.8
1008884,3.2,14125.4
1008889,4.97,26651.35
1008903,2.91,3162.3
1008908,5.57,14125.4
1008914,5.29,22387.2
1008921,4.35,3162.3
1008927,4.39,14987.15
1008930,4.23,14125.4
1008935,5.84,17782.8
1008941,4.97,15848.9
1008963,5.02,28183.8
1008968,5.68,25118.9
1008970,5.69,15848.9
1008975,5.36,29903.3
1008976,5.57,1000.0
1008979,5.49,14125.4
1008983,4.54,17782.8
1009022,4.89,12589.3
1009029,5.36,3548.1
1009032,5.27,7943.3
1009048,5.33,37646.0
1009055,3.04,5011.9
1009071,5.04,23753.05
1009073,4.18,31622.8
1009075,5.18,22387.2
1009080,5.34,15848.9
1009093,5.19,10000.0
1009098,5.31,31622.8
1009119,5.49,158.5
1009121,4.93,10000.0
1009127,3.99,39810.7
1009128,5.12,17782.8
1009141,4.71,26651.35
1009145,3.48,2818.4
1009146,4.43,17782.8
1009150,5.26,5011.9
1009152,4.21,15848.9
1009154,5.32,35481.3
1009157,3.36,39810.7
1009159,5.8,17782.8
1009161,5.5,3162.3
1009164,4.96,14125.4
1009170,4.98,28183.8
1009178,4.83,19952.6
1009191,4.59,28183.8
1009211,5.4,9456.25
1009216,5.98,31622.8
1009217,4.16,25118.9
1009219,3.54,22387.2
1009227,5.47,39810.7
1009241,6.28,11220.2
1009250,5.7,14125.4
1009254,4.76,39810.7
1009256,4.05,35481.3
1009267,6.08,63.1
1009288,5.2,2238.7
1009294,5.47,6309.6
1009324,5.97,22387.2
1009327,4.36,3548.1
1009329,4.55,2511.9
1009332,4.97,3764.6
1009334,2.87,17782.8
1009339,5.08,31622.8
1009341,5.33,39810.7
1009346,3.06,10000.0
1009369,1.78,7943.3
1009372,4.96,18867.7
1009376,4.27,12589.3
1009378,5.08,28183.8
1009383,4.87,35481.3
1009389,3.77,17782.8
1009397,5.31,3981.1
1009407,1.9,3548.1
1009411,4.61,31622.8
1009412,4.33,3981.1
1009425,4.8,28183.8
1009431,5.67,19952.6
1009435,3.88,31622.8
1009442,5.75,10000.0
1009451,4.02,1258.9
1009455,3.65,19952.6
1009460,5.44,19952.6
1009472,6.05,10000.0
1009478,4.63,17782.8
1009483,6.23,12589.3
1009497,5.3,17782.8
1009505,4.3,17782.8
1009510,4.46,14125.4
1009511,3.91,11220.2
1009525,5.87,44668.4
1009535,3.76,25118.9
1009541,5.93,22387.2
1009549,5.09,35481.3
1009565,4.58,25118.9
1009590,6.03,39810.7
1009593,5.16,22387.2
1009598,4.05,17782.8
1009615,4.83,17782.8
1009619,4.81,17782.8
1009620,4.85,8912.5
1009623,5.73,35481.3
1009631,3.02,11220.2
1009636,4.63,3162.3
1009657,3.81,25118.9
1009662,5.22,35481.3
1009664,4.35,35481.3
1009682,4.97,891.3
1009683,5.23,14125.4
1009703,5.88,19952.6
1009723,4.96,19952.6
1009726,3.61,39810.7
1009728,6.38,6309.6
1009732,3.58,13357.35
1009733,4.97,39810.7
1009739,5.38,1995.3
1009748,4.28,17782.8
1009752,5.2,12589.3
1009790,4.95,7079.5
1009797,5.16,19952.6
1009804,5.03,44668.4
1009805,4.18,50118.7
1009813,5.58,14125.4
1009816,4.78,31622.8
1009859,5.16,1000.0
1009862,5.63,35481.3
1009880,5.96,5623.4
1009881,3.83,28183.8
1009902,5.67,17782.8
1009910,4.22,28183.8
1009916,4.52,8912.5
1009930,3.18,14125.4
1009938,5.39,15848.9
1009940,5.37,25118.9
1009941,5.11,25118.9
1009946,4.29,35481.3
1009969,4.66,11220.2
1009982,5.68,28183.8
1009986,5.42,31622.8
1009989,5.5,141.3
1010003,5.77,15848.9
1010032,4.57,19952.6
1010037,5.61,14125.4
1010054,6.08,5011.9
1010061,3.57,5623.4
1010087,4.61,22387.2
1010091,3.37,28183.8
1010099,5.03,17782.8
1010108,4.63,7943.3
1010140,4.16,39810.7
1010146,4.57,8912.5
1010147,4.39,39810.7
1010149,4.46,1778.3
1010154,3.93,28183.8
1010160,5.27,19952.6
1010167,3.39,223.9
1010175,4.24,354.8
1010191,4.49,28183.8
1010192,5.0,8912.5
1010194,4.43,28183.8
1010215,5.56,15848.9
1010229,4.25,7079.5
1010243,5.43,12589.3
1010257,3.32,794.3
1010274,4.7,17782.8
1010276,4.48,12589.3
1010278,5.8,8912.5
1010283,5.13,631.0
1010293,5.14,7079.5
1010311,4.08,6309.6
1010316,4.56,17782.8
1010317,4.12,19952.6
1010323,3.1,44.7
1010326,5.72,39810.7
1010334,4.68,15848.9
1010335,3.54,22387.2
1010357,4.22,3162.3
1010373,5.4,7943.3
1010395,5.3,14987.15
1010397,4.85,8912.5
1010415,3.4,25118.9
1010418,4.95,2990.35
1010429,2.99,15848.9
1010438,4.76,31622.8
1010482,4.99,17782.8
1010485,4.85,39810.7
1010494,6.03,26651.35
1010498,5.99,39810.7
1010509,4.83,15848.9
1010517,5.87,31622.8
1010542,5.05,14987.15
1010544,3.44,35481.3
1010547,2.12,39810.7
1010553,3.37,89.1
1010557,5.82,19952.6
1010565,5.87,7943.3
1010571,3.77,15848.9
1010604,4.99,17782.8
1010616,4.47,11220.2
1010619,4.26,22387.2
1010620,3.91,1000.0
1010622,5.51,35481.3
1010633,4.98,15848.9
1010645,4.14,12589.3
1010656,3.25,8912.5
1010657,6.46,25118.9
1010686,4.25,25118.9
1010693,5.41,39810.7
1010696,5.2,1778.3
1010698,5.08,12589.3
1010699,5.16,17782.8
1010707,4.38,39810.7
1010712,5.07,39810.7
1010724,2.76,316.2
1010730,4.22,15848.9
1010748,3.85,8912.5
1010755,5.37,28183.8
1010777,5.23,28183.8
1010779,2.62,10000.0
1010787,5.99,10610.1
1010798,5.6,39810.7
1010805,5.23,14125.4
1010813,5.43,31622.8
1010821,4.08,2818.4
1010848,5.4,2511.9
1010854,4.08,39810.7
1010863,5.28,14125.4
1010864,5.35,15848.9
1010866,5.15,7943.3
1010869,4.91,10000.0
1010871,5.79,17782.8
1010876,5.04,35481.3
1010878,2.71,17782.8
1010888,4.27,11220.2
1010893,4.97,8912.5
1010900,5.84,17782.8
1010904,5.63,14125.4
1010909,5.43,3548.1
1010926,4.94,7943.3
1010938,3.9,22387.2
1010962,5.72,19952.6
1010963,3.89,11220.2
1010964,4.38,631.0
1010975,5.75,5623.4
1010981,3.46,56.2
1010992,4.66,10000.0
1011005,3.85,2511.9
1011008,3.77,44668.4
1011012,5.2,39810.7
1011022,4.37,794.3
1011023,4.26,22387.2
1011044,4.37,39810.7
1011046,4.23,707.9
1011048,3.33,12589.3
1011063,3.51,12589.3
1011068,3.33,28183.8
1011075,5.53,8912.5
1011096,5.74,28183.8
1011115,5.66,31622.8
1011121,5.05,125.9
1011129,4.72,11220.2
1011138,3.94,398.1
1011154,4.75,3162.3
1011169,4.58,15848.9
1011195,4.72,2818.4
1011213,4.66,19952.6
1011217,5.84,7079.5
1011218,5.69,562.3
1011222,4.42,7079.5
1011251,5.07,2818.4
1011265,5.48,17782.8
1011277,4.72,22387.2
1011280,5.33,10000.0
1011316,5.66,5011.9
1011318,4.83,6309.6
1011338,3.75,15848.9
1011346,2.82,19952.6
1011359,4.08,13357.35
1011371,4.95,11220.2
1011375,5.39,3162.3
1011379,4.5,3162.3
1011380,5.55,11220.2
1011385,4.2,10000.0
1011387,5.47,25118.9
1011395,4.61,17782.8
1011403,4.32,19952.6
1011404,5.7,7943.3
1011405,4.52,25118.9
1011410,3.65,15848.9
1011413,5.23,11220.2
1011416,4.99,8912.5
1011433,5.29,4466.8
1011436,2.92,794.3
1011456,4.87,31622.8
1011467,3.62,12589.3
1011471,5.5,11220.2
1011473,5.51,11220.2
1011488,4.77,25118.9
1011489,5.05,17782.8
1011490,4.1,39810.7
1011499,5.09,5011.9
1011508,5.03,44668.4
1011515,3.52,12589.3
1011519,5.01,15848.9
1011521,5.28,28183.8
1011527,5.54,39810.7
1011529,3.64,14125.4
1011538,5.85,26651.35
1011562,4.39,12589.3
1011567,6.06,14125.4
1011592,4.33,22387.2
1011620,4.92,13357.35
1011626,5.12,19952.6
1011628,4.43,12589.3
1011640,3.55,15848.9
1011642,5.0,17782.8
1011648,5.22,17782.8
1011650,3.97,12589.3
1011667,5.18,31622.8
1011670,5.69,2511.9
1011671,5.9,707.9
1011675,5.35,12589.3
1011688,3.43,22387.2
1011691,5.58,22387.2
1011692,5.26,15848.9
1011696,3.71,17782.8
1011718,5.52,39810.7
1011726,3.98,8589.433333333332
1011743,4.03,31622.8
1011746,3.27,39810.7
1011747,5.02,7943.3
1011766,4.23,31622.8
1011767,5.97,3548.1
1011783,5.25,22387.2
1011788,4.7,22387.2
1011795,4.33,35481.3
1011796,4.1,2238.7
1011810,3.9,39810.7
1011811,5.48,25118.9
1011815,5.41,14125.4
1011820,3.99,10000.0
1011826,5.57,8912.5
1011828,3.96,19952.6
1011831,5.45,12589.3
1011838,5.03,631.0
1011852,5.55,35481.3
1011864,4.38,17782.8
1011867,4.26,14125.4
1011869,3.47,14125.4
1011871,5.34,15848.9
1011883,1.91,35481.3
1011895,5.28,35481.3
1011908,5.5,10000.0
1011912,5.39,17782.8
1011921,5.34,281.8
1011934,4.01,17782.8
1011939,1.54,22387.2
1011940,3.18,31622.8
1011942,5.88,11220.2
1011943,5.05,25118.9
1011953,6.04,7079.5
1011956,5.93,25118.9
1011970,4.75,3548.1
1011981,4.32,39810.7
1011988,3.21,28183.8
1012007,3.23,25118.9
1012025,6.07,28183.8
1012027,2.51,6309.6
1012046,4.4,11220.2
1012057,4.56,14125.4
1012067,5.54,17782.8
1012078,4.4,25118.9
1012088,4.52,23753.05
1012089,4.26,39810.7
1012090,4.33,39810.7
1012096,4.9,31622.8
1012097,5.48,39810.7
1012098,5.31,14125.4
1012110,5.33,25118.9
1012112,4.65,39810.7
1012113,5.21,11220.2
1012117,3.99,11220.2
1012123,5.3,19952.6
1012125,4.2,25.1
1012139,5.41,19952.6
1012151,4.64,14125.4
1012155,5.33,17782.8
1012157,6.01,70.8
1012158,4.22,3548.1
1012164,3.96,19952.6
1012170,3.25,10000.0
1012186,5.5,29903.3
1012196,4.84,4466.8
1012206,4.93,44668.4
1012215,5.65,14125.4
1012223,5.02,37646.0
1012233,5.0,10000.0
1012236,5.8,39810.7
1012240,3.9,39810.7
1012251,5.37,19952.6
1012265,3.53,7943.3
1012271,5.51,17782.8
1012285,5.17,316.2
1012289,3.94,7079.5
1012290,4.68,14125.4
1012296,5.58,14125.4
1012300,6.13,11220.2
1012316,4.8,19952.6
1012321,4.84,7943.3
1012337,4.97,3548.1
1012345,5.57,5011.9
1012347,5.01,14125.4
1012368,3.39,19952.6
1012382,4.37,42239.55
1012384,5.96,17782.8
1012393,6.02,35481.3
1012397,5.49,707.9
1012409,6.15,28183.8
1012415,4.13,14125.4
1012422,5.4,25118.9
1012429,4.57,19952.6
1012454,4.93,1122.0
1012468,3.27,44668.4
1012486,4.81,39810.7
1012504,5.42,7079.5
1012523,4.98,39810.7
1012529,5.48,22387.2
1012541,4.79,39810.7
1012542,4.62,14125.4
1012545,4.91,14125.4
1012555,5.01,17782.8
1012556,4.17,8912.5
1012564,5.1,15848.9
1012589,3.4,31622.8
1012593,6.25,7943.3
1012599,3.54,17782.8
1012604,4.27,39810.7
1012606,4.09,28183.8
1012609,4.37,15848.9
1012612,5.66,1000.0
1012614,5.79,17782.8
1012619,3.02,17782.8
1012634,5.39,28183.8
1012642,5.45,19952.6
1012644,6.04,3162.3
1012647,3.67,19952.6
1012653,4.81,15848.9
1012670,4.27,5011.9
1012690,4.88,19952.6
1012698,5.62,35481.3
1012701,4.72,4466.8
1012708,3.78,28183.8
1012716,5.45,19952.6
1012733,3.95,17782.8
1012743,4.33,15848.9
1012749,3.78,17782.8
1012755,6.08,8427.9
1012764,4.56,10000.0
1012791,3.42,7943.3
1012797,5.46,39810.7
1012829,6.4,39810.7
1012832,5.23,17782.8
1012839,4.55,22387.2
1012852,4.9,28183.8
1012859,5.88,17782.8
1012861,5.32,15848.9
1012865,5.48,25118.9
1012866,3.93,1412.5
1012875,5.22,12589.3
1012876,5.14,12589.3
1012897,5.77,21169.9
1012902,4.52,14125.4
1012913,5.43,14125.4
1012921,5.66,28183.8
1012925,4.79,11220.2
1012936,5.63,25118.9
1012941,4.68,39810.7
1012960,5.4,3162.3
1012971,5.77,39810.7
1012975,4.32,3981.1
1012978,5.69,15848.9
1012979,4.25,28183.8
1012980,5.82,12589.3
1012987,5.14,10000.0
1012992,5.57,17782.8
1013005,5.48,21169.9
1013010,4.31,19952.6
1013016,5.78,19952.6
1013017,4.31,17782.8
1013021,5.55,39810.7
1013023,5.12,28183.8
1013028,5.69,22387.2
1013029,4.06,891.3
1013032,5.15,19952.6
1013048,5.44,281.8
1013063,5.17,17782.8
1013064,4.04,31622.8
1013065,5.86,1995.3
1013069,3.57,42239.55
1013076,5.28,3981.1
1013078,5.41,6309.6
1013083,4.54,25118.9
1013094,5.52,39810.7
1013107,5.26,28183.8
1013108,5.67,39810.7
1013109,5.51,17782.8
1013118,6.23,15848.9
1013119,6.04,15848.9
1013132,5.72,31622.8
1013134,4.64,15848.9
1013135,5.22,50.1
1013150,5.9,39810.7
1013153,5.83,31622.8
1013154,5.21,15848.9
1013158,3.52,39810.7
1013166,5.3,22387.2
1013170,4.79,25118.9
1013171,4.29,2818.4
1013173,4.4,891.3
1013182,2.65,25118.9
1013183,6.0,12589.3
1013193,5.04,28183.8
1013204,5.48,354.8
1013206,4.77,14125.4
1013207,4.96,2238.7
1013208,5.61,891.3
1013209,4.48,31622.8
1013210,4.7,2238.7
1013220,5.29,1584.9
1013226,5.16,15848.9
1013236,3.82,6309.6
1013273,5.2,14125.4
1013286,4.04,14125.4
1013289,3.39,12589.3
1013307,5.65,39810.7
1013312,4.92,2238.7
1013315,4.44,10000.0
1013318,5.08,25118.9
1013328,4.18,8912.5
1013338,4.58,25118.9
1013347,4.83,15848.9
1013355,5.59,15848.9
1013375,3.28,7943.3
1013395,5.32,141.3
1013423,4.18,14125.4
1013424,3.11,5623.4
1013428,5.31,22387.2
1013429,4.7,3981.1
1013440,4.99,31622.8
1013443,5.99,12589.3
1013444,4.36,25118.9
1013449,5.97,14125.4
1013451,3.26,19952.6
1013464,5.63,11220.2
1013465,3.21,12589.3
1013467,4.92,28183.8
1013469,5.08,3548.1
1013479,4.43,28183.8
1013499,3.7,44668.4
1013503,5.21,22387.2
1013506,4.47,25118.9
1013507,4.65,17782.8
1013514,2.64,17782.8
1013521,4.07,25118.9
1013524,5.12,1584.9
1013527,4.25,22387.2
1013531,2.83,35481.3
1013541,3.88,15848.9
1013546,4.58,28183.8
1013561,5.7,44668.4
1013566,5.2,22387.2
1013618,5.85,7943.3
1013627,5.45,44668.4
1013635,5.24,12589.3
1013639,4.83,44668.4
1013644,5.03,22387.2
1013651,5.72,39.8
1013663,5.12,7943.3
1013666,4.91,11220.2
1013674,4.73,39810.7
1013697,5.85,15848.9
1013701,5.67,17782.8
1013707,5.54,2818.4
1013709,5.62,8912.5
1013711,5.87,22387.2
1013725,4.55,19952.6
1013733,5.81,1258.9
1013740,5.19,17782.8
1013743,5.6,44668.4
1013744,5.24,7943.3
1013748,5.25,25118.9
1013757,4.79,10000.0
1013761,5.17,3981.1
1013763,6.24,17782.8
1013770,5.78,5011.9
1013771,5.8,10000.0
1013773,5.26,14125.4
1013776,5.93,22387.2
1013786,6.16,39810.7
1013787,5.26,7079.5
1013802,5.63,44668.4
1013806,4.47,39810.7
1013808,5.95,2818.4
1013817,5.13,25118.9
1013824,5.88,7079.5
1013829,5.7,17782.8
1013840,6.06,22387.2
1013846,4.46,17782.8
1013850,4.39,1995.3
1013851,5.06,3548.1
1013853,5.56,15848.9
1013855,4.93,39810.7
1013864,5.84,31622.8
1013870,5.52,19952.6
1013871,5.3,22387.2
1013894,5.71,11220.2
1013895,5.72,631.0
1013909,5.76,16815.85
1013913,5.58,17782.8
1013917,4.74,44668.4
1013920,5.39,44668.4
1013921,5.79,11220.2
1013932,3.99,15848.9
1013933,6.09,1000.0
1013941,5.55,25.1
1013945,6.23,1778.3
1013953,5.55,39810.7
1013957,4.59,16815.85
1013971,5.73,14125.4
1013973,5.67,17782.8
1013983,5.74,14125.4
1013993,5.62,12589.3
1014015,5.32,39810.7
1014022,5.76,17782.8
1014027,5.69,14125.4
1014034,5.23,10000.0
1014035,5.66,17782.8
1014046,4.93,281.8
1014053,5.32,12589.3
1014058,5.85,19952.6
1014069,4.98,25118.9
1014078,5.43,28183.8
1014081,5.44,31622.8
1014088,6.16,794.3
1014092,5.3,11220.2
1014093,5.31,2511.9
1014104,4.8,6309.6
1014106,3.13,1000.0
1014108,4.62,13357.35
1014113,4.44,28183.8
1014120,5.45,12589.3
1014124,5.45,2238.7
1014140,6.2,5011.9
1014168,5.46,10000.0
1014169,5.16,3162.3
1014185,5.21,17782.8
1014199,5.31,10000.0
1014204,5.01,22387.2
1014219,5.82,19952.6
1014220,5.25,2818.4
1014224,5.54,794.3
1014226,5.4,7943.3
1014243,5.98,39810.7
1014244,4.04,31622.8
1014249,5.6,15848.9
1014250,5.22,12589.3
1014252,4.7,1122.0
1014255,4.92,14125.4
1014256,4.65,28183.8
1014260,5.27,19952.6
1014269,5.79,22387.2
1014277,4.66,15848.9
1014279,4.82,44668.4
1014300,4.71,3548.1
1014301,3.13,15848.9
1014302,4.76,14125.4
1014316,5.51,28183.8
1014324,5.02,5966.5
1014326,5.6,7943.3
1014334,3.51,10000.0
1014340,5.7,19952.6
1014341,5.98,35481.3
1014364,5.59,19952.6
1014367,5.17,25118.9
1014382,6.14,25118.9
1014393,4.61,19952.6
1014394,5.79,1584.9
1014395,5.06,11904.75
1014399,5.56,10000.0
1014406,5.48,1584.9
1014411,6.22,10000.0
1014413,5.87,17782.8
1014418,5.43,28183.8
1014426,5.81,7079.5
1014435,5.7,19952.6
1014438,5.8,707.9
1014440,4.95,4466.8
1014443,5.86,891.3
1014454,5.49,13357.35
1014455,4.53,707.9
1014457,4.69,35481.3
1014464,4.11,12589.3
1014465,5.89,8912.5
1014486,5.52,39810.7
1014492,5.69,7943.3
1014505,5.54,12589.3
1014508,5.88,22387.2
1014521,6.09,3548.1
1014522,5.57,12589.3
1014526,5.56,17782.8
1014530,4.69,7943.3
1014534,5.24,14125.4
1014537,5.67,35481.3
1014541,5.59,3548.1
1014543,5.95,10000.0
1014596,5.41,12589.3
1014598,5.77,251.2
1014601,5.74,17782.8
1014603,5.06,501.2
1014608,6.22,2238.7
1014611,5.61,12589.3
1014626,5.87,44668.4
1014645,5.94,19952.6
1014661,5.0,2511.9
1014666,6.02,35481.3
1014669,6.09,14125.4
1014670,5.66,39810.7
1014679,4.88,17782.8
1014683,5.98,44668.4
1014686,6.01,141.3
1014687,5.38,13357.35
1014688,5.4,35481.3
1014694,6.3,446.7
1014701,4.73,5011.9
1014703,5.18,12589.3
1014704,5.48,1000.0
1014708,5.11,4466.8
1014713,5.42,4466.8
1014720,5.33,10000.0
1014721,5.5,17782.8
1014725,5.83,10000.0
1014729,5.72,39810.7
1014730,5.73,8912.5
1014744,5.03,5011.9
1014771,6.01,22387.2
1014777,4.84,10000.0
1014784,5.91,23753.05
1014799,5.23,31622.8
1014810,6.08,28183.8
1014814,5.72,17782.8
1014816,6.13,15848.9
1014819,4.73,17782.8
1014824,5.53,3981.1
1014826,6.13,2511.9
1014847,5.39,10000.0
1014848,5.37,8912.5
1014855,5.17,2511.9
1014872,5.99,28183.8
1014875,5.73,14987.15
1014883,5.63,28183.8
1014887,5.81,39810.7
1014888,4.8,2818.4
1014900,5.05,11220.2
1014905,4.31,8912.5
1014908,5.85,11220.2
1014919,5.46,17782.8
1014920,5.3,10000.0
1014922,5.08,25118.9
1014929,5.14,39810.7
1014934,5.14,15848.9
1014941,4.93,35481.3
1014945,5.64,37646.0
1014957,5.67,25118.9
1014962,5.67,12589.3
1014963,5.36,6309.6
1014965,5.55,25118.9
1014968,5.82,501.2
1014978,3.88,15848.9
1014985,5.9,14125.4
1014995,5.24,14125.4
1014997,5.26,14125.4
1014998,6.34,22387.2
1015010,5.49,19952.6
1015014,5.61,14125.4
1015016,6.0,25118.9
1015019,5.88,2511.9
1015026,5.7,14125.4
1015032,5.53,28183.8
1015037,4.73,7943.3
1015038,5.74,39810.7
1015046,6.09,19952.6
1015057,4.54,14987.15
1015059,5.68,22387.2
1015065,4.35,3548.1
1015069,6.51,1412.5
1015071,6.03,15848.9
1015073,6.77,398.1
1015075,6.0,15848.9
1015078,3.8,39810.7
1015081,5.04,39810.7
1015083,5.37,35481.3
1015094,5.87,10000.0
1015100,6.0,2818.4
1015118,5.06,39810.7
1015123,6.17,39810.7
1015131,4.8,25118.9
1015132,5.9,891.3
1015145,5.68,5011.9
1015148,5.88,631.0
1015161,4.59,12589.3
1015168,5.95,22387.2
1015170,5.59,5011.9
1015179,5.99,794.3
1015207,5.6,38367.566666666666
1015208,5.28,14125.4
1015210,5.29,6309.6
1015214,6.74,3162.3
1015220,5.47,15848.9
1015224,5.39,8912.5
1015225,5.0,35481.3
1015244,5.71,707.9
1015248,6.61,28183.8
1015251,5.07,1778.3
1015261,5.3,1258.9
1015271,5.06,11220.2
1015272,5.61,3548.1
1015280,5.57,10000.0
1015281,5.64,25118.9
1015287,5.57,15848.9
1015290,4.77,2511.9
1015293,6.01,19952.6
1015298,5.08,31622.8
1015302,5.6,1122.0
1015304,5.47,35481.3
1015313,4.18,8912.5
1015316,5.56,28183.8
1015318,5.85,28183.8
1015323,4.92,2511.9
1015336,6.14,14125.4
1015338,5.3,37646.0
1015342,5.51,17782.8
1015347,5.5,10000.0
1015353,4.96,31622.8
1015356,5.37,354.8
1015364,4.97,17782.8
1015365,5.94,35481.3
1015378,4.85,8912.5
1015381,5.87,10000.0
1015400,5.02,3548.1
1015406,5.46,12589.3
1015408,5.06,17782.8
1015413,6.04,17782.8
1015418,5.37,14125.4
1015423,5.83,11904.75
1015429,5.67,39810.7
1015442,5.45,22387.2
1015445,5.55,22387.2
1015446,5.79,39810.7
1015471,4.56,22387.2
1015478,5.54,2818.4
1015489,5.74,19952.6
1015490,5.47,11220.2
1015491,5.97,8912.5
1015493,5.39,2818.4
1015496,5.17,12589.3
1015497,5.88,25118.9
1015506,5.18,7943.3
1015508,5.59,14125.4
1015511,5.42,14987.15
1015518,5.68,28183.8
1015525,4.77,23753.05
1015533,5.44,44668.4
1015534,5.3,28183.8
1015539,4.42,14125.4
1015540,6.02,1000.0
1015550,5.76,28183.8
1015554,5.22,25118.9
1015555,6.08,31622.8
1015559,5.64,11220.2
1015569,5.23,15274.4
1015581,5.33,19952.6
1015583,5.02,31622.8
1015595,5.86,13357.35
1015598,5.17,25118.9
1015599,5.61,31622.8
1015603,4.33,14125.4
1015605,5.2,42239.55
1015608,5.34,1000.0
1015623,6.0,25118.9
1015624,3.86,15848.9
1015625,5.25,3981.1
1015628,5.16,5623.4
1015647,5.21,35481.3
1015654,6.13,8912.5
1015677,5.25,15848.9
1015681,5.65,3548.1
1015685,5.99,19952.6
1015694,4.82,8427.9
1015706,4.72,1000.0
1015707,5.59,1412.5
1015725,5.38,1584.9
1015732,5.86,31622.8
1015737,6.02,35481.3
1015740,5.92,44668.4
1015745,6.11,22387.2
1015764,6.6,25118.9
1015766,5.61,7079.5
1015776,4.86,35481.3
1015800,5.64,501.2
1015821,6.13,28183.8
1015824,5.41,22387.2
1015825,5.76,15848.9
1015829,6.28,28183.8
1015852,5.45,15848.9
1015873,5.66,19952.6
1015880,5.56,35481.3
1015885,5.27,25118.9
1015887,5.53,4466.8
1015902,6.02,28183.8
1015905,5.87,1995.3
1015911,6.27,19952.6
1015916,5.17,12589.3
1015939,4.67,10000.0
1015945,5.94,5623.4
1015960,5.76,8912.5
1015969,5.16,8912.5
1015970,5.42,8912.5
1015983,6.23,22387.2
1015987,5.94,19952.6
1016002,5.38,6309.6
1016006,5.84,1000.0
1016007,6.12,6309.6
1016016,4.91,44668.4
1016018,5.42,22387.2
1016021,5.69,29903.3
1016026,6.1,7943.3
1016029,4.47,35481.3
1016031,5.04,31622.8
1016044,3.38,25118.9
1016045,4.78,39810.7
1016046,5.52,44668.4
1016052,4.89,562.3
1016053,5.46,1258.9
1016055,4.75,177.8
1016073,5.32,31622.8
1016083,5.63,707.9
1016089,6.35,19952.6
1016090,6.14,15848.9
1016108,5.44,10000.0
1016113,7.17,8912.5
1016121,5.55,22387.2
1016124,5.35,631.0
1016137,4.21,15848.9
1016138,5.82,31622.8
1016139,5.22,18867.7
1016143,5.46,28183.8
1016158,4.83,707.9
1016162,5.77,14125.4
1016164,5.02,11220.2
1016167,4.7,1995.3
1016168,4.98,15848.9
1016174,6.08,39810.7
1016201,6.04,3548.1
1016203,4.95,12589.3
1016206,6.12,2238.7
1016209,5.62,6309.6
1016217,5.59,10000.0
1016222,4.99,7511.4
1016225,6.52,25.1
1016232,5.5,8912.5
1016233,5.78,2511.9
1016242,5.3,25118.9
1016250,5.16,22387.2
1016251,5.36,4466.8
1016254,2.17,15.8
1016256,5.49,29.9
1016257,3.59,10000.0
1016267,5.77,28183.8
1016275,5.4,8912.5
1016279,5.26,39810.7
1016281,5.73,12589.3
1016286,5.48,794.3
1016288,4.47,11904.75
1016289,5.27,2238.7
1016291,5.06,6309.6
1016297,5.46,39810.7
1016305,4.57,17782.8
1016306,4.98,5623.4
1016308,4.44,11220.2
1016312,5.46,16815.85
1016320,5.33,11220.2
1016321,5.36,12589.3
1016323,4.79,17782.8
1016327,4.9,28183.8
1016337,5.84,39810.7
1016341,5.72,39810.7
1016342,5.92,1995.3
1016343,5.35,2511.9
1016344,5.16,22387.2
1016352,6.7,1584.9
1016355,4.7,2818.4
1016357,5.85,12589.3
1016367,5.69,15848.9
1016391,3.08,3162.3
1016402,4.87,35481.3
1016404,5.95,19952.6
1016412,5.55,22387.2
1016420,5.05,446.7
1016422,6.18,22387.2
1016426,2.87,1778.3
1016437,5.33,28183.8
1016438,5.88,12589.3
1016443,5.7,39810.7
1016445,4.53,12589.3
1016451,5.45,17782.8
1016453,5.6,39810.7
1016471,4.16,31622.8
1016473,7.08,39810.7
1016474,5.6,25118.9
1016475,5.08,28183.8
1016489,5.3,25118.9
1016494,5.96,19952.6
1016496,3.86,11220.2
1016497,5.39,17782.8
1016499,5.55,17782.8
1016500,5.89,12589.3
1016505,5.38,17782.8
1016506,5.27,15848.9
1016519,5.61,15848.9
1016534,5.74,28183.8
1016557,5.03,2238.7
1016558,5.79,7943.3
1016565,5.42,8912.5
1016570,5.73,7079.5
1016578,5.21,5011.9
1016580,5.18,7943.3
1016592,5.3,11220.2
1016598,5.43,22387.2
1016603,5.51,707.9
1016605,4.32,8912.5
1016623,6.09,25118.9
1016634,4.81,707.9
1016648,5.62,22387.2
1016653,6.14,158.5
1016678,6.18,31622.8
1016681,4.69,17782.8
1016684,6.1,31622.8
1016699,2.72,19952.6
1016702,5.44,14125.4
1016707,5.21,1584.9
1016710,4.97,39810.7
1016711,5.37,35481.3
1016715,5.03,14125.4
1016717,5.91,9456.25
1016725,5.27,2818.4
1016728,5.02,25118.9
1016733,4.58,15848.9
1016735,5.82,19952.6
1016741,5.9,6309.6
1016743,4.82,25118.9
1016752,5.52,1995.3
1016772,5.81,15848.9
1016785,5.28,8912.5
1016794,4.94,7943.3
1016796,5.42,14125.4
1016808,5.41,14125.4
1016813,5.43,8912.5
1016817,4.95,39810.7
1016828,5.86,2818.4
1016829,5.46,14125.4
1016831,5.7,8912.5
1016832,4.74,14125.4
1016834,5.8,35481.3
1016845,5.21,1584.9
1016853,5.78,19952.6
1016862,5.73,19952.6
1016883,4.22,1000.0
1016886,5.4,17782.8
1016893,5.69,14125.4
1016900,5.4,7943.3
1016915,5.83,15848.9
1016917,5.65,5623.4
1016928,5.61,12589.3
1016942,4.76,17782.8
1016944,5.55,70.8
1016949,5.38,11220.2
1016950,5.32,15848.9
1016951,6.14,28183.8
1016960,5.82,3981.1
1016982,5.11,1412.5
1016987,6.41,31622.8
1017009,6.48,25118.9
1017014,5.08,35481.3
1017021,5.47,39810.7
1017022,4.13,22387.2
1017023,5.18,17782.8
1017027,5.79,15848.9
1017031,4.65,12589.3
1017032,5.24,158.5
1017035,5.81,25118.9
1017036,5.9,14125.4
1017045,5.83,10000.0
1017049,4.73,19952.6
1017050,4.55,14125.4
1017054,6.15,11220.2
1017055,5.79,3548.1
1017061,5.49,14125.4
1017068,5.58,10000.0
1017070,5.34,3162.3
1017072,5.47,14125.4
1017080,5.25,31622.8
1017081,5.75,19952.6
1017084,5.8,5011.9
1017095,4.14,2238.7
1017108,5.4,11220.2
1017110,5.79,17782.8
1017112,5.12,39810.7
1017113,4.83,44668.4
1017117,4.85,3162.3
1017133,5.26,112.2
1017134,5.25,3162.3
1017135,5.26,15848.9
1017136,5.35,11220.2
1017142,4.63,354.8
1017146,5.49,21169.9
1017149,6.24,28183.8
1017166,5.49,17782.8
1017169,5.71,11220.2
1017181,5.98,14125.4
1017184,4.8,25118.9
1017185,5.32,281.8
1017191,4.95,19952.6
1017199,5.17,19952.6
1017204,5.16,8912.5
1017206,5.07,22387.2
1017208,5.84,31622.8
1017226,5.78,3548.1
1017231,5.43,31622.8
1017235,4.33,25118.9
1017246,5.17,11220.2
1017247,5.24,28183.8
1017252,5.65,5011.9
1017277,3.01,446.7
1017285,5.72,12589.3
1017302,5.45,12589.3
1017304,5.22,10000.0
1017309,5.36,22387.2
1017310,5.58,398.1
1017320,5.09,22387.2
1017325,4.55,15848.9
1017326,5.81,8912.5
1017338,5.92,17782.8
1017346,4.96,17782.8
1017352,5.07,5011.9
1017353,5.95,25118.9
1017356,4.92,15848.9
1017357,5.51,5011.9
1017361,5.6,631.0
1017384,5.49,19952.6
1017390,5.76,3162.3
1017399,5.82,22387.2
1017403,5.73,22387.2
1017410,5.87,16815.85
1017412,5.41,12589.3
1017417,5.43,25118.9
1017421,5.92,28183.8
1017425,5.23,17782.8
1017451,2.98,26651.35
1017458,4.56,39810.7
1017464,5.59,19952.6
1017475,5.54,15848.9
1017479,5.22,3548.1
1017483,5.53,17782.8
1017497,5.52,39810.7
1017504,5.84,44668.4
1017518,5.72,7943.3
1017519,5.46,1995.3
1017523,4.64,3981.1
1017530,4.48,29903.3
1017542,6.08,8912.5
1017548,4.91,25118.9
1017549,4.7,7943.3
1017553,5.77,39810.7
1017554,5.31,3548.1
1017563,5.63,1000.0
1017571,5.84,15848.9
1017576,5.57,891.3
1017582,5.21,14125.4
1017599,5.69,39810.7
1017615,5.48,44668.4
1017619,6.0,2238.7
1017621,5.53,7943.3
1017630,5.49,7367.433333333333
1017633,4.79,39810.7
1017637,6.15,31622.8
1017639,6.07,15848.9
1017654,5.69,3981.1
1017662,6.07,19952.6
1017663,6.45,39810.7
1017667,5.26,17782.8
1017669,5.69,13357.35
1017670,4.67,10000.0
1017690,5.39,8912.5
1017691,5.22,1584.9
1017702,4.47,31622.8
1017703,5.42,7943.3
1017705,6.18,14987.15
1017707,5.44,15848.9
1017718,2.81,11220.2
1017722,5.97,11220.2
1017724,6.06,5011.9
1017726,5.88,17782.8
1017736,5.72,12589.3
1017741,5.22,29903.3
1017742,5.77,15848.9
1017748,5.67,39810.7
1017753,4.88,15848.9
1017757,5.64,14125.4
1017759,6.14,31622.8
1017777,5.51,22387.2
1017791,4.61,39810.7
1017794,5.95,25118.9
1017799,5.45,28183.8
1017800,4.98,5011.9
1017808,4.69,2238.7
1017818,6.02,8912.5
1017820,4.75,28183.8
1017823,5.52,8912.5
1017829,5.89,19952.6
1017835,4.79,22387.2
1017837,5.58,19952.6
1017845,5.46,8912.5
1017846,5.54,6694.55
1017847,6.01,39810.7
1017853,5.56,44668.4
1017859,5.6,12589.3
1017864,5.24,39810.7
1017876,5.29,707.9
1017889,5.95,7079.5
1017890,5.59,28183.8
1017899,5.19,10000.0
1017919,5.73,39810.7
1017921,5.02,12589.3
1017922,5.31,22387.2
1017923,4.97,3548.1
1017926,5.12,28183.8
1017930,4.31,2818.4
1017932,5.42,2818.4
1017936,6.0,12589.3
1017937,5.65,2238.7
1017944,5.33,22387.2
1017946,4.96,100.0
1017950,5.55,14125.4
1017954,5.73,22387.2
1017963,5.83,1000.0
1017964,5.56,22387.2
1017965,5.6,8912.5
1017971,5.93,19952.6
1017972,4.83,28183.8
1017980,5.65,17782.8
1017981,4.56,19952.6
1018000,5.02,3548.1
1018002,5.49,11220.2
1018009,5.49,7079.5
1018014,5.7,5623.4
1018020,5.59,17782.8
1018042,4.86,39810.7
1018055,5.72,1122.0
1018060,4.19,1584.9
1018070,4.96,25118.9
1018075,4.77,29903.3
1018088,5.84,12589.3
1018091,4.29,31622.8
1018095,3.82,8912.5
1018102,3.43,18867.7
1018106,5.99,22387.2
1018108,2.22,14125.4
1018113,4.37,31622.8
1018126,5.51,19952.6
1018135,4.24,7079.5
1018153,5.86,3162.3
1018161,5.46,2818.4
1018162,5.29,44668.4
1018166,4.98,3162.3
1018169,5.76,25118.9
1018170,4.02,26651.35
1018183,5.33,25118.9
1018184,5.26,8912.5
1018185,4.64,44668.4
1018186,4.54,7943.3
1018189,5.23,17782.8
1018191,5.76,22387.2
1018195,3.14,39810.7
1018205,5.82,39810.7
1018211,6.06,14125.4
1018219,3.15,22387.2
1018220,5.54,22387.2
1018221,5.47,17782.8
1018222,4.41,17782.8
1018232,5.11,39810.7
1018235,5.63,12589.3
1018238,3.31,11220.2
1018241,4.16,44668.4
1018244,5.17,39810.7
1018247,3.17,17782.8
1018248,5.79,31622.8
1018257,3.36,14125.4
1018258,3.61,7079.5
1018263,5.1,14125.4
1018285,6.05,14987.15
1018293,3.96,31622.8
1018304,5.5,35481.3
1018321,5.84,14125.4
1018324,5.03,2238.7
1018326,2.6,5011.9
1018327,5.15,25118.9
1018328,2.84,35481.3
1018332,5.63,31622.8
1018347,5.66,35481.3
1018351,4.0,501.2
1018352,5.5,39810.7
1018357,4.16,28183.8
1018360,4.84,2818.4
1018368,4.43,251.2
1018380,3.96,3981.1
1018394,5.85,28183.8
1018406,5.17,25118.9
1018410,6.91,25118.9
1018413,5.59,39810.7
1018427,4.95,22387.2
1018428,4.76,3981.1
1018437,5.0,8912.5
1018438,4.57,3981.1
1018464,4.91,15848.9
1018470,5.52,15848.9
1018473,5.87,17782.8
1018480,3.51,14125.4
1018483,3.67,25118.9
1018490,4.06,22387.2
1018495,5.1,141.3
1018502,3.77,15848.9
1018509,5.26,39810.7
1018526,5.95,5623.4
1018533,5.54,12589.3
1018536,5.89,39810.7
1018544,4.27,17782.8
1018546,4.18,501.2
1018555,3.43,25118.9
1018563,4.58,11220.2
1018568,5.54,5011.9
1018583,4.94,8912.5
1018587,3.32,22387.2
1018590,4.73,39810.7
1018591,5.27,35481.3
1018600,6.04,22387.2
1018601,4.74,15848.9
1018607,4.21,17782.8
1018619,5.77,39810.7
1018633,5.2,44668.4
1018637,4.2,1584.9
1018640,5.51,39810.7
1018641,5.24,7943.3
1018652,6.04,5011.9
1018661,3.93,14125.4
1018669,5.22,8912.5
1018670,5.9,5623.4
1018671,4.97,17782.8
1018680,3.08,5011.9
1018695,5.81,11220.2
1018696,5.77,17782.8
1018707,6.08,35481.3
1018708,4.05,8912.5
1018710,4.98,12589.3
1018717,6.24,14125.4
1018719,4.67,3162.3
1018731,4.75,17782.8
1018738,4.13,22387.2
1018740,5.76,31622.8
1018754,2.39,39810.7
1018758,4.67,25118.9
1018759,3.65,31622.8
1018767,5.03,6309.6
1018779,3.86,35481.3
1018781,3.74,15848.9
1018784,4.25,31622.8
1018786,5.61,31622.8
1018795,4.96,15848.9
1018808,4.65,25118.9
1018810,4.6,22387.2
1018824,5.13,15848.9
1018835,5.75,28183.8
1018853,5.01,11220.2
1018855,5.15,35481.3
1018858,6.64,35481.3
1018870,3.98,4466.8
1018873,4.76,17782.8
1018874,6.32,11904.75
1018875,5.21,794.3
1018891,5.43,14125.4
1018898,3.24,14125.4
1018913,5.16,3548.1
1018925,4.47,794.3
1018930,5.47,2511.9
1018931,5.22,4466.8
1018954,4.11,100.0
1018957,3.89,17782.8
1018958,5.16,44668.4
1018967,3.38,4466.8
1018970,4.65,23753.05
1018972,5.73,14125.4
1018977,4.79,28183.8
1018987,5.54,25118.9
1018988,5.96,5966.5
1018989,6.72,25118.9
1018997,5.19,3162.3
1018999,5.52,12589.3
1019005,4.21,10000.0
1019010,5.32,5011.9
1019011,5.42,35481.3
1019017,4.88,14125.4
1019040,5.18,2238.7
1019045,5.66,3548.1
1019049,5.15,12589.3
1019062,3.59,31622.8
1019069,6.02,12589.3
1019070,4.39,12589.3
1019078,3.41,17782.8
1019098,5.37,28183.8
1019112,5.33,14125.4
1019114,3.7,22387.2
1019115,4.98,25118.9
1019128,4.46,2511.9
1019131,4.94,17782.8
1019143,5.75,31622.8
1019145,2.28,6309.6
1019148,3.71,10000.0
1019173,5.11,1000.0
1019189,5.72,3162.3
1019194,5.08,15848.9
1019205,5.73,28183.8
1019206,5.69,5011.9
1019220,4.66,1258.9
1019223,4.69,3981.1
1019260,4.71,12589.3
1019280,4.73,5011.9
1019283,6.0,10000.0
1019288,6.55,44668.4
1019289,5.7,1995.3
1019292,3.83,50.1
1019293,5.3,7943.3
1019295,5.19,11220.2
1019296,4.92,14125.4
1019307,5.73,1122.0
1019309,5.42,39810.7
1019311,2.72,15848.9
1019316,5.96,39810.7
1019317,6.1,39810.7
1019327,5.05,14125.4
1019328,6.15,11220.2
1019346,4.32,28183.8
1019350,6.16,7943.3
1019357,5.06,12589.3
1019358,4.59,25118.9
1019360,4.92,14125.4
1019366,5.14,23753.05
1019369,5.47,22387.2
1019376,4.68,15848.9
1019427,4.19,25118.9
1019440,3.85,7943.3
1019445,5.64,39810.7
1019448,2.52,22387.2
1019459,5.28,39810.7
1019465,4.15,8912.5
1019495,6.0,12589.3
1019501,5.39,7943.3
1019513,5.15,17782.8
1019523,5.14,3162.3
1019525,5.71,1061.0
1019528,5.27,10000.0
1019537,5.73,631.0
1019539,5.36,10000.0
1019540,4.65,17782.8
1019550,5.63,158.5
1019570,4.55,42239.55
1019573,5.65,14125.4
1019579,4.63,39810.7
1019586,4.94,39810.7
1019599,2.85,25118.9
1019601,5.82,17782.8
1019639,4.46,2990.35
1019641,6.05,125.9
1019642,5.48,31622.8
1019645,5.98,31622.8
1019650,5.18,12589.3
1019658,5.35,14125.4
1019664,5.09,15848.9
1019666,6.19,31622.8
1019672,5.06,8912.5
1019694,5.81,17782.8
1019699,5.07,891.3
1019711,3.45,22387.2
1019718,5.57,11220.2
1019719,4.25,4223.95
1019737,4.8,8912.5
1019748,5.89,10610.1
1019750,4.93,22387.2
1019752,4.91,14125.4
1019753,5.05,3162.3
1019755,4.94,31622.8
1019761,6.31,7943.3
1019783,4.93,15848.9
1019788,4.67,23753.05
1019795,5.61,31622.8
1019796,5.48,12589.3
1019801,6.51,15848.9
1019805,6.01,8912.5
1019807,4.27,15848.9
1019810,4.9,8912.5
1019811,4.44,10000.0
1019817,5.22,10000.0
1019819,4.26,22387.2
1019820,4.74,25118.9
1019835,3.16,14987.15
1019843,5.82,44668.4
1019850,6.06,17782.8
1019857,5.62,35481.3
1019860,5.82,14125.4
1019872,5.34,42239.55
1019880,5.84,19952.6
1019884,5.65,8912.5
1019895,5.44,19952.6
1019898,4.87,22387.2
1019903,6.29,28183.8
1019908,5.34,7943.3
1019911,2.58,5623.4
1019915,5.37,35481.3
1019916,5.47,12589.3
1019924,5.19,29903.3
1019940,5.57,17782.8
1019942,5.72,7943.3
1019959,5.45,11220.2
1019960,4.15,39810.7
1019986,5.29,4466.8
1019991,4.31,17782.8
1020007,5.97,10000.0
1020029,4.34,11220.2
1020036,5.85,25118.9
1020040,4.47,22387.2
1020045,5.74,39810.7
1020058,5.16,12589.3
1020064,5.77,35481.3
1020081,5.23,1778.3
1020094,4.61,2990.35
1020110,4.59,22387.2
1020113,5.91,17782.8
1020124,5.04,1258.9
1020135,3.18,28183.8
1020151,4.8,14125.4
1020178,6.08,22387.2
1020195,6.08,35481.3
1020200,5.43,9456.25
1020201,5.38,28183.8
1020213,3.55,19952.6
1020216,5.33,17782.8
1020228,5.89,18867.7
1020246,4.54,39810.7
1020259,5.65,39810.7
1020264,3.31,15848.9
1020265,5.12,15848.9
1020271,5.23,12589.3
1020284,3.24,3548.1
1020291,5.18,25118.9
1020298,4.08,25118.9
1020299,5.13,31622.8
1020310,5.45,15848.9
1020318,5.97,19952.6
1020326,5.74,8912.5
1020330,4.49,25118.9
1020335,5.42,28183.8
1020336,5.92,44668.4
1020346,5.21,1122.0
1020352,5.75,15848.9
1020373,4.22,17782.8
1020374,5.05,7943.3
1020395,6.31,28183.8
1020404,5.93,6309.6
1020407,5.86,10000.0
1020408,4.2,14125.4
1020417,4.86,39810.7
1020443,3.93,28183.8
1020451,4.05,7079.5
1020465,4.04,15848.9
1020466,5.5,794.3
1020470,4.18,8912.5
1020471,5.89,12589.3
1020484,4.69,35481.3
1020485,5.78,35481.3
1020493,4.49,707.9
1020496,4.99,707.9
1020500,5.82,1778.3
1020504,5.75,17782.8
1020505,5.1,8912.5
1020510,4.2,2238.7
1020512,5.33,25118.9
1020530,5.13,25118.9
1020540,5.03,501.2
1020541,5.01,15848.9
1020547,4.52,4466.8
1020550,6.33,11220.2
1020556,5.11,35481.3
1020557,5.35,10000.0
1020572,5.55,12589.3
1020573,5.96,17782.8
1020575,5.65,11220.2
1020579,4.19,17782.8
1020583,5.46,35481.3
1020584,5.46,891.3
1020599,3.94,15848.9
1020602,5.12,11220.2
1020603,2.8,19952.6
1020606,2.94,7511.4
1020622,3.21,15848.9
1020629,6.07,15848.9
1020633,5.8,12589.3
1020637,5.35,11220.2
1020639,4.42,28183.8
1020642,4.63,2238.7
1020664,4.8,35481.3
1020673,5.28,3162.3
1020685,4.04,15848.9
1020694,5.59,10000.0
1020697,3.8,17782.8
1020705,5.44,25118.9
1020710,6.27,15848.9
1020713,6.22,22387.2
1020719,4.3,7943.3
1020721,5.05,2511.9
1020725,3.36,14125.4
1020727,5.24,31622.8
1020733,4.64,25118.9
1020738,5.55,15848.9
1020742,5.67,8912.5
1020747,5.2,7079.5
1020750,5.82,31622.8
1020770,6.04,28183.8
1020777,3.39,28183.8
1020784,5.52,25118.9
1020786,4.29,15848.9
1020801,4.54,22387.2
1020804,5.93,37646.0
1020808,4.75,14125.4
1020809,5.37,12589.3
1020813,5.91,12589.3
1020814,5.89,12589.3
1020820,5.32,12589.3
1020824,5.27,39810.7
1020838,6.05,22387.2
1020847,3.63,19952.6
1020855,3.29,70.8
1020857,4.77,25118.9
1020858,5.34,39810.7
1020862,4.76,15848.9
1020864,3.65,15848.9
1020870,6.0,1258.9
1020880,4.69,17782.8
1020887,4.49,39810.7
1020897,5.75,2511.9
1020909,5.51,19952.6
1020910,5.83,6309.6
1020920,4.47,28183.8
1020930,5.03,35481.3
1020951,5.44,15848.9
1020958,3.8,12589.3
1020960,3.1,8912.5
1020969,4.87,25118.9
1020973,5.73,17782.8
1020977,4.73,29903.3
1020981,4.55,1122.0
1020983,5.38,28183.8
1020984,5.52,31622.8
1020993,4.65,10000.0
1021011,5.03,631.0
1021026,4.63,17782.8
1021040,6.18,39810.7
1021048,5.33,3355.2
1021063,5.61,19952.6
1021064,3.63,17782.8
1021073,5.65,35481.3
1021075,5.79,1412.5
1021076,5.04,15848.9
1021089,2.91,17782.8
1021106,5.35,14125.4
1021121,5.27,12589.3
1021136,3.62,15848.9
1021153,5.91,15848.9
1021172,5.76,14987.15
1021176,5.1,1122.0
1021177,5.62,316.2
1021187,4.55,5623.4
1021192,6.15,707.9
1021204,4.11,11220.2
1021222,4.72,8912.5
1021224,5.64,15848.9
1021236,4.78,25118.9
1021240,5.55,22387.2
1021267,5.76,19952.6
1021300,5.84,31622.8
1021301,4.79,631.0
1021309,5.84,14125.4
1021316,3.52,14125.4
1021323,5.45,17782.8
1021324,5.81,15848.9
1021330,4.86,7943.3
1021338,5.46,10000.0
1021351,5.66,31622.8
1021363,4.54,15848.9
1021364,5.81,19952.6
1021374,4.0,25118.9
1021384,5.46,31622.8
1021390,4.37,14125.4
1021394,3.97,2511.9
1021416,5.09,2511.9
1021419,6.25,7943.3
1021428,5.18,25118.9
1021432,4.13,14125.4
1021442,4.85,14125.4
1021464,5.73,3162.3
1021479,4.89,13357.35
1021488,5.77,8912.5
1021501,5.48,3548.1
1021510,4.65,31622.8
1021511,3.92,1584.9
1021530,3.58,17782.8
1021534,3.63,25118.9
1021535,5.21,7943.3
1021539,4.22,10000.0
1021553,3.92,15848.9
1021558,3.06,8912.5
1021571,4.31,7079.5
1021579,3.22,28183.8
1021581,5.34,17782.8
1021586,4.31,631.0
1021594,5.83,3162.3
1021595,5.8,2818.4
1021613,5.9,19952.6
1021635,6.11,19952.6
1021638,5.29,17782.8
1021639,5.65,39810.7
1021650,2.0,28183.8
1021656,5.53,1000.0
1021661,5.51,39810.7
1021673,3.89,14987.15
1021676,4.76,22387.2
1021677,6.04,891.3
1021684,5.2,15848.9
1021689,4.94,39810.7
1021694,5.64,14125.4
1021712,5.64,10000.0
1021716,5.76,28183.8
1021719,5.18,3162.3
1021727,5.35,14987.15
1021735,5.36,35481.3
1021738,5.25,3162.3
1021739,3.41,4466.8
1021742,5.56,35481.3
1021756,5.99,12589.3
1021762,5.3,14125.4
1021782,4.92,7943.3
1021786,5.07,25118.9
1021805,4.55,39810.7
1021812,6.41,39810.7
1021817,4.32,1778.3
1021829,5.95,3162.3
1021840,4.75,31622.8
1021844,4.68,31622.8
1021846,5.67,15848.9
1021854,5.49,25118.9
1021875,3.74,11220.2
1021878,5.38,7943.3
1021881,5.32,11220.2
1021891,5.78,2238.7
1021892,4.21,3162.3
1021894,5.2,25118.9
1021907,5.36,17782.8
1021925,5.15,316.2
1021939,5.7,25118.9
1021941,5.87,22387.2
1021949,5.16,28183.8
1021953,6.12,39810.7
1021959,5.65,31622.8
1021968,6.0,17782.8
1021972,5.84,14125.4
1021975,5.24,12589.3
1021978,3.54,15848.9
1021981,5.98,3548.1
1021989,5.85,39810.7
1021993,5.97,15848.9
1021994,5.26,28183.8
1021996,5.27,22387.2
1022006,5.22,707.9
1022017,5.21,35481.3
1022021,5.9,31622.8
1022043,4.21,28183.8
1022053,5.71,17782.8
1022075,5.36,6309.6
1022093,4.55,446.7
1022099,4.0,11220.2
1022106,5.01,31622.8
1022107,3.58,35481.3
1022109,5.29,25118.9
1022114,2.45,12589.3
1022117,4.49,7943.3
1022122,4.91,28183.8
1022133,5.26,707.9
1022135,6.08,22387.2
1022145,5.02,17782.8
1022153,5.47,25.1
1022156,5.14,10000.0
1022169,5.33,25118.9
1022170,3.86,10000.0
1022171,4.85,17782.8
1022183,5.78,15848.9
1022188,4.29,44668.4
1022200,4.63,31622.8
1022208,5.64,223.9
1022219,3.93,3981.1
1022239,5.5,28183.8
1022253,6.19,251.2
1022268,5.59,707.9
1022285,4.23,17782.8
1022293,5.93,39810.7
1022296,6.3,22387.2
1022298,4.95,19952.6
1022299,4.67,2511.9
1022300,5.59,12589.3
1022315,5.41,11220.2
1022321,5.53,22387.2
1022322,5.44,22387.2
1022324,4.89,15848.9
1022325,4.94,4466.8
1022332,5.34,19952.6
1022339,5.28,22387.2
1022348,5.53,19952.6
1022355,5.55,10000.0
1022368,5.55,1412.5
1022372,4.27,28183.8
1022374,5.99,12589.3
1022377,4.89,14125.4
1022407,4.66,14125.4
1022422,4.05,28183.8
1022423,6.1,7943.3
1022426,4.0,39810.7
1022428,6.12,11220.2
1022429,5.05,10610.1
1022433,5.21,25118.9
1022435,5.22,22387.2
1022442,3.42,251.2
1022445,5.27,19952.6
1022460,4.65,6309.6
1022462,5.09,6309.6
1022467,5.6,14125.4
1022476,4.54,14125.4
1022479,6.02,12589.3
1022489,5.76,6309.6
1022498,5.78,5011.9
1022501,4.13,7943.3
1022535,3.64,15848.9
1022543,5.12,17782.8
1022548,4.68,1778.3
1022549,4.51,11220.2
1022555,5.21,562.3
1022559,3.31,2511.9
1022560,4.86,17782.8
1022561,4.82,15848.9
1022579,4.85,25118.9
1022588,5.51,12589.3
1022595,3.42,44668.4
1022597,5.28,5011.9
1022601,6.72,15848.9
1022605,4.34,22387.2
1022606,5.56,1995.3
1022613,5.52,44668.4
1022628,4.38,5011.9
1022630,4.64,7943.3
1022636,3.33,707.9
1022647,4.98,31622.8
1022650,5.54,25118.9
1022653,4.71,19952.6
1022662,5.08,12589.3
1022670,4.86,22387.2
1022677,5.9,22387.2
1022686,5.79,31622.8
1022700,4.83,39810.7
1022702,3.76,14125.4
1022710,4.52,17782.8
1022713,3.69,19952.6
1022719,3.88,15848.9
1022720,5.8,8912.5
1022727,4.59,28183.8
1022728,3.71,10000.0
1022736,4.94,3162.3
1022751,4.95,10000.0
1022764,6.04,39810.7
1022782,5.62,3548.1
1022790,5.62,25118.9
1022791,2.64,7079.5
1022793,3.03,35481.3
1022794,3.94,14987.15
1022795,5.45,3162.3
1022796,5.41,13357.35
1022805,5.74,39810.7
1022806,6.22,28183.8
1022810,4.83,39810.7
1022819,6.54,12589.3
1022820,4.41,15848.9
1022828,6.19,5011.9
1022836,5.06,22387.2
1022844,3.7,8912.5
1022846,5.3,1000.0
1022848,3.8,1995.3
1022870,5.12,19952.6
1022877,5.45,39810.7
1022899,6.16,12589.3
1022905,3.22,11220.2
1022908,5.96,17782.8
1022909,5.79,12589.3
1022910,5.68,11220.2
1022916,5.69,35481.3
1022922,4.52,141.3
1022943,4.63,28183.8
1022945,5.57,31622.8
1022966,4.56,3162.3
1023011,2.89,15848.9
1023015,3.06,7079.5
1023028,4.72,8912.5
1023032,5.62,31622.8
1023036,5.55,25118.9
1023050,4.47,44668.4
1023053,5.77,39810.7
1023054,5.11,19952.6
1023058,4.39,39810.7
1023061,4.14,44668.4
1023082,3.66,12589.3
1023084,4.25,17782.8
1023088,5.44,25118.9
1023093,5.98,12589.3
1023096,5.04,6309.6
1023102,4.81,44668.4
1023111,5.58,12589.3
1023113,5.48,39810.7
1023133,6.08,39810.7
1023139,5.49,14125.4
1023140,3.83,2511.9
1023157,6.36,28183.8
1023162,5.21,1778.3
1023164,4.92,31622.8
1023170,5.6,17782.8
1023172,4.64,223.9
1023179,5.69,12589.3
1023190,6.05,562.3
1023192,5.67,3981.1
1023211,5.51,6309.6
1023212,6.06,31622.8
1023218,5.47,17782.8
1023222,5.61,11220.2
1023224,5.96,794.3
1023227,5.54,39810.7
1023235,5.24,15848.9
1023272,3.78,15848.9
1023280,3.24,12589.3
1023287,5.88,17782.8
1023292,5.21,22387.2
1023304,2.11,39810.7
1023309,3.62,8427.9
1023315,5.41,25118.9
1023325,5.62,25.1
1023337,5.51,8427.9
1023342,6.17,10610.1
1023355,4.93,39810.7
1023363,3.19,7943.3
1023365,5.28,12589.3
1023368,4.63,28183.8
1023380,4.55,22387.2
1023382,5.41,7079.5
1023410,4.37,11220.2
1023419,4.83,19952.6
1023428,3.97,10000.0
1023431,4.6,19952.6
1023440,3.2,14125.4
1023450,5.69,31622.8
1023452,6.17,6309.6
1023454,5.34,39810.7
1023457,5.0,14125.4
1023485,5.22,19952.6
1023486,4.23,1995.3
1023487,5.58,17782.8
1023497,4.95,22387.2
1023514,5.6,14125.4
1023518,5.38,8912.5
1023520,4.29,12589.3
1023536,4.63,35481.3
1023541,4.91,11220.2
1023546,5.87,3981.1
1023547,5.74,28183.8
1023548,6.19,39810.7
1023550,4.85,28183.8
1023557,6.37,28183.8
1023558,4.05,7079.5
1023576,5.88,28183.8
1023583,5.42,18867.7
1023601,4.61,28183.8
1023603,5.63,12589.3
1023605,3.93,31622.8
1023614,5.23,31622.8
1023615,5.67,17782.8
1023619,5.36,6309.6
1023621,5.2,31622.8
1023622,5.09,4466.8
1023633,5.8,1258.9
1023639,5.74,31622.8
1023641,3.28,39810.7
1023643,5.32,11220.2
1023653,5.8,6309.6
1023660,5.29,35481.3
1023668,5.39,14125.4
1023675,6.21,19952.6
1023677,6.2,14125.4
1023680,4.34,15848.9
1023731,4.77,14125.4
1023740,5.23,44668.4
1023751,5.31,28183.8
1023754,5.33,5011.9
1023761,5.95,17782.8
1023767,4.49,39810.7
1023770,4.93,12589.3
1023776,5.62,25118.9
1023779,2.87,21169.9
1023789,4.16,19952.6
1023819,4.09,39810.7
1023820,4.89,28183.8
1023822,4.92,25118.9
1023829,5.73,25118.9
1023838,5.52,15848.9
1023848,4.41,11904.75
1023865,3.68,14125.4
1023878,5.05,31622.8
1023887,5.11,2511.9
1023902,5.31,14125.4
1023905,5.59,12589.3
1023907,4.23,11220.2
1023936,3.91,39810.7
1023942,4.98,22387.2
1023951,5.09,39810.7
1023962,4.71,19952.6
1023964,5.82,31622.8
1023968,4.87,22387.2
1023978,5.24,11220.2
1023979,5.49,35481.3
1023995,6.19,12589.3
1024016,3.8,4466.8
1024023,4.53,3162.3
1024026,5.49,10000.0
1024030,3.64,14987.15
1024033,5.66,17782.8
1024034,5.89,10000.0
1024048,5.24,39810.7
1024060,4.56,35481.3
1024067,5.74,10000.0
1024076,2.94,39810.7
1024087,5.18,22387.2
1024089,4.19,25118.9
1024095,5.45,35481.3
1024113,3.84,8912.5
1024115,3.25,12589.3
1024126,4.74,17782.8
1024134,4.28,1000.0
1024136,4.6,15848.9
1024138,5.38,10000.0
1024140,3.24,39810.7
1024144,5.24,22387.2
1024148,3.7,31622.8
1024151,6.15,251.2
1024157,5.54,31622.8
1024164,5.21,15848.9
1024174,5.6,39810.7
1024180,4.22,1412.5
1024182,5.36,16815.85
1024184,5.5,12589.3
1024195,4.43,12589.3
1024196,5.8,39810.7
1024208,3.44,19952.6
1024230,3.73,501.2
1024233,5.6,26651.35
1024236,4.28,39810.7
1024244,3.75,8912.5
1024253,5.49,7079.5
1024254,6.21,28183.8
1024264,5.14,794.3
1024274,4.84,17782.8
1024276,5.67,39810.7
1024283,5.35,25118.9
1024292,6.28,12.6
1024295,5.91,10000.0
1024298,5.13,14125.4
1024299,4.59,44668.4
1024311,5.62,25118.9
1024326,5.53,31622.8
1024370,2.8,39810.7
1024374,5.34,14125.4
1024388,6.2,19952.6
1024408,5.14,25118.9
1024415,4.16,6309.6
1024436,4.85,17782.8
1024437,5.04,7079.5
1024443,4.21,39810.7
1024453,4.37,5623.4
1024457,5.79,25118.9
1024488,5.53,6309.6
1024489,5.72,44668.4
1024495,5.09,39810.7
1024520,5.59,22387.2
1024525,5.76,14125.4
1024538,4.11,15848.9
1024539,5.92,1000.0
1024541,4.07,25118.9
1024552,4.35,39810.7
1024553,5.15,29903.3
1024564,5.0,1122.0
1024583,4.92,39810.7
1024596,5.1,17782.8
1024602,3.6,3162.3
1024609,5.81,14125.4
1024627,4.67,3162.3
1024640,4.86,15848.9
1024642,5.93,19952.6
1024647,5.74,19952.6
1024650,5.58,8912.5
1024662,6.08,1122.0
1024666,3.72,25.1
1024685,3.87,14125.4
1024697,6.07,31622.8
1024699,4.97,22387.2
1024704,5.87,15848.9
1024719,4.4,11220.2
1024736,1.39,28183.8
1024738,5.29,14125.4
1024752,4.47,11220.2
1024758,4.85,12589.3
1024766,4.82,11220.2
1024767,4.85,14125.4
1024770,5.05,28183.8
1024775,5.02,31622.8
1024782,5.84,39810.7
1024784,4.1,158.5
1024788,5.68,891.3
1024798,5.33,10610.1
1024816,5.42,31622.8
1024817,3.46,281.8
1024830,5.67,22387.2
1024846,4.42,25118.9
1024848,4.39,1258.9
1024853,5.63,19952.6
1024864,5.18,7943.3
1024870,5.01,28183.8
1024878,5.56,5623.4
1024886,5.41,17782.8
1024928,5.56,39810.7
1024930,5.79,35481.3
1024941,5.57,3548.1
1024945,5.87,3162.3
1024946,4.81,1995.3
1024959,4.32,44668.4
1024961,5.11,19952.6
1024976,5.49,5011.9
1024980,5.47,2511.9
1024984,6.57,14125.4
1024985,5.26,25118.9
1024987,2.41,28183.8
1024995,5.48,11220.2
1025004,5.91,28183.8
1025006,3.23,17782.8
1025011,5.47,39810.7
1025014,4.95,23753.05
1025028,4.88,35481.3
1025031,5.52,891.3
1025035,4.88,25118.9
1025037,5.59,25118.9
1025048,5.12,15848.9
1025059,4.26,2818.4
1025060,4.89,2511.9
1025069,5.36,12589.3
1025073,4.38,5011.9
1025075,4.38,22387.2
1025079,4.75,39810.7
1025084,5.43,39810.7
1025096,4.45,316.2
1025114,5.65,7943.3
1025115,5.43,10000.0
1025117,4.87,17782.8
1025123,5.65,631.0
1025139,6.09,14125.4
1025140,5.24,19952.6
1025147,3.41,5623.4
1025149,5.07,28183.8
1025156,5.35,25118.9
1025159,4.16,39810.7
1025174,5.62,14125.4
1025181,5.23,1000.0
1025184,5.88,1778.3
1025186,5.36,15848.9
1025190,5.56,6309.6
1025206,5.5,7943.3
1025218,2.92,28183.8
1025224,3.36,44668.4
1025228,5.45,12589.3
1025255,4.93,17782.8
1025258,4.09,18867.7
1025259,5.96,1584.9
1025290,5.26,10000.0
1025300,4.85,14125.4
1025303,5.83,17782.8
1025311,5.76,17782.8
1025314,5.74,4466.8
1025322,4.51,14125.4
1025323,5.49,14125.4
1025331,5.48,31.6
1025354,3.26,446.7
1025355,5.67,1412.5
1025358,5.64,10000.0
1025360,6.04,44668.4
1025362,5.47,19952.6
1025369,5.7,28183.8
1025380,4.6,12589.3
1025394,4.59,28183.8
1025410,3.45,3981.1
1025424,5.81,12589.3
1025428,5.49,3981.1
1025446,5.77,3981.1
1025450,4.79,25118.9
1025454,2.67,22387.2
1025468,6.14,10000.0
1025473,3.56,35481.3
1025496,4.38,707.9
1025497,5.28,44668.4
1025501,4.84,15848.9
1025505,5.26,28183.8
1025506,6.35,31622.8
1025508,3.92,14125.4
1025522,6.13,3548.1
1025524,5.66,28183.8
1025528,6.3,4466.8
1025543,5.58,14125.4
1025545,6.06,17782.8
1025548,4.21,1778.3
1025562,4.98,4466.8
1025576,4.29,17782.8
1025579,5.2,17782.8
1025587,4.15,10000.0
1025590,5.01,14125.4
1025607,5.36,15848.9
1025617,4.11,31622.8
1025618,6.06,1258.9
1025619,3.84,7079.5
1025620,4.65,8912.5
1025625,5.88,15848.9
1025638,4.33,19952.6
1025640,4.98,3548.1
1025643,5.75,25118.9
1025648,5.56,4466.8
1025655,5.38,31622.8
1025658,5.71,1995.3
1025669,5.38,22387.2
1025672,4.0,22387.2
1025680,4.09,28183.8
1025686,5.7,35481.3
1025690,4.13,7943.3
1025691,5.88,11220.2
1025692,4.18,11220.2
1025697,5.57,39810.7
1025702,5.56,11220.2
1025703,5.37,31622.8
1025711,4.69,39810.7
1025722,5.31,28183.8
1025735,5.38,8912.5
1025737,6.0,13357.35
1025740,4.93,1584.9
1025745,5.78,25118.9
1025751,5.98,35481.3
1025757,4.55,28183.8
1025759,3.27,2238.7
1025767,6.01,707.9
1025780,5.72,14125.4
1025781,4.62,14125.4
1025783,5.82,3548.1
1025784,3.58,5011.9
1025787,6.0,15848.9
1025794,2.94,28183.8
1025796,5.63,8912.5
1025799,5.49,10000.0
1025804,3.19,25118.9
1025831,3.85,19952.6
1025837,4.2,37646.0
1025848,5.44,1122.0
1025850,5.93,631.0
1025853,5.45,17782.8
1025868,4.95,1412.5
1025872,3.76,19952.6
1025873,6.15,22387.2
1025874,3.63,14125.4
1025882,5.68,14125.4
1025898,3.6,14125.4
1025901,4.72,22387.2
1025913,3.72,8912.5
1025914,5.25,29903.3
1025916,5.26,12589.3
1025922,4.73,39810.7
1025930,5.68,39810.7
1025932,4.81,22387.2
1025970,3.52,10000.0
1025988,5.14,10000.0
1025998,5.24,14125.4
1026000,4.53,39810.7
1026005,4.57,2818.4
1026012,2.46,11220.2
1026019,5.85,22387.2
1026027,6.14,2511.9
1026028,5.38,19952.6
1026029,5.98,17782.8
1026030,5.33,31622.8
1026032,5.01,44668.4
1026035,3.59,31622.8
1026044,3.68,25118.9
1026049,5.67,3162.3
1026052,4.64,5623.4
1026058,5.61,10000.0
1026068,2.99,25118.9
1026078,3.71,12589.3
1026104,4.92,14987.15
1026106,5.62,25118.9
1026111,4.62,14125.4
1026129,5.94,5011.9
1026143,5.43,5011.9
1026157,5.05,39810.7
1026158,5.39,15848.9
1026159,5.81,12589.3
1026163,6.14,4466.8
1026183,3.11,28183.8
1026187,5.23,11220.2
1026208,5.62,707.9
1026216,5.53,631.0
1026219,3.88,19952.6
1026221,4.69,39810.7
1026229,4.98,44668.4
1026244,5.73,11220.2
1026246,5.75,9456.25
1026247,4.24,17782.8
1026255,6.11,39810.7
1026257,5.84,22387.2
1026269,5.22,17782.8
1026275,4.41,15848.9
1026290,5.26,794.3
1026301,5.7,14125.4
1026302,5.61,35481.3
1026313,5.6,44668.4
1026320,5.54,25118.9
1026325,5.08,39810.7
1026327,5.89,19952.6
1026340,5.86,398.1
1026350,4.92,12589.3
1026354,5.57,11220.2
1026358,3.16,1258.9
1026368,5.67,15848.9
1026376,5.07,14125.4
1026385,3.38,31622.8
1026390,3.83,22387.2
1026394,4.58,39810.7
1026395,5.18,1258.9
1026403,5.43,15848.9
1026404,4.51,5623.4
1026421,4.38,8912.5
1026426,6.05,17782.8
1026439,4.66,39810.7
1026441,5.44,3162.3
1026447,5.71,3548.1
1026448,3.73,8912.5
1026466,2.01,15848.9
1026491,3.7,8912.5
1026500,4.29,31622.8
1026502,3.81,19952.6
1026516,1.92,6309.6
1026535,5.53,28183.8
1026550,4.3,19952.6
1026566,5.12,22387.2
1026570,5.6,2511.9
1026576,6.2,10610.1
1026599,4.62,14125.4
1026615,4.38,10000.0
1026616,5.65,1778.3
1026619,5.64,2238.7
1026637,4.53,14125.4
1026638,4.77,12589.3
1026639,5.85,31622.8
1026661,6.01,44668.4
1026666,4.48,11220.2
1026671,5.35,44668.4
1026672,5.41,631.0
1026684,6.09,22387.2
1026689,2.99,31622.8
1026693,4.83,15848.9
1026699,5.32,11220.2
1026707,5.13,22387.2
1026708,5.56,11220.2
1026714,5.57,3162.3
1026716,4.29,10000.0
1026717,5.86,10610.1
1026720,5.52,12589.3
1026742,2.75,22387.2
1026767,6.17,10000.0
1026778,3.62,17782.8
1026784,5.12,100.0
1026788,4.21,15848.9
1026799,4.37,39810.7
1026812,3.4,22387.2
1026815,5.32,14125.4
1026822,5.61,10000.0
1026829,5.89,28183.8
1026850,3.21,39810.7
1026866,4.46,31622.8
1026867,5.55,12589.3
1026875,1.94,28183.8
1026881,4.73,35481.3
1026886,4.39,19952.6
1026889,4.17,3548.1
1026893,6.09,14125.4
1026897,3.73,17782.8
1026900,5.27,1778.3
1026912,5.5,1584.9
1026916,5.24,15848.9
1026918,5.26,28183.8
1026919,5.55,12589.3
1026923,5.18,10000.0
1026963,6.42,14125.4
1026965,5.32,28183.8
1026967,3.92,39810.7
1026992,3.94,19952.6
1027001,5.34,31622.8
1027014,6.01,10000.0
1027020,3.83,15848.9
1027024,4.56,17782.8
1027027,4.5,25118.9
1027052,5.61,5623.4
1027054,4.12,39810.7
1027057,5.06,25118.9
1027069,4.99,12589.3
1027071,4.66,28183.8
1027078,4.49,19952.6
1027080,5.3,794.3
1027084,6.19,28183.8
1027089,5.74,12589.3
1027095,2.87,14125.4
1027107,4.37,11220.2
1027109,4.79,31622.8
1027137,3.24,5011.9
1027159,5.43,14125.4
1027163,6.12,39810.7
1027168,4.28,794.3
1027169,4.63,28183.8
1027172,5.02,7943.3
1027192,5.01,11220.2
1027194,5.83,28183.8
1027202,6.02,22387.2
1027205,4.88,22387.2
1027208,3.37,8912.5
1027215,4.39,8912.5
1027217,4.42,17782.8
1027235,5.88,1412.5
1027236,4.63,18867.7
1027240,6.42,3981.1
1027257,6.08,19952.6
1027258,6.43,15848.9
1027259,5.47,15848.9
1027264,4.73,12589.3
1027268,3.6,12589.3
1027272,4.72,2238.7
1027297,4.51,7943.3
1027299,5.34,15848.9
1027306,4.65,3548.1
1027307,3.32,25118.9
1027318,4.32,1122.0
1027329,3.91,28183.8
1027332,4.17,12589.3
1027366,5.6,39810.7
1027367,5.58,12589.3
1027378,5.88,15848.9
1027389,4.74,22387.2
1027444,5.72,251.2
1027446,4.22,14125.4
1027448,4.86,3162.3
1027452,3.92,15848.9
1027464,4.84,891.3
1027470,3.17,31622.8
1027483,4.88,11220.2
1027486,5.42,2511.9
1027487,5.15,31622.8
1027493,5.87,35481.3
1027521,5.89,8427.9
1027527,4.9,2238.7
1027532,6.15,28183.8
1027533,5.91,31622.8
1027544,5.8,39810.7
1027551,5.75,25118.9
1027552,3.55,28183.8
1027562,4.37,39810.7
1027583,5.36,15848.9
1027584,3.66,35481.3
1027591,5.04,14125.4
1027603,6.14,17782.8
1027604,5.57,10000.0
1027605,3.88,3981.1
1027610,6.1,15848.9
1027615,2.72,15848.9
1027635,3.7,19952.6
1027637,5.01,11220.2
1027649,6.14,354.8
1027656,5.0,39810.7
1027660,3.88,7943.3
1027662,5.02,28183.8
1027665,4.28,707.9
1027672,4.26,14125.4
1027683,5.98,39810.7
1027701,5.05,17782.8
1027716,6.37,7079.5
1027720,5.88,7079.5
1027736,5.66,35481.3
1027739,4.21,4223.95
1027741,5.02,14987.15
1027748,4.73,35481.3
1027763,2.58,17782.8
1027769,3.83,7943.3
1027773,5.45,12589.3
1027774,5.53,14987.15
1027790,4.59,14125.4
1027794,4.46,14987.15
1027796,4.56,44668.4
1027810,3.21,25118.9
1027821,4.61,17782.8
1027832,5.27,1584.9
1027857,5.47,15848.9
1027862,4.27,19952.6
1027865,5.63,19952.6
1027866,5.06,17782.8
1027878,3.16,39810.7
1027880,6.01,4466.8
1027891,4.16,14125.4
1027893,5.11,25118.9
1027896,5.75,12589.3
1027901,5.19,15848.9
1027911,4.83,35481.3
1027923,5.84,15848.9
1027927,5.61,19952.6
1027932,4.48,2511.9
1027934,5.57,21169.9
1027972,5.04,31622.8
1027981,3.1,28183.8
1027983,5.58,12589.3
1027994,4.02,39810.7
1027997,5.66,17782.8
1028020,6.03,39810.7
1028024,4.64,44668.4
1028035,4.76,28183.8
1028040,6.14,25118.9
1028044,4.42,11220.2
1028045,6.34,17782.8
1028046,5.55,19952.6
1028056,4.01,15848.9
1028058,5.29,8912.5
1028064,5.56,16815.85
1028067,5.77,25118.9
1028073,4.48,28183.8
1028075,3.3,15848.9
1028083,4.47,12589.3
1028089,4.36,26651.35
1028095,5.72,2238.7
1028101,5.63,9456.25
1028120,5.83,3764.6
1028134,4.18,1122.0
1028148,3.71,38367.566666666666
1028149,5.1,31622.8
1028150,5.7,25118.9
1028156,3.73,14125.4
1028158,6.07,631.0
1028160,4.08,29903.3
1028161,4.78,5623.4
1028180,4.33,7943.3
1028191,5.67,251.2
1028196,5.59,11220.2
1028208,4.54,44668.4
1028209,4.43,24208.333333333332
1028214,5.96,35481.3
1028230,2.91,28183.8
1028235,3.55,158.5
1028245,5.5,3981.1
1028253,4.99,7079.5
1028254,4.19,17782.8
1028255,5.47,14125.4
1028267,5.61,17782.8
1028273,6.21,17782.8
1028274,4.92,25118.9
1028282,6.04,22387.2
1028287,5.25,39810.7
1028289,5.36,22387.2
1028292,5.66,28183.8
1028293,4.24,39810.7
1028297,2.73,19952.6
1028302,5.53,25118.9
1028318,5.74,15848.9
1028325,5.35,12589.3
1028328,3.98,15848.9
1028342,4.76,35481.3
1028344,4.1,15848.9
1028357,4.79,17782.8
1028360,5.16,44668.4
1028369,4.9,19952.6
1028371,4.63,25118.9
1028372,2.65,28183.8
1028373,5.75,39810.7
1028382,5.18,10000.0
1028397,4.22,25118.9
1028406,5.91,112.2
1028407,3.96,39810.7
1028411,4.49,8912.5
1028416,3.77,31622.8
1028430,4.78,14125.4
1028459,5.21,1995.3
1028472,5.66,35481.3
1028489,5.45,31622.8
1028490,4.95,39810.7
1028506,4.04,14987.15
1028522,4.06,39810.7
1028537,6.32,12589.3
1028543,3.59,11220.2
1028550,4.12,22387.2
1028556,6.72,39810.7
1028563,3.96,10000.0
1028565,2.86,19952.6
1028570,4.21,19952.6
1028573,4.5,1778.3
1028576,5.0,25118.9
1028585,3.96,28183.8
1028588,5.68,22387.2
1028591,5.61,8912.5
1028592,4.94,14125.4
1028597,5.13,28183.8
1028605,5.54,17782.8
1028606,5.72,14125.4
1028615,3.81,15848.9
1028618,6.09,39810.7
1028619,5.08,14125.4
1028621,4.92,15848.9
1028624,5.62,12589.3
1028632,5.38,1122.0
1028659,5.55,44668.4
1028663,5.21,14125.4
1028665,3.63,12589.3
1028677,6.25,39810.7
1028678,4.4,14125.4
1028679,5.33,794.3
1028683,5.05,1995.3
1028685,5.88,398.1
1028686,5.89,39810.7
1028693,5.54,39810.7
1028709,4.47,21169.9
1028715,3.58,25118.9
1028716,5.0,44668.4
1028730,4.16,31622.8
1028761,5.83,39810.7
1028762,1.96,25.1
1028770,4.6,18867.7
1028778,2.33,15848.9
1028780,3.22,23753.05
1028790,4.92,39810.7
1028795,3.69,42239.55
1028802,5.97,1412.5
1028805,5.1,11904.75
1028820,4.06,35481.3
1028821,4.41,9456.25
1028823,4.51,18867.7
1028833,5.55,1258.9
1028846,3.54,2511.9
1028854,2.75,28183.8
1028859,4.02,8912.5
1028864,5.41,19952.6
1028899,5.11,14125.4
1028914,4.66,18867.7
1028928,5.52,15848.9
1028935,4.96,10000.0
1028939,5.15,31622.8
1028949,4.45,39810.7
1028958,5.46,8912.5
1028964,4.91,6309.6
1028972,3.51,10000.0
1028994,5.11,31622.8
1029007,4.36,22387.2
1029021,4.41,35481.3
1029023,4.53,35481.3
1029046,4.62,1122.0
1029062,4.99,2238.7
1029075,5.26,17782.8
1029077,4.62,12589.3
1029085,5.49,9456.25
1029091,4.51,39810.7
1029094,4.01,7079.5
1029100,3.87,39810.7
1029104,4.35,28183.8
1029110,5.74,22387.2
1029115,3.66,29903.3
1029116,4.47,22387.2
1029118,5.59,12589.3
1029121,5.92,44668.4
1029123,3.57,14125.4
1029132,3.69,12589.3
1029149,5.5,31622.8
1029150,5.07,19952.6
1029155,5.97,39810.7
1029168,4.74,28183.8
1029174,4.51,39810.7
1029180,3.54,31622.8
1029188,3.67,11220.2
1029191,6.62,29903.3
1029192,4.49,15848.9
1029200,5.77,6309.6
1029218,5.3,12589.3
1029225,5.74,25118.9
1029230,5.46,3162.3
1029239,5.5,39810.7
1029240,6.55,31622.8
1029262,4.04,14125.4
1029263,5.67,19952.6
1029264,5.27,4466.8
1029277,5.64,33552.05
1029291,4.03,31622.8
1029316,5.05,10000.0
1029321,5.3,794.3
1029330,4.39,4466.8
1029331,4.04,39810.7
1029333,5.05,22387.2
1029348,5.99,12589.3
1029371,4.96,28183.8
1029375,5.35,15848.9
1029382,5.01,25118.9
1029384,4.13,12589.3
1029386,4.32,11220.2
1029396,5.27,35481.3
1029398,4.02,1000.0
1029403,5.73,10000.0
1029406,5.84,31622.8
1029422,3.5,12589.3
1029439,5.63,19952.6
1029447,4.7,16815.85
1029457,4.43,112.2
1029463,5.45,25118.9
1029483,4.55,13357.35
1029497,2.73,17782.8
1029498,5.14,3981.1
1029513,2.68,7943.3
1029534,4.4,19952.6
1029537,6.01,19952.6
1029540,5.45,39810.7
1029544,4.35,22387.2
1029554,4.33,17782.8
1029562,5.35,14125.4
1029570,1.78,28183.8
1029581,5.43,631.0
1029584,7.13,35481.3
1029585,5.15,12589.3
1029589,5.33,31622.8
1029606,4.12,1000.0
1029629,5.82,3548.1
1029630,5.93,19952.6
1029653,5.17,14125.4
1029695,4.5,12589.3
1029701,4.05,31622.8
1029716,3.21,19952.6
1029722,4.39,35481.3
1029745,5.45,501.2
1029754,5.92,28183.8
1029759,4.29,44668.4
1029782,3.63,39810.7
1029802,3.16,63.1
1029827,3.96,39810.7
1029834,3.98,354.8
1029837,4.07,17782.8
1029840,4.52,8912.5
1029843,4.83,31622.8
1029846,6.28,8912.5
1029849,5.15,15848.9
1029852,4.79,14125.4
1029853,5.29,562.3
1029858,5.06,223.9
1029861,4.48,3981.1
1029879,3.69,39810.7
1029886,5.38,22387.2
1029895,4.3,25.1
1029899,5.63,44668.4
1029924,6.23,8912.5
1029930,5.34,501.2
1029931,3.61,7943.3
1029934,4.71,12589.3
1029938,5.76,12589.3
1029944,4.77,15848.9
1029947,4.95,39810.7
1029949,3.91,5011.9
1029951,5.55,25118.9
1029959,5.63,11220.2
1029966,6.05,39810.7
1029967,5.59,14125.4
1029969,5.91,501.2
1029970,5.49,631.0
1029974,5.75,3548.1
1029981,4.52,12589.3
1029987,4.07,10000.0
1029992,3.94,39810.7
1029997,5.41,11220.2
1030010,4.36,14125.4
1030012,5.36,8912.5
1030014,5.26,28183.8
1030016,6.07,31622.8
1030032,5.57,7943.3
1030033,5.92,28183.8
1030039,4.68,31622.8
1030053,5.18,3981.1
1030058,5.72,14125.4
1030077,3.8,17782.8
1030085,5.06,35481.3
1030099,5.16,15848.9
1030109,2.0,25118.9
1030115,4.97,14125.4
1030116,4.75,15848.9
1030117,5.66,14125.4
1030122,2.79,31622.8
1030135,4.13,21575.666666666668
1030140,4.27,35481.3
1030143,5.47,29903.3
1030145,5.37,12589.3
1030152,6.03,12589.3
1030154,4.84,15848.9
1030169,6.22,44668.4
1030189,5.31,22387.2
1030191,3.1,14125.4
1030199,5.65,12589.3
1030207,5.31,707.9
1030212,5.56,5011.9
1030213,5.71,12589.3
1030224,4.74,13357.35
1030228,4.72,35481.3
1030233,4.51,4466.8
1030237,4.57,8912.5
1030240,5.48,5011.9
1030244,4.26,39810.7
1030266,5.61,7943.3
1030274,5.75,44668.4
1030283,2.73,19952.6
1030287,5.43,16815.85
1030296,5.64,39810.7
1030301,4.89,10000.0
1030303,5.25,12589.3
1030309,4.22,35481.3
1030313,4.06,14987.15
1030320,5.93,794.3
1030342,6.07,12589.3
1030345,3.48,7079.5
1030348,5.71,22387.2
1030367,6.09,25118.9
1030371,3.68,10000.0
1030374,5.11,5623.4
1030379,5.71,28183.8
1030403,5.75,31622.8
1030405,4.36,21169.9
1030407,3.74,10000.0
1030419,5.48,3162.3
1030420,5.28,501.2
1030421,5.89,39810.7
1030424,5.71,4466.8
1030433,4.31,15848.9
1030436,5.28,12589.3
1030440,4.32,7943.3
1030456,3.98,19952.6
1030463,4.89,1122.0
1030467,4.87,15848.9
1030480,4.96,19952.6
1030481,5.57,14125.4
1030485,6.09,44668.4
1030487,5.95,44668.4
1030505,4.19,23753.05
1030508,3.97,26651.35
1030515,4.19,7943.3
1030519,5.44,19952.6
1030520,5.2,25118.9
1030553,4.18,28183.8
1030554,6.09,12589.3
1030561,5.35,11220.2
1030565,5.59,3548.1
1030569,4.15,3981.1
1030577,3.44,35481.3
1030587,3.81,10000.0
1030589,5.03,39810.7
1030596,5.83,25118.9
1030600,4.51,28183.8
1030610,6.27,1122.0
1030616,5.35,10000.0
1030617,4.44,15848.9
1030637,4.63,33552.05
1030639,5.27,17782.8
1030645,4.14,19952.6
1030660,4.87,44668.4
1030663,5.2,10000.0
1030668,5.14,12589.3
1030674,4.72,11220.2
1030683,3.79,29903.3
1030684,5.26,3981.1
1030692,5.59,14125.4
1030693,4.3,14125.4
1030694,5.4,39810.7
1030697,4.39,11220.2
1030707,5.45,6309.6
1030709,4.54,1584.9
1030711,6.18,19952.6
1030721,4.7,22387.2
1030723,4.44,7079.5
1030747,4.75,158.5
1030755,4.87,28183.8
1030763,5.46,31622.8
1030764,5.35,12589.3
1030767,4.93,5011.9
1030776,3.14,19952.6
1030795,4.92,10000.0
1030804,5.16,14125.4
1030806,5.84,39810.7
1030808,5.63,22387.2
1030817,2.07,28183.8
1030827,3.22,31622.8
1030831,5.51,28183.8
1030832,3.81,14987.15
1030840,3.43,31622.8
1030862,5.12,5011.9
1030865,5.41,199.5
1030868,4.51,3981.1
1030870,5.78,15848.9
1030877,5.2,8912.5
1030889,3.1,39810.7
1030895,4.79,28183.8
1030907,6.2,39810.7
1030920,4.74,28183.8
1030929,5.01,891.3
1030930,4.38,19952.6
1030933,5.79,31622.8
1030943,3.91,17782.8
1030951,5.71,31622.8
1030954,3.88,15848.9
1030957,5.74,2818.4
1030975,5.75,39810.7
1030988,4.61,16815.85
1030997,5.83,25118.9
1031000,5.19,7079.5
1031015,6.31,25118.9
1031016,4.0,6309.6
1031041,3.39,354.8
1031042,3.71,25118.9
1031049,5.81,14987.15
1031052,5.96,794.3
1031063,4.73,39810.7
1031066,5.96,10000.0
1031071,5.8,10000.0
1031087,4.26,10000.0
1031102,3.61,10000.0
1031105,4.82,35481.3
1031106,5.26,25118.9
1031130,5.81,2238.7
1031133,6.05,17782.8
1031135,4.33,15848.9
1031160,4.36,15848.9
1031165,5.56,17782.8
1031170,5.96,3548.1
1031184,5.45,39810.7
1031188,4.76,35481.3
1031193,3.27,7079.5
1031200,3.92,28183.8
1031202,6.06,2818.4
1031203,4.17,25118.9
1031214,5.46,14125.4
1031217,4.35,25118.9
1031233,6.46,3548.1
1031237,3.7,15848.9
1031246,4.72,17782.8
1031250,3.68,14125.4
1031255,5.75,22387.2
1031258,4.1,31622.8
1031264,5.19,15848.9
1031265,3.04,8912.5
1031267,5.31,11904.75
1031268,5.59,39810.7
1031269,3.91,10000.0
1031282,5.02,5623.4
1031283,4.11,6309.6
1031287,4.31,44668.4
1031289,4.64,25118.9
1031292,4.2,35481.3
1031301,5.57,11220.2
1031302,4.37,13357.35
1031303,6.01,17782.8
1031323,3.06,39810.7
1031331,5.06,2511.9
1031335,5.03,19952.6
1031336,5.02,15848.9
1031343,3.51,28183.8
1031378,5.7,35481.3
1031384,5.47,10610.1
1031390,4.89,14125.4
1031400,5.7,10610.1
1031411,5.13,11220.2
1031413,3.08,14125.4
1031433,5.35,19952.6
1031437,4.91,4466.8
1031440,5.17,22387.2
1031454,3.38,25118.9
1031461,4.34,14125.4
1031463,5.03,10000.0
1031468,4.19,15848.9
1031469,4.89,28183.8
1031483,6.03,14125.4
1031494,5.65,8912.5
1031495,4.71,2511.9
1031501,6.17,794.3
1031509,6.09,22387.2
1031521,5.01,28183.8
1031522,5.3,4466.8
1031534,4.72,14987.15
1031537,2.7,31622.8
1031547,5.94,21169.9
1031557,4.36,14125.4
1031575,4.27,28183.8
1031587,5.46,13357.35
1031589,3.35,19952.6
1031590,5.39,15848.9
1031591,5.89,5623.4
1031593,4.33,22387.2
1031597,4.59,2818.4
1031627,5.48,10000.0
1031630,4.22,891.3
1031632,5.1,3548.1
1031634,2.29,39810.7
1031642,5.44,31622.8
1031644,5.14,26651.35
1031647,5.56,22387.2
1031648,5.11,39810.7
1031651,1.66,8912.5
1031674,4.22,8912.5
1031688,5.83,316.2
1031694,5.17,354.8
1031695,5.83,14125.4
1031699,5.9,12589.3
1031701,5.26,7079.5
1031702,5.61,15848.9
1031707,6.07,7943.3
1031708,5.51,39810.7
1031729,5.89,39810.7
1031730,5.74,39810.7
1031746,5.61,28183.8
1031747,5.64,17782.8
1031761,3.71,31622.8
1031763,4.05,5011.9
1031777,5.65,25118.9
1031778,4.57,5623.4
1031779,4.25,3162.3
1031780,4.38,25118.9
1031796,5.79,19952.6
1031800,5.92,35481.3
1031803,3.88,28183.8
1031812,4.2,7079.5
1031819,3.7,39810.7
1031846,3.65,25118.9
1031873,4.31,31622.8
1031888,5.33,15848.9
1031893,4.07,35481.3
1031899,6.32,7943.3
1031908,5.16,35481.3
1031915,5.53,707.9
1031917,5.28,3548.1
1031925,4.39,35481.3
1031936,5.03,2818.4
1031944,5.28,1412.5
1031947,4.94,8912.5
1031955,5.3,707.9
1031959,3.89,39810.7
1031961,5.57,19952.6
1031963,5.83,39810.7
1031964,5.43,44668.4
1031968,5.2,17782.8
1031974,5.91,11220.2
1031975,6.16,10000.0
1031976,5.07,1778.3
1031979,5.82,15848.9
1031988,5.79,3162.3
1031994,3.48,251.2
1031995,5.78,15848.9
1032001,5.53,10000.0
1032003,5.09,31622.8
1032004,4.09,11220.2
1032008,6.28,39810.7
1032020,6.09,12589.3
1032027,6.68,25118.9
1032051,3.72,14125.4
1032058,5.27,562.3
1032064,5.66,14125.4
1032069,4.68,1995.3
1032079,3.96,89.1
1032091,5.55,17782.8
1032099,4.49,14125.4
1032112,3.15,8912.5
1032121,5.23,25118.9
1032160,2.57,44668.4
1032164,3.99,12589.3
1032177,4.24,12589.3
1032184,4.57,39810.7
1032188,3.57,17782.8
1032193,5.12,44668.4
1032202,5.3,17782.8
1032212,4.14,44668.4
1032232,5.79,12589.3
1032233,4.76,7943.3
1032240,6.03,2238.7
1032246,4.35,19952.6
1032273,5.11,15848.9
1032281,4.87,6309.6
1032291,3.87,7079.5
1032295,5.14,562.3
1032298,4.77,223.9
1032308,3.53,25118.9
1032310,4.43,3981.1
1032317,5.88,3548.1
1032325,4.39,28183.8
1032329,5.19,3548.1
1032336,5.47,39810.7
1032356,4.41,17782.8
1032365,5.33,15848.9
1032370,3.61,5011.9
1032372,4.42,10000.0
1032373,5.9,11220.2
1032410,4.39,17782.8
1032412,5.35,25118.9
1032414,4.95,15848.9
1032415,4.93,44668.4
1032419,1.79,31622.8
1032425,3.94,22387.2
1032428,3.82,22387.2
1032459,4.26,35481.3
1032461,5.19,35481.3
1032476,4.61,14125.4
1032487,5.38,14125.4
1032493,4.28,25118.9
1032494,4.37,7079.5
1032498,4.67,15848.9
1032500,3.87,12589.3
1032511,2.95,28183.8
1032515,4.07,31622.8
1032519,3.49,8912.5
1032524,5.59,3981.1
1032537,5.54,28183.8
1032544,5.99,22387.2
1032550,4.41,14125.4
1032551,4.75,8912.5
1032559,5.71,11220.2
1032562,5.99,1000.0
1032565,5.72,31622.8
1032573,5.55,14125.4
1032574,3.99,3162.3
1032594,5.1,8912.5
1032605,5.79,11220.2
1032606,3.11,12589.3
1032616,5.25,15848.9
1032620,5.46,15848.9
1032628,4.5,16815.85
1032632,5.96,35481.3
1032633,6.05,10000.0
1032641,5.55,28183.8
1032646,4.86,7079.5
1032666,3.33,12589.3
1032668,4.84,35481.3
1032671,5.11,39810.7
1032673,5.17,33552.05
1032676,5.54,39810.7
1032678,5.35,1122.0
1032679,4.73,35481.3
1032688,3.23,25.1
1032689,4.66,23753.05
1032693,6.24,25118.9
1032695,5.67,15848.9
1032703,5.48,15848.9
1032705,3.81,10000.0
1032707,5.49,25118.9
1032722,3.97,5011.9
1032727,5.13,39810.7
1032731,4.83,19952.6
1032739,3.36,8912.5
1032742,5.17,19952.6
1032745,5.13,14125.4
1032752,5.81,15848.9
1032753,3.35,39810.7
1032754,4.88,11220.2
1032761,5.61,1412.5
1032762,5.46,12589.3
1032765,5.23,13357.35
1032774,5.0,14125.4
1032782,6.07,35481.3
1032793,5.17,28183.8
1032795,3.67,39810.7
1032798,4.81,31622.8
1032801,3.27,31622.8
1032809,5.57,199.5
1032812,4.79,5011.9
1032813,4.84,11220.2
1032819,5.79,7079.5
1032823,4.92,25118.9
1032840,3.26,15848.9
1032845,4.83,39810.7
1032863,5.74,5011.9
1032879,4.3,14125.4
1032897,5.99,13357.35
1032907,4.95,44668.4
1032910,5.01,39810.7
1032919,4.61,39810.7
1032920,5.94,39810.7
1032948,6.06,4466.8
1032951,4.45,44668.4
1032952,5.17,11220.2
1032959,3.03,22387.2
1032980,4.67,14125.4
1032983,5.33,11220.2
1032992,4.59,19952.6
1032993,4.0,5623.4
1033000,5.52,31622.8
1033008,5.67,1412.5
1033028,4.6,28183.8
1033032,3.61,39810.7
1033034,3.98,31622.8
1033038,6.08,28183.8
1033040,5.32,22387.2
1033059,6.06,39810.7
1033061,3.45,3162.3
1033065,4.27,17782.8
1033076,3.72,158.5
1033079,4.56,17782.8
1033083,3.74,2511.9
1033087,5.05,35481.3
1033090,4.07,15848.9
1033098,4.71,14125.4
1033102,5.56,19952.6
1033118,5.39,17782.8
1033136,6.12,22387.2
1033152,3.91,35481.3
1033154,3.45,14125.4
1033155,5.19,6309.6
1033171,5.29,7943.3
1033184,4.45,39810.7
1033188,3.82,3548.1
1033190,4.59,22387.2
1033194,4.34,39810.7
1033196,4.94,13357.35
1033199,5.87,28183.8
1033203,4.88,28183.8
1033227,5.76,7943.3
1033231,5.59,28183.8
1033233,3.57,8912.5
1033238,3.4,12589.3
1033248,6.0,4466.8
1033270,4.28,4466.8
1033276,5.07,3548.1
1033281,2.43,56.2
1033293,4.62,10000.0
1033299,4.46,11220.2
1033307,5.4,7943.3
1033332,3.45,31622.8
1033338,6.09,6309.6
1033342,5.44,6309.6
1033356,4.14,11220.2
1033360,5.65,39810.7
1033361,4.58,14125.4
1033365,5.55,2818.4
1033366,3.7,15848.9
1033376,3.75,3548.1
1033382,4.51,14125.4
1033383,6.21,12589.3
1033392,5.88,12589.3
1033395,5.77,1258.9
1033398,5.17,15848.9
1033402,2.95,22387.2
1033423,4.82,22387.2
1033429,4.64,3548.1
1033439,6.26,39810.7
1033446,5.81,10000.0
1033450,4.78,3162.3
1033453,5.19,19952.6
1033456,4.79,3162.3
1033480,4.89,22387.2
1033487,4.94,1995.3
1033488,5.17,891.3
1033509,5.86,2818.4
1033511,5.18,22387.2
1033533,5.71,12589.3
1033535,4.99,25118.9
1033545,5.82,31622.8
1033548,5.24,22387.2
1033550,4.94,14125.4
1033551,5.46,17782.8
1033557,5.45,562.3
1033558,4.71,15848.9
1033574,2.73,22387.2
1033585,5.68,22387.2
1033587,4.97,22387.2
1033596,4.15,17782.8
1033606,5.12,11220.2
1033608,5.55,10000.0
1033617,5.52,15848.9
1033627,4.27,12589.3
1033628,5.0,15848.9
1033633,3.79,28183.8
1033635,3.42,3981.1
1033642,2.76,29903.3
1033643,5.34,17782.8
1033647,5.06,25118.9
1033662,5.19,31622.8
1033672,4.46,19952.6
1033678,5.28,17782.8
1033684,5.62,6309.6
1033689,5.35,11220.2
1033691,5.51,14125.4
1033695,5.32,14125.4
1033696,5.73,39810.7
1033704,5.67,14125.4
1033720,5.04,28183.8
1033725,5.47,14125.4
1033726,5.11,25118.9
1033735,5.59,2818.4
1033736,5.41,39810.7
1033738,5.86,17782.8
1033744,5.1,22387.2
1033751,4.53,25118.9
1033756,5.32,3981.1
1033765,2.15,22387.2
1033777,3.71,15848.9
1033782,5.2,28183.8
1033787,5.2,15848.9
1033788,4.38,8912.5
1033811,3.59,25118.9
1033817,4.68,14125.4
1033818,5.07,12589.3
1033820,5.25,12589.3
1033848,4.77,37646.0
1033872,5.51,14125.4
1033901,5.08,14125.4
1033905,4.7,28183.8
1033909,5.93,7511.4
1033912,6.31,28183.8
1033917,5.33,14125.4
1033919,5.1,14125.4
1033921,4.23,28183.8
1033923,3.9,19952.6
1033933,5.0,25118.9
1033935,5.69,14987.15
1033949,5.65,7079.5
1033950,4.51,1778.3
1033953,2.53,22387.2
1033959,6.05,15848.9
1033970,3.97,12589.3
1033974,4.44,39810.7
1033988,4.15,35481.3
1034032,5.52,22387.2
1034038,4.57,25118.9
1034040,3.67,25118.9
1034055,5.49,8912.5
1034057,3.86,1584.9
1034064,5.57,14125.4
1034082,2.36,28183.8
1034089,4.63,28183.8
1034097,5.54,3548.1
1034099,3.55,19952.6
1034103,6.95,14987.15
1034105,4.7,25118.9
1034108,5.69,4466.8
1034113,4.24,39810.7
1034114,5.31,501.2
1034116,5.36,12589.3
1034124,5.78,28183.8
1034135,4.73,35481.3
1034182,4.46,39810.7
1034195,4.93,11220.2
1034227,5.17,17782.8
1034250,4.7,11220.2
1034262,4.69,35481.3
1034269,4.28,8912.5
1034272,4.44,25118.9
1034273,5.34,16815.85
1034275,5.94,44668.4
1034277,4.68,13357.35
1034279,4.23,1258.9
1034281,5.27,10610.1
1034287,6.09,25118.9
1034317,5.53,1778.3
1034327,5.33,3548.1
1034347,5.32,3162.3
1034354,4.56,39810.7
1034356,6.0,12589.3
1034364,5.04,19952.6
1034381,3.12,39810.7
1034394,5.8,12589.3
1034398,5.52,11220.2
1034406,4.21,10000.0
1034419,4.8,2238.7
1034425,5.57,28183.8
1034430,5.89,25118.9
1034432,5.76,39810.7
1034433,5.52,31622.8
1034447,2.91,14125.4
1034450,4.02,2238.7
1034454,5.4,15848.9
1034459,4.9,35481.3
1034467,5.86,44668.4
1034470,5.9,44668.4
1034471,4.26,25118.9
1034484,4.7,39810.7
1034489,3.98,39810.7
1034502,5.33,1122.0
1034506,2.4,11220.2
1034527,5.85,19952.6
1034533,4.76,12589.3
1034543,4.28,2511.9
1034555,4.23,15848.9
1034557,4.06,3548.1
1034561,5.41,631.0
1034563,4.27,15848.9
1034575,5.38,39810.7
1034580,4.67,14125.4
1034590,5.42,15848.9
1034593,4.98,31622.8
1034596,5.71,35481.3
1034635,5.18,7079.5
1034651,5.15,2818.4
1034656,5.73,4466.8
1034658,5.67,17782.8
1034659,5.68,39810.7
1034660,5.38,17782.8
1034664,4.06,35481.3
1034669,5.69,14125.4
1034679,6.28,28183.8
1034686,2.96,19952.6
1034710,1.44,39810.7
1034724,5.69,17782.8
1034726,5.59,14987.15
1034750,5.81,15848.9
1034760,5.33,19952.6
1034765,4.73,15848.9
1034778,4.58,2818.4
1034782,4.87,17782.8
1034788,5.39,35481.3
1034793,4.5,3981.1
1034803,4.56,1778.3
1034807,5.22,28183.8
1034828,6.13,19952.6
1034831,5.55,16815.85
1034834,5.62,14125.4
1034848,4.05,19952.6
1034856,3.17,22387.2
1034861,5.13,3548.1
1034871,5.33,8427.9
1034881,5.81,31622.8
1034886,5.28,562.3
1034887,4.0,11220.2
1034889,5.46,31622.8
1034895,5.11,3162.3
1034897,4.76,31622.8
1034906,3.69,25118.9
1034909,3.66,33552.05
1034930,4.66,8912.5
1034936,5.36,3981.1
1034942,5.34,354.8
1034944,5.85,28183.8
1034951,3.46,10000.0
1034954,3.43,35481.3
1034958,3.77,8912.5
1034960,5.42,15848.9
1034970,4.77,17782.8
1034979,4.67,22387.2
1034988,4.94,1584.9
1034995,5.34,5011.9
1034998,5.72,5623.4
1035005,3.89,1122.0
1035012,4.78,6309.6
1035016,5.05,11220.2
1035019,5.27,28183.8
1035021,3.84,35481.3
1035023,5.97,14125.4
1035029,5.91,707.9
1035038,5.71,707.9
1035043,5.54,12589.3
1035054,3.97,15848.9
1035055,4.27,8912.5
1035070,4.92,22387.2
1035080,5.3,63.1
1035083,5.93,2818.4
1035096,4.9,8912.5
1035098,5.58,11220.2
1035099,4.95,1778.3
1035111,4.64,3548.1
1035118,6.07,8912.5
1035129,5.54,11220.2
1035130,4.7,39810.7
1035131,3.37,25118.9
1035147,5.47,22387.2
1035151,5.68,11904.75
1035160,5.66,16815.85
1035177,2.86,42239.55
1035178,5.2,17782.8
1035208,5.73,39810.7
1035210,5.69,35481.3
1035214,4.56,1778.3
1035217,5.29,31622.8
1035219,5.94,15848.9
1035222,5.54,39810.7
1035233,5.07,3162.3
1035240,4.08,15848.9
1035241,4.04,10000.0
1035246,5.65,3162.3
1035282,6.13,19952.6
1035285,5.96,22387.2
1035305,5.02,35481.3
1035310,5.76,17782.8
1035336,4.95,39810.7
1035337,4.66,28183.8
1035351,6.03,354.8
1035352,5.37,10000.0
1035354,4.39,3162.3
1035383,3.98,39810.7
1035390,4.68,14125.4
1035391,5.53,15848.9
1035392,5.37,19952.6
1035397,5.49,14125.4
1035401,5.91,3981.1
1035405,4.03,6309.6
1035407,5.59,1778.3
1035411,5.33,17782.8
1035433,5.65,17782.8
1035435,4.39,2818.4
1035437,3.61,35481.3
1035450,5.56,11220.2
1035456,5.4,1122.0
1035458,4.65,19952.6
1035475,5.27,15848.9
1035481,4.53,14125.4
1035484,4.41,35481.3
1035510,4.6,28183.8
1035513,6.13,10000.0
1035520,4.03,12589.3
1035546,4.7,13357.35
1035579,5.06,15848.9
1035594,5.27,10000.0
1035623,6.11,22387.2
1035627,5.08,25118.9
1035638,4.43,7943.3
1035643,3.36,39810.7
1035656,4.47,28183.8
1035660,4.89,19952.6
1035665,5.86,12589.3
1035670,5.62,446.7
1035672,4.89,17782.8
1035682,5.23,8912.5
1035687,5.75,17782.8
1035689,5.35,26651.35
1035692,5.75,19952.6
1035703,4.99,8912.5
1035708,6.01,39810.7
1035716,5.52,7943.3
1035728,3.79,8912.5
1035746,5.56,11220.2
1035747,5.41,10610.1
1035752,3.84,17782.8
1035754,6.24,39810.7
1035756,5.92,10000.0
1035760,5.32,39810.7
1035765,6.16,631.0
1035774,5.43,1000.0
1035796,5.53,17782.8
1035800,4.55,22387.2
1035829,4.54,12589.3
1035836,6.11,15848.9
1035856,6.02,4466.8
1035860,5.76,11220.2
1035873,5.09,10000.0
1035890,4.78,35481.3
1035891,4.41,28183.8
1035902,5.98,28183.8
1035909,5.2,19952.6
1035918,5.0,79.4
1035948,4.14,39810.7
1035952,3.65,22387.2
1035956,5.01,631.0
1035965,4.05,25118.9
1035984,5.34,31622.8
1035997,4.98,25118.9
1036001,5.25,12589.3
1036017,3.99,14125.4
1036019,5.44,15848.9
1036041,5.96,25118.9
1036043,4.93,28183.8
1036045,5.34,3162.3
1036047,5.77,14987.15
1036051,3.71,15848.9
1036055,5.49,17782.8
1036063,5.1,10000.0
1036067,5.5,12589.3
1036068,4.81,3162.3
1036070,5.62,39810.7
1036071,4.66,44668.4
1036074,4.23,22387.2
1036076,3.41,31622.8
1036092,4.48,25118.9
1036104,5.2,25118.9
1036114,4.67,15848.9
1036120,4.93,19952.6
1036128,5.51,17782.8
1036137,5.1,2818.4
1036143,5.26,281.8
1036154,4.81,31622.8
1036161,4.99,28183.8
1036166,5.69,15848.9
1036175,5.15,25118.9
1036178,5.4,15848.9
1036194,5.81,3162.3
1036212,4.43,31622.8
1036215,6.27,17782.8
1036228,5.52,12589.3
1036242,6.04,19952.6
1036256,4.85,19952.6
1036259,3.65,15848.9
1036262,5.32,10000.0
1036271,4.8,25118.9
1036274,2.9,22387.2
1036276,5.85,398.1
1036289,6.29,22387.2
1036297,5.09,22387.2
1036302,5.25,891.3
1036311,4.1,3548.1
1036322,5.32,35481.3
1036339,5.44,44668.4
1036347,5.71,15848.9
1036370,5.03,19952.6
1036377,5.55,4466.8
1036385,5.79,4466.8
1036398,4.45,25118.9
1036399,3.76,15848.9
1036400,5.71,3162.3
1036403,4.67,31622.8
1036422,5.78,14125.4
1036432,3.85,19952.6
1036435,3.28,28183.8
1036481,1.33,22387.2
1036484,5.61,3162.3
1036490,4.08,17782.8
1036493,5.82,31622.8
1036511,5.01,1995.3
1036518,3.6,14125.4
1036520,4.16,14125.4
1036523,5.5,1412.5
1036531,4.8,1995.3
1036542,5.16,15848.9
1036548,4.84,8912.5
1036556,4.98,25118.9
1036559,4.6,56.2
1036565,5.15,28183.8
1036567,5.63,7943.3
1036570,5.22,17782.8
1036577,2.47,35481.3
1036580,3.35,12589.3
1036583,4.95,21169.9
1036586,5.27,25118.9
1036596,5.78,31622.8
1036599,4.84,35481.3
1036603,4.66,398.1
1036610,4.33,7943.3
1036614,5.18,19952.6
1036624,3.15,19952.6
1036626,5.78,3981.1
1036629,4.64,19952.6
1036639,4.39,39810.7
1036645,4.43,2238.7
1036648,3.38,22387.2
1036652,5.72,12589.3
1036665,4.82,19952.6
1036679,4.98,17782.8
1036686,5.35,39810.7
1036687,6.15,14125.4
1036693,3.16,15848.9
1036697,5.01,8912.5
1036707,5.31,8912.5
1036718,3.03,12589.3
1036721,3.62,39810.7
1036723,4.5,44668.4
1036730,5.51,25.1
1036738,4.84,39810.7
1036748,5.37,14125.4
1036756,4.96,125.9
1036764,5.86,15848.9
1036779,3.49,14125.4
1036797,3.74,19952.6
1036806,5.73,12589.3
1036819,4.87,6309.6
1036832,5.88,22387.2
1036841,5.42,35481.3
1036844,5.44,3162.3
1036855,6.02,39810.7
1036857,5.94,2238.7
1036866,4.8,3548.1
1036867,6.1,14125.4
1036872,5.63,14125.4
1036891,4.62,10000.0
1036892,5.58,42239.55
1036919,5.21,12589.3
1036931,5.54,14125.4
1036938,3.59,17782.8
1036946,4.01,11220.2
1036950,3.94,19952.6
1036955,6.31,14125.4
1036956,4.68,15848.9
1036969,5.94,251.2
1036971,5.17,12589.3
1036974,3.48,35481.3
1036984,4.87,5623.4
1037003,5.62,14987.15
1037005,6.13,25.1
1037007,5.31,11220.2
1037008,4.54,5011.9
1037011,4.02,12589.3
1037067,4.67,2818.4
1037074,5.76,15848.9
1037077,5.34,398.1
1037084,5.4,28183.8
1037097,4.78,25118.9
1037098,5.21,14125.4
1037113,4.38,19952.6
1037137,5.75,15848.9
1037140,4.51,15848.9
1037146,4.74,25118.9
1037192,4.99,25118.9
1037201,5.91,4466.8
1037211,5.47,28183.8
1037215,4.93,1584.9
1037220,5.34,28183.8
1037221,4.71,15848.9
1037235,5.75,14125.4
1037261,5.57,158.5
1037266,5.67,10000.0
1037272,4.06,22387.2
1037280,5.25,39810.7
1037283,5.37,10000.0
1037285,4.77,3548.1
1037286,3.77,7943.3
1037291,5.66,22387.2
1037292,4.53,28183.8
1037306,4.63,35481.3
1037314,4.01,17782.8
1037325,5.67,1000.0
1037328,3.61,12589.3
1037330,6.21,25118.9
1037331,5.13,12589.3
1037348,6.21,15848.9
1037351,4.16,3981.1
1037364,6.24,37646.0
1037373,4.93,15848.9
1037379,4.65,39810.7
1037380,4.95,39810.7
1037383,5.41,631.0
1037392,5.39,12589.3
1037395,5.56,19952.6
1037402,4.91,29903.3
1037406,5.17,15848.9
1037429,3.4,44668.4
1037434,3.54,19952.6
1037435,5.39,1778.3
1037438,4.51,1584.9
1037442,4.84,35481.3
1037450,4.47,19952.6
1037455,5.21,21575.666666666668
1037468,5.95,19952.6
1037469,2.77,28.2
1037487,5.36,16815.85
1037497,5.9,28183.8
1037500,4.02,25118.9
1037513,5.65,8912.5
1037518,5.71,15848.9
1037534,5.45,44668.4
1037544,3.1,22387.2
1037564,3.4,44668.4
1037566,2.7,39810.7
1037571,6.19,3981.1
1037572,7.13,89.1
1037575,4.85,6309.6
1037580,4.57,2818.4
1037583,4.44,17782.8
1037593,5.47,14125.4
1037595,5.0,7943.3
1037596,5.28,2238.7
1037597,5.39,7079.5
1037600,4.93,22387.2
1037610,6.24,1412.5
1041669,4.82,14125.4
1078768,4.51,1778.3
1079244,5.86,19952.6
1082912,4.61,794.3
1083987,5.62,22387.2
1084998,5.21,26651.35
1087308,5.22,15848.9
1090701,5.46,33552.05
1095400,5.86,562.3
1095646,6.16,14125.4
1097722,4.41,14125.4
1102668,5.58,3548.1
1105668,4.83,8912.5
1108178,4.63,39810.7
1112959,5.76,8427.9
1113155,3.53,25118.9
1114185,3.22,39810.7
1114336,4.65,3981.1
1114794,4.13,12589.3
1115779,5.89,3162.3
1116692,6.19,14125.4
1116902,5.03,3981.1
1116970,5.59,3162.3
1117529,5.71,10000.0
1143722,3.89,14125.4
1158413,3.0,31622.8
1171082,3.06,25118.9
1171083,3.29,17782.8
1171084,3.31,28183.8
1204611,5.43,1000.0
1204919,4.98,18867.7
1205287,4.88,223.9
1205596,5.43,1412.5
1206118,6.35,25118.9
1215191,4.74,3162.3
1215611,3.63,6309.6
1216649,4.8,8912.5
1220606,5.34,39810.7
1220641,4.02,11220.2
1223260,5.38,7079.5
1224014,5.94,8912.5
1225567,5.28,3981.1
1226872,4.67,25118.9
1229099,3.8,42239.55
1230732,5.33,17782.8
1232414,2.25,8912.5
1232841,4.33,3355.2
1236613,4.88,28183.8
1238645,4.94,14125.4
1239050,4.97,15848.9
1239067,5.68,39810.7
1239361,5.0,6309.6
1239479,3.96,15848.9
1240529,6.04,2818.4
1241401,6.21,15848.9
1241421,4.64,22387.2
1242650,5.69,11220.2
1244081,5.82,17782.8
1244919,4.28,15848.9
1245527,4.68,39810.7
1249815,2.47,3981.1
1269458,3.77,8912.5
1279018,1.55,39810.7
1285597,5.02,17782.8
1285689,4.21,19952.6
1285741,3.7,35481.3
1285758,3.97,19952.6
1285847,5.61,31622.8
1285874,3.86,17782.8
1285906,4.66,17782.8
1285919,3.81,28183.8
1285967,3.92,22387.2
1286007,4.57,11220.2
1286127,5.2,12589.3
1286134,3.4,10000.0
1286153,5.41,22387.2
1286159,4.94,1000.0
1286182,6.23,7079.5
1286190,4.46,15848.9
1286200,4.92,12589.3
1286236,5.69,3548.1
1286289,3.83,15848.9
1286351,5.2,10000.0
1286359,4.96,1995.3
1286360,4.33,25118.9
1286417,4.51,25118.9
1286446,3.82,14125.4
1286453,6.18,14125.4
1286495,4.73,3548.1
1286514,4.76,14125.4
1286589,3.85,28183.8
1286667,5.51,31622.8
1286694,4.79,28183.8
1286735,3.36,15848.9
1286744,3.79,14125.4
1286850,5.02,4466.8
1286856,5.24,17782.8
1286878,3.41,1412.5
1287001,5.09,17782.8
1287004,5.3,14987.15
1287077,5.15,17782.8
1287095,2.35,10000.0
1287099,3.64,31622.8
1287257,5.45,39810.7
1287305,4.02,12589.3
1287399,5.06,39810.7
1287532,3.19,23753.05
1287607,4.62,7943.3
1287619,5.55,22387.2
1287657,4.75,10000.0
1287903,4.8,8912.5
1288015,4.88,39810.7
1288042,4.3,2818.4
1288083,5.82,15848.9
1288089,4.81,25118.9
1288235,3.4,44668.4
1288296,5.24,5011.9
1288306,4.75,398.1
1288322,4.32,1000.0
1288328,6.04,2238.7
1288372,5.6,8912.5
1288394,5.5,3981.1
1288430,4.12,2818.4
1288446,5.6,22387.2
1288475,3.92,35.5
1288511,5.47,10000.0
1288532,4.78,7943.3
1288564,4.8,2818.4
1288727,4.2,31622.8
1288831,5.0,31622.8
1288849,4.5,39810.7
1288874,5.47,3981.1
1288988,5.86,18867.7
1289063,5.79,26651.35
1289148,4.04,562.3
1289192,4.17,9456.25
1289330,4.75,15848.9
1289371,4.17,10000.0
1289453,5.25,35481.3
1289497,4.81,10000.0
1289569,5.17,22387.2
1289617,4.73,17782.8
1289674,3.1,25118.9
1289693,3.56,15848.9
1289712,4.14,16815.85
1289756,6.59,25.1
1289831,3.39,25118.9
1289986,4.74,26651.35
1290150,4.46,10000.0
1290292,4.69,3981.1
1290301,5.96,28183.8
1290379,4.44,5011.9
1290455,5.97,7943.3
1290998,5.24,3981.1
1291051,4.58,12589.3
1291142,4.68,10000.0
1291203,3.17,19952.6
1291443,5.16,29903.3
1291512,3.59,6309.6
1291563,5.42,15848.9
1291577,5.52,39810.7
1291659,3.89,15848.9
1291662,4.28,31622.8
1291722,3.68,31622.8
1291760,5.59,14125.4
1291769,3.27,10000.0
1291818,4.88,4466.8
1291828,3.53,11904.75
1291906,4.59,11220.2
1291912,5.76,39810.7
1292052,3.13,31622.8
1292076,5.75,35481.3
1292110,6.11,25118.9
1292158,5.9,11220.2
1292187,4.56,11220.2
1292209,4.37,12589.3
1292216,4.44,2818.4
1292306,5.93,14125.4
1292363,3.47,14125.4
1292408,4.56,12589.3
1292525,4.51,14125.4
1292613,3.9,4466.8
1292615,4.13,1995.3
1292684,4.66,42239.55
1292879,5.02,28183.8
1292895,3.7,15848.9
1292904,4.73,4466.8
1292905,4.04,5623.4
1292920,5.02,14125.4
1292927,5.37,7079.5
1292965,6.05,3162.3
1292989,5.2,6309.6
1293058,5.49,28183.8
1293106,5.39,8912.5
1293163,5.17,3162.3
1293166,5.83,25118.9
1293226,4.81,11220.2
1293256,3.95,11220.2
1293306,5.45,4466.8
1293424,5.22,25118.9
1293434,4.36,22387.2
1293526,6.26,2511.9
1293726,5.18,11220.2
1293760,5.03,1000.0
1293864,3.68,5623.4
1293941,4.46,794.3
1293943,4.77,14125.4
1293957,5.15,12589.3
1294013,4.92,19952.6
1294030,3.32,14125.4
1294041,5.18,26651.35
1294046,4.84,707.9
1294051,4.59,11220.2
1294135,4.96,25118.9
1294155,5.84,19952.6
1294206,6.26,8912.5
1294253,4.32,14125.4
1294333,3.26,17782.8
1294341,6.35,25118.9
1294413,4.35,14125.4
1294447,4.61,29903.3
1294483,3.22,14125.4
1294517,3.48,12589.3
1294556,5.77,39810.7
1294563,4.64,1000.0
1294598,5.51,12589.3
1294619,3.44,28183.8
1294732,4.93,7079.5
1294745,4.15,12589.3
1294773,3.47,12589.3
1294791,3.93,14125.4
1294862,3.56,15848.9
1294894,6.21,15848.9
1294996,5.1,8912.5
1295053,5.97,31622.8
1295064,4.76,10000.0
1295076,4.13,12589.3
1295152,6.28,19952.6
1295157,6.09,3548.1
1295212,5.46,11904.75
1295286,4.77,3162.3
1295323,1.61,707.9
1295471,4.4,14125.4
1295560,5.25,28183.8
1295639,2.55,18867.7
1295642,5.1,14125.4
1295723,2.77,25118.9
1295747,3.82,39810.7
1295792,5.54,3981.1
1295812,3.16,22387.2
1295829,4.7,39810.7
1295854,3.61,15848.9
1296150,5.9,13357.35
1296228,3.89,18867.7
1296323,4.26,11220.2
1296342,5.25,33552.05
1296392,6.03,3981.1
1296446,5.25,39810.7
1296470,5.87,39810.7
1296482,4.82,3981.1
1296507,4.64,11220.2
1296587,2.78,25118.9
1296652,3.63,11220.2
1296738,4.06,12589.3
1296749,6.17,39810.7
1296778,5.03,17782.8
1296803,6.15,23753.05
1296807,5.18,18867.7
1296964,4.85,14125.4
1297012,4.32,19952.6
1297037,5.72,31622.8
1297179,4.8,31622.8
1297250,3.09,12589.3
1297252,4.93,28183.8
1297291,5.77,12589.3
1297333,5.92,12589.3
1297352,5.68,15848.9
1297489,5.41,11220.2
1297516,4.94,17782.8
1297599,3.44,15848.9
1297608,4.86,15848.9
1297666,5.24,35481.3
1297683,5.72,31622.8
1297703,4.52,1412.5
1297705,5.73,446.7
1297724,4.16,11220.2
1297780,5.2,17782.8
1297790,4.6,18867.7
1297798,4.64,3548.1
1297877,3.46,25118.9
1297903,4.85,19952.6
1297967,5.01,26651.35
1297968,4.89,12589.3
1298105,4.31,8912.5
1298157,3.66,15848.9
1298252,5.72,19952.6
1298298,5.55,17782.8
1298304,4.56,794.3
1298325,4.79,2238.7
1298369,5.72,8427.9
1298373,4.88,3981.1
1298387,5.48,11220.2
1298464,3.92,44668.4
1298479,4.23,10000.0
1298562,5.18,1995.3
1298619,4.69,707.9
1298624,3.84,12589.3
1298675,6.06,5011.9
1298715,3.65,7079.5
1298846,5.29,15848.9
1298854,5.18,562.3
1298893,4.83,31622.8
1298902,2.96,25118.9
1298944,4.64,15848.9
1299054,3.7,5623.4
1299064,3.67,22387.2
1299158,5.4,11220.2
1299168,3.34,22387.2
1299221,5.58,15848.9
1299254,4.81,14125.4
1299274,5.49,14125.4
1299358,5.18,1000.0
1299392,5.25,14125.4
1299411,5.26,2511.9
1299621,5.36,1122.0
1299622,2.74,7079.5
1299674,3.24,12589.3
1299740,5.12,199.5
1299811,5.0,1584.9
1299818,3.98,31622.8
1299868,4.07,12589.3
1299914,5.38,25118.9
1299942,5.85,8912.5
1299959,4.34,15848.9
1300021,3.79,2818.4
1300064,5.45,19952.6
1300099,4.34,19952.6
1300121,5.74,6309.6
1300146,4.54,19952.6
1300199,3.94,17782.8
1300229,4.54,10000.0
1300331,3.31,25118.9
1300338,4.38,7943.3
1300352,4.66,1778.3
1300586,3.97,19952.6
1300674,4.0,12589.3
1300720,3.13,15848.9
1300786,5.96,8912.5
1300812,4.13,17782.8
1300818,4.66,2818.4
1300898,4.15,15848.9
1300953,3.51,19952.6
1300956,5.64,3548.1
1300962,5.94,37646.0
1301038,4.86,14125.4
1301047,5.73,13357.35
1301071,5.29,39810.7
1301097,3.85,17782.8
1301121,3.93,22387.2
1301140,6.01,13357.35
1301239,4.09,19952.6
1301309,4.91,2238.7
1301411,4.34,1778.3
1301425,4.62,7943.3
1301599,5.18,31622.8
1301675,5.87,281.8
1301744,4.43,11220.2
1301852,5.82,17782.8
1301865,3.3,31622.8
1301872,3.83,17782.8
1301875,4.46,39810.7
1301958,4.23,14125.4
1301969,4.14,29903.3
1301999,4.93,25.1
1302028,4.78,3548.1
1302120,4.27,39810.7
1302394,5.81,31622.8
1302520,5.75,39810.7
1302534,5.24,25118.9
1302577,4.28,28183.8
1302607,4.07,8912.5
1302648,4.74,3548.1
1302670,2.92,35481.3
1302745,5.07,25118.9
1302861,3.03,11220.2
1302901,3.76,17782.8
1302903,3.46,31622.8
1302958,4.79,354.8
1302966,5.81,14125.4
1303061,5.78,17782.8
1303131,2.42,17782.8
1303177,4.89,28183.8
1303219,4.07,17782.8
1303228,5.65,17782.8
1303230,3.63,25118.9
1303433,3.35,15848.9
1303493,5.61,39810.7
1303494,4.37,7943.3
1303581,4.77,19952.6
1303599,4.42,8912.5
1303672,4.23,12589.3
1303768,4.53,3162.3
1303836,5.55,17782.8
1303865,5.86,28183.8
1303949,5.46,25118.9
1303953,3.86,251.2
1303965,4.98,18867.7
1304004,4.61,5623.4
1304065,3.7,17782.8
1304160,4.24,12589.3
1304187,5.48,25118.9
1304275,4.69,2511.9
1304374,5.72,1584.9
1304407,4.39,891.3
1304459,3.76,39810.7
1304602,5.22,12589.3
1304614,3.83,10610.1
1304680,4.45,19952.6
1304742,4.45,15848.9
1304872,5.19,15848.9
1305343,4.63,28183.8
1305386,5.24,15848.9
1305420,5.6,28183.8
1305421,5.68,891.3
1305446,5.69,10000.0
1305452,4.58,10000.0
1305538,5.95,14125.4
1305606,4.73,14125.4
1305750,5.72,7079.5
1305814,6.14,15848.9
1305919,6.52,31622.8
1305939,4.53,11220.2
1305957,2.47,14125.4
1305994,5.03,19952.6
1306012,5.38,12589.3
1306055,4.2,7943.3
1306063,5.49,10000.0
1306078,5.26,3548.1
1306087,3.76,4466.8
1306185,3.61,28183.8
1306281,5.71,31622.8
1306352,5.52,7079.5
1306382,4.17,7079.5
1306394,4.47,1258.9
1306422,5.62,19952.6
1306431,4.62,31622.8
1306433,5.81,15848.9
1306456,4.31,31622.8
1306624,3.27,5623.4
1306629,3.23,2818.4
1306720,3.37,28183.8
1306951,4.4,15848.9
1307056,5.77,4466.8
1307086,5.16,1778.3
1307088,4.29,17782.8
1307146,3.95,25118.9
1307154,3.92,19952.6
1307182,4.84,19952.6
1307223,5.86,15848.9
1307316,4.15,11904.75
1307323,4.69,19952.6
1307377,4.19,17782.8
1307442,3.93,17782.8
1307478,5.2,44668.4
1307505,4.31,3162.3
1307523,5.09,17782.8
1307550,3.49,14699.9
1307607,5.18,6309.6
1307610,5.66,7079.5
1307639,5.61,562.3
1307654,4.58,19952.6
1307671,4.89,15848.9
1307683,3.84,7943.3
1307685,4.7,10000.0
1307750,5.16,10000.0
1307795,4.64,19952.6
1307796,5.69,2375.3
1307805,4.06,22387.2
1307836,5.49,22387.2
1307861,4.83,2238.7
1307873,6.07,5623.4
1307882,5.49,15848.9
1307910,4.39,14987.15
1308017,4.15,13357.35
1308056,5.83,28183.8
1308076,5.62,31622.8
1308096,3.41,28183.8
1308184,5.44,3548.1
1308189,5.14,1122.0
1308198,5.33,15848.9
1308362,3.93,15848.9
1308369,3.22,26651.35
1308383,5.78,1412.5
1308399,4.37,8912.5
1308710,4.48,5623.4
1308752,5.0,14125.4
1308763,4.46,22387.2
1308837,4.64,26140.533333333333
1308854,5.78,10000.0
1308870,5.41,15848.9
1308913,3.72,15848.9
1308946,3.51,7943.3
1309075,3.54,2818.4
1309076,2.49,7943.3
1309107,5.95,14125.4
1309139,5.63,25118.9
1309175,4.55,17782.8
1309182,3.87,10000.0
1309183,4.93,39810.7
1309197,4.92,15848.9
1309301,4.36,14125.4
1309330,5.59,11904.75
1309363,4.15,28183.8
1309412,5.03,3162.3
1309414,4.96,707.9
1309594,4.53,14125.4
1309620,3.43,12589.3
1309692,6.22,13357.35
1309826,3.95,19952.6
1309837,3.77,17782.8
1309870,5.93,4223.95
1309912,5.23,35481.3
1309951,4.99,22387.2
1309970,3.7,19952.6
1309977,5.73,14125.4
1310022,5.03,17782.8
1310047,5.59,28183.8
1310071,3.54,3548.1
1310089,4.41,11220.2
1310174,3.94,15848.9
1310209,4.82,39810.7
1310218,4.86,28183.8
1310260,4.19,44668.4
1310365,4.42,251.2
1310381,3.76,28183.8
1310553,5.03,39810.7
1310601,4.55,17782.8
1310645,5.56,28183.8
1310663,3.69,11220.2
1310717,4.36,14987.15
1310731,3.36,1584.9
1310744,5.33,2818.4
1310758,3.14,12589.3
1310791,3.08,8912.5
1310916,4.72,29903.3
1310927,4.59,25118.9
1310953,3.18,22387.2
1310995,3.84,22387.2
1311051,3.77,19952.6
1311138,4.42,19952.6
1311195,4.92,15848.9
1311213,3.99,316.2
1311348,5.62,7511.4
1311362,4.51,3355.2
1311369,4.92,1122.0
1311372,5.78,22387.2
1311387,3.9,1000.0
1311431,4.66,11220.2
1311485,2.93,31622.8
1311550,5.68,1412.5
1311571,4.3,2511.9
1311583,5.01,14125.4
1311633,4.97,354.8
1311646,4.46,15848.9
1311674,5.57,14125.4
1311709,5.2,10000.0
1311801,6.26,12589.3
1311856,5.62,31622.8
1311889,4.66,4466.8
1311950,5.13,1584.9
1311976,5.19,3548.1
1311992,4.97,35481.3
1312074,4.63,12589.3
1312077,4.46,14125.4
1312223,4.79,28183.8
1312250,4.61,501.2
1312262,3.58,15848.9
1312300,3.31,19952.6
1312417,2.45,15848.9
1312448,2.33,25118.9
1312478,5.05,14125.4
1312568,5.27,19952.6
1312620,5.99,7079.5
1312730,5.73,11904.75
1312741,5.01,14125.4
1312864,5.65,17782.8
1312890,3.11,9456.25
1312909,6.02,3162.3
1312970,5.42,10000.0
1313001,3.83,17782.8
1313027,4.18,19952.6
1313070,3.78,8912.5
1313082,5.48,23753.05
1313095,6.01,14125.4
1313106,3.74,891.3
1313199,5.15,25118.9
1313227,4.71,25118.9
1313250,5.71,707.9
1313291,3.75,10000.0
1313292,4.5,14125.4
1313372,5.31,4466.8
1313395,3.57,12589.3
1313429,3.25,25118.9
1313457,4.2,17782.8
1313465,5.2,39810.7
1313553,3.76,35481.3
1313574,5.74,15848.9
1313637,4.42,1995.3
1313647,4.52,12589.3
1313650,5.0,8912.5
1313673,4.28,10000.0
1313831,5.95,31622.8
1313838,3.83,28183.8
1313880,4.01,12589.3
1313942,4.41,1122.0
1313972,5.37,7079.5
1313989,5.83,14125.4
1314010,5.57,3162.3
1314055,4.6,15848.9
1314108,3.49,39810.7
1314239,3.84,10000.0
1314349,4.24,2818.4
1314361,5.51,15848.9
1314455,4.29,15848.9
1314461,5.72,31622.8
1314481,3.77,15848.9
1314490,3.37,14125.4
1314578,3.96,31622.8
1314738,5.99,31622.8
1314792,5.41,39810.7
1314823,3.94,19952.6
1314846,4.15,31622.8
1314999,4.62,35481.3
1315002,5.25,446.7
1315037,5.39,17782.8
1315087,5.63,398.1
1315098,5.77,11220.2
1315117,4.84,31622.8
1315235,3.68,39810.7
1315269,5.63,3548.1
1315280,4.86,10000.0
1315298,6.15,25118.9
1315327,5.01,15848.9
1315339,4.97,33552.05
1315359,6.1,6309.6
1315512,4.4,15848.9
1315550,5.79,39810.7
1315563,3.24,19952.6
1315649,5.65,15848.9
1315663,4.25,13357.35
1315692,2.4,19952.6
1315751,5.61,31622.8
1315764,4.33,15848.9
1315781,6.07,19952.6
1315847,4.7,158.5
1315885,4.45,25118.9
1315890,5.17,17782.8
1315964,4.52,11220.2
1315974,3.84,31622.8
1316000,4.44,14125.4
1316147,5.72,12589.3
1316168,6.36,25118.9
1316193,5.55,22387.2
1316264,5.73,15848.9
1316279,5.94,10610.1
1316332,6.03,10000.0
1316388,5.2,12589.3
1316403,4.81,11904.75
1316484,3.48,15848.9
1316543,5.31,14125.4
1316545,5.74,12589.3
1316605,5.56,14987.15
1316721,5.73,14125.4
1316787,5.37,7079.5
1316856,4.49,5011.9
1317201,3.85,7079.5
1317213,4.43,6309.6
1317239,3.31,7943.3
1317359,4.96,125.9
1317490,5.11,9456.25
1317494,4.32,17782.8
1317524,4.48,28183.8
1317651,6.41,3981.1
1317717,5.87,17782.8
1317720,5.55,11220.2
1317755,4.49,19952.6
1317781,4.95,25118.9
1317827,4.62,11220.2
1317846,5.16,8912.5
1317900,5.24,15848.9
1317921,6.27,35481.3
1317970,3.77,14125.4
1317988,5.36,19952.6
1318021,3.7,4466.8
1318121,3.72,17782.8
1318124,4.37,14125.4
1318193,3.85,26651.35
1318262,2.84,25118.9
1318350,3.12,35481.3
1318353,4.32,15848.9
1318403,4.34,19952.6
1318421,3.37,3981.1
1318468,1.85,39810.7
1318584,4.6,11904.75
1318603,4.54,6309.6
1318667,5.19,15848.9
1318690,3.71,3981.1
1318713,6.26,17782.8
1318754,3.2,12589.3
1318782,4.05,35481.3
1318876,4.96,29903.3
1318935,4.28,3548.1
1319007,5.29,17782.8
1319031,5.6,2238.7
1319038,4.67,14125.4
1319186,4.45,25118.9
1319206,4.38,15848.9
1319292,2.87,14125.4
1319321,4.41,3981.1
1319365,4.5,28183.8
1319520,5.3,5011.9
1319545,5.86,28183.8
1319585,6.03,15848.9
1319588,5.53,17782.8
1319625,4.22,25118.9
1319752,4.49,28183.8
1319793,5.3,1000.0
1319918,5.14,1412.5
1319930,5.18,12589.3
1319934,5.45,25118.9
1319942,4.83,39810.7
1319943,5.35,2818.4
1320007,5.02,39810.7
1320115,4.35,11220.2
1320154,4.17,6309.6
1320184,4.54,631.0
1320234,3.8,31622.8
1320360,4.98,10000.0
1320440,6.06,5623.4
1320602,3.41,39810.7
1320727,4.06,10000.0
1320742,4.38,39810.7
1320752,4.93,44668.4
1320766,4.07,12589.3
1320772,4.28,11220.2
1320804,4.67,1778.3
1320806,4.15,39810.7
1320886,4.84,4466.8
1320932,5.24,1995.3
1320939,4.66,3548.1
1320958,4.56,4466.8
1320969,4.69,35481.3
1321059,4.5,35481.3
1321101,3.9,14125.4
1321176,5.25,33552.05
1321191,4.2,11904.75
1321202,4.65,17782.8
1321250,5.17,14125.4
1321299,4.02,11904.75
1321330,4.35,12589.3
1321466,3.97,19952.6
1321487,4.17,11220.2
1321510,4.55,8912.5
1321513,4.06,22387.2
1321544,5.16,22387.2
1321550,5.57,15848.9
1321629,5.68,7079.5
1321630,4.31,31622.8
1321671,4.16,1412.5
1321727,5.24,3981.1
1321875,4.98,25118.9
1322027,5.98,19952.6
1322098,4.42,10000.0
1322105,4.15,17782.8
1322106,5.84,22387.2
1322168,5.81,11220.2
1322238,5.92,19952.6
1322283,4.83,37646.0
1322320,5.06,5011.9
1322402,4.23,707.9
1322585,4.89,7943.3
1322628,3.96,14125.4
1322687,6.03,3162.3
1322756,5.63,11220.2
1322765,4.55,12589.3
1323003,4.64,1412.5
1323005,4.56,12589.3
1323030,5.24,8427.9
1323034,6.32,6309.6
1323085,6.12,16815.85
1323178,3.66,14125.4
1323227,4.54,35481.3
1323353,5.01,25118.9
1323514,5.7,28183.8
1323553,2.38,10000.0
1323592,4.37,5623.4
1323756,4.25,12589.3
1323808,5.92,19952.6
1323902,4.19,15848.9
1323925,5.86,28183.8
1323971,4.67,26651.35
1324064,4.83,3548.1
1324067,4.68,19952.6
1324083,5.71,22387.2
1324115,3.53,35481.3
1324121,4.15,19952.6
1324140,5.19,14125.4
1324189,5.36,8912.5
1324268,4.28,22387.2
1324271,4.15,56.2
1324440,4.52,14125.4
1324469,5.61,15848.9
1324486,4.19,39810.7
1324505,3.88,25118.9
1324530,3.83,35481.3
1324601,2.69,5011.9
1324623,5.35,2818.4
1324855,3.68,12589.3
1324878,4.42,10000.0
1324890,5.93,11220.2
1324912,2.79,56.2
1325085,4.01,14125.4
1325099,5.67,5966.5
1325160,5.01,28183.8
1325200,5.15,39810.7
1325226,4.81,25118.9
1325347,5.81,26651.35
1325361,5.62,8912.5
1325366,4.68,14125.4
1325432,3.78,31622.8
1325484,5.21,5011.9
1325545,5.6,17782.8
1325595,5.64,1412.5
1325642,5.72,1122.0
1325708,5.02,37646.0
1325746,4.88,15848.9
1325796,4.03,35481.3
1325802,5.58,31622.8
1326030,3.57,44668.4
1326191,3.5,22387.2
1326207,5.71,9456.25
1326211,5.21,25118.9
1326233,5.77,1000.0
1326333,4.9,26651.35
1326432,4.77,14125.4
1326440,5.86,6309.6
1326489,5.25,15848.9
1326498,5.43,2818.4
1326529,4.43,25118.9
1326587,4.79,4466.8
1326655,4.71,707.9
1326685,3.97,8912.5
1326702,4.02,33552.05
1326714,4.26,23753.05
1326737,3.79,2238.7
1326809,4.77,1000.0
1326929,3.34,11904.75
1326948,5.95,15848.9
1326994,6.16,7079.5
1327012,5.44,23753.05
1327055,4.67,39810.7
1327077,4.77,35481.3
1327238,3.41,35481.3
1327330,3.15,25118.9
1327363,5.66,33552.05
1327445,5.45,17782.8
1327466,4.13,31622.8
1327545,5.9,1584.9
1327549,5.68,19952.6
1327565,4.75,10000.0
1327631,5.84,17782.8
1327648,4.98,3162.3
1327746,4.74,12589.3
1327802,4.08,10000.0
1327859,5.44,10610.1
1327885,3.9,14987.15
1327906,4.44,12589.3
1327919,5.22,14987.15
1327930,5.41,1412.5
1328031,4.36,14125.4
1328104,4.65,37646.0
1328108,5.57,28183.8
1328135,5.6,8912.5
1328139,3.75,35481.3
1328147,4.39,19952.6
1328291,5.64,25118.9
1328347,3.19,35481.3
1328348,5.05,26651.35
1328368,3.85,18867.7
1328411,3.86,28183.8
1328503,3.46,7943.3
1328518,4.33,2818.4
1328567,3.21,3548.1
1328588,3.6,17782.8
1328604,6.12,28183.8
1328681,5.43,25118.9
1328716,6.02,15848.9
1336585,5.5,14987.15
1340322,4.01,1995.3
1359435,7.15,14125.4
1369108,4.23,4466.8
1369290,3.97,15848.9
1369588,5.42,31622.8
1382811,4.71,12589.3
1404695,6.42,2511.9
1406644,5.54,7079.5
1408449,5.22,39810.7
1411163,6.09,7943.3
1412490,5.8,12589.3
1413837,4.35,19952.6
1415705,4.81,22387.2
1415870,4.53,562.3
1430874,3.88,22387.2
1472152,4.06,15848.9
1510919,5.61,12589.3
1510947,4.87,12589.3
1510949,3.57,39810.7
1532240,4.62,19952.6
1535371,4.65,2818.4
1536656,5.46,29903.3
1538684,4.99,15848.9
1541575,2.36,3162.3
1543609,3.18,28183.8
1543611,3.0,39810.7
1543612,3.53,15848.9
1543619,4.19,12589.3
1543625,3.03,39810.7
1543628,3.96,17782.8
1543633,3.57,14125.4
1543634,4.55,19952.6
1543637,4.21,15848.9
1543640,5.62,16815.85
1543644,2.54,35481.3
1543651,4.34,16815.85
1543656,5.43,17782.8
1543663,4.43,631.0
1543680,3.93,22387.2
1543681,4.35,3548.1
1543682,4.15,19952.6
1543690,5.81,3764.6
1543694,3.84,12589.3
1543699,2.73,12589.3
1543703,3.7,39810.7
1543707,5.63,15848.9
1543709,4.64,1681.6
1543713,3.5,35481.3
1543716,3.69,35481.3
1543722,4.3,15848.9
1543733,4.47,14125.4
1543742,2.98,31622.8
1543743,4.14,31622.8
1543745,5.38,15848.9
1543746,4.44,6309.6
1543747,2.75,3981.1
1543748,3.57,16815.85
1543753,4.05,3548.1
1543755,3.41,22387.2
1543760,5.57,28183.8
1543766,2.65,3981.1
1543779,6.0,1995.3
1548003,3.48,631.0
1548005,6.57,7079.5
1548015,6.77,316.2
1548049,5.4,8912.5
1548065,6.6,39810.7
1548098,6.66,37646.0
1548104,6.32,3981.1
1548112,6.93,28183.8
1548113,6.74,35481.3
1548128,3.99,16815.85
1548140,4.45,631.0
1548517,7.24,11220.2
1548523,6.51,39810.7
1548540,7.73,39810.7
1548717,2.55,35481.3
1594782,5.06,44668.4
1614219,4.53,13357.35
1634121,4.42,13357.35
1634154,5.46,22387.2
1634159,5.94,14125.4
1634162,5.39,5011.9
1634164,4.9,8912.5
1634165,4.79,19952.6
1634169,4.22,28183.8
1634172,4.11,12589.3
1634176,5.83,11220.2
1634181,4.51,39810.7
1634186,4.12,39810.7
1634187,4.69,19952.6
1634190,5.98,10000.0
1634191,4.39,15848.9
1634193,4.99,14125.4
1634197,5.15,15848.9
1634217,3.39,891.3
1634227,5.03,31622.8
1634238,4.56,14125.4
1634239,3.57,8912.5
1634242,4.31,12589.3
1634251,5.9,8912.5
1634253,6.15,562.3
1634256,6.09,17782.8
1634259,4.34,8912.5
1634265,5.94,1778.3
1634266,4.6,17782.8
1634270,5.35,15848.9
1634276,5.1,15848.9
1634278,2.53,39810.7
1634279,3.85,12589.3
1634286,4.58,17782.8
1634291,4.77,31622.8
1634301,4.29,25118.9
1634307,6.01,15848.9
1634308,5.15,12589.3
1634312,4.68,28183.8
1634319,4.53,14125.4
1634321,4.44,12589.3
1634325,4.76,22387.2
1634327,3.34,3548.1
1634330,5.53,12589.3
1634337,3.65,6309.6
1634342,4.06,15848.9
1634347,2.97,17782.8
1634350,5.08,3162.3
1634364,4.92,8912.5
1634375,4.72,31622.8
1634376,4.45,12589.3
1634377,5.28,25118.9
1634378,3.38,12589.3
1634380,5.92,10000.0
1634385,4.11,22387.2
1634395,5.56,11220.2
1634398,4.66,15848.9
1634402,4.33,12589.3
1634409,4.41,25118.9
1634410,5.94,19952.6
1634418,5.79,12589.3
1634421,5.11,11220.2
1634424,4.8,25118.9
1634428,4.86,12589.3
1634445,4.09,35481.3
1634451,4.64,17782.8
1634452,4.19,12589.3
1634461,4.51,39810.7
1634462,4.15,7943.3
1634463,4.55,10000.0
1634464,6.01,15848.9
1634469,2.4,3981.1
1634478,4.3,8912.5
1634485,5.19,19952.6
1634490,4.91,3162.3
1634491,2.29,2238.7
1634501,4.77,22387.2
1634536,5.64,14125.4
1634545,5.29,2818.4
1634574,5.4,12589.3
1634576,5.1,25118.9
1634578,5.74,25118.9
1634580,5.17,44668.4
1634591,5.85,39810.7
1634592,5.67,15848.9
1634595,5.41,22387.2
1634596,5.37,2818.4
1634597,6.25,17782.8
1634603,4.97,44668.4
1634606,5.95,19952.6
1634607,5.73,22387.2
1634613,5.63,11220.2
1634657,4.16,7943.3
1634658,4.56,8912.5
1634660,5.3,14125.4
1634662,3.94,14125.4
1634663,5.52,25118.9
1634664,4.18,4466.8
1634669,5.84,3162.3
1634670,4.66,5623.4
1634672,5.7,25118.9
1672119,5.74,17782.8
1672501,4.34,3548.1
1677564,6.16,14125.4
1678437,4.22,19952.6
1678438,4.92,3548.1
1678441,4.29,19952.6
1678445,5.25,19952.6
1678456,5.17,28183.8
1678457,3.91,2238.7
1678463,3.18,22387.2
1678466,4.35,11220.2
1678475,4.79,14125.4
1678479,3.6,17782.8
1678480,4.42,11220.2
1678481,6.7,11220.2
1678484,5.07,14125.4
1678488,5.18,8912.5
1678489,4.47,39810.7
1678492,4.24,44668.4
1678493,3.6,10000.0
1678508,3.86,10000.0
1678511,4.93,5011.9
1678516,5.02,17782.8
1678518,5.62,28183.8
1678520,4.59,5011.9
1678526,3.66,11220.2
1678527,4.11,22387.2
1678528,2.89,22387.2
1678529,4.71,2818.4
1678530,5.62,26651.35
1678531,4.15,17782.8
1678533,3.16,14125.4
1678535,5.3,7943.3
1678542,3.78,28183.8
1678547,4.86,15848.9
1678552,5.76,19952.6
1678554,5.18,28183.8
1678555,5.25,11220.2
1678557,4.19,2511.9
1678569,5.48,15848.9
1678570,5.67,1258.9
1678575,4.77,13357.35
1678577,3.91,19952.6
1678578,3.77,3981.1
1678581,4.61,3162.3
1678586,4.77,31622.8
1678591,5.25,19952.6
1678592,3.94,12589.3
1678601,5.16,7079.5
1678605,5.05,11220.2
1678608,4.02,12589.3
1678609,4.94,16815.85
1678614,4.09,11220.2
1678615,5.45,11220.2
1678619,5.22,39810.7
1678620,4.21,39810.7
1678621,4.86,3981.1
1678630,5.39,12589.3
1678632,5.7,39810.7
1678634,5.22,2818.4
1678642,4.53,14125.4
1678646,5.67,28183.8
1678647,3.8,3162.3
1678653,4.26,16815.85
1678655,4.6,4739.35
1678656,4.01,39810.7
1678658,4.93,15848.9
1678664,6.33,22387.2
1678666,4.34,2511.9
1678668,5.15,891.3
1678672,3.85,15848.9
1678673,4.29,11904.75
1678675,5.97,17782.8
1678677,4.47,4466.8
1678682,4.15,3162.3
1678684,6.44,22387.2
1678686,5.45,25118.9
1678687,5.76,13357.35
1678700,6.05,14125.4
1678701,5.07,12589.3
1678702,4.49,23753.05
1678703,4.25,37646.0
1678704,3.58,35481.3
1678708,6.08,28183.8
1678709,5.91,7079.5
1678713,5.71,39810.7
1678715,3.73,2818.4
1678716,4.74,100.0
1678723,4.79,25118.9
1678724,4.0,39810.7
1678726,5.13,11220.2
1678729,2.67,14125.4
1678733,4.41,3548.1
1678738,3.98,1584.9
1678740,4.09,10000.0
1678741,4.95,3548.1
1678743,4.91,6309.6
1678744,4.2,6309.6
1678749,5.25,4466.8
1678751,4.14,5623.4
1678758,4.26,15848.9
1678759,4.26,13357.35
1678762,4.88,21169.9
1678765,4.51,15848.9
1678768,5.53,22387.2
1678771,5.67,28183.8
1678776,4.44,15848.9
1678778,4.24,10000.0
1678780,5.18,891.3
1678784,4.94,31622.8
1678788,4.26,14125.4
1678790,6.08,17782.8
1678792,4.57,35481.3
1678795,5.64,15848.9
1678813,5.17,39810.7
1678817,3.99,8912.5
1678823,5.47,4466.8
1678829,3.78,39810.7
1678837,5.59,19952.6
1678844,4.37,10000.0
1678855,4.45,2511.9
1678857,6.04,17782.8
1678858,6.37,31622.8
1678861,4.62,562.3
1678862,7.07,39810.7
1678868,5.05,1995.3
1678869,3.63,316.2
1678872,4.85,14125.4
1678880,4.91,28183.8
1678881,6.09,17782.8
1678883,4.3,12589.3
1678886,3.98,17782.8
1678888,4.09,13357.35
1678890,5.12,22387.2
1678894,3.68,19952.6
1678902,3.57,39810.7
1678903,4.68,25118.9
1678905,3.27,562.3
1678906,4.85,18867.7
1678907,5.74,11220.2
1678909,4.32,31622.8
1678911,4.33,39810.7
1678912,5.88,28183.8
1678913,4.15,25118.9
1678914,3.16,31622.8
1678916,3.48,28183.8
1678918,6.15,3548.1
1678921,5.83,31622.8
1678928,6.17,12589.3
1678930,4.56,1412.5
1678933,4.91,12589.3
1678939,5.15,7943.3
1678940,4.71,15848.9
1678943,3.72,14987.15
1678945,3.44,28183.8
1678949,3.19,28183.8
1678951,4.72,17782.8
1678957,5.56,39810.7
1678962,4.68,28183.8
1678964,4.53,22387.2
1678968,3.61,14125.4
1678976,5.64,19952.6
1678979,3.66,11220.2
1678982,4.69,11220.2
1678985,5.12,10000.0
1678994,5.68,13357.35
1678998,5.79,11220.2
1679010,3.92,21169.9
1679022,3.19,2238.7
1679027,4.6,19952.6
1679030,5.63,25118.9
1679033,3.88,15848.9
1679034,5.31,10000.0
1679036,3.89,3162.3
1679039,3.91,14125.4
1679044,5.48,22387.2
1679049,5.13,12589.3
1679055,4.27,2818.4
1679066,4.7,11904.75
1679070,4.79,28183.8
1679076,4.25,10000.0
1679083,4.87,10000.0
1679084,6.27,14125.4
1679090,4.07,14125.4
1679092,5.33,11220.2
1679099,5.03,11220.2
1679104,5.91,22387.2
1679118,5.45,17782.8
1679119,5.03,22387.2
1679123,4.87,19952.6
1679124,4.82,31622.8
1679127,5.75,39810.7
1679131,5.87,19952.6
1679132,2.98,35481.3
1679136,4.19,14125.4
1679141,4.75,22387.2
1679142,3.76,22387.2
1679146,5.38,14125.4
1679149,5.82,14125.4
1679156,4.45,5011.9
1679158,5.04,23753.05
1679167,4.16,14125.4
1679168,4.92,4466.8
1679174,5.02,562.3
1679175,5.8,10000.0
1679180,4.38,17782.8
1679184,4.31,14125.4
1679187,3.77,19952.6
1679190,4.67,5011.9
1679191,5.63,2818.4
1679192,4.75,15848.9
1679193,4.62,19952.6
1679197,4.35,12589.3
1679199,3.31,10000.0
1679205,4.95,39810.7
1679209,5.73,18867.7
1679212,3.56,10000.0
1679213,3.99,35481.3
1679215,2.81,37646.0
1679223,4.1,15848.9
1679226,6.39,44668.4
1679231,6.19,14987.15
1679233,5.46,446.7
1679238,3.42,15848.9
1679239,5.86,631.0
1679242,5.97,31622.8
1679247,2.28,7943.3
1679253,5.13,631.0
1679259,3.65,1412.5
1679262,3.37,11220.2
1679266,4.06,19952.6
1679268,4.62,17782.8
1679276,5.73,7079.5
1679278,5.35,14987.15
1679284,4.86,39810.7
1679288,3.92,12589.3
1679289,5.24,1122.0
1679300,4.76,15848.9
1679303,5.11,1778.3
1679315,3.88,26651.35
1679316,4.28,35481.3
1679329,3.31,6309.6
1679331,3.22,3981.1
1679333,5.56,35481.3
1679337,4.93,7943.3
1679343,4.75,5011.9
1679353,5.75,10000.0
1679355,3.72,17782.8
1679360,4.48,15848.9
1679361,5.86,17782.8
1679367,4.84,10000.0
1679370,4.39,1778.3
1679373,4.33,3162.3
1679379,3.11,2818.4
1679380,5.37,3162.3
1679383,4.15,14125.4
1679395,3.35,26651.35
1679396,4.66,19952.6
1679397,4.53,25118.9
1679403,4.38,28183.8
1679415,2.99,14987.15
1679419,3.6,4466.8
1679422,3.2,2511.9
1679426,5.58,15848.9
1679431,5.75,7079.5
1679433,3.69,15848.9
1679435,5.3,28183.8
1679436,5.96,14125.4
1679437,4.96,16493.533333333333
1679441,3.34,17782.8
1679443,4.56,11220.2
1679456,5.43,28183.8
1679457,5.46,17782.8
1679461,4.93,11220.2
1679475,3.91,22387.2
1679478,5.49,28183.8
1679482,5.4,7943.3
1679483,5.0,17782.8
1679486,3.7,17782.8
1679489,4.42,11220.2
1679491,3.61,22387.2
1679495,2.83,631.0
1679497,5.38,4466.8
1679498,4.01,17782.8
1679503,3.79,3548.1
1679504,3.9,7943.3
1679505,5.86,7943.3
1679506,5.83,3162.3
1679511,3.9,7511.4
1679512,3.46,7079.5
1679514,4.63,22387.2
1679515,4.65,7079.5
1679516,4.74,15848.9
1679524,6.06,19952.6
1679530,5.0,15848.9
1679534,3.32,10000.0
1679539,2.94,15848.9
1679542,4.22,9456.25
1679545,3.74,15848.9
1679552,3.33,19952.6
1679558,3.73,10000.0
1679564,3.83,8912.5
1679567,6.02,17782.8
1679577,4.58,8427.9
1679578,5.06,1995.3
1679589,4.22,5011.9
1679594,5.87,1584.9
1679600,2.92,28183.8
1679605,5.36,29903.3
1679606,3.79,3548.1
1679613,5.06,11220.2
1679624,5.27,39810.7
1679627,4.54,28183.8
1679631,4.24,14125.4
1679637,4.03,28183.8
1679641,5.34,398.1
1679642,5.86,25.1
1679645,4.64,1584.9
1679646,4.83,15848.9
1679649,5.54,8912.5
1679653,5.72,25.1
1679657,4.63,25118.9
1679662,4.15,8912.5
1679663,4.81,11220.2
1679667,5.16,11220.2
1679670,4.07,39810.7
1679672,5.3,2818.4
1679675,4.54,12589.3
1679682,4.83,446.7
1679683,6.0,11220.2
1679684,4.51,31622.8
1679687,3.97,14125.4
1679691,3.58,10000.0
1679693,5.28,14125.4
1679694,4.11,7943.3
1679700,2.8,31622.8
1679703,7.63,17782.8
1679707,5.29,16815.85
1679718,3.11,17782.8
1679723,4.72,1778.3
1679730,4.51,95240.0
1679734,4.93,35481.3
1679742,5.99,19952.6
1679743,4.9,14125.4
1679746,4.32,15848.9
1679748,4.43,39810.7
1679750,3.92,631.0
1679765,4.36,15848.9
1679770,3.48,28183.8
1679775,3.64,7079.5
1679782,4.16,25.1
1679790,3.78,17782.8
1679792,4.95,14125.4
1679793,4.36,17782.8
1679796,5.98,12589.3
1679799,4.63,12589.3
1679800,6.08,19952.6
1679804,4.78,13357.35
1679805,2.61,14125.4
1679806,4.21,2238.7
1679807,2.28,39810.7
1679811,5.09,12589.3
1679812,4.75,35481.3
1679819,4.24,11220.2
1679824,4.59,28183.8
1679828,5.48,7079.5
1679833,3.65,25118.9
1679835,2.56,3162.3
1679842,5.86,7079.5
1679847,4.33,4466.8
1679857,5.72,13357.35
1679863,4.17,3162.3
1679865,4.45,22387.2
1679870,5.94,14125.4
1679871,5.05,12589.3
1679874,4.48,31622.8
1679879,4.28,39810.7
1679886,5.04,31622.8
1679889,5.25,5011.9
1679892,5.72,14125.4
1679893,4.36,10000.0
1679894,2.37,24208.333333333332
1679904,4.84,31622.8
1679905,4.74,15848.9
1679911,5.49,5011.9
1679923,4.01,28183.8
1679925,5.71,10000.0
1679927,3.61,15848.9
1679929,4.81,10610.1
1679930,4.22,28183.8
1679932,4.85,44668.4
1679935,4.08,28183.8
1679937,5.86,28183.8
1679938,3.93,17782.8
1679943,4.3,39810.7
1679945,5.03,19952.6
1679950,3.52,8912.5
1679953,3.68,7079.5
1679959,4.24,2238.7
1679964,4.84,22387.2
1679968,4.41,29903.3
1679970,3.02,17782.8
1679973,4.92,3548.1
1679976,3.65,10000.0
1679977,4.89,14125.4
1679980,5.73,1584.9
1679985,5.77,39810.7
1679988,5.74,22387.2
1680002,4.06,891.3
1680008,4.75,14125.4
1680009,3.47,15848.9
1680011,5.69,2511.9
1680015,5.64,14125.4
1680016,5.09,39810.7
1680022,3.75,28183.8
1680036,4.71,4466.8
1680038,4.4,14125.4
1680042,4.37,19952.6
1680049,4.18,29903.3
1680050,4.89,2818.4
1680051,5.94,6309.6
1680052,4.81,7943.3
1680064,4.52,39810.7
1680065,4.2,15848.9
1680067,4.3,25118.9
1680071,4.51,5623.4
1680076,6.17,10000.0
1680077,4.82,19952.6
1680078,5.39,19952.6
1680079,3.9,11904.75
1680090,4.16,25118.9
1680091,4.93,17782.8
1680098,4.6,14125.4
1680111,4.8,3162.3
1680114,4.26,25118.9
1680117,5.06,29903.3
1680118,4.61,7079.5
1680119,5.38,22387.2
1680121,4.63,10000.0
1680124,4.56,15848.9
1680125,3.56,5011.9
1680129,4.68,10000.0
1680131,2.83,25.1
1680133,3.85,17782.8
1680134,4.44,14125.4
1680135,4.56,3162.3
1680136,4.2,2665.15
1680139,3.52,12589.3
1680148,4.85,3548.1
1680156,3.83,12589.3
1680166,5.37,17782.8
1680167,4.32,15848.9
1680169,4.33,23753.05
1680172,3.54,12589.3
1680176,3.83,7943.3
1680177,4.47,22387.2
1680184,5.36,37646.0
1680190,4.65,2238.7
1680193,5.75,10000.0
1680210,5.51,25118.9
1680211,3.29,15848.9
1680215,5.31,11904.75
1680216,4.09,15848.9
1680219,5.22,39810.7
1680224,3.86,17782.8
1680231,3.85,14125.4
1680233,4.72,7943.3
1680234,3.62,7079.5
1680238,3.91,31622.8
1680246,3.88,31622.8
1680252,4.01,223.9
1680255,5.43,14125.4
1680258,4.53,15848.9
1680268,5.71,14125.4
1680274,4.57,31622.8
1680275,4.5,12589.3
1680277,5.54,10000.0
1680282,4.04,14125.4
1680301,5.93,11220.2
1680304,5.69,8912.5
1680314,4.4,15848.9
1680321,4.81,17782.8
1680329,4.85,25118.9
1680343,4.13,39810.7
1680345,3.86,39810.7
1680351,2.25,25.1
1680355,5.23,5623.4
1680358,4.46,44668.4
1680374,4.78,39810.7
1680379,4.96,17782.8
1680381,4.98,7943.3
1680384,4.55,28183.8
1680389,5.8,28183.8
1680391,5.61,3981.1
1680393,3.83,15848.9
1680399,3.36,17782.8
1680402,5.65,25118.9
1680404,5.7,17782.8
1680408,5.51,11220.2
1680412,5.21,31622.8
1680417,4.54,25118.9
1680421,5.29,15848.9
1680422,4.66,25118.9
1680425,4.5,1412.5
1680431,3.79,2818.4
1680439,3.68,25118.9
1680448,4.79,28183.8
1680449,3.84,562.3
1680452,5.95,11220.2
1680456,4.25,11220.2
1680460,4.16,31622.8
1680462,5.18,10000.0
1680470,5.19,28183.8
1680471,4.4,14125.4
1680474,3.15,39810.7
1680477,6.29,28183.8
1680480,3.82,12589.3
1680487,4.19,22387.2
1680493,4.73,35481.3
1680496,4.22,6309.6
1680502,5.55,12589.3
1680503,4.56,15848.9
1680507,5.39,12589.3
1680515,5.86,31622.8
1680517,5.09,11220.2
1680525,4.83,35481.3
1680529,5.08,29903.3
1680530,2.87,8912.5
1680531,4.53,39810.7
1680536,4.93,14125.4
1680548,4.19,19952.6
1680549,3.34,17782.8
1680555,4.73,44668.4
1680562,3.79,5011.9
1680563,4.81,2238.7
1680567,5.69,15848.9
1680569,2.15,25118.9
1680573,5.82,15848.9
1680577,3.82,15848.9
1680579,4.59,28183.8
1680580,4.56,19952.6
1680582,4.87,19952.6
1680587,4.48,2511.9
1680592,5.64,25118.9
1680598,3.98,16815.85
1680601,4.0,15848.9
1680611,5.47,12589.3
1680613,5.89,15848.9
1680617,3.39,28183.8
1680619,5.64,3548.1
1680621,2.97,3548.1
1680624,5.6,39810.7
1680635,5.12,35481.3
1680639,4.07,7943.3
1680644,5.47,7079.5
1680647,2.87,19952.6
1680650,5.6,22387.2
1680651,5.69,6309.6
1680652,6.03,16815.85
1680654,4.5,15848.9
1680655,4.18,4466.8
1680656,4.85,25118.9
1680659,5.65,19952.6
1680661,4.16,25118.9
1680663,4.12,39810.7
1680664,4.14,8912.5
1680666,4.17,50.1
1680667,4.19,35481.3
1680669,2.88,14125.4
1680671,1.78,31622.8
1680680,3.35,19952.6
1680684,3.9,39810.7
1680689,5.24,1995.3
1680690,5.52,14125.4
1680692,5.14,10000.0
1680695,5.41,7943.3
1680697,5.34,22387.2
1680698,3.9,25118.9
1680703,5.18,2238.7
1680706,4.0,22387.2
1680708,5.73,8912.5
1680711,5.1,1122.0
1680723,5.42,11220.2
1680725,4.72,39810.7
1680730,4.12,15848.9
1680733,5.83,14125.4
1680738,4.18,28183.8
1680745,4.62,2511.9
1680750,4.36,15848.9
1680754,5.17,25118.9
1680757,3.39,35481.3
1680773,6.01,39810.7
1680776,3.99,14125.4
1680778,3.98,1122.0
1680779,3.95,891.3
1680780,4.04,15848.9
1680781,4.56,19952.6
1680783,5.72,14125.4
1680790,4.72,35481.3
1680803,2.83,10000.0
1680807,3.91,39810.7
1680817,6.21,14125.4
1680819,4.72,5623.4
1680820,4.61,19952.6
1680821,2.5,22387.2
1680832,5.27,25118.9
1680839,4.26,19952.6
1680848,4.72,12589.3
1680852,5.82,22387.2
1680854,3.75,39810.7
1680856,1.86,12589.3
1680862,4.4,3162.3
1680868,4.25,25118.9
1680873,4.46,39810.7
1680878,5.2,22387.2
1680884,3.74,35481.3
1680885,4.21,4466.8
1680887,1.85,8912.5
1680888,4.37,14125.4
1680892,3.49,15848.9
1680896,4.99,23753.05
1680897,4.74,14125.4
1680908,4.2,4466.8
1680910,3.73,15848.9
1680913,4.65,19952.6
1680914,4.5,8912.5
1680917,4.78,16815.85
1680919,4.94,4466.8
1680920,4.88,15848.9
1680925,3.96,26651.35
1680926,6.14,10000.0
1680927,4.99,25118.9
1680931,4.22,14125.4
1680934,4.54,14987.15
1680935,5.43,7943.3
1680936,4.73,28183.8
1680938,4.89,7079.5
1680955,5.77,14125.4
1680958,4.71,15848.9
1680962,4.39,5011.9
1680966,3.54,15848.9
1680968,4.68,28183.8
1680970,3.55,15848.9
1680972,4.51,1258.9
1680975,3.12,10000.0
1680978,4.74,10000.0
1680982,3.84,19952.6
1680987,3.81,15848.9
1680988,3.88,22387.2
1680990,4.14,19952.6
1680999,4.88,14987.15
1681005,4.7,22387.2
1681006,4.76,13357.35
1681011,5.3,31622.8
1681021,4.25,3162.3
1681028,3.98,17782.8
1681032,3.95,707.9
1681035,4.91,14125.4
1681053,3.75,28183.8
1681056,3.99,28183.8
1681069,3.62,12589.3
1681076,5.59,10000.0
1681082,3.2,11220.2
1681083,5.04,3981.1
1681084,3.42,28183.8
1681086,4.41,17782.8
1681090,3.81,31622.8
1681097,3.4,11220.2
1681100,5.49,25118.9
1681112,4.5,22387.2
1681125,3.69,28183.8
1681126,4.72,39810.7
1681128,3.93,7943.3
1681130,2.96,11220.2
1681132,3.43,2818.4
1681145,5.65,28183.8
1681152,3.41,28183.8
1681153,4.43,11220.2
1681154,4.18,14125.4
1681163,5.45,1995.3
1681165,4.6,7943.3
1681168,4.37,15848.9
1681170,5.66,2511.9
1681180,3.75,1412.5
1681181,4.55,12589.3
1681182,4.65,14125.4
1681183,4.1,15848.9
1681186,4.57,15848.9
1681204,5.54,14987.15
1681206,4.95,2818.4
1681215,4.2,31622.8
1681219,3.23,28183.8
1681223,5.34,17782.8
1681228,4.19,31622.8
1681229,5.48,28183.8
1681231,5.03,22387.2
1681233,4.94,19952.6
1681234,5.89,11220.2
1681238,4.04,11220.2
1681240,4.17,17782.8
1681243,5.02,14987.15
1681245,5.8,8912.5
1681247,5.69,10000.0
1681254,6.18,7943.3
1681258,3.88,44668.4
1681268,4.54,12589.3
1681274,4.54,25118.9
1681276,4.98,39810.7
1681288,5.54,2511.9
1681293,5.56,10000.0
1681297,5.36,14699.9
1681300,5.23,3548.1
1681313,5.52,11220.2
1681316,4.89,25118.9
1681327,4.8,7943.3
1681328,4.49,39810.7
1681329,4.44,25118.9
1681330,4.37,15848.9
1681332,3.9,35481.3
1681334,4.51,39810.7
1681346,2.8,19229.333333333332
1681348,4.14,22387.2
1681350,3.23,39810.7
1681352,4.22,15848.9
1681356,5.04,15848.9
1681357,5.32,7079.5
1681362,2.9,14125.4
1681364,3.25,37646.0
1681365,5.15,3548.1
1681367,5.27,354.8
1681372,5.4,31622.8
1681373,4.99,177.8
1681374,5.93,12589.3
1681376,5.68,7943.3
1681380,5.31,1000.0
1681384,3.17,22387.2
1681389,3.76,31622.8
1681395,6.28,28183.8
1681401,5.72,19952.6
1681411,3.88,1584.9
1681415,4.31,19952.6
1681416,3.94,15848.9
1681425,5.63,19952.6
1681429,5.63,14125.4
1681445,4.65,12589.3
1681449,5.16,28183.8
1681460,4.87,19952.6
1681461,6.1,31622.8
1681466,4.44,3981.1
1681469,4.94,7079.5
1681474,4.13,10000.0
1681475,5.5,12589.3
1681478,3.11,28183.8
1681488,3.39,27162.166666666668
1681489,4.75,25118.9
1681492,6.16,25118.9
1681494,4.29,707.9
1681499,4.63,14125.4
1681501,3.42,44668.4
1681503,3.86,18867.7
1681521,5.48,19952.6
1681533,2.91,31622.8
1681537,3.25,12589.3
1681538,4.01,35481.3
1681544,4.91,2238.7
1681545,5.22,11220.2
1681546,5.66,39810.7
1681550,4.84,9456.25
1681552,4.54,16815.85
1681553,5.38,11220.2
1681560,4.08,5011.9
1681563,3.88,1258.9
1681570,3.25,12589.3
1681571,5.03,22387.2
1681584,5.99,15848.9
1681585,5.42,14125.4
1681588,5.0,2238.7
1681589,5.25,15848.9
1681599,5.43,7079.5
1681609,4.14,39810.7
1681612,5.2,5623.4
1681615,4.32,35481.3
1681616,4.47,15848.9
1681621,5.86,8912.5
1681628,3.53,5011.9
1681639,3.48,15848.9
1681641,4.64,15848.9
1681648,5.72,11220.2
1681653,4.65,2238.7
1681654,3.92,8912.5
1681656,4.29,10000.0
1681658,3.68,39810.7
1681667,4.75,23753.05
1681671,4.32,14125.4
1681674,5.51,35481.3
1681683,4.93,25118.9
1681690,3.24,14125.4
1681692,4.85,42239.55
1681693,6.2,16815.85
1681700,5.03,12589.3
1681707,4.04,316.2
1681710,3.62,25118.9
1681711,4.6,22387.2
1681712,3.92,17782.8
1681718,4.55,3162.3
1681719,4.96,12589.3
1681721,3.61,3981.1
1681727,6.03,12589.3
1681736,4.02,28183.8
1681739,4.07,19952.6
1681747,3.87,35481.3
1681748,5.15,39810.7
1681751,5.31,17782.8
1681766,3.88,28183.8
1681774,6.89,28183.8
1681779,4.54,11220.2
1681782,4.93,12589.3
1681790,3.35,35481.3
1681793,4.79,35481.3
1681794,4.11,17782.8
1681799,6.18,39810.7
1681805,3.28,11904.75
1681809,4.66,7943.3
1681812,4.13,17782.8
1681820,4.26,35481.3
1681822,4.43,31622.8
1681834,3.25,19952.6
1681841,4.5,316.2
1681842,4.76,8912.5
1681846,5.54,10000.0
1681848,4.93,7943.3
1681849,4.57,15848.9
1681854,4.34,31622.8
1681858,5.07,12589.3
1681866,5.43,8912.5
1681873,3.59,12589.3
1681876,5.59,2818.4
1681877,5.66,39810.7
1681878,4.79,14125.4
1681879,4.27,15848.9
1681880,4.37,25118.9
1681883,5.74,12589.3
1681897,5.03,35481.3
1681900,3.39,7943.3
1681904,3.98,29903.3
1681909,3.3,5623.4
1681915,4.52,14125.4
1681916,4.76,18867.7
1681918,5.01,35481.3
1681919,5.64,14125.4
1681920,5.46,14125.4
1681923,6.19,10000.0
1681924,3.86,19952.6
1681926,4.6,15848.9
1681928,4.33,11220.2
1681929,4.67,31622.8
1681931,6.01,15848.9
1681935,3.68,25118.9
1681941,6.19,25118.9
1681942,4.27,14125.4
1681944,6.01,19952.6
1681948,2.3,12589.3
1681949,3.59,39810.7
1681950,6.01,8912.5
1681955,4.84,5011.9
1681966,4.5,28183.8
1681967,4.81,13357.35
1681970,5.21,25118.9
1681972,3.78,10000.0
1681977,4.29,10000.0
1681981,2.91,8266.366666666667
1681982,6.32,15848.9
1681985,4.91,44668.4
1681987,4.88,39810.7
1681990,4.66,10000.0
1681991,4.45,2511.9
1681997,4.29,35481.3
1681998,4.99,13357.35
1682000,4.66,19952.6
1682002,4.78,31622.8
1682007,5.27,17782.8
1682016,4.61,11220.2
1682017,5.54,10000.0
1682020,4.62,22387.2
1682023,4.93,39810.7
1682025,3.98,2511.9
1682026,5.16,14125.4
1682027,5.61,37646.0
1682028,4.7,1995.3
1682030,5.9,17782.8
1682031,4.88,17782.8
1682032,4.33,3548.1
1682036,5.59,7943.3
1682038,3.82,31622.8
1682039,5.07,12589.3
1682046,4.53,21169.9
1682050,4.38,19952.6
1682055,4.47,25118.9
1682059,5.47,13357.35
1682064,4.16,5623.4
1682070,3.22,25118.9
1682071,4.93,13357.35
1682074,4.23,3548.1
1682080,3.41,4466.8
1682081,4.27,17782.8
1682083,5.37,12589.3
1682087,5.12,17782.8
1682088,4.15,14125.4
1682096,5.51,7943.3
1682101,4.56,14125.4
1682104,4.81,7943.3
1682105,4.63,3162.3
1682112,4.22,31622.8
1682118,4.25,15848.9
1682122,4.99,31622.8
1682134,5.53,10610.1
1682136,5.62,3764.6
1682139,5.74,281.8
1682141,3.64,13357.35
1682144,3.89,3548.1
1682148,5.76,10000.0
1682153,5.56,17782.8
1682163,4.77,1778.3
1682166,4.99,26651.35
1682167,4.85,25118.9
1682170,5.54,3548.1
1682171,4.6,44668.4
1682175,4.94,14125.4
1682185,5.05,1122.0
1682188,4.63,15848.9
1682191,5.34,14987.15
1682201,4.67,2818.4
1682207,5.69,2511.9
1682211,4.35,1258.9
1682215,3.89,35481.3
1682222,4.51,17782.8
1682225,5.54,14125.4
1682229,5.67,6309.6
1682230,6.49,13357.35
1682233,4.67,2511.9
1682235,4.29,19952.6
1682242,3.07,10000.0
1682244,5.06,7079.5
1682261,3.98,9637.5
1682266,3.74,10000.0
1682267,2.71,1258.9
1682268,5.51,22387.2
1682280,5.01,14125.4
1682288,4.99,11220.2
1682290,5.84,12589.3
1682291,4.75,7943.3
1682292,4.68,14125.4
1682295,5.41,21169.9
1682297,4.65,15848.9
1682299,4.07,15848.9
1682302,4.21,14987.15
1682303,3.65,19952.6
1682306,3.33,35481.3
1682308,3.8,17782.8
1682313,4.05,1258.9
1682325,4.59,25118.9
1682330,4.3,39810.7
1682331,4.43,6309.6
1682332,4.84,2818.4
1682334,5.59,28183.8
1682340,4.13,31622.8
1682342,5.59,28183.8
1682344,5.5,17782.8
1682346,5.24,14125.4
1682347,5.51,11220.2
1682355,4.77,14987.15
1682357,4.55,17782.8
1682358,5.15,44668.4
1682363,5.77,39810.7
1682375,5.33,15848.9
1682384,5.2,31622.8
1682385,4.34,25118.9
1682398,5.45,17782.8
1682401,3.64,5011.9
1682407,5.85,8912.5
1682409,4.19,10000.0
1682412,4.76,14125.4
1682417,6.12,28183.8
1682427,3.83,8912.5
1682429,4.18,31622.8
1682430,4.02,28183.8
1682431,5.32,31622.8
1682433,3.63,3548.1
1682440,5.46,17782.8
1682441,3.47,2511.9
1682446,4.72,12589.3
1682447,4.26,31622.8
1682449,5.11,39810.7
1682451,5.9,14987.15
1682453,5.47,8912.5
1682455,4.95,44668.4
1682457,3.56,14125.4
1682459,4.76,14987.15
1682461,3.82,15848.9
1682464,5.83,2238.7
1682467,4.82,17782.8
1682468,4.33,7079.5
1682469,3.72,17782.8
1682482,5.2,4466.8
1682484,4.09,16815.85
1682487,5.67,12589.3
1682491,4.32,17782.8
1682493,4.34,15848.9
1682497,5.06,12589.3
1682507,3.23,28183.8
1682516,4.69,14987.15
1682519,4.55,15848.9
1682523,3.43,31622.8
1682528,4.81,39810.7
1682538,5.98,19952.6
1682545,4.35,5011.9
1682547,3.45,7943.3
1682557,4.45,14125.4
1682560,4.57,35481.3
1682563,5.84,12589.3
1682564,5.45,11220.2
1682566,5.7,14125.4
1682567,4.72,3162.3
1682569,3.84,11220.2
1682570,5.56,11220.2
1682576,4.37,22387.2
1682583,4.8,8912.5
1682586,5.84,39810.7
1682589,4.44,19952.6
1682593,4.25,19952.6
1682594,4.55,22387.2
1682598,4.13,14125.4
1682601,5.34,15848.9
1682602,3.79,2818.4
1682603,3.35,39810.7
1682608,5.78,15848.9
1682612,4.41,44668.4
1682622,4.57,7511.4
1682627,5.31,8912.5
1682631,5.79,31622.8
1682635,3.96,10000.0
1682652,2.95,12589.3
1682653,3.56,4466.8
1682654,3.29,39810.7
1682658,2.68,31622.8
1682662,4.69,39810.7
1682663,2.51,17782.8
1682667,4.3,25118.9
1682682,4.11,17782.8
1682688,4.98,31622.8
1682690,4.18,12589.3
1682694,2.37,14125.4
1682695,4.5,7943.3
1682696,5.21,25118.9
1682698,2.86,11220.2
1682706,4.91,12589.3
1682708,4.1,14125.4
1682712,4.43,12589.3
1682718,5.87,12589.3
1682733,4.33,28183.8
1682744,5.5,14125.4
1682755,4.14,39810.7
1682761,3.09,17782.8
1682763,3.32,15848.9
1682767,3.65,28183.8
1682769,5.58,17782.8
1682781,5.11,15848.9
1682783,4.11,7079.5
1682785,4.65,12589.3
1682786,4.17,2818.4
1682787,4.82,19952.6
1682796,5.19,31622.8
1682800,3.46,39810.7
1682806,4.13,5011.9
1682808,3.94,14125.4
1682815,3.63,28183.8
1682818,3.39,14125.4
1682820,4.02,44668.4
1682824,4.3,10000.0
1682825,4.61,1778.3
1682826,3.12,15848.9
1682827,5.27,8912.5
1682828,4.16,12589.3
1682831,5.24,25118.9
1682832,5.16,354.8
1682834,4.53,15848.9
1682844,4.42,39810.7
1682846,5.74,39810.7
1682853,5.92,28183.8
1682854,4.84,25118.9
1682857,5.2,26651.35
1682863,3.48,22387.2
1682864,5.57,25118.9
1682873,5.47,12589.3
1682879,5.2,12589.3
1682880,5.36,19952.6
1682889,4.62,28183.8
1682890,6.08,37646.0
1682891,5.54,28183.8
1682899,3.99,35481.3
1682902,4.37,28183.8
1682903,4.44,12589.3
1682909,4.1,1584.9
1682910,5.93,28183.8
1682913,4.42,28183.8
1682925,4.19,3162.3
1682926,5.7,28183.8
1682929,5.71,28183.8
1682935,5.75,15848.9
1682942,4.75,12589.3
1682943,5.43,37646.0
1682946,4.07,10000.0
1682949,4.99,14125.4
1682953,3.62,17782.8
1682954,5.13,31622.8
1682956,4.04,4466.8
1682961,4.84,631.0
1682967,4.48,5011.9
1682977,4.41,28183.8
1682984,4.58,12589.3
1682985,5.88,12589.3
1682990,4.17,39810.7
1682991,5.32,12589.3
1682993,4.99,3162.3
1682994,4.62,10000.0
1682996,5.01,11220.2
1683000,4.86,19952.6
1683002,5.85,11220.2
1683007,4.46,31622.8
1683018,5.05,7079.5
1683021,5.06,8912.5
1683023,2.92,31622.8
1683024,5.69,17782.8
1683025,3.48,28183.8
1683028,4.62,4466.8
1683029,4.17,8912.5
1683030,4.39,17782.8
1683031,5.5,3981.1
1683033,4.33,11220.2
1683043,2.47,39810.7
1683046,3.39,12589.3
1683053,4.19,1584.9
1683054,3.73,1995.3
1683056,5.08,562.3
1683065,5.11,14125.4
1683066,4.55,14125.4
1683072,4.84,1258.9
1683087,4.44,2818.4
1683088,5.05,14125.4
1683089,4.77,11220.2
1683105,4.42,35481.3
1683106,5.61,25118.9
1683108,2.15,19952.6
1683114,6.3,7943.3
1683122,4.69,14125.4
1683124,5.42,3981.1
1683126,4.97,22387.2
1683129,5.43,28183.8
1683134,3.2,31622.8
1683135,4.53,3981.1
1683137,5.17,12589.3
1683144,5.35,14125.4
1683147,5.45,15848.9
1683149,3.7,17782.8
1683150,3.61,22387.2
1683152,4.45,15848.9
1683155,5.47,25118.9
1683162,5.73,281.8
1683169,3.67,35481.3
1683174,3.15,28183.8
1683177,5.98,15848.9
1683178,4.87,14125.4
1683179,4.06,12589.3
1683180,4.79,10000.0
1683187,5.45,8912.5
1683189,6.03,15848.9
1683193,4.58,23753.05
1683200,5.45,31622.8
1683206,5.47,23753.05
1683215,4.75,39810.7
1683221,4.09,28183.8
1683222,3.32,14125.4
1683223,3.88,28183.8
1683232,4.68,11220.2
1683238,3.28,11220.2
1683240,5.34,22387.2
1683244,4.51,14125.4
1683248,4.79,354.8
1683253,4.07,14125.4
1683255,4.17,25118.9
1683256,4.78,28183.8
1683258,4.67,1122.0
1683261,4.63,23753.05
1683262,3.05,15848.9
1683264,5.51,7943.3
1683270,4.8,17782.8
1683271,4.39,10000.0
1683275,5.86,44668.4
1683276,4.44,17782.8
1683278,4.75,22387.2
1683287,3.65,6309.6
1683293,5.51,39810.7
1683298,4.39,11220.2
1683299,4.74,1584.9
1683301,5.56,39810.7
1683303,4.15,15848.9
1683305,3.91,5623.4
1683311,5.73,22387.2
1683317,5.03,15848.9
1683321,3.56,8912.5
1683322,4.04,1258.9
1683324,4.24,17782.8
1683327,3.82,15848.9
1683329,4.25,8912.5
1683330,4.99,10000.0
1683339,4.35,2511.9
1683340,4.34,14125.4
1683341,4.44,39810.7
1683349,5.79,19952.6
1683353,5.77,11220.2
1683355,6.09,15848.9
1683360,5.29,29903.3
1683361,4.37,3162.3
1683364,5.27,5011.9
1683366,4.32,223.9
1683380,5.51,12589.3
1683384,4.88,39810.7
1683389,5.39,14125.4
1683393,4.75,39810.7
1683395,3.91,15848.9
1683398,5.43,14125.4
1683402,4.78,39810.7
1683409,5.73,18867.7
1683411,4.76,12589.3
1683419,4.45,8912.5
1683420,2.72,12589.3
1683434,5.91,39810.7
1683436,5.31,2238.7
1683441,5.52,446.7
1683442,5.5,12589.3
1683444,4.37,25118.9
1683447,5.0,2818.4
1683450,5.7,50.1
1683453,5.61,35481.3
1683462,5.22,39810.7
1683465,5.96,23753.05
1683466,5.86,11220.2
1683479,4.96,17782.8
1683483,3.83,14125.4
1683484,4.44,25118.9
1683499,5.51,7943.3
1683506,2.81,44668.4
1683511,3.96,39810.7
1683516,4.59,2238.7
1683517,4.06,22387.2
1683539,3.36,14125.4
1683547,5.42,17782.8
1683554,5.11,14125.4
1683557,5.22,3981.1
1683558,5.43,11220.2
1683559,5.81,28183.8
1683568,3.66,39810.7
1683576,4.24,19952.6
1683584,4.37,31622.8
1683588,5.33,25118.9
1683591,4.15,25118.9
1683600,4.83,12589.3
1683618,3.94,15848.9
1683622,3.89,22387.2
1683631,4.7,3162.3
1683641,4.23,25118.9
1683647,4.03,12589.3
1683650,5.67,10000.0
1683652,3.99,17782.8
1683653,5.13,10000.0
1683654,5.19,14125.4
1683662,4.74,6309.6
1683666,3.69,19952.6
1683671,5.03,14987.15
1683676,4.16,12589.3
1683681,4.1,891.3
1683686,4.31,25118.9
1683691,6.29,28183.8
1683692,4.24,15848.9
1683698,6.13,14125.4
1683705,5.07,14125.4
1683712,5.69,11220.2
1683713,3.16,14125.4
1683716,4.43,28183.8
1683721,3.96,14125.4
1683725,4.08,11220.2
1683734,5.09,19952.6
1683735,4.51,8912.5
1683737,3.72,12589.3
1683742,3.43,5011.9
1683744,5.48,22387.2
1683745,4.29,281.8
1683751,5.6,6309.6
1683753,5.22,11220.2
1683754,3.57,39810.7
1683759,3.88,8912.5
1683763,3.85,15848.9
1683764,5.57,22387.2
1683765,4.97,10000.0
1683771,4.15,37646.0
1683773,4.93,398.1
1683788,4.88,25118.9
1683789,2.91,31622.8
1683790,5.1,39810.7
1683797,5.5,11220.2
1683803,2.27,19952.6
1683808,5.78,10000.0
1683819,5.83,17782.8
1683824,4.28,5623.4
1683825,3.84,31622.8
1683826,4.9,3162.3
1683827,4.91,33552.05
1683836,3.93,19952.6
1683841,5.49,31622.8
1683854,4.63,14987.15
1683855,4.73,17782.8
1683859,3.84,12589.3
1683862,5.27,14125.4
1683864,4.89,3162.3
1683866,4.84,1000.0
1683870,2.79,16815.85
1683873,3.87,19952.6
1683877,5.74,19952.6
1683880,5.61,4466.8
1683883,5.87,28183.8
1683885,3.98,31622.8
1683886,6.23,7079.5
1683896,4.07,31622.8
1683899,4.32,31622.8
1683901,4.86,25118.9
1683902,3.73,28183.8
1683903,3.71,14125.4
1683904,4.36,13357.35
1683907,4.98,12589.3
1683913,5.38,11220.2
1683915,4.76,10000.0
1683917,5.2,31622.8
1683918,6.57,15848.9
1683921,4.34,16815.85
1683922,6.11,3548.1
1683924,4.85,35481.3
1683925,5.15,3162.3
1683927,4.64,15848.9
1683931,4.49,39810.7
1683932,5.64,15848.9
1683934,3.63,25118.9
1683938,5.1,14125.4
1683943,4.71,28183.8
1683947,3.89,2818.4
1683948,5.36,316.2
1683949,4.47,35481.3
1683953,4.91,5011.9
1683957,5.19,15848.9
1683961,4.21,8427.9
1683963,4.82,4466.8
1683965,4.84,19952.6
1683978,3.94,17782.8
1683986,4.97,125.9
1683993,5.36,3548.1
1683994,4.87,10000.0
1683995,4.59,14125.4
1683998,6.09,39810.7
1684001,3.79,19952.6
1684002,2.67,14125.4
1684006,5.49,12589.3
1684015,4.48,3981.1
1684024,3.5,39810.7
1684026,5.53,5011.9
1684031,6.2,17782.8
1684033,5.27,25118.9
1684036,3.08,31622.8
1684041,5.07,19952.6
1684044,4.62,19952.6
1684047,6.22,7511.4
1684049,5.72,22387.2
1684053,3.6,8912.5
1684057,4.51,2511.9
1684058,3.59,3981.1
1684076,4.02,13357.35
1684078,5.38,12589.3
1684087,4.78,14125.4
1684089,4.49,15848.9
1684091,5.48,15848.9
1684108,3.99,6309.6
1684111,3.48,12589.3
1684115,4.86,15848.9
1684137,3.93,11220.2
1684145,3.84,14125.4
1684147,4.55,2238.7
1684148,3.85,28183.8
1684153,6.03,15848.9
1684161,3.92,4466.8
1684168,3.9,28183.8
1684169,4.26,12589.3
1684170,2.62,19952.6
1684171,4.5,19952.6
1684177,4.51,13357.35
1684181,4.81,22387.2
1684183,5.92,14125.4
1684191,3.87,19952.6
1684198,4.99,19952.6
1684200,4.75,28183.8
1684205,2.99,31622.8
1684206,4.92,25118.9
1684211,4.79,35481.3
1684221,5.18,2511.9
1684222,5.68,14125.4
1684224,3.76,15848.9
1684226,3.77,22387.2
1684227,5.63,39810.7
1684229,3.73,31622.8
1684234,5.95,22387.2
1684240,4.74,14125.4
1684247,5.36,44668.4
1684249,3.63,10000.0
1684258,4.96,25118.9
1684261,3.56,22387.2
1684262,2.03,17782.8
1684265,4.79,10000.0
1684267,3.29,15848.9
1684280,3.26,3162.3
1684282,3.64,1778.3
1684283,6.11,17782.8
1684290,5.63,4466.8
1684293,5.05,2818.4
1684298,5.47,4466.8
1684302,5.6,3162.3
1684305,6.24,17782.8
1684307,5.2,19952.6
1684314,3.59,44668.4
1684316,6.06,39810.7
1684323,3.43,5011.9
1684328,4.14,4466.8
1684331,5.1,14125.4
1684332,4.73,7079.5
1684337,4.86,1778.3
1684344,3.81,5011.9
1684347,5.5,39810.7
1684350,5.1,11220.2
1684351,4.14,25118.9
1684355,4.6,28183.8
1684356,4.1,35481.3
1684357,4.53,22387.2
1684364,3.74,7943.3
1684367,4.39,39810.7
1684377,3.73,10000.0
1684379,4.71,12589.3
1684384,3.91,25.1
1684392,5.05,446.7
1684393,3.61,3162.3
1684398,6.04,29903.3
1684406,5.21,15848.9
1684409,2.98,14125.4
1684412,4.96,100.0
1684413,3.77,31622.8
1684416,4.18,28183.8
1684418,4.05,15848.9
1684419,3.94,2818.4
1684420,4.1,562.3
1684422,3.88,31622.8
1684433,5.79,11220.2
1684436,5.77,17782.8
1684444,3.78,2511.9
1684445,5.95,1000.0
1684446,4.88,7079.5
1684447,5.32,39810.7
1684448,4.52,4466.8
1684462,6.13,14987.15
1684463,6.06,14125.4
1684479,3.94,14125.4
1684480,5.15,11220.2
1684483,5.95,8912.5
1684485,5.23,15848.9
1684487,4.38,15848.9
1684489,4.42,15848.9
1684490,3.34,14125.4
1684491,3.75,8912.5
1684493,5.07,2238.7
1684499,4.33,12589.3
1684502,3.92,25118.9
1684504,4.29,19952.6
1684505,4.95,19952.6
1684506,5.16,19952.6
1684507,4.87,12589.3
1684509,4.56,12589.3
1684510,4.45,17782.8
1684511,3.79,19952.6
1684513,5.43,7943.3
1684514,4.62,15848.9
1684517,5.07,14125.4
1684523,5.21,17782.8
1684534,4.58,2511.9
1684540,6.03,9456.25
1684543,3.24,14125.4
1684546,4.83,31622.8
1684550,4.14,19952.6
1684551,4.67,10000.0
1684554,5.09,35481.3
1684556,5.38,14125.4
1684567,4.17,794.3
1684571,5.58,12589.3
1684572,3.22,15848.9
1684573,4.86,11220.2
1684580,5.14,18506.066666666666
1684584,3.53,31622.8
1684592,3.7,8912.5
1684596,5.37,15848.9
1684599,4.4,14987.15
1684600,5.73,25118.9
1684602,4.27,39810.7
1684603,4.7,39810.7
1684605,5.04,17782.8
1684606,4.52,31622.8
1684614,4.69,3981.1
1684616,4.63,2818.4
1684634,5.34,11220.2
1684637,4.46,11220.2
1684644,3.69,31622.8
1684645,3.95,31622.8
1684649,4.67,39810.7
1684650,3.48,794.3
1684651,4.6,3548.1
1684668,4.54,17782.8
1684669,3.69,8912.5
1684673,4.47,22387.2
1684675,4.82,13357.35
1684678,3.98,17782.8
1684686,4.19,7079.5
1684689,3.64,35481.3
1684690,4.35,707.9
1684707,5.36,22387.2
1684713,3.94,12589.3
1684724,3.53,14125.4
1684734,6.14,31622.8
1684737,4.73,17782.8
1684741,4.71,15848.9
1684742,4.84,21169.9
1684750,3.85,12589.3
1684753,4.74,35481.3
1684760,4.57,39810.7
1684765,2.54,4466.8
1684768,3.97,2818.4
1684776,4.44,14125.4
1684783,6.4,35481.3
1684785,6.09,22387.2
1684787,4.63,42239.55
1684788,4.02,14125.4
1684793,5.41,35481.3
1684798,2.5,3981.1
1684801,5.09,39810.7
1684806,4.56,28183.8
1684821,4.66,39810.7
1684828,3.9,11220.2
1684830,5.49,14125.4
1684835,4.04,39810.7
1684837,3.82,22387.2
1684843,5.3,39810.7
1684844,6.58,22387.2
1684845,5.13,31622.8
1684853,5.86,2511.9
1684856,3.81,39810.7
1684868,4.25,8912.5
1684870,5.39,22387.2
1684876,5.0,22387.2
1684877,4.1,15848.9
1684879,5.41,28183.8
1684883,3.88,7943.3
1684885,6.23,17782.8
1684886,5.29,8912.5
1684893,5.19,17782.8
1684896,5.04,891.3
1684899,4.77,15848.9
1684901,4.74,4466.8
1684902,4.06,10000.0
1684903,4.62,891.3
1684907,5.36,23753.05
1684910,4.28,31622.8
1684915,5.45,10000.0
1684916,5.71,15848.9
1684918,4.01,7079.5
1684926,5.22,17782.8
1684933,5.06,17782.8
1684940,4.72,12589.3
1684941,4.76,19952.6
1684948,3.73,28183.8
1684951,4.72,13357.35
1684952,5.66,44668.4
1684953,4.5,13357.35
1684959,6.06,14125.4
1684963,4.88,16815.85
1684972,6.16,14125.4
1684976,5.06,25118.9
1684977,4.22,7943.3
1684986,4.87,39810.7
1684988,5.48,10000.0
1684990,5.15,15848.9
1684991,3.5,28183.8
1684994,3.26,14125.4
1684999,5.24,15848.9
1685008,4.96,21169.9
1685009,4.49,28183.8
1685012,3.19,25118.9
1685014,3.26,12589.3
1685020,4.52,1000.0
1685053,4.74,17782.8
1685060,4.51,31622.8
1685064,3.16,31622.8
1685068,4.51,39810.7
1685069,5.9,12589.3
1685073,4.64,8912.5
1685076,4.06,12589.3
1685082,2.41,19952.6
1685083,4.48,14125.4
1685085,4.16,22387.2
1685086,5.51,9456.25
1685093,5.89,1995.3
1685099,4.87,1778.3
1685100,5.13,14125.4
1685115,4.53,10000.0
1685124,3.67,2818.4
1685126,4.78,11220.2
1685128,3.91,44668.4
1685129,4.82,4466.8
1685130,4.2,14125.4
1685132,4.69,7943.3
1685139,4.27,7943.3
1685142,5.56,7079.5
1685143,5.66,14125.4
1685159,5.61,11220.2
1685162,3.88,31622.8
1685172,3.95,4466.8
1685174,4.48,19952.6
1685175,3.34,10000.0
1685177,4.53,17782.8
1685178,5.57,15848.9
1685183,4.21,14125.4
1685184,4.48,4466.8
1685188,3.86,15848.9
1685198,4.96,15848.9
1685202,4.07,35481.3
1685204,4.75,446.7
1685206,3.67,31622.8
1685210,5.63,354.8
1685214,5.35,17782.8
1685217,4.83,28183.8
1685218,3.98,14125.4
1685223,6.35,8912.5
1685226,3.91,28183.8
1685234,4.6,22387.2
1685239,4.64,22387.2
1685243,5.02,26651.35
1685245,5.29,12589.3
1685263,5.43,16815.85
1685269,4.27,3548.1
1685271,5.14,17782.8
1685273,4.8,37646.0
1685278,4.73,39810.7
1685287,4.9,281.8
1685294,5.69,19952.6
1685296,4.89,11220.2
1685299,4.06,31622.8
1685300,3.78,15848.9
1685311,4.96,14125.4
1685313,4.38,37646.0
1685315,4.52,17782.8
1685317,4.55,11220.2
1685318,5.52,15848.9
1685319,4.93,15848.9
1685326,4.95,14125.4
1685329,4.96,1778.3
1685330,6.39,112.2
1685331,3.89,19952.6
1685332,5.41,15848.9
1685333,4.18,22387.2
1685338,5.76,7943.3
1685341,4.86,19952.6
1685347,4.32,14125.4
1685353,5.64,10000.0
1685354,4.86,17782.8
1685367,5.34,25118.9
1685371,4.38,11220.2
1685377,5.6,14987.15
1685388,3.36,35481.3
1685391,6.49,35481.3
1685396,5.05,28183.8
1685397,4.5,1122.0
1685398,3.91,39810.7
1685404,4.11,11904.75
1685405,5.63,14125.4
1685406,5.85,14125.4
1685408,5.65,28183.8
1685410,5.72,562.3
1685414,3.38,15848.9
1685415,5.9,7943.3
1685427,4.84,17782.8
1685431,5.06,14125.4
1685434,4.56,8912.5
1685438,5.39,39810.7
1685442,4.55,25118.9
1685450,3.17,31622.8
1685452,4.0,1584.9
1685453,4.6,14987.15
1685465,3.91,9456.25
1685468,4.32,25118.9
1685469,4.58,44668.4
1685473,4.22,37646.0
1685474,2.79,15848.9
1685475,5.94,3764.6
1685477,3.96,12589.3
1685480,3.88,2511.9
1685488,4.6,22387.2
1685489,4.51,4466.8
1685491,4.31,10000.0
1685512,5.47,3981.1
1685516,4.8,794.3
1685517,3.74,28183.8
1685522,5.58,14125.4
1685524,4.37,28183.8
1685527,5.99,12589.3
1685529,4.21,11220.2
1685535,4.51,22387.2
1685540,4.6,12589.3
1685544,2.39,17782.8
1685549,4.32,10000.0
1685550,4.83,12589.3
1685552,3.8,31622.8
1685554,5.34,15848.9
1685555,5.52,17782.8
1685559,5.35,22387.2
1685566,4.74,14125.4
1685569,4.75,5011.9
1685572,6.21,28183.8
1685578,3.94,28183.8
1685579,5.04,39810.7
1685580,4.47,10000.0
1685585,3.43,11220.2
1685586,4.94,11220.2
1685587,3.64,7079.5
1685592,5.31,891.3
1685599,3.32,22387.2
1685603,3.9,22387.2
1685605,4.1,5011.9
1685614,4.37,10000.0
1685616,4.74,7943.3
1685619,4.51,13357.35
1685620,4.16,12589.3
1685632,4.65,15848.9
1685636,4.01,22387.2
1685647,5.5,4466.8
1685651,3.81,39810.7
1685653,4.33,14125.4
1685658,5.73,4466.8
1685659,3.48,15848.9
1685660,4.57,2818.4
1685663,4.35,2238.7
1685665,3.94,12589.3
1685668,5.31,22387.2
1685669,4.54,12589.3
1685670,5.05,15848.9
1685681,4.68,5011.9
1685684,4.53,446.7
1685685,5.27,1000.0
1685687,3.62,7943.3
1685691,4.47,3162.3
1685694,3.74,15848.9
1685695,6.09,14125.4
1685699,4.11,28183.8
1685706,4.24,8912.5
1685711,3.62,14987.15
1685721,3.35,22387.2
1685722,2.8,12589.3
1685724,5.62,44668.4
1685726,4.57,4223.95
1685727,5.32,44668.4
1685728,4.48,28183.8
1685731,4.92,17782.8
1685732,4.99,2818.4
1685735,4.33,7079.5
1685740,5.7,12589.3
1685741,4.55,17782.8
1685750,2.99,7943.3
1685753,4.59,35481.3
1685757,4.54,3548.1
1685759,5.09,7943.3
1685762,4.69,18867.7
1685766,4.41,15848.9
1685767,4.44,12589.3
1685768,4.33,44668.4
1685769,4.19,17782.8
1685772,3.07,31622.8
1685773,3.93,11904.75
1685777,5.42,14125.4
1685778,6.31,44668.4
1685784,3.49,7079.5
1685785,4.68,794.3
1685793,5.22,17782.8
1685794,5.13,28183.8
1685800,6.14,28183.8
1685805,4.2,22387.2
1685806,4.46,15848.9
1685809,4.13,1122.0
1685811,3.1,19952.6
1685813,5.59,25118.9
1685814,5.47,3548.1
1685817,4.37,2818.4
1685824,5.49,19952.6
1685826,4.6,5011.9
1685827,4.24,39810.7
1685828,3.59,3981.1
1685841,3.66,10000.0
1685842,5.19,15848.9
1685851,4.15,28183.8
1685854,3.72,17782.8
1685856,5.14,15848.9
1685863,5.86,22387.2
1685864,4.26,17782.8
1685877,4.03,22387.2
1685881,4.12,31622.8
1685882,4.98,15848.9
1685889,5.73,14125.4
1685890,3.66,7079.5
1685891,3.83,10000.0
1685898,4.72,2238.7
1685900,3.79,39810.7
1685903,5.31,17782.8
1685911,3.69,7943.3
1685913,4.21,3162.3
1685914,3.66,14125.4
1685918,5.71,31622.8
1685919,5.97,15848.9
1685920,5.96,10000.0
1685922,3.93,39810.7
1685934,3.98,28183.8
1685937,3.24,35481.3
1685939,4.3,19952.6
1685944,4.77,3981.1
1685946,4.2,11220.2
1685951,5.69,15848.9
1685954,3.16,11220.2
1685961,4.1,223.9
1685963,5.37,7079.5
1685968,3.91,8912.5
1685970,5.72,28183.8
1685976,6.42,28183.8
1685978,3.81,28183.8
1685979,6.23,17782.8
1685980,5.19,17782.8
1685992,2.83,17782.8
1685999,3.63,4466.8
1686003,4.66,1122.0
1686004,4.48,11220.2
1686009,3.02,31622.8
1686021,3.98,1995.3
1686022,6.2,8912.5
1686026,4.7,39810.7
1686028,3.33,12589.3
1686046,4.13,35481.3
1686047,4.35,14125.4
1686052,3.0,1995.3
1686056,5.61,14125.4
1686062,5.04,10000.0
1686063,3.91,31622.8
1686064,5.66,15848.9
1686077,4.46,14987.15
1686079,4.08,28183.8
1686081,5.0,22387.2
1686083,4.79,2818.4
1686089,3.29,10000.0
1686091,3.23,12589.3
1686097,5.34,39810.7
1686099,5.72,15848.9
1686102,6.04,17782.8
1686103,4.68,22387.2
1686104,5.25,17782.8
1686105,4.88,17782.8
1686108,4.18,11220.2
1686110,7.11,44668.4
1686118,4.5,12589.3
1686121,4.74,10000.0
1686124,3.91,3162.3
1686126,4.36,35481.3
1686129,4.18,28183.8
1686132,4.71,15848.9
1686140,4.74,31622.8
1686144,3.48,2238.7
1686147,4.01,39810.7
1686148,4.39,794.3
1686150,5.5,5011.9
1686154,4.58,28183.8
1686155,5.29,2238.7
1686156,2.84,14125.4
1686157,4.95,3981.1
1686159,3.78,4466.8
1686164,3.86,28183.8
1686169,5.29,3981.1
1686170,4.99,10000.0
1686172,4.08,5011.9
1686180,4.83,22387.2
1686185,5.76,10000.0
1686189,4.31,22387.2
1686192,5.5,35481.3
1686194,3.61,19952.6
1686197,4.96,2818.4
1686200,3.15,28183.8
1686203,4.34,158.5
1686204,4.05,2990.35
1686208,5.64,14125.4
1686209,2.66,19952.6
1686217,5.01,2238.7
1686229,5.09,25118.9
1686238,4.27,31622.8
1686239,3.38,562.3
1686241,5.6,35481.3
1686249,3.82,22387.2
1686255,4.78,3548.1
1686265,4.68,42239.55
1686268,5.93,3162.3
1686270,5.39,28183.8
1686271,5.56,316.2
1686276,5.41,8912.5
1686277,4.91,12589.3
1686281,4.28,31622.8
1686288,3.88,12589.3
1686292,5.15,39810.7
1686293,5.39,15848.9
1686296,4.64,14125.4
1686300,5.75,10000.0
1686303,5.48,16815.85
1686317,3.88,7079.5
1686322,4.91,14125.4
1686326,4.73,31622.8
1686327,2.77,14125.4
1686336,4.82,25118.9
1686347,3.64,4466.8
1686348,4.96,28183.8
1686354,5.4,13357.35
1686366,4.63,1000.0
1686368,3.85,17782.8
1686371,4.42,27162.166666666668
1686372,4.37,25118.9
1686385,5.48,12589.3
1686386,6.17,89.1
1686387,4.79,354.8
1686396,2.17,25118.9
1686397,4.16,31622.8
1686398,2.74,15848.9
1686399,3.73,281.8
1686418,5.63,15848.9
1686427,4.93,891.3
1686429,6.14,3981.1
1686434,5.23,39810.7
1686438,4.53,31622.8
1686442,5.75,794.3
1686443,3.29,22387.2
1686459,4.41,10000.0
1686461,3.4,28183.8
1686471,4.98,14125.4
1686474,5.31,10000.0
1686479,5.28,12589.3
1686481,6.02,39810.7
1686488,4.82,19952.6
1686498,3.65,14125.4
1686500,4.08,28183.8
1686501,5.03,39810.7
1686502,4.6,25118.9
1686505,2.54,8912.5
1686508,4.57,17782.8
1686513,5.02,35481.3
1686516,3.5,1258.9
1686522,5.83,17782.8
1686524,5.37,631.0
1686531,3.6,17782.8
1686536,4.95,14125.4
1686541,5.01,707.9
1686548,5.24,22387.2
1686551,4.26,5623.4
1686552,4.69,15848.9
1686553,4.13,15848.9
1686554,5.25,11220.2
1686555,4.97,15848.9
1686560,4.99,15848.9
1686562,3.95,501.2
1686566,5.23,10000.0
1686570,4.05,12589.3
1686571,4.72,12589.3
1686583,5.37,44668.4
1686584,3.71,7079.5
1686589,4.8,9456.25
1686591,4.53,12589.3
1686592,2.78,25118.9
1686594,4.76,15848.9
1686599,3.18,19952.6
1686601,4.85,2511.9
1686604,4.74,15848.9
1686611,3.64,31622.8
1686615,4.23,10000.0
1686622,3.15,12589.3
1686623,5.94,39810.7
1686631,3.95,7943.3
1686638,4.49,44668.4
1686641,2.99,28183.8
1686645,4.68,5011.9
1686651,3.91,22387.2
1686659,5.33,11220.2
1686662,5.95,25118.9
1686663,4.34,4466.8
1686665,3.98,14125.4
1686675,3.83,8912.5
1686678,5.49,17782.8
1686679,4.78,10000.0
1686695,6.19,29903.3
1686708,3.24,15848.9
1686723,4.24,1000.0
1686724,5.96,7511.4
1686733,4.6,25118.9
1686740,4.18,14125.4
1686747,4.07,17782.8
1686749,4.66,3981.1
1686750,5.9,2818.4
1686751,5.58,15848.9
1686752,6.33,11220.2
1686753,5.32,15848.9
1686755,4.54,17782.8
1686765,5.49,14125.4
1686769,6.49,12589.3
1686770,3.56,7943.3
1686778,6.08,14125.4
1686779,4.11,26651.35
1686783,4.95,2818.4
1686792,2.21,15848.9
1686799,4.75,3981.1
1686800,5.28,28183.8
1686806,3.8,19952.6
1686807,5.64,3548.1
1686808,5.4,8912.5
1686812,4.78,39810.7
1686815,3.46,15848.9
1686816,4.78,11220.2
1686820,4.36,39810.7
1686831,5.78,11220.2
1686835,5.6,14125.4
1686836,2.32,11220.2
1686843,4.31,7079.5
1686855,4.25,28183.8
1686857,3.74,15848.9
1686864,3.17,14125.4
1686871,5.25,2238.7
1686874,5.69,446.7
1686877,4.15,7943.3
1686880,3.95,14125.4
1686883,4.88,44668.4
1686886,5.42,14987.15
1686893,3.76,22387.2
1686898,4.73,35481.3
1686899,4.51,44668.4
1686905,5.34,28183.8
1686917,4.47,3162.3
1686922,3.49,22387.2
1686925,4.91,44668.4
1686932,3.68,1122.0
1686937,4.69,281.8
1686948,5.54,562.3
1686951,4.96,39810.7
1686952,4.32,17782.8
1686953,4.94,28183.8
1686956,5.4,3548.1
1686957,3.77,14125.4
1686961,5.27,2818.4
1686967,3.42,39810.7
1686968,5.37,6309.6
1686980,2.93,19952.6
1686981,4.74,39810.7
1686984,5.29,28183.8
1686985,4.49,3981.1
1686995,5.96,15848.9
1687007,4.76,15848.9
1687008,3.85,28183.8
1687009,5.74,13357.35
1687011,4.93,11220.2
1687014,5.28,10610.1
1687015,3.54,15848.9
1687024,4.75,22387.2
1687025,4.83,15848.9
1687028,5.76,3162.3
1687029,2.88,39810.7
1687030,3.72,25118.9
1687036,4.22,39810.7
1687047,5.27,14125.4
1687049,4.87,8912.5
1687064,4.28,33552.05
1687076,4.87,14125.4
1687077,3.48,2818.4
1687083,5.81,35481.3
1687089,5.33,7943.3
1687092,3.67,7943.3
1687093,3.98,28183.8
1687100,3.8,25118.9
1687105,4.19,11220.2
1687107,5.01,13357.35
1687118,4.15,3548.1
1687120,6.26,44668.4
1687127,2.86,23753.05
1687135,4.76,6309.6
1687140,5.72,39810.7
1687157,5.71,11220.2
1687160,4.19,39810.7
1687162,4.86,8912.5
1687174,4.8,446.7
1687178,4.42,19952.6
1687184,5.38,89.1
1687185,4.44,19952.6
1687189,3.99,22387.2
1687190,5.73,22387.2
1687191,4.68,31622.8
1687194,5.65,19952.6
1687200,4.05,15848.9
1687209,4.71,10000.0
1687210,4.85,794.3
1687213,4.62,17782.8
1687215,4.59,17782.8
1687221,3.44,39810.7
1687224,5.06,39810.7
1687234,4.37,14125.4
1687238,3.93,11220.2
1687246,4.68,22387.2
1687249,4.1,1584.9
1687260,4.33,15848.9
1687261,3.94,17782.8
1687269,4.25,28183.8
1687270,4.08,5623.4
1687272,4.6,10000.0
1687282,5.39,19952.6
1687291,5.51,15848.9
1687294,4.64,14125.4
1687296,3.81,11220.2
1687297,4.8,3548.1
1687300,5.28,28183.8
1687303,3.14,14125.4
1687308,5.1,28183.8
1687316,4.13,12589.3
1687318,4.61,19952.6
1687320,3.56,14125.4
1687321,3.68,19952.6
1687325,5.01,25118.9
1687326,4.11,7079.5
1687331,5.22,12589.3
1687336,3.99,35481.3
1687338,4.18,19952.6
1687339,4.12,14125.4
1687343,4.39,7943.3
1687345,5.81,33552.05
1687349,4.5,15848.9
1687350,5.41,39810.7
1687354,5.37,19952.6
1687357,4.95,14125.4
1687358,3.81,2511.9
1687365,4.13,15848.9
1687374,4.36,44668.4
1687381,3.93,10000.0
1687382,5.24,12589.3
1687389,5.31,2238.7
1687394,5.8,6309.6
1687400,6.12,2818.4
1687402,4.91,17782.8
1687405,3.68,35481.3
1687410,4.45,17782.8
1687413,4.38,12589.3
1687414,3.44,10000.0
1687417,4.93,3981.1
1687424,4.93,2238.7
1687426,4.81,251.2
1687436,4.98,44668.4
1687437,3.94,35481.3
1687441,4.47,22387.2
1687446,3.67,10610.1
1687457,4.76,316.2
1687458,4.44,14125.4
1687459,4.1,35481.3
1687461,3.92,14125.4
1687462,4.1,31622.8
1687464,5.0,8912.5
1687465,5.61,14987.15
1687466,5.29,14125.4
1687467,4.37,10000.0
1687469,5.41,12589.3
1687471,5.5,29903.3
1687482,5.68,3162.3
1687499,4.89,22387.2
1687500,4.43,1122.0
1687502,5.44,14125.4
1687503,5.07,19952.6
1687507,4.03,4466.8
1687519,3.95,14125.4
1687521,3.98,3981.1
1687523,3.73,17782.8
1687525,4.23,3548.1
1687527,4.1,31622.8
1687533,5.43,9456.25
1687534,3.29,14125.4
1687537,4.73,8912.5
1687544,4.76,35481.3
1687549,4.86,14125.4
1687550,3.45,13357.35
1687555,5.71,35481.3
1687557,3.63,2511.9
1687577,4.86,6309.6
1687583,4.97,19952.6
1687585,3.33,12589.3
1687587,3.62,44668.4
1687588,5.99,12589.3
1687589,6.16,11220.2
1687592,4.57,19952.6
1687593,4.1,39810.7
1687599,4.3,19952.6
1687602,5.55,1412.5
1687604,5.85,14125.4
1687605,5.21,19952.6
1687606,4.1,39810.7
1687615,5.52,14125.4
1687622,5.68,3548.1
1687623,4.34,5623.4
1687631,4.17,28183.8
1687632,5.9,31622.8
1687633,5.35,25118.9
1687635,3.44,1000.0
1687647,5.52,39810.7
1687650,3.85,39810.7
1687653,4.03,44668.4
1687661,3.55,4466.8
1687663,3.89,31622.8
1687664,3.67,3162.3
1687668,3.77,1258.9
1687672,2.09,24208.333333333332
1687676,3.92,15848.9
1687680,4.7,15848.9
1687706,4.52,15848.9
1687710,5.27,2511.9
1687716,4.03,5011.9
1687725,5.06,15848.9
1687734,4.37,7079.5
1687736,4.64,26651.35
1687743,4.43,25118.9
1687744,4.56,2818.4
1687746,4.25,17782.8
1687747,4.9,15848.9
1687748,4.89,14125.4
1687756,4.7,2818.4
1687757,4.69,15848.9
1687759,4.91,14125.4
1687764,3.91,7943.3
1687770,3.1,31622.8
1687771,4.84,14125.4
1687777,3.86,3548.1
1687778,4.48,4466.8
1687780,5.62,11904.75
1687790,4.62,12589.3
1687791,5.26,2818.4
1687792,4.94,3162.3
1687795,4.87,39810.7
1687805,5.55,6309.6
1687806,4.8,31622.8
1687807,5.7,14125.4
1687808,3.35,15848.9
1687811,6.1,17782.8
1687812,5.25,12589.3
1687813,5.6,14125.4
1687822,4.49,7943.3
1687826,3.48,28183.8
1687828,5.0,25118.9
1687830,2.75,14125.4
1687831,4.63,1000.0
1687835,4.21,3548.1
1687836,5.04,4466.8
1687842,4.64,15848.9
1687843,4.81,12589.3
1687845,5.21,25118.9
1687855,5.23,15848.9
1687856,5.0,39810.7
1687864,5.5,17782.8
1687866,4.92,25118.9
1687869,5.33,28183.8
1687871,3.88,44668.4
1687876,4.18,8912.5
1687879,4.72,15848.9
1687888,4.67,29903.3
1687889,5.31,5011.9
1687891,3.32,11220.2
1687897,5.38,15848.9
1687898,4.14,39810.7
1687901,4.88,11220.2
1687904,4.48,4466.8
1687909,4.99,3548.1
1687914,4.02,22387.2
1687921,4.94,3981.1
1687923,5.65,17782.8
1687926,3.83,562.3
1687927,5.73,42239.55
1687928,4.78,3981.1
1687930,4.46,3981.1
1687941,5.32,5011.9
1687945,4.8,39810.7
1687955,5.41,14125.4
1687956,4.96,25118.9
1687959,4.06,15848.9
1687961,4.61,10000.0
1687965,4.37,18867.7
1687967,4.56,17782.8
1687973,4.93,19952.6
1687974,4.04,8912.5
1687978,5.69,8912.5
1687987,4.91,2818.4
1687991,5.04,35481.3
1687993,3.81,19952.6
1687996,5.34,39810.7
1687997,4.97,23753.05
1687998,3.53,15848.9
1687999,2.76,4466.8
1688001,3.76,44668.4
1688003,4.93,10000.0
1688007,5.19,31622.8
1688008,4.31,31622.8
1688020,3.95,12589.3
1688023,4.49,2818.4
1688024,5.69,17782.8
1688026,3.58,19952.6
1688034,4.31,16815.85
1688043,4.58,22387.2
1688048,3.74,3981.1
1688052,4.8,11220.2
1688054,4.0,707.9
1688056,5.41,28183.8
1688061,5.49,10000.0
1688069,3.39,17782.8
1688080,5.33,14125.4
1688081,5.75,1122.0
1688092,3.44,17782.8
1688093,3.93,44668.4
1688102,5.31,13357.35
1688103,3.5,17782.8
1688105,5.81,14125.4
1688106,5.13,2238.7
1688107,4.61,8427.9
1688110,4.7,35481.3
1688117,5.81,15848.9
1688118,5.14,1122.0
1688121,4.89,25118.9
1688127,5.3,23753.05
1688128,4.66,12589.3
1688136,4.46,31622.8
1688139,4.62,44668.4
1688140,5.5,14125.4
1688156,5.74,28183.8
1688160,4.89,8912.5
1688164,4.26,14125.4
1688173,5.8,12589.3
1688174,4.24,17782.8
1688203,5.02,11904.75
1688211,3.68,16493.533333333333
1688212,3.54,28183.8
1688213,4.08,39810.7
1688220,4.6,10000.0
1688229,1.77,25118.9
1688230,3.88,44668.4
1688232,4.36,12589.3
1688234,5.74,7079.5
1688238,5.54,15848.9
1688242,4.48,44668.4
1688243,4.91,19952.6
1688252,4.97,25118.9
1688266,4.21,7943.3
1688267,6.19,22387.2
1688276,4.77,3548.1
1688277,5.12,15848.9
1688282,5.08,707.9
1688286,2.61,3981.1
1688289,3.57,8912.5
1688290,5.18,631.0
1688294,4.75,28183.8
1688295,4.32,14125.4
1688299,4.13,15848.9
1688304,4.55,3981.1
1688307,4.78,19952.6
1688308,6.06,28183.8
1688313,5.2,3548.1
1688316,5.13,14125.4
1688317,4.89,8912.5
1688321,4.86,15848.9
1688326,4.97,39810.7
1688327,3.88,28183.8
1688328,5.35,1778.3
1688333,5.1,22387.2
1688339,3.93,35481.3
1688356,4.94,22387.2
1688358,5.4,7943.3
1688359,3.51,1412.5
1688366,2.81,17782.8
1688377,4.17,15848.9
1688378,4.66,14125.4
1688379,3.62,2238.7
1688381,4.12,28183.8
1688384,3.82,8912.5
1688386,4.21,7943.3
1688387,4.35,3162.3
1688393,4.92,891.3
1688394,4.18,35481.3
1688398,4.79,4466.8
1688401,5.05,2238.7
1688402,3.71,28183.8
1688406,4.21,15848.9
1688408,5.71,3548.1
1688418,4.8,22387.2
1688428,5.48,39810.7
1688433,1.98,17782.8
1688440,5.42,5623.4
1688441,4.1,23753.05
1688443,3.69,6309.6
1688447,4.82,15848.9
1688448,5.28,31622.8
1688450,4.61,10000.0
1688451,5.38,17782.8
1688453,4.43,35481.3
1688455,3.55,17782.8
1688458,3.66,7943.3
1688459,6.16,11904.75
1688465,4.65,5011.9
1688477,3.92,2818.4
1688482,4.26,44668.4
1688484,4.61,39810.7
1688491,4.19,10000.0
1688494,5.11,10000.0
1688496,3.66,22387.2
1688502,4.86,10000.0
1688504,3.73,10000.0
1688509,5.58,2238.7
1688513,6.13,3548.1
1688515,5.5,31622.8
1688523,4.18,15848.9
1688529,4.89,4466.8
1688531,4.47,22387.2
1688538,4.42,3162.3
1688551,4.41,10000.0
1688555,5.67,12589.3
1688562,5.07,7943.3
1688563,4.29,19952.6
1688566,4.33,8912.5
1688573,5.99,22387.2
1688574,4.27,11220.2
1688579,4.41,12589.3
1688585,3.47,12589.3
1688590,5.59,28183.8
1688592,4.43,14125.4
1688600,3.73,15848.9
1688603,3.06,17782.8
1688605,6.21,12589.3
1688608,4.55,25118.9
1688615,5.97,7511.4
1688621,4.21,446.7
1688627,3.8,4466.8
1688636,5.59,25118.9
1688637,4.74,2511.9
1688638,4.65,35481.3
1688640,4.91,11220.2
1688641,4.99,25118.9
1688643,5.14,15848.9
1688645,5.45,5011.9
1688648,4.7,14125.4
1688654,4.97,39810.7
1688661,4.43,7943.3
1688664,4.34,28183.8
1688668,3.59,1122.0
1688670,3.55,15848.9
1688671,4.57,14125.4
1688673,2.92,6309.6
1688683,4.35,6309.6
1688688,4.88,19952.6
1688689,4.39,14125.4
1688690,3.37,14125.4
1688695,5.56,25118.9
1688698,5.12,23753.05
1688707,4.37,19952.6
1688712,3.99,12589.3
1688713,3.98,177.8
1688716,5.34,12589.3
1688724,3.08,11220.2
1688728,4.29,15848.9
1688729,4.22,31622.8
1688732,4.66,2818.4
1688735,4.68,5623.4
1688738,4.55,19952.6
1688746,3.65,14125.4
1688753,4.47,44668.4
1688754,3.66,31622.8
1688757,4.39,25118.9
1688775,5.35,14125.4
1688780,3.7,15848.9
1688782,5.64,14125.4
1688783,3.62,28183.8
1688791,2.1,25118.9
1688795,4.41,14125.4
1688796,4.58,22387.2
1688804,3.46,794.3
1688807,5.32,10000.0
1688808,6.16,3162.3
1688814,3.63,33552.05
1688816,5.99,14125.4
1688822,3.23,11220.2
1688827,4.48,35481.3
1688830,4.14,13357.35
1688839,4.37,17782.8
1688842,4.36,25118.9
1688843,2.12,14125.4
1688846,5.07,35481.3
1688850,4.22,18867.7
1688851,4.27,11220.2
1688856,3.7,12589.3
1688857,4.56,2818.4
1688860,5.88,31622.8
1688865,3.89,25118.9
1688870,5.23,19952.6
1688873,5.61,15848.9
1688877,5.65,11220.2
1688881,5.36,31622.8
1688883,3.99,15848.9
1688891,6.2,16815.85
1688892,5.29,13357.35
1688895,5.54,14125.4
1688896,5.89,7943.3
1688908,4.56,35481.3
1688911,4.62,15848.9
1688923,4.84,2511.9
1688926,4.5,8912.5
1688931,4.27,39810.7
1688932,4.88,39810.7
1688933,4.41,11904.75
1688943,4.65,3981.1
1688945,6.07,12589.3
1688946,4.98,11220.2
1688949,4.25,37646.0
1688952,5.19,19952.6
1688956,5.03,12589.3
1688964,4.02,15848.9
1688968,4.0,12589.3
1688975,3.05,14125.4
1688976,4.73,35481.3
1688977,3.56,15848.9
1688979,4.72,8912.5
1688982,4.75,25118.9
1688991,4.81,28183.8
1688995,5.24,1995.3
1688999,4.95,35481.3
1689000,3.19,19952.6
1689001,4.34,2511.9
1689006,5.76,13357.35
1689007,4.58,15848.9
1689009,5.86,12589.3
1689017,6.18,2511.9
1689020,2.73,11220.2
1689024,4.55,31622.8
1689025,4.64,2818.4
1689026,3.61,3981.1
1689027,3.63,12589.3
1689029,5.74,5623.4
1689031,4.51,15848.9
1689037,5.62,39810.7
1689042,5.02,15848.9
1689046,4.99,12589.3
1689047,5.09,19952.6
1689051,4.3,10000.0
1689053,3.8,25118.9
1689054,4.83,25118.9
1689059,5.95,31622.8
1689064,4.32,19952.6
1689067,5.03,5623.4
1689078,4.99,22387.2
1689083,5.72,29903.3
1689087,5.27,37646.0
1689088,5.01,2238.7
1689090,3.59,22387.2
1689091,4.06,19952.6
1689094,5.6,7943.3
1689103,4.31,14125.4
1689105,4.54,26651.35
1689106,5.33,29903.3
1689109,4.95,39810.7
1689120,3.48,19952.6
1689128,3.75,25118.9
1689131,4.81,25118.9
1689132,3.35,2818.4
1689133,3.66,15848.9
1689140,4.14,10000.0
1689141,6.47,5011.9
1689151,3.98,13357.35
1689152,6.15,11220.2
1689153,5.4,35481.3
1689160,5.9,8912.5
1689164,3.85,39810.7
1689165,4.9,1584.9
1689166,4.13,14125.4
1689169,5.21,31622.8
1689174,4.37,28183.8
1689178,5.24,39810.7
1689185,5.43,25118.9
1689189,3.78,12589.3
1689190,5.16,28183.8
1689192,4.68,17782.8
1689193,4.53,15848.9
1689199,5.17,3981.1
1689200,4.25,31622.8
1689205,4.89,1258.9
1689210,6.08,31622.8
1689213,4.75,19952.6
1689216,5.22,1995.3
1689217,4.18,25118.9
1689218,5.32,11904.75
1689224,4.36,22387.2
1689229,5.07,707.9
1689236,3.68,11220.2
1696582,3.26,2818.4
1696598,5.46,15848.9
1696602,5.09,19952.6
1696605,5.6,3548.1
1696617,4.97,15848.9
1696619,5.25,223.9
1696622,5.9,63.1
1696640,3.48,15848.9
1696643,3.77,22387.2
1696667,3.35,3548.1
1696671,4.88,11220.2
1696683,5.16,2238.7
1696685,6.55,28183.8
1696688,5.76,8912.5
1696695,4.85,6309.6
1696696,4.58,794.3
1696697,4.18,18867.7
1696698,4.87,7943.3
1696701,3.69,19952.6
1696723,5.99,158.5
1696735,5.16,31622.8
1696754,4.34,25118.9
1696757,4.05,1412.5
1696763,4.55,22387.2
1696777,4.55,2818.4
1696778,4.8,19952.6
1696785,4.65,2511.9
1696791,5.14,35481.3
1696808,4.37,14125.4
1696810,4.67,17782.8
1696811,4.66,1122.0
1696832,3.51,1412.5
1696838,4.65,251.2
1696844,5.71,19952.6
1696850,5.96,6309.6
1696852,4.14,31622.8
1696867,5.9,1995.3
1696868,5.08,7943.3
1696871,6.09,158.5
1696873,5.77,3162.3
1696876,4.27,10000.0
1696878,4.92,1995.3
1696879,4.34,7943.3
1696883,5.76,17782.8
1696892,3.58,25118.9
1696899,3.66,1412.5
1696907,3.75,15848.9
1696920,2.75,15848.9
1696924,5.14,7943.3
1696926,4.71,12589.3
1696931,5.52,22387.2
1696934,5.89,14987.15
1696939,5.41,15848.9
1696941,6.02,7943.3
1696950,3.9,17782.8
1696952,5.17,7943.3
1696957,3.66,31622.8
1696962,5.36,1122.0
1696963,5.59,25118.9
1696966,3.83,1778.3
1696969,5.82,14125.4
1696979,5.02,5011.9
1696988,5.48,1995.3
1696999,5.35,25118.9
1697005,5.98,15848.9
1697006,5.99,1995.3
1697007,4.61,17782.8
1697008,5.88,12589.3
1697013,4.39,17782.8
1697016,7.37,23753.05
1697017,5.77,15848.9
1697021,3.58,19952.6
1697024,4.99,22387.2
1697029,5.56,31622.8
1697044,5.39,446.7
1697052,2.52,12589.3
1697073,4.53,19952.6
1697074,6.92,15848.9
1697082,5.64,15848.9
1697084,2.91,7079.5
1697099,3.65,17782.8
1697104,5.25,2511.9
1697107,5.28,1584.9
1697109,5.8,3162.3
1697114,4.57,31622.8
1697126,5.32,4466.8
1697129,4.55,39810.7
1697130,4.56,39810.7
1697135,6.02,11220.2
1697136,4.89,1995.3
1697145,5.54,19952.6
1697149,2.24,6309.6
1697156,4.87,1584.9
1697171,3.84,28183.8
1697178,4.93,11904.75
1697185,6.85,10000.0
1697186,4.36,2818.4
1697189,4.74,56.2
1697190,5.85,15848.9
1697200,5.73,17782.8
1697211,3.96,37646.0
1697213,4.33,12589.3
1697219,4.4,22387.2
1697223,5.81,2511.9
1697232,4.37,19952.6
1697237,4.4,22387.2
1697239,3.09,12589.3
1697244,5.16,19952.6
1697247,5.77,22387.2
1697251,4.03,1778.3
1697259,4.71,6309.6
1697260,5.02,39810.7
1697278,5.21,12589.3
1697279,3.89,1995.3
1697299,6.29,19952.6
1697310,4.8,35481.3
1697337,4.78,10000.0
1697351,6.1,19952.6
1697352,4.07,10000.0
1697357,3.63,5623.4
1697362,5.07,1258.9
1697398,5.82,35481.3
1697409,5.64,25118.9
1697411,4.2,25118.9
1697412,3.52,28183.8
1697418,5.35,1995.3
1697431,5.53,13357.35
1697432,4.77,10000.0
1697438,5.61,12589.3
1697447,5.07,5623.4
1697449,4.21,1778.3
1697455,4.76,3981.1
1697470,4.45,12589.3
1697472,4.13,12589.3
1697473,3.99,223.9
1697487,6.3,15848.9
1697495,5.74,2818.4
1697499,4.96,15848.9
1697502,5.47,10000.0
1697511,5.47,15848.9
1697514,4.31,31622.8
1697515,3.09,56.2
1697522,5.29,28183.8
1697526,4.07,6309.6
1697528,5.45,2238.7
1697531,5.73,22387.2
1697544,3.89,14125.4
1697548,5.31,15848.9
1697549,4.64,22387.2
1697558,3.04,31622.8
1697562,4.67,1000.0
1697569,4.96,2511.9
1697576,3.68,177.8
1697581,5.33,2818.4
1697584,2.98,22387.2
1697589,4.36,2238.7
1697590,5.59,1122.0
1697591,5.6,28183.8
1697616,5.52,33552.05
1697623,4.77,19952.6
1697624,5.46,15848.9
1697625,5.23,28183.8
1697632,4.48,8912.5
1697634,4.32,19952.6
1697636,4.35,1122.0
1697646,5.3,7079.5
1697648,5.26,31622.8
1697656,4.6,22387.2
1697658,5.36,35481.3
1697662,3.81,25118.9
1697667,5.46,11220.2
1697679,5.72,1122.0
1697684,3.04,44668.4
1697695,4.68,3162.3
1697703,4.25,891.3
1697708,6.37,7943.3
1697711,6.24,19952.6
1697718,4.49,31622.8
1697725,4.69,707.9
1697732,5.65,31622.8
1697734,4.53,11220.2
1697738,3.35,25118.9
1697742,2.92,12589.3
1697743,3.7,1995.3
1697753,4.92,2238.7
1697762,4.09,1412.5
1697766,4.22,2511.9
1697770,3.96,2818.4
1697771,3.57,2818.4
1697776,6.06,39810.7
1697779,6.24,25118.9
1697782,5.57,12589.3
1697787,4.59,3548.1
1697791,4.76,15848.9
1697806,3.32,28183.8
1697808,4.83,1258.9
1697810,5.02,28183.8
1697818,5.85,12589.3
1697821,5.09,15848.9
1697823,4.9,2818.4
1697829,5.5,3162.3
1697830,4.99,15848.9
1697831,2.99,15848.9
1697878,2.59,12589.3
1697896,4.19,1000.0
1697899,6.21,8912.5
1697904,5.14,1258.9
1697905,4.94,28183.8
1697908,4.23,15848.9
1697912,4.65,35481.3
1697916,3.2,15848.9
1697920,3.14,28183.8
1697929,4.52,28183.8
1697936,5.76,22387.2
1697941,5.0,22387.2
1697942,5.49,31622.8
1697944,5.72,39810.7
1697945,4.51,14125.4
1697949,4.7,19952.6
1697951,4.44,14125.4
1697952,5.4,12589.3
1697960,5.56,15848.9
1697964,4.37,3162.3
1697965,6.35,28183.8
1697971,4.36,35481.3
1697977,4.16,25118.9
1697982,6.08,12589.3
1697993,5.61,3162.3
1697994,5.9,7943.3
1697996,4.21,11220.2
1698002,4.63,3548.1
1698004,6.08,19952.6
1698006,5.47,25118.9
1698010,5.71,14125.4
1698017,5.1,1584.9
1698020,5.69,25118.9
1698025,4.73,891.3
1698046,5.62,21169.9
1698066,5.03,1584.9
1698070,4.17,22387.2
1698075,4.93,1000.0
1698076,4.13,31622.8
1698081,4.3,1995.3
1698087,4.16,4466.8
1698111,4.2,19952.6
1698112,3.81,14125.4
1698116,5.5,14125.4
1698121,5.09,14987.15
1698122,6.29,25118.9
1698126,4.21,7079.5
1698130,4.32,3981.1
1698131,4.26,25.1
1698136,3.88,15848.9
1698137,5.61,14125.4
1698140,5.82,14125.4
1698148,5.39,14125.4
1698156,5.39,15848.9
1698157,4.88,158.5
1698162,4.53,15848.9
1698164,3.96,14125.4
1698176,5.73,7943.3
1698181,4.01,3162.3
1698189,3.77,14125.4
1698199,4.93,39810.7
1698204,4.38,2818.4
1698207,3.28,3981.1
1698213,6.04,14125.4
1698227,4.02,7943.3
1698239,4.13,2511.9
1698242,4.03,25118.9
1698247,4.96,39810.7
1698252,6.08,10000.0
1698254,6.09,12589.3
1698258,4.53,12589.3
1698261,4.44,12589.3
1698263,3.1,8912.5
1698265,4.2,6309.6
1698268,4.44,18867.7
1698273,4.29,8427.9
1698274,3.94,12589.3
1698286,3.24,14125.4
1698298,2.89,891.3
1698299,5.63,22387.2
1698302,3.87,35481.3
1698304,5.9,15848.9
1698312,4.34,25118.9
1698327,4.82,1584.9
1698333,4.46,28183.8
1698334,5.47,2238.7
1698337,4.83,28183.8
1698346,5.68,10000.0
1698349,4.84,31622.8
1698350,2.5,22387.2
1698351,4.9,19952.6
1698357,5.51,22387.2
1698361,3.52,28183.8
1698366,5.29,22387.2
1698372,4.18,31622.8
1698382,5.46,23753.05
1698383,3.26,25118.9
1698386,2.98,22387.2
1698393,5.32,10000.0
1698396,3.92,10000.0
1698403,4.82,8912.5
1698405,4.8,1995.3
1698414,5.55,14125.4
1698417,3.93,26651.35
1698425,5.51,17782.8
1698438,3.24,11220.2
1698441,4.08,15848.9
1698447,3.26,25118.9
1698450,5.63,1995.3
1698452,3.51,31622.8
1698455,5.03,28183.8
1698459,4.09,1412.5
1698461,4.48,14125.4
1698473,5.52,11220.2
1698478,4.36,22387.2
1698486,2.56,28183.8
1698496,3.9,3548.1
1698500,4.37,12589.3
1698501,4.24,31622.8
1698506,3.0,31622.8
1698518,5.6,12589.3
1698535,5.23,3162.3
1698539,4.31,35481.3
1698552,2.61,19952.6
1698558,5.21,15848.9
1698560,5.58,1000.0
1698570,5.09,10000.0
1698572,5.31,28183.8
1698583,4.47,17782.8
1698603,3.97,28183.8
1698605,4.35,8912.5
1698610,5.8,25118.9
1698611,5.57,19952.6
1698614,3.96,39810.7
1698620,4.38,17782.8
1698624,3.48,15848.9
1698626,4.89,17782.8
1698627,5.88,15848.9
1698638,5.66,25118.9
1698646,4.39,35481.3
1698650,4.68,14125.4
1698651,4.44,19952.6
1698656,4.85,2818.4
1698660,5.92,44668.4
1698665,5.1,1258.9
1698673,5.1,25118.9
1698677,4.23,39810.7
1698679,4.58,1995.3
1698682,4.02,22387.2
1698703,5.44,7943.3
1698704,4.02,1995.3
1698711,4.68,12589.3
1698719,5.58,2818.4
1698722,4.22,17782.8
1698726,3.82,3162.3
1698731,5.69,3548.1
1698732,2.88,2818.4
1698738,4.24,25118.9
1698740,5.87,22387.2
1698742,5.5,14125.4
1698743,2.94,22387.2
1698745,4.26,19952.6
1698748,3.38,39810.7
1698768,3.91,631.0
1698770,4.86,7943.3
1698778,4.42,25118.9
1698785,4.76,33552.05
1698789,4.85,1584.9
1698797,4.84,37646.0
1698798,4.74,1258.9
1698802,6.41,14987.15
1698815,4.26,891.3
1698828,3.36,14125.4
1698853,6.11,7943.3
1698861,6.2,11220.2
1698873,4.98,1778.3
1698877,3.97,12589.3
1698884,5.18,25118.9
1698888,4.53,39810.7
1698895,5.1,28183.8
1698905,5.7,17782.8
1698917,3.8,10000.0
1698920,3.94,1995.3
1698927,4.35,8912.5
1698935,4.84,12589.3
1698938,5.77,10000.0
1698943,3.43,2818.4
1698948,4.77,12589.3
1698953,5.08,39810.7
1698960,4.96,8912.5
1698963,4.66,39810.7
1698968,5.66,2238.7
1698971,5.23,12589.3
1698978,5.2,25118.9
1698981,4.43,31622.8
1698989,4.65,2818.4
1699006,4.52,12589.3
1699025,3.75,3981.1
1699041,5.13,2818.4
1699043,4.83,39810.7
1699047,4.59,25118.9
1699057,4.29,7943.3
1699060,4.96,15848.9
1699064,6.04,5623.4
1699065,5.53,19952.6
1699066,2.91,39810.7
1699077,4.57,2818.4
1699090,5.78,3162.3
1699101,5.25,14125.4
1699103,5.35,22387.2
1699108,3.25,44668.4
1699111,4.06,3162.3
1699120,5.88,12589.3
1699122,4.57,14125.4
1699127,4.1,3981.1
1699131,4.76,10000.0
1699132,5.14,7943.3
1699136,4.67,12589.3
1699140,4.8,8912.5
1699159,4.91,11220.2
1699161,4.25,1000.0
1699187,3.72,11220.2
1699200,4.46,17782.8
1699210,5.22,28183.8
1699212,4.88,31622.8
1699215,5.53,39810.7
1699218,4.46,39810.7
1699221,5.85,17782.8
1699226,4.98,12589.3
1699229,4.81,11904.75
1699230,5.08,35481.3
1699233,5.66,13357.35
1699234,6.35,19952.6
1699240,2.51,25118.9
1699247,5.43,39810.7
1699250,5.26,3162.3
1699261,4.74,891.3
1699265,4.57,14125.4
1699268,4.72,14125.4
1699269,4.48,11220.2
1699272,5.27,11220.2
1699281,3.73,15848.9
1699282,6.19,15848.9
1699283,3.94,2238.7
1699288,4.91,7079.5
1699291,5.3,707.9
1699296,3.81,39810.7
1699297,4.24,39810.7
1699299,4.82,28183.8
1699300,5.76,19952.6
1699301,5.54,14125.4
1699303,4.9,22387.2
1699312,4.25,44668.4
1699315,5.32,12589.3
1699319,4.75,19952.6
1699324,4.61,10000.0
1699325,5.21,5011.9
1699328,4.08,14125.4
1699336,5.56,11220.2
1699340,5.55,15848.9
1699346,3.92,501.2
1699348,4.9,7079.5
1699362,3.57,31622.8
1699372,5.41,12589.3
1699377,5.0,7079.5
1699378,6.33,17782.8
1699379,5.05,17782.8
1699380,5.76,19952.6
1699385,4.27,28183.8
1699397,5.14,1995.3
1699402,4.63,25118.9
1699405,4.37,22387.2
1699406,5.37,4466.8
1699408,3.84,3548.1
1699411,4.48,6309.6
1699422,5.16,1412.5
1699427,3.45,15848.9
1699433,4.32,25118.9
1699436,5.53,15848.9
1699441,4.82,14125.4
1699445,6.5,2818.4
1699448,3.65,562.3
1699451,3.49,15848.9
1699457,4.45,1778.3
1699461,4.92,31622.8
1699463,4.64,7079.5
1699476,6.21,25118.9
1699479,5.77,5011.9
1699482,5.59,35481.3
1699484,4.32,19952.6
1699489,4.6,44668.4
1699502,4.13,14125.4
1699514,5.45,1000.0
1699521,4.64,15848.9
1699524,4.64,1995.3
1699527,5.1,31622.8
1699528,6.17,31622.8
1699529,3.78,15848.9
1699535,6.35,39810.7
1699550,4.99,3162.3
1699555,4.8,15848.9
1699556,5.13,11220.2
1699563,4.44,37646.0
1699578,5.71,22387.2
1699581,4.31,12589.3
1699585,5.53,17782.8
1699602,4.66,3981.1
1699612,4.87,3548.1
1699627,4.28,631.0
1699629,3.59,12589.3
1699638,5.59,14125.4
1699641,5.08,11220.2
1699646,5.89,14125.4
1699654,4.39,8912.5
1699655,5.41,18867.7
1699656,3.72,11220.2
1699659,4.68,354.8
1699686,5.55,5011.9
1699687,3.92,31622.8
1699693,4.91,14125.4
1699698,5.28,44668.4
1699703,3.8,5623.4
1699708,3.42,14125.4
1699731,5.11,28183.8
1699744,4.06,17782.8
1699749,3.7,25.1
1699751,4.96,8912.5
1699761,3.69,446.7
1699764,4.5,2818.4
1699765,6.23,17782.8
1699768,5.12,25118.9
1699770,2.97,14125.4
1699771,4.25,3981.1
1699780,5.8,10000.0
1699788,5.19,10000.0
1699789,3.19,7943.3
1699800,3.79,3548.1
1699801,4.49,19952.6
1699805,6.25,5011.9
1699812,5.03,2818.4
1699822,6.26,12589.3
1699837,3.81,7079.5
1699847,4.58,35481.3
1699859,4.4,25118.9
1699862,4.32,10000.0
1699864,5.96,12589.3
1699866,4.6,112.2
1699874,4.94,14125.4
1699876,4.62,12589.3
1699880,5.65,177.8
1699887,3.73,31622.8
1699890,5.85,19952.6
1699899,5.57,28183.8
1699903,4.11,2511.9
1699904,3.38,1258.9
1699905,5.38,12589.3
1699907,3.69,25118.9
1699910,4.47,12589.3
1699912,3.83,39810.7
1699915,4.6,1995.3
1699921,5.34,3981.1
1699933,5.49,15848.9
1699943,5.53,39810.7
1699944,5.4,31622.8
1699948,3.77,39810.7
1699959,4.61,15848.9
1699962,5.62,17782.8
1699964,5.78,14125.4
1699978,5.79,7079.5
1700005,5.31,15848.9
1700010,5.26,14125.4
1700014,4.34,251.2
1700016,5.49,12589.3
1700020,5.65,15848.9
1700029,5.54,7943.3
1700040,5.81,15848.9
1700046,5.85,37646.0
1700047,4.19,39810.7
1700069,5.91,35481.3
1700072,5.86,501.2
1700075,2.97,12589.3
1700078,4.73,28183.8
1700080,4.41,28183.8
1700083,5.67,2511.9
1700088,6.0,7943.3
1700095,3.21,14125.4
1700097,4.3,44668.4
1700098,5.57,22387.2
1700099,4.41,25118.9
1700102,5.11,1412.5
1700103,5.64,28183.8
1700105,2.58,14125.4
1700107,5.92,12589.3
1700117,4.45,3548.1
1700118,4.56,44668.4
1700126,4.1,14125.4
1700130,4.71,2238.7
1700131,3.19,3548.1
1700151,4.34,25118.9
1700159,5.82,28183.8
1700165,4.63,7079.5
1700172,5.66,25118.9
1700179,3.05,14125.4
1700181,5.98,28183.8
1700185,5.42,11220.2
1700199,4.72,1584.9
1700204,5.08,18867.7
1700205,3.42,17782.8
1700221,4.29,28183.8
1700224,4.8,2818.4
1700237,5.1,7079.5
1700238,6.92,5011.9
1700241,5.42,22387.2
1700248,4.81,31622.8
1700253,4.79,4466.8
1700259,4.41,28183.8
1700261,4.06,15848.9
1700265,4.83,10000.0
1700274,4.59,15848.9
1700289,4.12,31622.8
1700293,5.12,11220.2
1700294,5.46,2511.9
1700296,5.42,31622.8
1700300,6.04,11220.2
1700302,2.63,44668.4
1700306,5.28,35481.3
1700308,5.72,3162.3
1700321,5.63,5623.4
1700326,3.02,31622.8
1700327,5.65,17782.8
1700332,5.91,15848.9
1700341,5.19,25118.9
1700345,4.8,25118.9
1700350,5.58,1584.9
1700351,3.9,2818.4
1700356,3.62,5011.9
1700360,4.62,14125.4
1700363,5.86,3981.1
1700383,4.16,1122.0
1700387,6.44,1000.0
1700410,2.94,1412.5
1700411,6.03,3162.3
1700417,4.93,2238.7
1700422,5.41,22387.2
1700433,3.93,3162.3
1700436,4.74,6309.6
1700442,5.55,25118.9
1700455,5.51,12589.3
1700458,4.46,35481.3
1700477,4.5,15848.9
1700489,5.68,28183.8
1700496,4.66,4466.8
1700497,3.3,39810.7
1700501,4.33,22387.2
1700509,4.29,31622.8
1700516,3.86,25118.9
1700522,3.99,251.2
1700527,6.1,12589.3
1700530,3.89,11220.2
1700544,4.28,10000.0
1700555,4.42,28183.8
1700556,3.81,12589.3
1700558,5.9,2238.7
1700562,4.7,1778.3
1700563,3.85,31622.8
1700569,5.63,5623.4
1700581,4.1,11220.2
1700584,3.73,11220.2
1700585,5.59,14125.4
1700586,4.55,31622.8
1700589,4.46,14125.4
1700592,4.39,28183.8
1700612,4.72,28183.8
1700616,3.47,14125.4
1700629,6.98,15848.9
1700634,5.14,10000.0
1700639,4.66,17782.8
1700656,6.03,39810.7
1700668,5.15,3981.1
1700669,5.14,17782.8
1700681,3.82,22387.2
1700684,4.94,25118.9
1700686,2.4,19952.6
1700689,5.03,39810.7
1700705,3.92,11904.75
1700709,5.34,15848.9
1700711,4.38,22387.2
1700717,6.39,3981.1
1700722,5.02,6309.6
1700738,4.26,44668.4
1700743,4.56,16815.85
1700750,5.35,7943.3
1700756,4.92,31622.8
1700764,4.24,3981.1
1700765,3.83,6309.6
1700769,4.63,3162.3
1700781,3.08,28183.8
1700784,5.23,5011.9
1700786,3.37,17782.8
1700787,4.74,17782.8
1700796,3.85,14125.4
1700800,4.63,22387.2
1700801,5.95,19952.6
1700803,4.17,22387.2
1700804,4.79,7079.5
1700808,4.19,1000.0
1700813,5.21,12589.3
1700815,4.43,25118.9
1700829,4.84,316.2
1700830,3.2,8912.5
1700831,5.48,12589.3
1700834,5.44,35481.3
1700835,5.07,22387.2
1700836,4.56,1584.9
1700842,4.09,10000.0
1700845,4.49,7943.3
1700858,4.61,28183.8
1700861,4.4,1122.0
1700869,5.7,2511.9
1700875,6.16,1258.9
1700877,3.43,501.2
1700883,5.07,7079.5
1700898,4.85,12589.3
1700901,4.79,7943.3
1700922,5.96,28183.8
1700926,6.09,8912.5
1700927,3.93,15848.9
1700929,4.8,25118.9
1700941,4.51,19952.6
1700946,3.6,12589.3
1700952,4.74,17782.8
1700955,4.29,13357.35
1700957,4.92,25118.9
1700958,5.04,281.8
1700960,5.83,26651.35
1700961,5.92,14125.4
1700971,5.74,39810.7
1700975,4.23,14125.4
1700998,4.96,7079.5
1701000,5.49,35481.3
1701011,5.1,28183.8
1701022,4.82,501.2
1701028,4.4,8912.5
1701032,4.24,35481.3
1701033,5.26,14125.4
1701034,4.07,12589.3
1701045,5.16,39810.7
1701055,5.69,8912.5
1701062,3.37,19952.6
1701073,4.42,3981.1
1701079,4.36,1584.9
1701084,4.07,39810.7
1701092,5.55,14125.4
1701094,4.36,25118.9
1701108,4.72,39810.7
1701111,5.07,1584.9
1701119,5.74,12589.3
1701122,5.15,3548.1
1701124,2.94,28183.8
1701127,4.78,1778.3
1701143,5.0,19952.6
1701151,4.33,14125.4
1701156,5.33,14125.4
1701160,5.1,12589.3
1701161,4.51,2238.7
1701166,6.07,12589.3
1701177,4.96,28183.8
1701184,3.2,22387.2
1701195,4.4,17782.8
1701196,4.99,1412.5
1701206,4.32,7943.3
1701207,5.45,3548.1
1701220,2.55,14125.4
1701224,4.15,19952.6
1701225,4.53,2238.7
1701229,4.55,12589.3
1701252,4.55,10000.0
1701262,6.01,6309.6
1701264,5.64,39810.7
1701265,3.17,31622.8
1701271,3.41,4466.8
1701272,5.06,3162.3
1701276,4.21,39810.7
1701281,3.28,3548.1
1701282,4.73,17782.8
1701294,4.06,1412.5
1701297,5.98,19952.6
1701303,4.45,37646.0
1701309,5.45,39810.7
1701311,3.59,15848.9
1701320,5.14,14125.4
1701329,4.85,4466.8
1701331,4.48,2511.9
1701333,2.55,501.2
1701341,5.45,16815.85
1701343,5.5,22387.2
1701344,4.12,631.0
1701349,5.96,12589.3
1701353,4.11,44668.4
1701373,4.84,8912.5
1701374,5.78,22387.2
1701382,5.31,28183.8
1701390,5.47,31622.8
1701402,5.37,8427.9
1701403,4.7,14125.4
1701404,5.18,31622.8
1701405,3.9,6309.6
1701418,3.56,15848.9
1701422,5.12,2818.4
1701427,4.5,1412.5
1701428,4.26,39810.7
1701442,4.39,5623.4
1701444,3.84,354.8
1701450,5.64,12589.3
1701452,4.81,39810.7
1701479,3.71,16815.85
1701484,4.8,25118.9
1701485,4.01,1584.9
1701494,6.23,794.3
1701495,4.02,19952.6
1701496,5.34,39810.7
1701510,3.89,28183.8
1701513,3.77,3981.1
1701521,4.43,12589.3
1701522,3.52,15848.9
1701532,5.34,25118.9
1701535,3.33,56234.1
1701540,3.87,5011.9
1701543,5.34,28183.8
1701549,3.84,12589.3
1701552,4.68,2238.7
1701560,5.03,25118.9
1701571,5.3,2511.9
1701582,3.53,39810.7
1701594,5.0,39810.7
1701595,5.46,11220.2
1701596,3.47,8912.5
1701598,4.16,13357.35
1701602,5.34,31622.8
1701603,5.57,7079.5
1701619,3.09,7943.3
1701620,3.57,17782.8
1701626,6.83,3981.1
1701630,5.65,9456.25
1701638,5.71,707.9
1701642,4.14,7943.3
1701655,5.75,31622.8
1701657,5.7,2818.4
1701659,5.14,39810.7
1701676,5.95,19952.6
1701683,3.91,5011.9
1701701,4.23,398.1
1701712,4.65,5623.4
1701715,3.56,3981.1
1701716,5.38,22387.2
1701724,4.6,2818.4
1701736,4.7,14987.15
1701737,3.38,4466.8
1701738,4.93,1584.9
1701744,6.07,44668.4
1701757,4.68,3162.3
1701763,5.07,562.3
1701768,4.16,631.0
1701769,3.58,11220.2
1701776,5.03,794.3
1701779,3.46,28183.8
1701780,4.57,3981.1
1701783,4.92,5623.4
1701786,5.72,39810.7
1701788,5.75,5623.4
1701794,5.51,28183.8
1701800,4.67,1122.0
1701809,4.81,39810.7
1701811,4.74,25118.9
1701813,4.08,17782.8
1701825,4.21,11220.2
1701829,5.89,10000.0
1701832,2.24,15848.9
1701834,3.07,7079.5
1701840,4.17,14125.4
1701842,4.64,11220.2
1701843,5.61,2818.4
1701846,4.83,35481.3
1701849,5.21,1584.9
1701859,5.68,11220.2
1701860,5.57,15848.9
1701873,4.79,25118.9
1701876,6.1,28183.8
1701891,4.05,7079.5
1701904,4.98,6309.6
1701915,5.77,316.2
1701916,6.43,7511.4
1701919,4.81,14125.4
1701927,5.37,10610.1
1701928,4.75,1122.0
1701931,4.94,26651.35
1701938,2.35,22.4
1701944,6.12,15848.9
1701948,5.93,10000.0
1701952,5.93,22387.2
1701956,4.0,39810.7
1701957,4.67,1778.3
1701965,4.17,22387.2
1701966,5.4,7943.3
1701968,5.01,44668.4
1701985,5.12,39810.7
1701986,4.9,794.3
1701990,5.25,25118.9
1701991,4.77,19952.6
1701992,4.52,10000.0
1701994,6.25,31622.8
1701999,4.02,22387.2
1702007,6.17,14125.4
1702016,3.92,31622.8
1702026,4.42,1122.0
1702043,3.33,39810.7
1702046,3.57,25118.9
1702049,4.52,1000.0
1702054,4.11,12589.3
1702062,4.28,7943.3
1702063,4.48,22387.2
1702067,4.86,1995.3
1702072,4.43,11220.2
1702074,2.98,5623.4
1702076,4.53,1122.0
1702080,5.7,19952.6
1702089,2.6,28183.8
1702094,5.28,15848.9
1702099,2.78,2818.4
1702103,3.31,25118.9
1702104,4.57,2238.7
1702121,3.41,39810.7
1702124,5.41,11220.2
1702141,4.87,14987.15
1702142,3.51,22387.2
1702147,3.77,1258.9
1702149,5.17,31622.8
1702166,4.03,14125.4
1702169,4.74,7943.3
1702171,4.17,1995.3
1702173,5.12,35481.3
1702178,5.32,1000.0
1702183,5.64,3162.3
1702192,4.38,11220.2
1702194,5.36,2818.4
1702197,5.07,4466.8
1702202,4.4,39810.7
1702210,6.94,39810.7
1702214,4.82,15848.9
1702216,5.38,28183.8
1702218,4.99,31622.8
1702224,5.8,19952.6
1702230,3.85,7079.5
1702238,3.16,31622.8
1702243,5.03,39810.7
1702246,3.26,35481.3
1702254,3.85,35481.3
1702260,3.99,12589.3
1702269,3.79,3548.1
1702276,5.08,3981.1
1702283,5.75,398.1
1702290,4.86,1995.3
1702293,4.49,22387.2
1702296,4.98,1258.9
1702303,4.1,23753.05
1702318,4.55,14125.4
1702321,6.18,17782.8
1702352,4.98,4466.8
1702361,4.35,2818.4
1702366,5.23,28183.8
1702380,3.53,10000.0
1702387,5.61,19952.6
1702392,5.04,3981.1
1702393,3.74,15848.9
1702399,5.24,5623.4
1702423,5.86,2238.7
1702429,5.35,25118.9
1702430,4.62,891.3
1702433,4.45,3548.1
1702444,3.87,16815.85
1702450,5.23,17782.8
1702453,4.52,12589.3
1702454,6.63,12589.3
1702459,3.7,4466.8
1702474,5.15,19952.6
1702475,5.17,3981.1
1702484,5.5,1995.3
1702495,3.98,12589.3
1702496,4.23,19952.6
1702505,4.91,31622.8
1702508,4.42,223.9
1702523,4.57,12589.3
1702529,6.44,8427.9
1702531,5.49,15848.9
1702538,5.63,2511.9
1702540,4.78,10000.0
1702545,6.24,8912.5
1702546,4.64,8912.5
1702554,5.94,9456.25
1702555,3.81,28183.8
1702560,4.58,631.0
1702565,6.31,7943.3
1702578,4.37,14125.4
1702583,5.31,2818.4
1702589,2.94,10000.0
1702591,3.79,35481.3
1702594,4.31,8912.5
1702596,4.57,2818.4
1702598,3.69,10000.0
1702600,5.45,28183.8
1702602,4.94,1995.3
1702620,3.96,2238.7
1702639,5.73,398.1
1702644,4.05,14125.4
1702651,5.99,2511.9
1702652,3.57,1258.9
1702654,2.7,28183.8
1702655,5.06,10000.0
1702657,4.76,19952.6
1702658,4.18,35481.3
1702663,4.54,14987.15
1702667,5.89,28183.8
1702668,4.36,89.1
1702684,3.83,12589.3
1702685,4.32,14125.4
1702694,5.74,3548.1
1702695,5.55,28183.8
1702703,4.27,12589.3
1702705,5.18,3981.1
1702710,4.02,44668.4
1702711,4.15,31622.8
1702713,4.89,28183.8
1702714,4.97,12589.3
1702719,3.85,15848.9
1702723,5.21,6309.6
1702733,3.44,39810.7
1702753,4.69,6309.6
1702771,6.1,44668.4
1702783,5.68,39810.7
1702790,3.76,3548.1
1702792,4.12,7511.4
1702793,4.6,17782.8
1702796,3.3,39810.7
1702806,3.84,14125.4
1702807,4.92,6309.6
1702821,6.15,891.3
1702833,5.31,25118.9
1702835,5.55,5623.4
1702837,3.01,631.0
1702846,3.43,44668.4
1702849,4.34,25118.9
1702851,4.86,15848.9
1702857,3.79,17782.8
1702859,3.95,12589.3
1702870,4.59,10000.0
1702871,4.36,14125.4
1702875,5.74,39810.7
1702883,3.11,44668.4
1702891,3.9,1000.0
1702892,4.61,2818.4
1702900,4.77,11220.2
1702902,6.03,39810.7
1702903,5.81,17782.8
1702913,6.17,19952.6
1702915,5.41,3981.1
1702925,4.98,15848.9
1702932,5.01,4466.8
1702934,6.23,28183.8
1702941,5.2,31622.8
1702950,4.81,1412.5
1702951,5.41,8912.5
1702957,3.58,11220.2
1703004,4.94,7943.3
1703019,6.03,9456.25
1703024,4.11,25.1
1703026,5.4,16815.85
1703032,4.46,5011.9
1703038,4.44,11220.2
1703039,6.88,19952.6
1703042,5.78,44668.4
1703043,2.79,19952.6
1703045,4.93,8912.5
1703054,4.43,39810.7
1703061,4.24,11220.2
1703062,4.47,1000.0
1703066,4.32,25118.9
1703068,4.65,2511.9
1703073,4.1,22387.2
1703076,3.97,12589.3
1703084,5.0,1412.5
1703091,4.29,14125.4
1703102,3.55,25118.9
1703104,3.6,22387.2
1703114,5.93,11220.2
1703116,4.63,35481.3
1703118,5.63,12589.3
1703124,4.81,39810.7
1703125,3.9,37646.0
1703133,3.79,8912.5
1703162,4.75,3548.1
1703168,4.63,44668.4
1703171,4.0,10000.0
1703189,4.35,11904.75
1703190,3.51,1258.9
1703192,3.34,22387.2
1703203,5.81,25118.9
1703225,4.74,25118.9
1703227,6.31,35481.3
1703228,3.94,2511.9
1703230,3.01,14125.4
1703233,5.53,22387.2
1703236,4.13,14987.15
1703244,3.36,19952.6
1703248,4.7,3162.3
1703272,3.31,8912.5
1703277,4.41,1000.0
1703279,5.06,14125.4
1703280,5.83,29903.3
1703282,3.9,12589.3
1703285,4.53,14125.4
1703287,3.33,11220.2
1703292,4.01,3162.3
1703297,4.37,1412.5
1703326,3.01,39810.7
1703330,3.3,35481.3
1703337,4.25,3548.1
1703352,5.42,16815.85
1703354,5.51,1584.9
1703360,4.86,3162.3
1703367,5.99,11220.2
1703374,4.6,39810.7
1703376,4.6,3162.3
1703381,5.08,12589.3
1703389,5.5,2818.4
1703391,4.38,7079.5
1703392,5.56,19952.6
1703396,4.42,39810.7
1703400,4.47,28183.8
1703404,4.58,10000.0
1703406,4.29,19952.6
1703412,2.15,631.0
1703423,5.64,31622.8
1703427,6.88,35481.3
1703428,4.28,25.1
1703431,4.66,22387.2
1703435,3.87,19952.6
1703441,3.4,44668.4
1703447,4.48,39810.7
1703455,3.46,1995.3
1703456,3.69,35481.3
1703457,5.44,21169.9
1703467,3.76,19952.6
1703475,4.42,794.3
1703477,5.92,35481.3
1703480,4.32,2818.4
1703481,5.33,14125.4
1703482,4.34,7079.5
1703495,4.48,39810.7
1703503,4.43,22387.2
1703506,4.3,3981.1
1703510,3.34,2238.7
1703515,3.21,39810.7
1703520,4.53,794.3
1703521,4.45,2238.7
1703528,3.1,17782.8
1703541,4.09,11220.2
1703543,5.46,3162.3
1703544,4.3,29330.13333333333
1703556,6.04,8912.5
1703557,4.87,6309.6
1703558,5.94,31622.8
1703569,2.51,17782.8
1703582,3.35,25118.9
1703585,4.85,10000.0
1703586,5.74,15848.9
1703588,5.06,12589.3
1703589,3.73,39810.7
1703598,4.83,14699.9
1703603,5.47,1412.5
1703608,5.56,7079.5
1703614,6.12,15848.9
1703621,4.55,8912.5
1703623,5.8,14125.4
1703633,4.54,22387.2
1703641,5.46,19952.6
1703642,5.76,19952.6
1703648,4.57,2511.9
1703655,5.08,19952.6
1703657,5.23,22387.2
1703663,2.82,28183.8
1703665,2.16,100.0
1703671,4.76,14987.15
1703677,2.96,14125.4
1703679,4.35,5011.9
1703684,3.87,17782.8
1703691,5.11,12589.3
1703701,5.86,39810.7
1703703,4.4,6309.6
1703708,5.17,33552.05
1703717,4.54,25118.9
1703720,5.81,12589.3
1703731,3.75,2818.4
1703740,2.68,33552.05
1703743,3.01,14125.4
1703746,4.28,1000.0
1703749,3.99,12589.3
1703758,3.72,3548.1
1703760,5.72,25118.9
1703767,5.46,15848.9
1703768,5.61,31622.8
1703774,4.44,8912.5
1703778,5.48,2238.7
1703785,4.73,446.7
1703787,5.47,1584.9
1703793,4.82,31622.8
1703797,4.71,22387.2
1703799,3.92,35481.3
1703800,5.73,3355.2
1703801,5.24,31622.8
1703806,3.61,19952.6
1703820,4.67,8912.5
1703827,3.12,39810.7
1703834,3.83,891.3
1703835,4.0,11220.2
1703845,1.84,28183.8
1703846,4.52,35481.3
1703847,5.32,3981.1
1703855,4.27,31622.8
1703860,5.24,1995.3
1703874,6.0,19952.6
1703893,5.46,8912.5
1703900,3.5,3162.3
1703901,4.51,22387.2
1703915,5.69,19952.6
1703919,6.26,14125.4
1797602,6.73,35481.3
1799670,6.1,62750.0
1825841,4.64,44668.4
1825986,2.64,25118.9
1825996,5.32,22387.2
1826001,3.06,19952.6
1826012,5.61,39810.7
1826028,4.27,5011.9
1826310,6.2,3548.1
1826385,6.38,17782.8
1826418,6.12,5011.9
2096519,5.61,13357.35
2096523,5.75,1995.3
2096526,5.57,3981.1
